state,district,candidate_name,party,vote_percentage,is_incumbent,is_winner,pvi,election_type,wikipedia_url
Alabama,Alabama 1,Jo Bonner,Republican,98.3,True,True,R+12,general,https://en.wikipedia.org/wiki/Jo_Bonner
Alabama,Alabama 2,Bobby Bright,Democratic,50.2,False,True,R+13,general,https://en.wikipedia.org/wiki/Bobby_Bright
Alabama,Alabama 2,Jay Love,Republican,49.6,False,False,R+13,general,https://en.wikipedia.org/wiki/Jay_Love
Alabama,Alabama 3,Mike D. Rogers,Republican,54.0,True,True,R+4,general,https://en.wikipedia.org/wiki/Mike_D._Rogers
Alabama,Alabama 3,Josh Segall,Democratic,45.8,False,False,R+4,general,
Alabama,Alabama 4,Robert Aderholt,Republican,74.8,True,True,R+16,general,https://en.wikipedia.org/wiki/Robert_Aderholt
Alabama,Alabama 4,Nicholas Sparks,Democratic,25.1,False,False,R+16,general,
Alabama,Alabama 5,Parker Griffith,Democratic,51.5,False,True,R+6,general,https://en.wikipedia.org/wiki/Parker_Griffith
Alabama,Alabama 5,Wayne Parker,Republican,47.9,False,False,R+6,general,
Alabama,Alabama 6,Spencer Bachus,Republican,97.8,True,True,R+25,general,https://en.wikipedia.org/wiki/Spencer_Bachus
Alabama,Alabama 7,Artur Davis,Democratic,98.6,True,True,D+17,general,https://en.wikipedia.org/wiki/Artur_Davis
Alaska,Alaska at-large,Don Young,Republican,50.2,True,True,R+14,general,https://en.wikipedia.org/wiki/Don_Young
Alaska,Alaska at-large,Ethan Berkowitz,Democratic,45.0,False,False,R+14,general,https://en.wikipedia.org/wiki/Ethan_Berkowitz
Alaska,Alaska at-large,Don Wright,AKIP,4.5,False,False,R+14,general,https://en.wikipedia.org/wiki/Don_Wright_(politician)
Arizona,Arizona 1,Ann Kirkpatrick,Democratic,55.9,False,True,R+2,general,https://en.wikipedia.org/wiki/Ann_Kirkpatrick
Arizona,Arizona 1,Sydney Hay,Republican,39.4,False,False,R+2,general,https://en.wikipedia.org/wiki/Sydney_Hay
Arizona,Arizona 1,Brent Maupin,Independent,3.4,False,False,R+2,general,
Arizona,Arizona 1,Thane Eichenauer,Libertarian,1.3,False,False,R+2,general,
Arizona,Arizona 2,Trent Franks,Republican,59.4,True,True,R+9,general,https://en.wikipedia.org/wiki/Trent_Franks
Arizona,Arizona 2,John Thrasher,Democratic,37.2,False,False,R+9,general,
Arizona,Arizona 2,Powell Gammill,Libertarian,2.3,False,False,R+9,general,
Arizona,Arizona 2,William Crum,Green,1.1,False,False,R+9,general,
Arizona,Arizona 3,John Shadegg,Republican,54.1,True,True,R+6,general,https://en.wikipedia.org/wiki/John_Shadegg
Arizona,Arizona 3,Bob Lord,Democratic,42.1,False,False,R+6,general,https://en.wikipedia.org/wiki/Bob_Lord_(politician)
Arizona,Arizona 3,Michael Shoen,Libertarian,3.8,False,False,R+6,general,
Arizona,Arizona 4,Ed Pastor,Democratic,72.1,True,True,D+14,general,https://en.wikipedia.org/wiki/Ed_Pastor
Arizona,Arizona 4,Don Karg,Republican,21.2,False,False,D+14,general,https://en.wikipedia.org/wiki/Don_Karg
Arizona,Arizona 4,Rebecca DeWitt,Green,3.6,False,False,D+14,general,
Arizona,Arizona 4,Joe Cobb,Libertarian,3.1,False,False,D+14,general,
Arizona,Arizona 5,Harry Mitchell,Democratic,53.2,True,True,R+4,general,https://en.wikipedia.org/wiki/Harry_Mitchell
Arizona,Arizona 5,David Schweikert,Republican,43.6,False,False,R+4,general,https://en.wikipedia.org/wiki/David_Schweikert
Arizona,Arizona 5,Warren Severin,Libertarian,3.2,False,False,R+4,general,
Arizona,Arizona 6,Jeff Flake,Republican,62.5,True,True,R+12,general,https://en.wikipedia.org/wiki/Jeff_Flake
Arizona,Arizona 6,Rebecca Schneider,Democratic,34.5,False,False,R+12,general,https://en.wikipedia.org/wiki/Rebecca_Schneider_(politician)
Arizona,Arizona 6,Rick Biondi,Libertarian,3.0,False,False,R+12,general,
Arizona,Arizona 7,Raúl Grijalva,Democratic,63.3,True,True,D+10,general,https://en.wikipedia.org/wiki/Ra%C3%BAl_Grijalva
Arizona,Arizona 7,Joseph D. Sweeney,Republican,32.8,False,False,D+10,general,
Arizona,Arizona 7,Raymond Patrick Petrulsky,Libertarian,3.9,False,False,D+10,general,
Arizona,Arizona 8,Gabby Giffords,Democratic,54.7,True,True,R+1,general,https://en.wikipedia.org/wiki/Gabby_Giffords
Arizona,Arizona 8,Tim Bee,Republican,42.8,False,False,R+1,general,https://en.wikipedia.org/wiki/Tim_Bee
Arizona,Arizona 8,Paul Davis,Libertarian,2.5,False,False,R+1,general,
Arkansas,Arkansas 1,Marion Berry,Democratic,,True,True,D+1,general,https://en.wikipedia.org/wiki/Marion_Berry
Arkansas,Arkansas 2,Vic Snyder,Democratic,76.5,True,True,Even,general,https://en.wikipedia.org/wiki/Vic_Snyder
Arkansas,Arkansas 2,Deb McFarland,Green,23.2,False,False,Even,general,
Arkansas,Arkansas 3,John Boozman,Republican,78.5,True,True,R+11,general,https://en.wikipedia.org/wiki/John_Boozman
Arkansas,Arkansas 3,Abel Tomlinson,Green,21.5,False,False,R+11,general,
Arkansas,Arkansas 4,Mike Ross,Democratic,86.2,True,True,Even,general,https://en.wikipedia.org/wiki/Mike_Ross_(politician)
Arkansas,Arkansas 4,Joshua Drake,Green,13.8,False,False,Even,general,
California,California 1,Mike Thompson,Democratic,68.2,True,True,,general,https://en.wikipedia.org/wiki/Mike_Thompson_(California_politician)
California,California 1,Zane Starkewolf,Republican,23.3,False,False,,general,
California,California 1,Carol Wolman,Green,8.5,False,False,,general,
California,California 10,Ellen Tauscher,Democratic,65.2,True,True,,general,https://en.wikipedia.org/wiki/Ellen_Tauscher
California,California 10,Nicholas Gerber,Republican,31.1,False,False,,general,
California,California 10,Eugene Ruyle,Peace and Freedom,3.7,False,False,,general,
California,California 11,Jerry McNerney,Democratic,55.3,True,True,,general,https://en.wikipedia.org/wiki/Jerry_McNerney
California,California 11,Dean Andal,Republican,44.7,False,False,,general,https://en.wikipedia.org/wiki/Dean_Andal
California,California 12,Jackie Speier,Democratic,75.2,True,True,,general,https://en.wikipedia.org/wiki/Jackie_Speier
California,California 12,Greg Conlon,Republican,18.5,False,False,,general,
California,California 12,Nathalie Hrizi,Peace and Freedom,2.2,False,False,,general,
California,California 12,Barry Hermanson,Green,2.1,False,False,,general,
California,California 12,Kevin Peterson,Libertarian,2.0,False,False,,general,
California,California 12,Jackie Speier,Democratic,77.72,False,True,,special,https://en.wikipedia.org/wiki/Jackie_Speier
California,California 12,Greg Conlon,Republican,9.37,False,False,,special,
California,California 12,Michelle McMurry,Democratic,5.33,False,False,,special,
California,California 12,Mike Moloney,Republican,5.3,False,False,,special,
California,California 12,Barry Hermanson,Green,2.28,False,False,,special,
California,California 13,Pete Stark,Democratic,76.5,True,True,,general,https://en.wikipedia.org/wiki/Pete_Stark
California,California 13,Raymond Chui,Republican,23.5,False,False,,general,
California,California 14,Anna Eshoo,Democratic,69.8,True,True,,general,https://en.wikipedia.org/wiki/Anna_Eshoo
California,California 14,Ronny Santana,Republican,22.3,False,False,,general,
California,California 14,Brian Holtz,Libertarian,4.3,False,False,,general,
California,California 14,Carol Brouillet,Green,3.6,False,False,,general,
California,California 15,Mike Honda,Democratic,71.7,True,True,,general,https://en.wikipedia.org/wiki/Mike_Honda
California,California 15,Joyce Cordi,Republican,23.3,False,False,,general,
California,California 15,Peter Myers,Green,5.0,False,False,,general,
California,California 16,Zoe Lofgren,Democratic,71.4,True,True,,general,https://en.wikipedia.org/wiki/Zoe_Lofgren
California,California 16,Charel Winston,Republican,24.0,False,False,,general,
California,California 16,Steven Wells,Libertarian,4.6,False,False,,general,
California,California 17,Sam Farr,Democratic,73.9,True,True,,general,https://en.wikipedia.org/wiki/Sam_Farr
California,California 17,Jeff Taylor,Republican,25.9,False,False,,general,
California,California 18,Dennis Cardoza,Democratic,100.0,True,True,,general,https://en.wikipedia.org/wiki/Dennis_Cardoza
California,California 19,George Radanovich,Republican,98.5,True,True,,general,https://en.wikipedia.org/wiki/George_Radanovich
California,California 2,Wally Herger,Republican,57.9,True,True,,general,https://en.wikipedia.org/wiki/Wally_Herger
California,California 2,Jeff Morris,Democratic,42.1,False,False,,general,
California,California 20,Jim Costa,Democratic,74.4,True,True,,general,https://en.wikipedia.org/wiki/Jim_Costa
California,California 20,Jim Lopez,Republican,25.6,False,False,,general,
California,California 21,Devin Nunes,Republican,68.4,True,True,,general,https://en.wikipedia.org/wiki/Devin_Nunes
California,California 21,Larry Johnson,Democratic,31.6,False,False,,general,
California,California 22,Kevin McCarthy,Republican,100.0,True,True,,general,https://en.wikipedia.org/wiki/Kevin_McCarthy
California,California 23,Lois Capps,Democratic,68.1,True,True,,general,https://en.wikipedia.org/wiki/Lois_Capps
California,California 23,Matt Kokkonen,Republican,31.9,False,False,,general,
California,California 24,Elton Gallegly,Republican,58.2,True,True,,general,https://en.wikipedia.org/wiki/Elton_Gallegly
California,California 24,Marta Jorgensen,Democratic,41.8,False,False,,general,
California,California 25,Howard McKeon,Republican,57.8,True,True,,general,https://en.wikipedia.org/wiki/Howard_McKeon
California,California 25,Jackie Conaway,Democratic,42.2,False,False,,general,
California,California 26,David Dreier,Republican,52.7,True,True,,general,https://en.wikipedia.org/wiki/David_Dreier
California,California 26,Russ Warner,Democratic,40.4,False,False,,general,
California,California 26,Ted Brown,Libertarian,6.9,False,False,,general,
California,California 27,Brad Sherman,Democratic,68.6,True,True,,general,https://en.wikipedia.org/wiki/Brad_Sherman
California,California 27,Navraj Singh,Republican,24.8,False,False,,general,https://en.wikipedia.org/wiki/Navraj_Singh
California,California 27,Tim Denton,Libertarian,6.6,False,False,,general,
California,California 28,Howard Berman,Democratic,99.9,True,True,,general,https://en.wikipedia.org/wiki/Howard_Berman
California,California 29,Adam Schiff,Democratic,69.0,True,True,,general,https://en.wikipedia.org/wiki/Adam_Schiff
California,California 29,Charles Hahn,Republican,26.7,False,False,,general,
California,California 29,Alan Pyeatt,Libertarian,4.3,False,False,,general,
California,California 3,Dan Lungren,Republican,49.5,True,True,,general,https://en.wikipedia.org/wiki/Dan_Lungren
California,California 3,Bill Durston,Democratic,44.0,False,False,,general,
California,California 3,Dina Padilla,Peace and Freedom,4.2,False,False,,general,
California,California 3,Art Tuma,Libertarian,2.3,False,False,,general,
California,California 30,Henry Waxman,Democratic,100.0,True,True,,general,https://en.wikipedia.org/wiki/Henry_Waxman
California,California 31,Xavier Becerra,Democratic,100.0,True,True,,general,https://en.wikipedia.org/wiki/Xavier_Becerra
California,California 32,Hilda Solis,Democratic,100.0,True,True,,general,https://en.wikipedia.org/wiki/Hilda_Solis
California,California 33,Diane Watson,Democratic,87.6,True,True,,general,https://en.wikipedia.org/wiki/Diane_Watson
California,California 33,David Crowley,Republican,12.4,False,False,,general,
California,California 34,Lucille Roybal-Allard,Democratic,77.1,True,True,,general,https://en.wikipedia.org/wiki/Lucille_Roybal-Allard
California,California 34,Christopher Balding,Republican,22.9,False,False,,general,
California,California 35,Maxine Waters,Democratic,82.6,True,True,,general,https://en.wikipedia.org/wiki/Maxine_Waters
California,California 35,Ted Hayes,Republican,13.3,False,False,,general,
California,California 35,Herb Peters,Libertarian,4.1,False,False,,general,
California,California 36,Jane Harman,Democratic,68.7,True,True,,general,https://en.wikipedia.org/wiki/Jane_Harman
California,California 36,Brian Gibson,Republican,31.3,False,False,,general,
California,California 37,Laura Richardson,Democratic,75.0,True,True,,general,https://en.wikipedia.org/wiki/Laura_Richardson
California,California 37,Nick Dibs,Independent,24.4,False,False,,general,
California,California 38,Grace Napolitano,Democratic,81.8,True,True,,general,https://en.wikipedia.org/wiki/Grace_Napolitano
California,California 38,Christopher Agrella,Libertarian,18.2,False,False,,general,
California,California 39,Linda Sánchez,Democratic,69.7,True,True,,general,https://en.wikipedia.org/wiki/Linda_S%C3%A1nchez
California,California 39,Diane Lenning,Republican,30.3,False,False,,general,
California,California 4,Tom McClintock,Republican,50.3,False,True,,general,https://en.wikipedia.org/wiki/Tom_McClintock
California,California 4,Charles Brown,Democratic,49.7,False,False,,general,
California,California 40,Ed Royce,Republican,62.6,True,True,,general,https://en.wikipedia.org/wiki/Ed_Royce_(politician)
California,California 40,Christina Avalos,Democratic,37.4,False,False,,general,
California,California 41,Jerry Lewis,Republican,61.7,True,True,,general,https://en.wikipedia.org/wiki/Jerry_Lewis_(California_politician)
California,California 41,Tim Prince,Democratic,38.3,False,False,,general,
California,California 42,Gary Miller,Republican,60.2,True,True,,general,https://en.wikipedia.org/wiki/Gary_Miller_(politician)
California,California 42,Ed Chau,Democratic,39.8,False,False,,general,https://en.wikipedia.org/wiki/Ed_Chau
California,California 43,Joe Baca,Democratic,69.2,True,True,,general,https://en.wikipedia.org/wiki/Joe_Baca
California,California 43,John Roberts,Republican,30.8,False,False,,general,
California,California 44,Ken Calvert,Republican,51.2,True,True,,general,https://en.wikipedia.org/wiki/Ken_Calvert
California,California 44,Bill Hedrick,Democratic,48.8,False,False,,general,https://en.wikipedia.org/wiki/Bill_Hedrick
California,California 45,Mary Bono,Republican,58.3,True,True,,general,https://en.wikipedia.org/wiki/Mary_Bono
California,California 45,Julie Bornstein,Democratic,41.7,False,False,,general,https://en.wikipedia.org/wiki/Julie_Bornstein
California,California 46,Dana Rohrabacher,Republican,52.6,True,True,,general,https://en.wikipedia.org/wiki/Dana_Rohrabacher
California,California 46,Debbie Cook,Democratic,43.1,False,False,,general,https://en.wikipedia.org/wiki/Debbie_Cook
California,California 46,Tom Lash,Green,2.8,False,False,,general,
California,California 46,Ernst Gasteiger,Libertarian,1.5,False,False,,general,
California,California 47,Loretta Sanchez,Democratic,69.5,True,True,,general,https://en.wikipedia.org/wiki/Loretta_Sanchez
California,California 47,Rosie Avila,Republican,25.5,False,False,,general,
California,California 47,Robert Lauten,American Independent,5.0,False,False,,general,
California,California 48,John Campbell,Republican,55.7,True,True,,general,https://en.wikipedia.org/wiki/John_Campbell_(California_politician)
California,California 48,Steve Young,Democratic,40.6,False,False,,general,
California,California 48,Don Patterson,Libertarian,3.7,False,False,,general,
California,California 49,Darrell Issa,Republican,58.3,True,True,,general,https://en.wikipedia.org/wiki/Darrell_Issa
California,California 49,Robert Hamilton,Democratic,37.5,False,False,,general,
California,California 49,Lars Grossmith,Libertarian,4.2,False,False,,general,
California,California 5,Doris Matsui,Democratic,74.3,True,True,,general,https://en.wikipedia.org/wiki/Doris_Matsui
California,California 5,Paul Smith,Republican,20.9,False,False,,general,
California,California 5,L. R. Roberts,Peace and Freedom,4.8,False,False,,general,
California,California 50,Brian Bilbray,Republican,50.3,True,True,,general,https://en.wikipedia.org/wiki/Brian_Bilbray
California,California 50,Nick Leibham,Democratic,45.2,False,False,,general,https://en.wikipedia.org/wiki/Nick_Leibham
California,California 50,Wayne Dunlap,Libertarian,4.5,False,False,,general,
California,California 51,Bob Filner,Democratic,72.8,True,True,,general,https://en.wikipedia.org/wiki/Bob_Filner
California,California 51,David Lee Joy,Republican,24.2,False,False,,general,
California,California 51,Frodo Litwin,Libertarian,3.0,False,False,,general,
California,California 52,Duncan D. Hunter,Republican,56.4,False,True,,general,https://en.wikipedia.org/wiki/Duncan_D._Hunter
California,California 52,Mike Lumpkin,Democratic,39.0,False,False,,general,https://en.wikipedia.org/wiki/Mike_Lumpkin
California,California 52,Michael Benoit,Libertarian,4.6,False,False,,general,
California,California 53,Susan Davis,Democratic,68.5,True,True,,general,https://en.wikipedia.org/wiki/Susan_Davis_(politician)
California,California 53,Michael Crimmins,Republican,27.5,False,False,,general,https://en.wikipedia.org/wiki/Michael_Crimmins
California,California 53,Edward Teyssier,Libertarian,4.0,False,False,,general,
California,California 6,Lynn Woolsey,Democratic,71.7,True,True,,general,https://en.wikipedia.org/wiki/Lynn_Woolsey
California,California 6,Mike Halliwell,Republican,24.1,False,False,,general,
California,California 6,Joel Smolen,Libertarian,4.2,False,False,,general,
California,California 7,George Miller,Democratic,72.9,True,True,,general,https://en.wikipedia.org/wiki/George_Miller_(California_politician)
California,California 7,Roger Petersen,Republican,21.8,False,False,,general,
California,California 7,Bill Callison,Peace and Freedom,2.8,False,False,,general,
California,California 7,Camden McConnell,Libertarian,2.5,False,False,,general,
California,California 8,Nancy Pelosi,Democratic,71.9,True,True,,general,https://en.wikipedia.org/wiki/Nancy_Pelosi
California,California 8,Cindy Sheehan,Independent,16.2,False,False,,general,https://en.wikipedia.org/wiki/Cindy_Sheehan
California,California 8,Dana Walsh,Republican,9.7,False,False,,general,https://en.wikipedia.org/wiki/Dana_Walsh
California,California 8,Philip Berg,Libertarian,2.2,False,False,,general,
California,California 9,Barbara Lee,Democratic,86.1,True,True,,general,https://en.wikipedia.org/wiki/Barbara_Lee
California,California 9,Charles Hargrave,Republican,9.7,False,False,,general,
California,California 9,Jim Eyer,Libertarian,4.2,False,False,,general,
Colorado,Colorado 1,Diana DeGette,Democratic,71.9,True,True,,general,https://en.wikipedia.org/wiki/Diana_DeGette
Colorado,Colorado 1,George Lilly,Republican,23.8,False,False,,general,
Colorado,Colorado 1,Martin Buchanan,Libertarian,4.3,False,False,,general,
Colorado,Colorado 2,Jared Polis,Democratic,62.6,False,True,,general,https://en.wikipedia.org/wiki/Jared_Polis
Colorado,Colorado 2,Scott Starin,Republican,33.9,False,False,,general,https://en.wikipedia.org/wiki/Scott_Starin
Colorado,Colorado 2,J. A. Calhoun,Green,2.9,False,False,,general,
Colorado,Colorado 2,Bill Hammons,Unity,0.6,False,False,,general,
Colorado,Colorado 3,John Salazar,Democratic,61.6,True,True,,general,https://en.wikipedia.org/wiki/John_Salazar
Colorado,Colorado 3,Wayne Wolf,Republican,38.4,False,False,,general,https://en.wikipedia.org/wiki/Wayne_Wolf
Colorado,Colorado 4,Betsy Markey,Democratic,56.2,False,True,,general,https://en.wikipedia.org/wiki/Betsy_Markey
Colorado,Colorado 4,Marilyn Musgrave,Republican,43.8,True,False,,general,https://en.wikipedia.org/wiki/Marilyn_Musgrave
Colorado,Colorado 5,Doug Lamborn,Republican,60.0,True,True,,general,https://en.wikipedia.org/wiki/Doug_Lamborn
Colorado,Colorado 5,Hal Bidlack,Democratic,37.0,False,False,,general,https://en.wikipedia.org/wiki/Hal_Bidlack
Colorado,Colorado 5,Brian Scott,Constitution,2.9,False,False,,general,
Colorado,Colorado 6,Mike Coffman,Republican,60.7,False,True,,general,https://en.wikipedia.org/wiki/Mike_Coffman
Colorado,Colorado 6,Hank Eng,Democratic,39.3,False,False,,general,https://en.wikipedia.org/wiki/Hank_Eng
Colorado,Colorado 7,Ed Perlmutter,Democratic,63.5,True,True,,general,https://en.wikipedia.org/wiki/Ed_Perlmutter
Colorado,Colorado 7,John Lerew,Republican,36.5,False,False,,general,https://en.wikipedia.org/wiki/John_Lerew
Connecticut,Connecticut 1,John Larson,Democratic,71.6,True,True,,general,https://en.wikipedia.org/wiki/John_Larson
Connecticut,Connecticut 1,Joe Visconti,Republican,26.0,False,False,,general,https://en.wikipedia.org/wiki/Joe_Visconti
Connecticut,Connecticut 1,Steve Fournier,Green,2.4,False,False,,general,
Connecticut,Connecticut 2,Joe Courtney,Democratic,65.7,True,True,,general,https://en.wikipedia.org/wiki/Joe_Courtney_(politician)
Connecticut,Connecticut 2,Sean Sullivan,Republican,32.4,False,False,,general,https://en.wikipedia.org/wiki/Sean_Sullivan_(politician)
Connecticut,Connecticut 2,Scott Deshefy,Green,1.9,False,False,,general,
Connecticut,Connecticut 3,Rosa DeLauro,Democratic,77.4,True,True,,general,https://en.wikipedia.org/wiki/Rosa_DeLauro
Connecticut,Connecticut 3,Bo ItsHaky,Republican,19.7,False,False,,general,
Connecticut,Connecticut 3,Ralph Ferrucci,Green,2.9,False,False,,general,
Connecticut,Connecticut 4,Jim Himes,Democratic,51.3,False,True,,general,https://en.wikipedia.org/wiki/Jim_Himes
Connecticut,Connecticut 4,Chris Shays,Republican,47.6,True,False,,general,https://en.wikipedia.org/wiki/Chris_Shays
Connecticut,Connecticut 4,Michael Carrano,Libertarian,0.7,False,False,,general,
Connecticut,Connecticut 4,Richard Duffee,Green,0.4,False,False,,general,
Connecticut,Connecticut 5,Chris Murphy,Democratic,59.2,True,True,,general,https://en.wikipedia.org/wiki/Chris_Murphy
Connecticut,Connecticut 5,David Cappiello,Republican,39.0,False,False,,general,https://en.wikipedia.org/wiki/David_Cappiello
Connecticut,Connecticut 5,Harold Burbank,Green,1.0,False,False,,general,
Connecticut,Connecticut 5,Thomas Winn,Independent,0.8,False,False,,general,
Delaware,Delaware at-large,Mike Castle,Republican,61.1,True,True,,general,https://en.wikipedia.org/wiki/Mike_Castle
Delaware,Delaware at-large,Karen Hartley-Nagle,Democratic,38.0,False,False,,general,https://en.wikipedia.org/wiki/Karen_Hartley-Nagle
Delaware,Delaware at-large,Mark Parks,Libertarian,0.9,False,False,,general,
Florida,Florida 1,Jeff Miller,Republican,70.2,True,True,,general,https://en.wikipedia.org/wiki/Jeff_Miller_(Florida_politician)
Florida,Florida 1,James Jim Bryan,Democratic,29.8,False,False,,general,
Florida,Florida 10,Bill Young,Republican,60.7,True,True,,general,https://en.wikipedia.org/wiki/Bill_Young_(Florida_politician)
Florida,Florida 10,Bob Hackworth,Democratic,39.3,False,False,,general,
Florida,Florida 11,Kathy Castor,Democratic,71.7,True,True,,general,https://en.wikipedia.org/wiki/Kathy_Castor
Florida,Florida 11,Eddie Adams,Republican,28.3,False,False,,general,
Florida,Florida 12,Adam Putnam,Republican,57.5,True,True,,general,https://en.wikipedia.org/wiki/Adam_Putnam
Florida,Florida 12,Doug Tudor,Democratic,42.5,False,False,,general,
Florida,Florida 13,Vern Buchanan,Republican,55.5,True,True,,general,https://en.wikipedia.org/wiki/Vern_Buchanan
Florida,Florida 13,Christine Jennings,Democratic,37.5,False,False,,general,https://en.wikipedia.org/wiki/Christine_Jennings
Florida,Florida 13,Jan Schneider,Independent,5.5,False,False,,general,
Florida,Florida 13,Don Baldauf,Independent,1.5,False,False,,general,
Florida,Florida 14,Connie Mack IV,Republican,59.4,True,True,,general,https://en.wikipedia.org/wiki/Connie_Mack_IV
Florida,Florida 14,Robert Neeld,Democratic,24.8,False,False,,general,
Florida,Florida 14,Burt Saunders,Independent,14.5,False,False,,general,https://en.wikipedia.org/wiki/Burt_Saunders
Florida,Florida 14,Jeff George,Independent,1.3,False,False,,general,
Florida,Florida 15,Bill Posey,Republican,53.1,False,True,,general,https://en.wikipedia.org/wiki/Bill_Posey
Florida,Florida 15,Stephen Blythe,Democratic,42.0,False,False,,general,
Florida,Florida 15,Frank Zilaitis,Independent,3.9,False,False,,general,
Florida,Florida 15,Trevor Lowing,Independent,1.0,False,False,,general,
Florida,Florida 16,Tom Rooney,Republican,60.1,False,True,,general,https://en.wikipedia.org/wiki/Tom_Rooney_(Florida_politician)
Florida,Florida 16,Tim Mahoney,Democratic,39.9,True,False,,general,https://en.wikipedia.org/wiki/Tim_Mahoney
Florida,Florida 17,Kendrick Meek,Democratic,,True,True,,general,https://en.wikipedia.org/wiki/Kendrick_Meek
Florida,Florida 18,Ileana Ros-Lehtinen,Republican,57.9,True,True,,general,https://en.wikipedia.org/wiki/Ileana_Ros-Lehtinen
Florida,Florida 18,Annette Taddeo,Democratic,42.1,False,False,,general,https://en.wikipedia.org/wiki/Annette_Taddeo
Florida,Florida 19,Robert Wexler,Democratic,66.2,True,True,,general,https://en.wikipedia.org/wiki/Robert_Wexler
Florida,Florida 19,Edward Lynch,Republican,27.2,False,False,,general,https://en.wikipedia.org/wiki/Edward_J._Lynch
Florida,Florida 19,Ben Graber,Independent,6.6,False,False,,general,
Florida,Florida 2,Allen Boyd,Democratic,61.9,True,True,,general,https://en.wikipedia.org/wiki/Allen_Boyd
Florida,Florida 2,Mark Mulligan,Republican,38.1,False,False,,general,
Florida,Florida 20,Debbie Wasserman Schultz,Democratic,77.5,True,True,,general,https://en.wikipedia.org/wiki/Debbie_Wasserman_Schultz
Florida,Florida 20,Margaret Hostetter,Ind. Republican,22.5,False,False,,general,
Florida,Florida 21,Lincoln Díaz-Balart,Republican,57.9,True,True,,general,https://en.wikipedia.org/wiki/Lincoln_D%C3%ADaz-Balart
Florida,Florida 21,Raul Martinez,Democratic,42.1,False,False,,general,https://en.wikipedia.org/wiki/Raul_L._Martinez
Florida,Florida 22,Ron Klein,Democratic,54.7,True,True,,general,https://en.wikipedia.org/wiki/Ron_Klein
Florida,Florida 22,Allen West,Republican,45.3,False,False,,general,https://en.wikipedia.org/wiki/Allen_West_(former_U.S._military_officer)
Florida,Florida 23,Alcee Hastings,Democratic,82.1,True,True,,general,https://en.wikipedia.org/wiki/Alcee_Hastings
Florida,Florida 23,Marion Thorpe,Republican,17.8,False,False,,general,
Florida,Florida 24,Suzanne Kosmas,Democratic,57.2,False,True,,general,https://en.wikipedia.org/wiki/Suzanne_Kosmas
Florida,Florida 24,Tom Feeney,Republican,41.1,True,False,,general,https://en.wikipedia.org/wiki/Tom_Feeney
Florida,Florida 24,Gaurav Bhola,Independent,1.7,False,False,,general,
Florida,Florida 25,Mario Díaz-Balart,Republican,53.1,True,True,,general,https://en.wikipedia.org/wiki/Mario_D%C3%ADaz-Balart
Florida,Florida 25,Joe Garcia,Democratic,46.9,False,False,,general,https://en.wikipedia.org/wiki/Joe_Garcia
Florida,Florida 3,Corrine Brown,Democratic,,True,True,,general,https://en.wikipedia.org/wiki/Corrine_Brown
Florida,Florida 4,Ander Crenshaw,Republican,65.3,True,True,,general,https://en.wikipedia.org/wiki/Ander_Crenshaw
Florida,Florida 4,Jay McGovern,Democratic,34.7,False,False,,general,
Florida,Florida 5,Ginny Brown-Waite,Republican,61.2,True,True,,general,https://en.wikipedia.org/wiki/Ginny_Brown-Waite
Florida,Florida 5,John Russell,Democratic,38.8,False,False,,general,
Florida,Florida 6,Cliff Stearns,Republican,60.9,True,True,,general,https://en.wikipedia.org/wiki/Cliff_Stearns
Florida,Florida 6,Tim Cunha,Democratic,39.1,False,False,,general,
Florida,Florida 7,John Mica,Republican,62.0,True,True,,general,https://en.wikipedia.org/wiki/John_Mica
Florida,Florida 7,Faye Armitage,Democratic,38.0,False,False,,general,https://en.wikipedia.org/wiki/Faye_Armitage
Florida,Florida 8,Alan Grayson,Democratic,52.0,False,True,,general,https://en.wikipedia.org/wiki/Alan_Grayson
Florida,Florida 8,Ric Keller,Republican,48.0,True,False,,general,https://en.wikipedia.org/wiki/Ric_Keller
Florida,Florida 9,Gus Bilirakis,Republican,62.2,True,True,,general,https://en.wikipedia.org/wiki/Gus_Bilirakis
Florida,Florida 9,Bill Mitchell,Democratic,36.3,False,False,,general,
Florida,Florida 9,Johnny Kalimnios,Independent,1.0,False,False,,general,
Florida,Florida 9,Richard Emmons,Term Limits,0.6,False,False,,general,
Georgia,Georgia 1,Jack Kingston,Republican,66.5,True,True,,general,https://en.wikipedia.org/wiki/Jack_Kingston
Georgia,Georgia 1,Bill Gillespie,Democratic,33.5,False,False,,general,
Georgia,Georgia 10,Paul Broun,Republican,60.7,True,True,,general,https://en.wikipedia.org/wiki/Paul_Broun
Georgia,Georgia 10,Bobby Saxon,Democratic,39.3,False,False,,general,https://en.wikipedia.org/wiki/Bobby_Saxon
Georgia,Georgia 11,Phil Gingrey,Republican,68.2,True,True,,general,https://en.wikipedia.org/wiki/Phil_Gingrey
Georgia,Georgia 11,Hugh Gammon,Democratic,31.8,False,False,,general,
Georgia,Georgia 12,John Barrow,Democratic,66.0,True,True,,general,https://en.wikipedia.org/wiki/John_Barrow_(American_politician)
Georgia,Georgia 12,John Stone,Republican,34.0,False,False,,general,
Georgia,Georgia 13,David Scott,Democratic,69.0,True,True,,general,https://en.wikipedia.org/wiki/David_Scott_(Georgia_politician)
Georgia,Georgia 13,Deborah Honeycutt,Republican,31.0,False,False,,general,https://en.wikipedia.org/wiki/Deborah_Honeycutt
Georgia,Georgia 2,Sanford Bishop,Democratic,68.9,True,True,,general,https://en.wikipedia.org/wiki/Sanford_Bishop
Georgia,Georgia 2,Lee Ferrell,Republican,31.1,False,False,,general,
Georgia,Georgia 3,Lynn Westmoreland,Republican,65.7,True,True,,general,https://en.wikipedia.org/wiki/Lynn_Westmoreland
Georgia,Georgia 3,Stephen Camp,Democratic,34.3,False,False,,general,
Georgia,Georgia 4,Hank Johnson,Democratic,99.9,True,True,,general,https://en.wikipedia.org/wiki/Hank_Johnson
Georgia,Georgia 5,John Lewis,Democratic,99.9,True,True,,general,https://en.wikipedia.org/wiki/John_Lewis
Georgia,Georgia 6,Tom Price,Republican,68.5,True,True,,general,https://en.wikipedia.org/wiki/Tom_Price_(American_politician)
Georgia,Georgia 6,Bill Jones,Democratic,31.5,False,False,,general,
Georgia,Georgia 7,John Linder,Republican,62.0,True,True,,general,https://en.wikipedia.org/wiki/John_Linder
Georgia,Georgia 7,Doug Heckman,Democratic,38.0,False,False,,general,https://en.wikipedia.org/wiki/Doug_Heckman
Georgia,Georgia 8,Jim Marshall,Democratic,57.2,True,True,,general,https://en.wikipedia.org/wiki/Jim_Marshall_(Georgia_politician)
Georgia,Georgia 8,Rick Goddard,Republican,42.8,False,False,,general,https://en.wikipedia.org/wiki/Rick_Goddard
Georgia,Georgia 9,Nathan Deal,Republican,75.5,True,True,,general,https://en.wikipedia.org/wiki/Nathan_Deal
Georgia,Georgia 9,Jeff Scott,Democratic,24.5,False,False,,general,
Hawaii,Hawaii 1,Neil Abercrombie,Democratic,77.1,True,True,,general,https://en.wikipedia.org/wiki/Neil_Abercrombie
Hawaii,Hawaii 1,Steve Tataii,Republican,19.1,False,False,,general,
Hawaii,Hawaii 1,Li Zhao,Libertarian,3.8,False,False,,general,
Hawaii,Hawaii 2,Mazie Hirono,Democratic,76.1,True,True,,general,https://en.wikipedia.org/wiki/Mazie_Hirono
Hawaii,Hawaii 2,Roger B. Evans,Republican,20.4,False,False,,general,https://en.wikipedia.org/wiki/Roger_B._Evans
Hawaii,Hawaii 2,Shaun Stenshol,Independent,1.9,False,False,,general,
Hawaii,Hawaii 2,Jeff Mallan,Libertarian,1.7,False,False,,general,
Idaho,Idaho 1,Walt Minnick,Democratic,50.6,False,True,,general,https://en.wikipedia.org/wiki/Walt_Minnick
Idaho,Idaho 1,Bill Sali,Republican,49.4,True,False,,general,https://en.wikipedia.org/wiki/Bill_Sali
Idaho,Idaho 2,Mike Simpson,Republican,71.0,True,True,,general,https://en.wikipedia.org/wiki/Mike_Simpson
Idaho,Idaho 2,Debbie Holmes,Democratic,29.0,False,False,,general,https://en.wikipedia.org/wiki/Debbie_Holmes
Illinois,Illinois 1,Bobby Rush,Democratic,85.9,True,True,,general,https://en.wikipedia.org/wiki/Bobby_Rush
Illinois,Illinois 1,Antoine Members,Republican,14.1,False,False,,general,
Illinois,Illinois 10,Mark Kirk,Republican,52.6,True,True,,general,https://en.wikipedia.org/wiki/Mark_Kirk
Illinois,Illinois 10,Dan Seals,Democratic,47.4,False,False,,general,https://en.wikipedia.org/wiki/Dan_Seals_(politician)
Illinois,Illinois 11,Debbie Halvorson,Democratic,58.4,False,True,,general,https://en.wikipedia.org/wiki/Debbie_Halvorson
Illinois,Illinois 11,Marty Ozinga,Republican,34.5,False,False,,general,
Illinois,Illinois 11,Jason Wallace,Green,7.1,False,False,,general,
Illinois,Illinois 12,Jerry Costello,Democratic,71.1,True,True,,general,https://en.wikipedia.org/wiki/Jerry_Costello
Illinois,Illinois 12,Tim Richardson,Republican,25.0,False,False,,general,
Illinois,Illinois 12,Rodger Jennings,Green,3.9,False,False,,general,https://en.wikipedia.org/wiki/Rodger_Jennings
Illinois,Illinois 13,Judy Biggert,Republican,53.6,True,True,,general,https://en.wikipedia.org/wiki/Judy_Biggert
Illinois,Illinois 13,Scott Harper,Democratic,43.7,False,False,,general,https://en.wikipedia.org/wiki/Scott_Harper_(candidate)
Illinois,Illinois 13,Steve Alesch,Green,2.7,False,False,,general,
Illinois,Illinois 14,Bill Foster,Democratic,57.7,True,True,,general,https://en.wikipedia.org/wiki/Bill_Foster_(politician)
Illinois,Illinois 14,Jim Oberweis,Republican,42.3,False,False,,general,https://en.wikipedia.org/wiki/Jim_Oberweis
Illinois,Illinois 14,Bill Foster,Democratic,52.53,False,True,,special,https://en.wikipedia.org/wiki/Bill_Foster_(Illinois_politician)
Illinois,Illinois 14,Jim Oberweis,Republican,47.47,False,False,,special,https://en.wikipedia.org/wiki/Jim_Oberweis
Illinois,Illinois 15,Tim Johnson,Republican,64.2,True,True,,general,https://en.wikipedia.org/wiki/Tim_Johnson_(Illinois_politician)
Illinois,Illinois 15,Steve Cox,Democratic,35.8,False,False,,general,https://en.wikipedia.org/wiki/Steve_Cox_(Illinois_politician)
Illinois,Illinois 16,Donald Manzullo,Republican,60.9,True,True,,general,https://en.wikipedia.org/wiki/Donald_Manzullo
Illinois,Illinois 16,Bob Abboud,Democratic,36.1,False,False,,general,
Illinois,Illinois 16,Scott Summers,Green,3.0,False,False,,general,
Illinois,Illinois 17,Phil Hare,Democratic,99.8,True,True,,general,https://en.wikipedia.org/wiki/Phil_Hare
Illinois,Illinois 18,Aaron Schock,Republican,58.9,False,True,,general,https://en.wikipedia.org/wiki/Aaron_Schock
Illinois,Illinois 18,Colleen Callahan,Democratic,37.9,False,False,,general,https://en.wikipedia.org/wiki/Colleen_Callahan
Illinois,Illinois 18,Sheldon Schafer,Green,3.2,False,False,,general,https://en.wikipedia.org/wiki/Sheldon_Schafer
Illinois,Illinois 19,John Shimkus,Republican,64.5,True,True,,general,https://en.wikipedia.org/wiki/John_Shimkus
Illinois,Illinois 19,Daniel Davis,Democratic,33.4,False,False,,general,https://en.wikipedia.org/wiki/Daniel_Davis_(actor)
Illinois,Illinois 19,Troy Dennis,Green,2.1,False,False,,general,
Illinois,Illinois 2,Jesse Jackson Jr.,Democratic,89.4,True,True,,general,https://en.wikipedia.org/wiki/Jesse_Jackson_Jr.
Illinois,Illinois 2,Anthony Williams,Republican,10.6,False,False,,general,
Illinois,Illinois 3,Dan Lipinski,Democratic,73.3,True,True,,general,https://en.wikipedia.org/wiki/Dan_Lipinski
Illinois,Illinois 3,Michael Hawkins,Republican,21.4,False,False,,general,
Illinois,Illinois 3,Jerome Pohlen,Green,5.3,False,False,,general,
Illinois,Illinois 4,Luis Gutiérrez,Democratic,80.6,True,True,,general,https://en.wikipedia.org/wiki/Luis_Guti%C3%A9rrez
Illinois,Illinois 4,Daniel Cunningham,Republican,11.5,False,False,,general,
Illinois,Illinois 4,Omar Lopez,Green,7.9,False,False,,general,
Illinois,Illinois 5,Rahm Emanuel,Democratic,73.9,True,True,,general,https://en.wikipedia.org/wiki/Rahm_Emanuel
Illinois,Illinois 5,Tom Hanson,Republican,22.0,False,False,,general,
Illinois,Illinois 5,Alan Augustson,Green,4.1,False,False,,general,
Illinois,Illinois 6,Peter Roskam,Republican,57.6,True,True,,general,https://en.wikipedia.org/wiki/Peter_Roskam
Illinois,Illinois 6,Jill Morgenthaler,Democratic,42.4,False,False,,general,https://en.wikipedia.org/wiki/Jill_Morgenthaler
Illinois,Illinois 7,Danny K. Davis,Democratic,85.0,True,True,,general,https://en.wikipedia.org/wiki/Danny_K._Davis
Illinois,Illinois 7,Steve Miller,Republican,15.0,False,False,,general,
Illinois,Illinois 8,Melissa Bean,Democratic,60.7,True,True,,general,https://en.wikipedia.org/wiki/Melissa_Bean
Illinois,Illinois 8,Steve Greenberg,Republican,39.3,False,False,,general,https://en.wikipedia.org/wiki/Steve_Greenberg_(Illinois)
Illinois,Illinois 9,Jan Schakowsky,Democratic,74.7,True,True,,general,https://en.wikipedia.org/wiki/Jan_Schakowsky
Illinois,Illinois 9,Michael Younan,Republican,22.0,False,False,,general,
Illinois,Illinois 9,Morris Shanfield,Green,3.3,False,False,,general,
Indiana,Indiana 1,Pete Visclosky,Democratic,70.9,True,True,,general,https://en.wikipedia.org/wiki/Pete_Visclosky
Indiana,Indiana 1,Mark Leyva,Republican,27.2,False,False,,general,
Indiana,Indiana 1,Jeff Duensing,Libertarian,1.9,False,False,,general,
Indiana,Indiana 2,Joe Donnelly,Democratic,67.1,True,True,,general,https://en.wikipedia.org/wiki/Joe_Donnelly
Indiana,Indiana 2,Luke Puckett,Republican,30.2,False,False,,general,
Indiana,Indiana 2,Mark Vogel,Libertarian,2.7,False,False,,general,
Indiana,Indiana 3,Mark Souder,Republican,55.0,True,True,,general,https://en.wikipedia.org/wiki/Mark_Souder
Indiana,Indiana 3,Mike Montagano,Democratic,39.7,False,False,,general,https://en.wikipedia.org/wiki/Mike_Montagano
Indiana,Indiana 3,William Larsen,Libertarian,5.3,False,False,,general,
Indiana,Indiana 4,Steve Buyer,Republican,59.9,True,True,,general,https://en.wikipedia.org/wiki/Steve_Buyer
Indiana,Indiana 4,Nels Ackerson,Democratic,40.1,False,False,,general,https://en.wikipedia.org/wiki/Nels_Ackerson
Indiana,Indiana 5,Dan Burton,Republican,65.5,True,True,,general,https://en.wikipedia.org/wiki/Dan_Burton
Indiana,Indiana 5,Mary Etta Ruley,Democratic,34.5,False,False,,general,
Indiana,Indiana 6,Mike Pence,Republican,63.9,True,True,,general,https://en.wikipedia.org/wiki/Mike_Pence
Indiana,Indiana 6,Barry Welsh,Democratic,33.4,False,False,,general,https://en.wikipedia.org/wiki/Barry_Welsh
Indiana,Indiana 6,George Holland,Libertarian,2.7,False,False,,general,
Indiana,Indiana 7,André Carson,Democratic,65.1,True,True,,general,https://en.wikipedia.org/wiki/Andr%C3%A9_Carson
Indiana,Indiana 7,Gabrielle Campo,Republican,34.9,False,False,,general,
Indiana,Indiana 7,André Carson,Democratic,54.0,False,True,,special,https://en.wikipedia.org/wiki/Andr%C3%A9_Carson
Indiana,Indiana 7,Jon Elrod,Republican,43.07,False,False,,special,https://en.wikipedia.org/wiki/Jon_Elrod
Indiana,Indiana 7,Sean Shepard,Libertarian,2.87,False,False,,special,
Indiana,Indiana 8,Brad Ellsworth,Democratic,64.7,True,True,,general,https://en.wikipedia.org/wiki/Brad_Ellsworth
Indiana,Indiana 8,Greg Goode,Republican,35.3,False,False,,general,https://en.wikipedia.org/wiki/Greg_Goode
Indiana,Indiana 9,Baron Hill,Democratic,57.8,True,True,,general,https://en.wikipedia.org/wiki/Baron_Hill_(politician)
Indiana,Indiana 9,Mike Sodrel,Republican,38.4,False,False,,general,https://en.wikipedia.org/wiki/Mike_Sodrel
Indiana,Indiana 9,D. Eric Schansberg,Libertarian,3.8,False,False,,general,
Iowa,Iowa 1,Bruce Braley,Democratic,64.6,True,True,,general,https://en.wikipedia.org/wiki/Bruce_Braley
Iowa,Iowa 1,David Hartsuch,Republican,35.4,False,False,,general,https://en.wikipedia.org/wiki/David_Hartsuch
Iowa,Iowa 2,David Loebsack,Democratic,57.2,True,True,,general,https://en.wikipedia.org/wiki/David_Loebsack
Iowa,Iowa 2,Mariannette Miller-Meeks,Republican,38.8,False,False,,general,https://en.wikipedia.org/wiki/Mariannette_Miller-Meeks
Iowa,Iowa 2,Wendy Barth,Green,2.2,False,False,,general,
Iowa,Iowa 2,Brian White,Independent,1.8,False,False,,general,
Iowa,Iowa 3,Leonard Boswell,Democratic,56.4,True,True,,general,https://en.wikipedia.org/wiki/Leonard_Boswell
Iowa,Iowa 3,Kim Schmett,Republican,42.1,False,False,,general,
Iowa,Iowa 3,Frank Forrestal,Socialist Workers,1.5,False,False,,general,
Iowa,Iowa 4,Tom Latham,Republican,60.6,True,True,,general,https://en.wikipedia.org/wiki/Tom_Latham_(politician)
Iowa,Iowa 4,Becky Greenwald,Democratic,39.4,False,False,,general,
Iowa,Iowa 5,Steve King,Republican,59.8,True,True,,general,https://en.wikipedia.org/wiki/Steve_King
Iowa,Iowa 5,Rob Hubler,Democratic,37.4,False,False,,general,
Iowa,Iowa 5,Victor Vara,Independent,2.8,False,False,,general,
Kansas,Kansas 1,Jerry Moran,Republican,81.8,True,True,,general,https://en.wikipedia.org/wiki/Jerry_Moran
Kansas,Kansas 1,James Bordonaro,Democratic,13.2,False,False,,general,
Kansas,Kansas 1,Kathleen Burton,Reform,2.7,False,False,,general,
Kansas,Kansas 1,Jack Warner,Libertarian,2.1,False,False,,general,
Kansas,Kansas 2,Lynn Jenkins,Republican,50.6,False,True,,general,https://en.wikipedia.org/wiki/Lynn_Jenkins
Kansas,Kansas 2,Nancy Boyda,Democratic,46.2,True,False,,general,https://en.wikipedia.org/wiki/Nancy_Boyda
Kansas,Kansas 2,Leslie Martin,Reform,1.6,False,False,,general,
Kansas,Kansas 2,Robert Garrard,Libertarian,1.5,False,False,,general,
Kansas,Kansas 3,Dennis Moore,Democratic,56.4,True,True,,general,https://en.wikipedia.org/wiki/Dennis_Moore_(politician)
Kansas,Kansas 3,Nick Jordan,Republican,39.6,False,False,,general,https://en.wikipedia.org/wiki/Nick_Jordan_(Kansas)
Kansas,Kansas 3,Joe Bellis,Libertarian,2.8,False,False,,general,
Kansas,Kansas 3,Roger Tucker,Reform,1.0,False,False,,general,
Kansas,Kansas 4,Todd Tiahrt,Republican,63.4,True,True,,general,https://en.wikipedia.org/wiki/Todd_Tiahrt
Kansas,Kansas 4,Donald Betts Jr.,Democratic,32.3,False,False,,general,https://en.wikipedia.org/wiki/Donald_Betts_Jr.
Kansas,Kansas 4,Susan Ducey,Reform,2.2,False,False,,general,
Kansas,Kansas 4,Steven Rosile,Libertarian,1.9,False,False,,general,
Kentucky,Kentucky 1,Ed Whitfield,Republican,64.3,True,True,,general,https://en.wikipedia.org/wiki/Ed_Whitfield
Kentucky,Kentucky 1,Heather Ryan,Democratic,35.7,False,False,,general,
Kentucky,Kentucky 2,Brett Guthrie,Republican,52.6,False,True,,general,https://en.wikipedia.org/wiki/Brett_Guthrie
Kentucky,Kentucky 2,David Boswell,Democratic,47.4,False,False,,general,https://en.wikipedia.org/wiki/David_Boswell_(Kentucky_politician)
Kentucky,Kentucky 3,John Yarmuth,Democratic,59.4,True,True,,general,https://en.wikipedia.org/wiki/John_Yarmuth
Kentucky,Kentucky 3,Anne Northup,Republican,40.6,False,False,,general,https://en.wikipedia.org/wiki/Anne_Northup
Kentucky,Kentucky 4,Geoff Davis,Republican,63.0,True,True,,general,https://en.wikipedia.org/wiki/Geoff_Davis
Kentucky,Kentucky 4,Michael Kelly,Democratic,37.0,False,False,,general,
Kentucky,Kentucky 5,Hal Rogers,Republican,84.1,True,True,,general,https://en.wikipedia.org/wiki/Hal_Rogers
Kentucky,Kentucky 5,Jim Holbert,Independent,15.9,False,False,,general,
Kentucky,Kentucky 6,Ben Chandler,Democratic,64.7,True,True,,general,https://en.wikipedia.org/wiki/Ben_Chandler
Kentucky,Kentucky 6,Jon Larson,Republican,35.3,False,False,,general,https://en.wikipedia.org/wiki/Jon_Larson
Louisiana,Louisiana 1,Steve Scalise,Republican,65.7,True,True,,general,https://en.wikipedia.org/wiki/Steve_Scalise
Louisiana,Louisiana 1,Jim Harlan,Democratic,34.3,False,False,,general,
Louisiana,Louisiana 1,Steve Scalise,Republican,75.13,False,True,,special,https://en.wikipedia.org/wiki/Steve_Scalise
Louisiana,Louisiana 1,Gilda Reed,Democratic,22.5,False,False,,special,
Louisiana,Louisiana 1,R. A. Galan,Independent,1.74,False,False,,special,
Louisiana,Louisiana 1,Anthony Gentile,Independent,0.62,False,False,,special,
Louisiana,Louisiana 2,Joseph Cao,Republican,49.5,False,True,,general,https://en.wikipedia.org/wiki/Joseph_Cao
Louisiana,Louisiana 2,William Jefferson,Democratic,46.8,True,False,,general,https://en.wikipedia.org/wiki/William_Jefferson_(politician)
Louisiana,Louisiana 2,Malik Rahim,Green,2.8,False,False,,general,https://en.wikipedia.org/wiki/Malik_Rahim
Louisiana,Louisiana 2,Gregory Kahn,Libertarian,0.8,False,False,,general,
Louisiana,Louisiana 3,Charlie Melançon,Democratic,,True,True,,general,https://en.wikipedia.org/wiki/Charlie_Melan%C3%A7on
Louisiana,Louisiana 4,John C. Fleming,Republican,48.1,False,True,,general,https://en.wikipedia.org/wiki/John_C._Fleming
Louisiana,Louisiana 4,Paul Carmouche,Democratic,47.7,False,False,,general,https://en.wikipedia.org/wiki/Paul_Carmouche
Louisiana,Louisiana 4,Chester Kelly,Independent,3.5,False,False,,general,
Louisiana,Louisiana 4,Gerard Bowen,Independent,0.7,False,False,,general,
Louisiana,Louisiana 5,Rodney Alexander,Republican,,True,True,,general,https://en.wikipedia.org/wiki/Rodney_Alexander
Louisiana,Louisiana 6,Bill Cassidy,Republican,48.1,False,True,,general,https://en.wikipedia.org/wiki/Bill_Cassidy
Louisiana,Louisiana 6,Don Cazayoux,Democratic,40.3,True,False,,general,https://en.wikipedia.org/wiki/Don_Cazayoux
Louisiana,Louisiana 6,Michael L. Jackson,Ind. Democratic,11.6,False,False,,general,
Louisiana,Louisiana 6,Don Cazayoux,Democratic,49.2,False,True,,special,https://en.wikipedia.org/wiki/Don_Cazayoux
Louisiana,Louisiana 6,Woody Jenkins,Republican,46.27,False,False,,special,https://en.wikipedia.org/wiki/Woody_Jenkins
Louisiana,Louisiana 6,Ashley Casey,Independent,3.68,False,False,,special,
Louisiana,Louisiana 6,Peter J. Aranyosi,Independent,0.44,False,False,,special,
Louisiana,Louisiana 6,Randall T. Hayes,Constitution,0.4,False,False,,special,
Louisiana,Louisiana 7,Charles Boustany,Republican,61.9,True,True,,general,https://en.wikipedia.org/wiki/Charles_Boustany
Louisiana,Louisiana 7,Don Cravins Jr.,Democratic,34.3,False,False,,general,https://en.wikipedia.org/wiki/Don_Cravins_Jr.
Louisiana,Louisiana 7,Peter Vidrine,Constitution,3.8,False,False,,general,
Maine,Maine 1,Chellie Pingree,Democratic,54.9,False,True,,general,https://en.wikipedia.org/wiki/Chellie_Pingree
Maine,Maine 1,Charlie Summers,Republican,45.1,False,False,,general,https://en.wikipedia.org/wiki/Charlie_Summers
Maine,Maine 2,Mike Michaud,Democratic,67.4,True,True,,general,https://en.wikipedia.org/wiki/Mike_Michaud
Maine,Maine 2,John Frary,Republican,32.6,False,False,,general,
Maryland,Maryland 1,Frank Kratovil,Democratic,49.1,False,True,,general,https://en.wikipedia.org/wiki/Frank_Kratovil
Maryland,Maryland 1,Andy Harris,Republican,48.3,False,False,,general,https://en.wikipedia.org/wiki/Andrew_P._Harris
Maryland,Maryland 1,Richard James Davis,Libertarian,2.5,False,False,,general,
Maryland,Maryland 2,Dutch Ruppersberger,Democratic,71.9,True,True,,general,https://en.wikipedia.org/wiki/Dutch_Ruppersberger
Maryland,Maryland 2,Richard Matthews,Republican,24.8,False,False,,general,
Maryland,Maryland 2,Lorenzo Gaztanaga,Libertarian,3.2,False,False,,general,
Maryland,Maryland 3,John Sarbanes,Democratic,69.7,True,True,,general,https://en.wikipedia.org/wiki/John_Sarbanes
Maryland,Maryland 3,Tom Harris,Republican,30.1,False,False,,general,
Maryland,Maryland 4,Donna Edwards,Democratic,85.8,True,True,,general,https://en.wikipedia.org/wiki/Donna_Edwards
Maryland,Maryland 4,Peter James,Republican,12.9,False,False,,general,
Maryland,Maryland 4,Thibeaux Lincecum,Libertarian,1.1,False,False,,general,
Maryland,Maryland 4,Donna Edwards,Democratic,80.54,False,True,,special,https://en.wikipedia.org/wiki/Donna_Edwards
Maryland,Maryland 4,Peter James,Republican,17.78,False,False,,special,
Maryland,Maryland 4,Thibeaux Lincecum,Libertarian,1.06,False,False,,special,
Maryland,Maryland 5,Steny Hoyer,Democratic,73.6,True,True,,general,https://en.wikipedia.org/wiki/Steny_Hoyer
Maryland,Maryland 5,Collins Bailey,Republican,24.0,False,False,,general,
Maryland,Maryland 5,Darlene H. Nicholas,Libertarian,2.3,False,False,,general,
Maryland,Maryland 6,Roscoe Bartlett,Republican,57.8,True,True,,general,https://en.wikipedia.org/wiki/Roscoe_Bartlett
Maryland,Maryland 6,Jennifer Dougherty,Democratic,38.8,False,False,,general,https://en.wikipedia.org/wiki/Jennifer_Dougherty
Maryland,Maryland 6,Gary Hoover,Libertarian,3.3,False,False,,general,
Maryland,Maryland 7,Elijah Cummings,Democratic,79.5,True,True,,general,https://en.wikipedia.org/wiki/Elijah_Cummings
Maryland,Maryland 7,Michael Hargadon,Republican,18.6,False,False,,general,
Maryland,Maryland 7,Ronald M. Owens-Bey,Libertarian,1.8,False,False,,general,
Maryland,Maryland 8,Chris Van Hollen,Democratic,75.1,True,True,,general,https://en.wikipedia.org/wiki/Chris_Van_Hollen
Maryland,Maryland 8,Steve Hudson,Republican,21.7,False,False,,general,
Maryland,Maryland 8,Gordon Clark,Green,2.2,False,False,,general,https://en.wikipedia.org/wiki/Gordon_Clark_(activist)
Maryland,Maryland 8,Ian Thomas,Libertarian,0.8,False,False,,general,
Massachusetts,Massachusetts 1,John Olver,Democratic,72.8,True,True,,general,https://en.wikipedia.org/wiki/John_Olver
Massachusetts,Massachusetts 1,Nate Bech,Republican,27.0,False,False,,general,
Massachusetts,Massachusetts 10,Bill Delahunt,Democratic,,True,True,,general,https://en.wikipedia.org/wiki/Bill_Delahunt
Massachusetts,Massachusetts 2,Richard Neal,Democratic,,True,True,,general,https://en.wikipedia.org/wiki/Richard_Neal
Massachusetts,Massachusetts 3,Jim McGovern,Democratic,,True,True,,general,https://en.wikipedia.org/wiki/Jim_McGovern_(American_politician)
Massachusetts,Massachusetts 4,Barney Frank,Democratic,68.0,True,True,,general,https://en.wikipedia.org/wiki/Barney_Frank
Massachusetts,Massachusetts 4,Earl Sholley,Republican,25.3,False,False,,general,
Massachusetts,Massachusetts 4,Susan Allen,Independent,6.6,False,False,,general,
Massachusetts,Massachusetts 5,Niki Tsongas,Democratic,,True,True,,general,https://en.wikipedia.org/wiki/Niki_Tsongas
Massachusetts,Massachusetts 6,John F. Tierney,Democratic,70.4,True,True,,general,https://en.wikipedia.org/wiki/John_F._Tierney
Massachusetts,Massachusetts 6,Richard Baker,Republican,29.5,False,False,,general,
Massachusetts,Massachusetts 7,Ed Markey,Democratic,75.6,True,True,,general,https://en.wikipedia.org/wiki/Ed_Markey
Massachusetts,Massachusetts 7,John Cunningham,Republican,24.2,False,False,,general,
Massachusetts,Massachusetts 8,Mike Capuano,Democratic,,True,True,,general,https://en.wikipedia.org/wiki/Mike_Capuano
Massachusetts,Massachusetts 9,Stephen Lynch,Democratic,,True,True,,general,https://en.wikipedia.org/wiki/Stephen_Lynch_(politician)
Michigan,Michigan 1,Bart Stupak,Democratic,65.0,True,True,,general,https://en.wikipedia.org/wiki/Bart_Stupak
Michigan,Michigan 1,Jean Marie Treacy,Green,0.8,False,False,,general,
Michigan,Michigan 1,Dan Grow,Libertarian,0.8,False,False,,general,
Michigan,Michigan 1,Joshua Warren,US Taxpayers,0.6,False,False,,general,
Michigan,Michigan 1,Tom Casperson,Republican,,False,False,,general,https://en.wikipedia.org/wiki/Tom_Casperson
Michigan,Michigan 10,Candice Miller,Republican,66.3,True,True,,general,https://en.wikipedia.org/wiki/Candice_Miller
Michigan,Michigan 10,Robert Denison,Democratic,31.2,False,False,,general,https://en.wikipedia.org/wiki/Robert_Denison
Michigan,Michigan 10,Neil Stephenson,Libertarian,1.3,False,False,,general,
Michigan,Michigan 10,Candace Caveny,Green,1.2,False,False,,general,
Michigan,Michigan 11,Thad McCotter,Republican,51.4,True,True,,general,https://en.wikipedia.org/wiki/Thad_McCotter
Michigan,Michigan 11,Joseph Larkin,Democratic,45.4,False,False,,general,
Michigan,Michigan 11,John Tatar,Libertarian,1.7,False,False,,general,
Michigan,Michigan 11,Erik Shelley,Green,1.5,False,False,,general,
Michigan,Michigan 12,Sander Levin,Democratic,72.1,True,True,,general,https://en.wikipedia.org/wiki/Sander_Levin
Michigan,Michigan 12,Bert Copple,Republican,23.9,False,False,,general,
Michigan,Michigan 12,John Vico,Libertarian,1.5,False,False,,general,
Michigan,Michigan 12,Les Townsend,US Taxpayers,1.3,False,False,,general,
Michigan,Michigan 12,Bill Opalicky,Green,1.2,False,False,,general,
Michigan,Michigan 13,Carolyn Cheeks Kilpatrick,Democratic,74.1,True,True,,general,https://en.wikipedia.org/wiki/Carolyn_Cheeks_Kilpatrick
Michigan,Michigan 13,Edward Gubics,Republican,19.1,False,False,,general,
Michigan,Michigan 13,George Corsetti,Green,4.2,False,False,,general,
Michigan,Michigan 13,Gregory Creswell,Libertarian,2.6,False,False,,general,
Michigan,Michigan 14,John Conyers Jr.,Democratic,92.4,True,True,,general,https://en.wikipedia.org/wiki/John_Conyers_Jr.
Michigan,Michigan 14,Rick Secula,Libertarian,4.4,False,False,,general,
Michigan,Michigan 14,Clyde Shabazz,Green,3.2,False,False,,general,
Michigan,Michigan 15,John D. Dingell Jr.,Democratic,70.7,True,True,,general,https://en.wikipedia.org/wiki/John_D._Dingell_Jr.
Michigan,Michigan 15,John Lynch,Republican,25.0,False,False,,general,
Michigan,Michigan 15,Aimee Smith,Green,2.2,False,False,,general,
Michigan,Michigan 15,Greg Stempfle,Libertarian,1.2,False,False,,general,
Michigan,Michigan 15,James Wagner,US Taxpayers,1.0,False,False,,general,
Michigan,Michigan 2,Pete Hoekstra,Republican,62.4,True,True,,general,https://en.wikipedia.org/wiki/Pete_Hoekstra
Michigan,Michigan 2,Fred Johnson,Democratic,34.8,False,False,,general,
Michigan,Michigan 2,Dan Johnson,Libertarian,1.6,False,False,,general,
Michigan,Michigan 2,Ronald Graeser,US Taxpayers,1.2,False,False,,general,
Michigan,Michigan 3,Vern Ehlers,Republican,61.1,True,True,,general,https://en.wikipedia.org/wiki/Vern_Ehlers
Michigan,Michigan 3,Henry Sanchez,Democratic,35.4,False,False,,general,
Michigan,Michigan 3,Erwin Haas,Libertarian,3.4,False,False,,general,
Michigan,Michigan 4,David Lee Camp,Republican,61.9,True,True,,general,https://en.wikipedia.org/wiki/David_Lee_Camp
Michigan,Michigan 4,Andrew Concannon,Democratic,35.7,False,False,,general,
Michigan,Michigan 4,John Emerick,US Taxpayers,1.2,False,False,,general,
Michigan,Michigan 4,Allitta Hren,Libertarian,1.1,False,False,,general,
Michigan,Michigan 5,Dale E. Kildee,Democratic,70.4,True,True,,general,https://en.wikipedia.org/wiki/Dale_E._Kildee
Michigan,Michigan 5,Matt Sawicki,Republican,27.0,False,False,,general,
Michigan,Michigan 5,Leonard Schwartz,Libertarian,1.4,False,False,,general,
Michigan,Michigan 5,Ken Mathenia,Green,1.3,False,False,,general,
Michigan,Michigan 6,Fred Upton,Republican,58.9,True,True,,general,https://en.wikipedia.org/wiki/Fred_Upton
Michigan,Michigan 6,Don Cooney,Democratic,38.6,False,False,,general,https://en.wikipedia.org/wiki/Don_Cooney
Michigan,Michigan 6,Greg Merle,Libertarian,1.5,False,False,,general,
Michigan,Michigan 6,Edward Pinkney,Green,1.1,False,False,,general,
Michigan,Michigan 7,Mark Schauer,Democratic,48.8,False,True,,general,https://en.wikipedia.org/wiki/Mark_Schauer
Michigan,Michigan 7,Tim Walberg,Republican,46.5,True,False,,general,https://en.wikipedia.org/wiki/Tim_Walberg
Michigan,Michigan 7,Lynn Meadows,Green,3.0,False,False,,general,
Michigan,Michigan 7,Ken Proctor,Libertarian,1.8,False,False,,general,
Michigan,Michigan 8,Mike Rogers,Republican,56.5,True,True,,general,https://en.wikipedia.org/wiki/Mike_Rogers_(Michigan_politician)
Michigan,Michigan 8,Robert D. Alexander,Democratic,40.2,False,False,,general,
Michigan,Michigan 8,Will Tyler White,Libertarian,1.2,False,False,,general,
Michigan,Michigan 8,Aaron Stuttman,Green,1.1,False,False,,general,
Michigan,Michigan 8,George Zimmer,US Taxpayers,1.0,False,False,,general,
Michigan,Michigan 9,Gary Peters,Democratic,52.1,False,True,,general,https://en.wikipedia.org/wiki/Gary_Peters
Michigan,Michigan 9,Joe Knollenberg,Republican,42.6,True,False,,general,https://en.wikipedia.org/wiki/Joe_Knollenberg
Michigan,Michigan 9,Jack Kevorkian,Independent,2.6,False,False,,general,https://en.wikipedia.org/wiki/Jack_Kevorkian
Michigan,Michigan 9,Adam Goodman,Libertarian,1.4,False,False,,general,
Michigan,Michigan 9,Doug Campbell,Green,1.4,False,False,,general,
Minnesota,Minnesota 1,Tim Walz,DFL,62.5,True,True,,general,https://en.wikipedia.org/wiki/Tim_Walz
Minnesota,Minnesota 1,Brian Davis,Republican,32.9,False,False,,general,
Minnesota,Minnesota 1,Gregory Mikkelson,Independence,4.5,False,False,,general,
Minnesota,Minnesota 2,John Kline,Republican,57.3,True,True,,general,https://en.wikipedia.org/wiki/John_Kline_(politician)
Minnesota,Minnesota 2,Steve Sarvi,DFL,42.6,False,False,,general,https://en.wikipedia.org/wiki/Steve_Sarvi
Minnesota,Minnesota 3,Erik Paulsen,Republican,48.5,False,True,,general,https://en.wikipedia.org/wiki/Erik_Paulsen
Minnesota,Minnesota 3,Ashwin Madia,DFL,40.9,False,False,,general,
Minnesota,Minnesota 3,David Dillon,Independence,10.6,False,False,,general,
Minnesota,Minnesota 4,Betty McCollum,DFL,68.4,True,True,,general,https://en.wikipedia.org/wiki/Betty_McCollum
Minnesota,Minnesota 4,Ed Matthews,Republican,31.3,False,False,,general,
Minnesota,Minnesota 5,Keith Ellison,DFL,70.9,True,True,,general,https://en.wikipedia.org/wiki/Keith_Ellison
Minnesota,Minnesota 5,Barb Davis White,Republican,22.0,False,False,,general,https://en.wikipedia.org/wiki/Barb_Davis_White
Minnesota,Minnesota 5,Bill McGaughey,Independence,6.9,False,False,,general,
Minnesota,Minnesota 6,Michele Bachmann,Republican,46.4,True,True,,general,https://en.wikipedia.org/wiki/Michele_Bachmann
Minnesota,Minnesota 6,Elwyn Tinklenberg,DFL,43.4,False,False,,general,https://en.wikipedia.org/wiki/Elwyn_Tinklenberg
Minnesota,Minnesota 6,Bob Anderson,Independence,10.0,False,False,,general,
Minnesota,Minnesota 7,Collin Peterson,DFL,72.2,True,True,,general,https://en.wikipedia.org/wiki/Collin_Peterson
Minnesota,Minnesota 7,Glen Menze,Republican,27.7,False,False,,general,
Minnesota,Minnesota 8,Jim Oberstar,DFL,67.7,True,True,,general,https://en.wikipedia.org/wiki/Jim_Oberstar
Minnesota,Minnesota 8,Michael Cummins,Republican,32.2,False,False,,general,
Mississippi,Mississippi 1,Travis Childers,Democratic,54.5,True,True,,general,https://en.wikipedia.org/wiki/Travis_Childers
Mississippi,Mississippi 1,Greg Davis,Republican,43.9,False,False,,general,https://en.wikipedia.org/wiki/Greg_Davis_(Mississippi_politician)
Mississippi,Mississippi 1,Wally Pang,Independent,1.1,False,False,,general,
Mississippi,Mississippi 1,John Wages Jr.,Green,0.6,False,False,,general,
Mississippi,Mississippi 1,Travis Childers,Democratic,53.78,False,True,,special,https://en.wikipedia.org/wiki/Travis_Childers
Mississippi,Mississippi 1,Greg Davis,Republican,46.22,False,False,,special,https://en.wikipedia.org/wiki/Greg_Davis_(Mississippi_politician)
Mississippi,Mississippi 2,Bennie Thompson,Democratic,69.1,True,True,,general,https://en.wikipedia.org/wiki/Bennie_Thompson
Mississippi,Mississippi 2,Richard Cook,Republican,30.9,False,False,,general,
Mississippi,Mississippi 3,Gregg Harper,Republican,62.5,False,True,,general,https://en.wikipedia.org/wiki/Gregg_Harper
Mississippi,Mississippi 3,Joel Gill,Democratic,37.5,False,False,,general,https://en.wikipedia.org/wiki/Joel_Gill
Mississippi,Mississippi 4,Gene Taylor,Democratic,74.5,True,True,,general,https://en.wikipedia.org/wiki/Gene_Taylor_(Mississippi_politician)
Mississippi,Mississippi 4,John McCay,Republican,25.5,False,False,,general,
Missouri,Missouri 1,Lacy Clay,Democratic,86.9,True,True,,general,https://en.wikipedia.org/wiki/Lacy_Clay
Missouri,Missouri 1,Robb Cunningham,Libertarian,13.1,False,False,,general,https://en.wikipedia.org/wiki/Robb_Cunningham
Missouri,Missouri 2,Todd Akin,Republican,62.3,True,True,,general,https://en.wikipedia.org/wiki/Todd_Akin
Missouri,Missouri 2,Bill Haas,Democratic,35.4,False,False,,general,
Missouri,Missouri 2,Thomas Knapp,Libertarian,2.3,False,False,,general,
Missouri,Missouri 3,Russ Carnahan,Democratic,66.4,True,True,,general,https://en.wikipedia.org/wiki/Russ_Carnahan
Missouri,Missouri 3,Chris Sander,Republican,30.4,False,False,,general,
Missouri,Missouri 3,Kevin Babcock,Libertarian,1.8,False,False,,general,
Missouri,Missouri 3,Cindy Redburn,Constitution,1.4,False,False,,general,
Missouri,Missouri 4,Ike Skelton,Democratic,65.9,True,True,,general,https://en.wikipedia.org/wiki/Ike_Skelton
Missouri,Missouri 4,Jeff Parnell,Republican,34.1,False,False,,general,https://en.wikipedia.org/wiki/Jeff_Parnell
Missouri,Missouri 5,Emanuel Cleaver,Democratic,64.4,True,True,,general,https://en.wikipedia.org/wiki/Emanuel_Cleaver
Missouri,Missouri 5,Jacob Turk,Republican,35.6,False,False,,general,https://en.wikipedia.org/wiki/Jacob_Turk
Missouri,Missouri 6,Sam Graves,Republican,59.4,True,True,,general,https://en.wikipedia.org/wiki/Sam_Graves
Missouri,Missouri 6,Kay Barnes,Democratic,36.9,False,False,,general,https://en.wikipedia.org/wiki/Kay_Barnes
Missouri,Missouri 6,Dave Browning,Libertarian,3.7,False,False,,general,
Missouri,Missouri 7,Roy Blunt,Republican,67.8,True,True,,general,https://en.wikipedia.org/wiki/Roy_Blunt
Missouri,Missouri 7,Richard Monroe,Democratic,28.1,False,False,,general,
Missouri,Missouri 7,Kevin Craig,Libertarian,2.2,False,False,,general,https://en.wikipedia.org/wiki/Kevin_Craig
Missouri,Missouri 7,Travis Maddox,Constitution,1.9,False,False,,general,
Missouri,Missouri 8,Jo Ann Emerson,Republican,71.4,True,True,,general,https://en.wikipedia.org/wiki/Jo_Ann_Emerson
Missouri,Missouri 8,Joe Allen,Democratic,26.2,False,False,,general,
Missouri,Missouri 8,Branden McCullough,Libertarian,1.6,False,False,,general,
Missouri,Missouri 8,Richard Smith,Constitution,0.8,False,False,,general,
Missouri,Missouri 9,Blaine Luetkemeyer,Republican,50.0,False,True,,general,https://en.wikipedia.org/wiki/Blaine_Luetkemeyer
Missouri,Missouri 9,Judy Baker,Democratic,47.5,False,False,,general,https://en.wikipedia.org/wiki/Judy_Baker
Missouri,Missouri 9,Tamara Millay,Libertarian,2.5,False,False,,general,https://en.wikipedia.org/wiki/Tamara_Millay
Montana,Montana at-large,Denny Rehberg,Republican,64.2,True,True,,general,https://en.wikipedia.org/wiki/Denny_Rehberg
Montana,Montana at-large,John Driscoll,Democratic,32.4,False,False,,general,
Montana,Montana at-large,Mike Fellows,Libertarian,3.4,False,False,,general,https://en.wikipedia.org/wiki/Mike_Fellows_(politician)
Nebraska,Nebraska 1,Jeff Fortenberry,Republican,70.4,True,True,,general,https://en.wikipedia.org/wiki/Jeff_Fortenberry
Nebraska,Nebraska 1,Max Yashirin,Democratic,29.6,False,False,,general,https://en.wikipedia.org/wiki/Max_Yashirin
Nebraska,Nebraska 2,Lee Terry,Republican,51.9,True,True,,general,https://en.wikipedia.org/wiki/Lee_Terry
Nebraska,Nebraska 2,Jim Esch,Democratic,48.1,False,False,,general,
Nebraska,Nebraska 3,Adrian Smith,Republican,76.9,True,True,,general,https://en.wikipedia.org/wiki/Adrian_Smith_(politician)
Nebraska,Nebraska 3,Jay Stoddard,Democratic,23.1,False,False,,general,
Nevada,Nevada 1,Shelley Berkley,Democratic,67.6,True,True,,general,https://en.wikipedia.org/wiki/Shelley_Berkley
Nevada,Nevada 1,Kenneth Wegner,Republican,28.4,False,False,,general,
Nevada,Nevada 1,Caren Alexander,Independent American,2.0,False,False,,general,
Nevada,Nevada 1,Raymond Duensing,Libertarian,2.0,False,False,,general,
Nevada,Nevada 2,Dean Heller,Republican,51.8,True,True,,general,https://en.wikipedia.org/wiki/Dean_Heller
Nevada,Nevada 2,Jill Derby,Democratic,41.4,False,False,,general,https://en.wikipedia.org/wiki/Jill_Derby
Nevada,Nevada 2,John Everhart,Independent American,3.4,False,False,,general,
Nevada,Nevada 2,Sean Patrick Morse,Libertarian,1.7,False,False,,general,
Nevada,Nevada 2,Craig Bergland,Green,1.6,False,False,,general,
Nevada,Nevada 3,Dina Titus,Democratic,47.4,False,True,,general,https://en.wikipedia.org/wiki/Dina_Titus
Nevada,Nevada 3,Jon Porter,Republican,42.3,True,False,,general,https://en.wikipedia.org/wiki/Jon_Porter
Nevada,Nevada 3,Jeffrey Reeves,Independent,4.3,False,False,,general,
Nevada,Nevada 3,Joseph Silvestri,Libertarian,2.9,False,False,,general,
Nevada,Nevada 3,Floyd Fitzgibbons,Independent American,2.0,False,False,,general,
Nevada,Nevada 3,Bob Gianquinta,Green,1.1,False,False,,general,
New Hampshire,New Hampshire 1,Carol Shea-Porter,Democratic,51.7,True,True,,general,https://en.wikipedia.org/wiki/Carol_Shea-Porter
New Hampshire,New Hampshire 1,Jeb Bradley,Republican,45.8,False,False,,general,https://en.wikipedia.org/wiki/Jeb_Bradley
New Hampshire,New Hampshire 1,Robert Kingsbury,Libertarian,2.4,False,False,,general,
New Hampshire,New Hampshire 2,Paul Hodes,Democratic,56.4,True,True,,general,https://en.wikipedia.org/wiki/Paul_Hodes
New Hampshire,New Hampshire 2,Jennifer Horn,Republican,41.4,False,False,,general,https://en.wikipedia.org/wiki/Jennifer_Horn
New Hampshire,New Hampshire 2,Chester Lapointe II,Libertarian,2.1,False,False,,general,
New Jersey,New Jersey 1,Rob Andrews,Democratic,72.4,True,True,,general,https://en.wikipedia.org/wiki/Rob_Andrews
New Jersey,New Jersey 1,Dale Glading,Republican,26.0,False,False,,general,
New Jersey,New Jersey 1,Matthew Thieke,Green,0.7,False,False,,general,
New Jersey,New Jersey 1,Margaret Chapman,Independent,0.4,False,False,,general,
New Jersey,New Jersey 1,Everitt Williams,Independent,0.3,False,False,,general,
New Jersey,New Jersey 1,Alvin Lindsay,Independent,0.2,False,False,,general,
New Jersey,New Jersey 10,Donald M. Payne,Democratic,98.9,True,True,,general,https://en.wikipedia.org/wiki/Donald_M._Payne
New Jersey,New Jersey 10,Michael Taber,Socialist Workers,1.1,False,False,,general,
New Jersey,New Jersey 11,Rodney Frelinghuysen,Republican,61.8,True,True,,general,https://en.wikipedia.org/wiki/Rodney_Frelinghuysen
New Jersey,New Jersey 11,Tom Wyka,Democratic,37.0,False,False,,general,
New Jersey,New Jersey 11,Chandler Tedholm,Independent,1.2,False,False,,general,
New Jersey,New Jersey 12,Rush Holt Jr.,Democratic,63.1,True,True,,general,https://en.wikipedia.org/wiki/Rush_Holt_Jr.
New Jersey,New Jersey 12,Alan Bateman,Republican,35.3,False,False,,general,https://en.wikipedia.org/wiki/Alan_Bateman
New Jersey,New Jersey 12,David Corsi,Independent,1.6,False,False,,general,
New Jersey,New Jersey 13,Albio Sires,Democratic,75.4,True,True,,general,https://en.wikipedia.org/wiki/Albio_Sires
New Jersey,New Jersey 13,Joseph Turula,Republican,21.7,False,False,,general,
New Jersey,New Jersey 13,Julio Fernandez,Independent,2.3,False,False,,general,
New Jersey,New Jersey 13,Louis Vernotico,Independent,0.6,False,False,,general,
New Jersey,New Jersey 2,Frank LoBiondo,Republican,59.1,True,True,,general,https://en.wikipedia.org/wiki/Frank_LoBiondo
New Jersey,New Jersey 2,David Kurkowski,Democratic,39.1,False,False,,general,
New Jersey,New Jersey 2,Jason Grover,Green,0.6,False,False,,general,
New Jersey,New Jersey 2,Peter Boyce,Constitution,0.5,False,False,,general,
New Jersey,New Jersey 2,Gary Stein,Independent,0.5,False,False,,general,
New Jersey,New Jersey 2,Constantino Rozzo,Socialist,0.2,False,False,,general,
New Jersey,New Jersey 3,John Adler,Democratic,52.1,False,True,,general,https://en.wikipedia.org/wiki/John_Adler
New Jersey,New Jersey 3,Chris Myers,Republican,47.9,False,False,,general,https://en.wikipedia.org/wiki/Chris_Myers_(New_Jersey_politician)
New Jersey,New Jersey 4,Chris Smith,Republican,66.2,True,True,,general,https://en.wikipedia.org/wiki/Chris_Smith_(New_Jersey_politician)
New Jersey,New Jersey 4,Joshua Zeitz,Democratic,32.6,False,False,,general,https://en.wikipedia.org/wiki/Joshua_Zeitz
New Jersey,New Jersey 4,Steven Welzer,Green,1.2,False,False,,general,
New Jersey,New Jersey 5,Scott Garrett,Republican,55.9,True,True,,general,https://en.wikipedia.org/wiki/Scott_Garrett
New Jersey,New Jersey 5,Dennis Shulman,Democratic,42.4,False,False,,general,https://en.wikipedia.org/wiki/Dennis_Shulman
New Jersey,New Jersey 5,Ed Fanning,Green,1.7,False,False,,general,
New Jersey,New Jersey 6,Frank Pallone,Democratic,66.9,True,True,,general,https://en.wikipedia.org/wiki/Frank_Pallone
New Jersey,New Jersey 6,Robert McLeod,Republican,31.6,False,False,,general,
New Jersey,New Jersey 6,Herbert Tarbous,Independent,1.4,False,False,,general,
New Jersey,New Jersey 7,Leonard Lance,Republican,50.2,False,True,,general,https://en.wikipedia.org/wiki/Leonard_Lance
New Jersey,New Jersey 7,Linda Stender,Democratic,42.2,False,False,,general,https://en.wikipedia.org/wiki/Linda_Stender
New Jersey,New Jersey 7,Michael Hsing,Independent,5.6,False,False,,general,
New Jersey,New Jersey 7,Dean Greco,Independent,1.1,False,False,,general,
New Jersey,New Jersey 7,Thomas Abrams,Independent,0.9,False,False,,general,
New Jersey,New Jersey 8,Bill Pascrell,Democratic,71.1,True,True,,general,https://en.wikipedia.org/wiki/Bill_Pascrell
New Jersey,New Jersey 8,Rollie Straten,Republican,28.2,False,False,,general,
New Jersey,New Jersey 8,Derek DeMarco,Libertarian,0.7,False,False,,general,
New Jersey,New Jersey 9,Steve Rothman,Democratic,69.5,True,True,,general,https://en.wikipedia.org/wiki/Steve_Rothman
New Jersey,New Jersey 9,Vince Micco,Republican,31.0,False,False,,general,
New Jersey,New Jersey 9,Michael Perrone,Independent,0.5,False,False,,general,
New Mexico,New Mexico 1,Martin Heinrich,Democratic,55.7,False,True,,general,https://en.wikipedia.org/wiki/Martin_Heinrich
New Mexico,New Mexico 1,Darren White,Republican,44.3,False,False,,general,https://en.wikipedia.org/wiki/Darren_White_(politician)
New Mexico,New Mexico 2,Harry Teague,Democratic,56.0,False,True,,general,https://en.wikipedia.org/wiki/Harry_Teague
New Mexico,New Mexico 2,Edward Tinsley,Republican,44.0,False,False,,general,
New Mexico,New Mexico 3,Ben Ray Lujan,Democratic,56.7,False,True,,general,https://en.wikipedia.org/wiki/Ben_Ray_Lujan
New Mexico,New Mexico 3,Daniel East,Republican,30.5,False,False,,general,
New Mexico,New Mexico 3,Carol Miller,Independent,12.8,False,False,,general,
New York,New York 1,Tim Bishop,Democratic,58.4,True,True,,general,https://en.wikipedia.org/wiki/Tim_Bishop
New York,New York 1,Lee Zeldin,Republican,41.6,False,False,,general,https://en.wikipedia.org/wiki/Lee_Zeldin
New York,New York 10,Edolphus Towns,Democratic,94.2,True,True,,general,https://en.wikipedia.org/wiki/Edolphus_Towns
New York,New York 10,Salvatore Grupico,Republican,5.8,False,False,,general,
New York,New York 11,Yvette Clarke,Democratic,92.8,True,True,,general,https://en.wikipedia.org/wiki/Yvette_Clarke
New York,New York 11,Hugh Carr,Republican,6.4,False,False,,general,
New York,New York 11,Cartrell Gore,Conservative,0.8,False,False,,general,
New York,New York 12,Nydia Velázquez,Democratic,90.0,True,True,,general,https://en.wikipedia.org/wiki/Nydia_Vel%C3%A1zquez
New York,New York 12,Allan Romaguera,Republican,10.0,False,False,,general,
New York,New York 13,Michael McMahon,Democratic,60.9,False,True,,general,https://en.wikipedia.org/wiki/Michael_McMahon
New York,New York 13,Robert Straniere,Republican,33.3,False,False,,general,https://en.wikipedia.org/wiki/Robert_Straniere
New York,New York 13,Timothy Cochrane,Conservative,3.1,False,False,,general,
New York,New York 13,Carmine Morano,Independence,2.7,False,False,,general,
New York,New York 14,Carolyn Maloney,Democratic,79.8,True,True,,general,https://en.wikipedia.org/wiki/Carolyn_Maloney
New York,New York 14,Robert Heim,Republican,19.0,False,False,,general,
New York,New York 14,Isaiah Matos,Libertarian,1.2,False,False,,general,
New York,New York 15,Charles Rangel,Democratic,89.2,True,True,,general,https://en.wikipedia.org/wiki/Charles_Rangel
New York,New York 15,Edward Daniels,Republican,7.9,False,False,,general,https://en.wikipedia.org/wiki/Edward_Daniels
New York,New York 15,Craig Schley,Independent,1.9,False,False,,general,https://en.wikipedia.org/wiki/Craig_Schley
New York,New York 15,Martin Koppel,Socialist Workers,1.1,False,False,,general,https://en.wikipedia.org/wiki/Martin_Koppel
New York,New York 16,José E. Serrano,Democratic,96.6,True,True,,general,https://en.wikipedia.org/wiki/Jos%C3%A9_E._Serrano
New York,New York 16,Ali Mohamed,Republican,3.4,False,False,,general,
New York,New York 17,Eliot Engel,Democratic,79.9,True,True,,general,https://en.wikipedia.org/wiki/Eliot_Engel
New York,New York 17,Robert Goodman,Republican,20.1,False,False,,general,https://en.wikipedia.org/wiki/Robert_Goodman
New York,New York 18,Nita Lowey,Democratic,68.5,True,True,,general,https://en.wikipedia.org/wiki/Nita_Lowey
New York,New York 18,James Russell,Republican,31.5,False,False,,general,
New York,New York 19,John J. Hall,Democratic,58.7,True,True,,general,https://en.wikipedia.org/wiki/John_Hall_(New_York_politician)
New York,New York 19,Kieran Michael Lalor,Republican,41.3,False,False,,general,https://en.wikipedia.org/wiki/Kieran_Michael_Lalor
New York,New York 2,Steve Israel,Democratic,66.9,True,True,,general,https://en.wikipedia.org/wiki/Steve_Israel
New York,New York 2,Frank Stalzer,Republican,33.1,False,False,,general,
New York,New York 20,Kirsten Gillibrand,Democratic,62.1,True,True,,general,https://en.wikipedia.org/wiki/Kirsten_Gillibrand
New York,New York 20,Sandy Treadwell,Republican,37.9,False,False,,general,https://en.wikipedia.org/wiki/Sandy_Treadwell
New York,New York 21,Paul Tonko,Democratic,62.1,False,True,,general,https://en.wikipedia.org/wiki/Paul_Tonko
New York,New York 21,James Buhrmaster,Republican,35.0,False,False,,general,
New York,New York 21,Phillip Steck,Independence,2.9,False,False,,general,
New York,New York 22,Maurice Hinchey,Democratic,66.3,True,True,,general,https://en.wikipedia.org/wiki/Maurice_Hinchey
New York,New York 22,George Phillips,Republican,33.7,False,False,,general,
New York,New York 23,John M. McHugh,Republican,65.3,True,True,,general,https://en.wikipedia.org/wiki/John_M._McHugh
New York,New York 23,Michael Oot,Democratic,34.7,False,False,,general,
New York,New York 24,Mike Arcuri,Democratic,52.0,True,True,,general,https://en.wikipedia.org/wiki/Mike_Arcuri
New York,New York 24,Richard L. Hanna,Republican,48.0,False,False,,general,https://en.wikipedia.org/wiki/Richard_L._Hanna
New York,New York 25,Dan Maffei,Democratic,54.8,False,True,,general,https://en.wikipedia.org/wiki/Dan_Maffei
New York,New York 25,Dale Sweetland,Republican,41.9,False,False,,general,https://en.wikipedia.org/wiki/Dale_Sweetland
New York,New York 25,Howie Hawkins,Green,3.3,False,False,,general,https://en.wikipedia.org/wiki/Howie_Hawkins
New York,New York 26,Chris Lee,Republican,55.0,False,True,,general,https://en.wikipedia.org/wiki/Chris_Lee_(New_York_politician)
New York,New York 26,Alice Kryzan,Democratic,40.5,False,False,,general,https://en.wikipedia.org/wiki/Alice_Kryzan
New York,New York 26,Jonathan Powers,Working Families,4.5,False,False,,general,https://en.wikipedia.org/wiki/Jonathan_Powers
New York,New York 27,Brian Higgins,Democratic,74.4,True,True,,general,https://en.wikipedia.org/wiki/Brian_Higgins
New York,New York 27,Daniel Humiston,Republican,22.6,False,False,,general,
New York,New York 27,Harold Schroeder,Conservative,3.0,False,False,,general,
New York,New York 28,Louise Slaughter,Democratic,78.0,True,True,,general,https://en.wikipedia.org/wiki/Louise_Slaughter
New York,New York 28,David Crimmen,Republican,22.0,False,False,,general,
New York,New York 29,Eric Massa,Democratic,51.0,False,True,,general,https://en.wikipedia.org/wiki/Eric_Massa
New York,New York 29,Randy Kuhl,Republican,49.0,True,False,,general,https://en.wikipedia.org/wiki/Randy_Kuhl
New York,New York 3,Peter T. King,Republican,63.9,True,True,,general,https://en.wikipedia.org/wiki/Peter_T._King
New York,New York 3,Graham Long,Democratic,36.1,False,False,,general,
New York,New York 4,Carolyn McCarthy,Democratic,64.0,True,True,,general,https://en.wikipedia.org/wiki/Carolyn_McCarthy
New York,New York 4,Jack Martins,Republican,36.0,False,False,,general,https://en.wikipedia.org/wiki/Jack_Martins
New York,New York 5,Gary Ackerman,Democratic,70.7,True,True,,general,https://en.wikipedia.org/wiki/Gary_Ackerman
New York,New York 5,Elizabeth Berney,Republican,27.4,False,False,,general,
New York,New York 5,Jun Policarpio,Conservative,1.9,False,False,,general,
New York,New York 6,Gregory Meeks,Democratic,,True,True,,general,https://en.wikipedia.org/wiki/Gregory_Meeks
New York,New York 7,Joe Crowley,Democratic,84.7,True,True,,general,https://en.wikipedia.org/wiki/Joe_Crowley
New York,New York 7,William Britt,Republican,15.3,False,False,,general,
New York,New York 8,Jerry Nadler,Democratic,80.5,True,True,,general,https://en.wikipedia.org/wiki/Jerry_Nadler
New York,New York 8,Grace Lin,Republican,19.5,False,False,,general,
New York,New York 9,Anthony Weiner,Democratic,93.3,True,True,,general,https://en.wikipedia.org/wiki/Anthony_Weiner
New York,New York 9,Alfred F. Donohue Jr.,Conservative,6.7,False,False,,general,
North Carolina,North Carolina 1,G. K. Butterfield,Democratic,70.3,True,True,,general,https://en.wikipedia.org/wiki/G._K._Butterfield
North Carolina,North Carolina 1,Dean Stephens,Republican,29.7,False,False,,general,
North Carolina,North Carolina 10,Patrick McHenry,Republican,57.6,True,True,,general,https://en.wikipedia.org/wiki/Patrick_McHenry
North Carolina,North Carolina 10,Daniel Johnson,Democratic,42.4,False,False,,general,https://en.wikipedia.org/wiki/Daniel_Johnson_(naval_officer)
North Carolina,North Carolina 11,Heath Shuler,Democratic,62.0,True,True,,general,https://en.wikipedia.org/wiki/Heath_Shuler
North Carolina,North Carolina 11,Carl Mumpower,Republican,35.8,False,False,,general,
North Carolina,North Carolina 11,Keith Smith,Libertarian,2.2,False,False,,general,
North Carolina,North Carolina 12,Mel Watt,Democratic,71.6,True,True,,general,https://en.wikipedia.org/wiki/Mel_Watt
North Carolina,North Carolina 12,Ty Cobb,Republican,28.4,False,False,,general,https://en.wikipedia.org/wiki/Ty_Cobb
North Carolina,North Carolina 13,Brad Miller,Democratic,65.9,True,True,,general,https://en.wikipedia.org/wiki/Brad_Miller_(politician)
North Carolina,North Carolina 13,Hugh Webster,Republican,34.1,False,False,,general,https://en.wikipedia.org/wiki/Hugh_Webster_(politician)
North Carolina,North Carolina 2,Bob Etheridge,Democratic,66.9,True,True,,general,https://en.wikipedia.org/wiki/Bob_Etheridge
North Carolina,North Carolina 2,Dan Mansell,Republican,31.3,False,False,,general,
North Carolina,North Carolina 2,Will Adkins,Libertarian,1.8,False,False,,general,
North Carolina,North Carolina 3,Walter B. Jones Jr.,Republican,65.9,True,True,,general,https://en.wikipedia.org/wiki/Walter_B._Jones_Jr.
North Carolina,North Carolina 3,Craig Weber,Democratic,34.1,False,False,,general,https://en.wikipedia.org/wiki/Craig_Weber
North Carolina,North Carolina 4,David Price,Democratic,63.3,True,True,,general,https://en.wikipedia.org/wiki/David_Price_(American_politician)
North Carolina,North Carolina 4,B.J. Lawson,Republican,36.7,False,False,,general,https://en.wikipedia.org/wiki/B.J._Lawson
North Carolina,North Carolina 5,Virginia Foxx,Republican,58.4,True,True,,general,https://en.wikipedia.org/wiki/Virginia_Foxx
North Carolina,North Carolina 5,Roy Carter,Democratic,41.6,False,False,,general,
North Carolina,North Carolina 6,Howard Coble,Republican,67.0,True,True,,general,https://en.wikipedia.org/wiki/Howard_Coble
North Carolina,North Carolina 6,Teresa Sue Bratton,Democratic,33.0,False,False,,general,
North Carolina,North Carolina 7,Mike McIntyre,Democratic,68.8,True,True,,general,https://en.wikipedia.org/wiki/Mike_McIntyre
North Carolina,North Carolina 7,Will Breazeale,Republican,31.2,False,False,,general,https://en.wikipedia.org/wiki/Will_Breazeale
North Carolina,North Carolina 8,Larry Kissell,Democratic,55.4,False,True,,general,https://en.wikipedia.org/wiki/Larry_Kissell
North Carolina,North Carolina 8,Robin Hayes,Republican,44.6,True,False,,general,https://en.wikipedia.org/wiki/Robin_Hayes_(politician)
North Carolina,North Carolina 9,Sue Myrick,Republican,62.4,True,True,,general,https://en.wikipedia.org/wiki/Sue_Myrick
North Carolina,North Carolina 9,Harry Taylor,Democratic,35.9,False,False,,general,https://en.wikipedia.org/wiki/Harry_Taylor_(activist)
North Carolina,North Carolina 9,Andy Grum,Libertarian,1.7,False,False,,general,
North Dakota,North Dakota at-large,Earl Pomeroy,Democratic–NPL,62.0,True,True,,general,https://en.wikipedia.org/wiki/Earl_Pomeroy
North Dakota,North Dakota at-large,Duane Sand,Republican,38.0,False,False,,general,https://en.wikipedia.org/wiki/Duane_Sand
Ohio,Ohio 1,Steve Driehaus,Democratic,52.4,False,True,,general,https://en.wikipedia.org/wiki/Steve_Driehaus
Ohio,Ohio 1,Steve Chabot,Republican,47.5,True,False,,general,https://en.wikipedia.org/wiki/Steve_Chabot
Ohio,Ohio 10,Dennis Kucinich,Democratic,57.0,True,True,,general,https://en.wikipedia.org/wiki/Dennis_Kucinich
Ohio,Ohio 10,Jim Trakas,Republican,39.1,False,False,,general,https://en.wikipedia.org/wiki/Jim_Trakas
Ohio,Ohio 10,Paul Conroy,Libertarian,3.9,False,False,,general,
Ohio,Ohio 11,Marcia Fudge,Democratic,85.2,False,True,,general,https://en.wikipedia.org/wiki/Marcia_Fudge
Ohio,Ohio 11,Thomas Pekarek,Republican,14.7,False,False,,general,
Ohio,Ohio 11,Marcia Fudge,Democratic,97.19,False,True,,special,https://en.wikipedia.org/wiki/Marcia_Fudge
Ohio,Ohio 12,Pat Tiberi,Republican,54.8,True,True,,general,https://en.wikipedia.org/wiki/Pat_Tiberi
Ohio,Ohio 12,David Robinson,Democratic,42.2,False,False,,general,
Ohio,Ohio 12,Steven Linnabary,Libertarian,3.0,False,False,,general,
Ohio,Ohio 13,Betty Sutton,Democratic,64.5,True,True,,general,https://en.wikipedia.org/wiki/Betty_Sutton
Ohio,Ohio 13,David Potter,Republican,35.4,False,False,,general,
Ohio,Ohio 14,Steve LaTourette,Republican,58.3,True,True,,general,https://en.wikipedia.org/wiki/Steve_LaTourette
Ohio,Ohio 14,William O'Neill,Democratic,38.7,False,False,,general,https://en.wikipedia.org/wiki/William_O%27Neill_(Ohio_jurist)
Ohio,Ohio 14,David Macko,Libertarian,2.9,False,False,,general,https://en.wikipedia.org/wiki/David_Macko
Ohio,Ohio 15,Mary Jo Kilroy,Democratic,45.9,False,True,,general,https://en.wikipedia.org/wiki/Mary_Jo_Kilroy
Ohio,Ohio 15,Steve Stivers,Republican,45.2,False,False,,general,https://en.wikipedia.org/wiki/Steve_Stivers
Ohio,Ohio 15,Mark Michael Noble,Libertarian,4.6,False,False,,general,
Ohio,Ohio 15,Don Elijah Eckhart,Independent,4.3,False,False,,general,https://en.wikipedia.org/wiki/Don_Elijah_Eckhart
Ohio,Ohio 16,John Boccieri,Democratic,55.4,False,True,,general,https://en.wikipedia.org/wiki/John_Boccieri
Ohio,Ohio 16,Kirk Schuring,Republican,44.6,False,False,,general,https://en.wikipedia.org/wiki/Kirk_Schuring
Ohio,Ohio 17,Tim Ryan,Democratic,78.2,True,True,,general,https://en.wikipedia.org/wiki/Tim_Ryan_(Ohio_politician)
Ohio,Ohio 17,Duane Grassell,Republican,21.8,False,False,,general,
Ohio,Ohio 18,Zack Space,Democratic,59.9,True,True,,general,https://en.wikipedia.org/wiki/Zack_Space
Ohio,Ohio 18,Fred Dailey,Republican,40.1,False,False,,general,https://en.wikipedia.org/wiki/Fred_Dailey
Ohio,Ohio 2,Jean Schmidt,Republican,44.8,True,True,,general,https://en.wikipedia.org/wiki/Jean_Schmidt
Ohio,Ohio 2,Victoria Wulsin,Democratic,37.5,False,False,,general,https://en.wikipedia.org/wiki/Victoria_Wulsin
Ohio,Ohio 2,David Krikorian,Independent,17.7,False,False,,general,https://en.wikipedia.org/wiki/David_Krikorian
Ohio,Ohio 3,Mike Turner,Republican,63.3,True,True,,general,https://en.wikipedia.org/wiki/Mike_Turner
Ohio,Ohio 3,Jane Mitakides,Democratic,36.7,False,False,,general,https://en.wikipedia.org/wiki/Jane_Mitakides
Ohio,Ohio 4,Jim Jordan,Republican,65.2,True,True,,general,https://en.wikipedia.org/wiki/Jim_Jordan
Ohio,Ohio 4,Mike Carroll,Democratic,34.8,False,False,,general,
Ohio,Ohio 5,Bob Latta,Republican,64.1,True,True,,general,https://en.wikipedia.org/wiki/Bob_Latta
Ohio,Ohio 5,George Mays,Democratic,35.9,False,False,,general,
Ohio,Ohio 6,Charlie Wilson,Democratic,62.3,True,True,,general,https://en.wikipedia.org/wiki/Charlie_Wilson_(Ohio_politician)
Ohio,Ohio 6,Dick Stobbs,Republican,32.8,False,False,,general,
Ohio,Ohio 6,Dennis Spisak,Green,4.9,False,False,,general,https://en.wikipedia.org/wiki/Dennis_Spisak
Ohio,Ohio 7,Steve Austria,Republican,58.2,False,True,,general,https://en.wikipedia.org/wiki/Steve_Austria
Ohio,Ohio 7,Sharen Neuhardt,Democratic,41.8,False,False,,general,https://en.wikipedia.org/wiki/Sharen_Neuhardt
Ohio,Ohio 8,John Boehner,Republican,67.9,True,True,,general,https://en.wikipedia.org/wiki/John_Boehner
Ohio,Ohio 8,Nick von Stein,Democratic,32.1,False,False,,general,
Ohio,Ohio 9,Marcy Kaptur,Democratic,74.4,True,True,,general,https://en.wikipedia.org/wiki/Marcy_Kaptur
Ohio,Ohio 9,Bradley Leavitt,Republican,25.6,False,False,,general,
Oklahoma,Oklahoma 1,John Sullivan,Republican,66.2,True,True,,general,https://en.wikipedia.org/wiki/John_Sullivan_(Oklahoma_politician)
Oklahoma,Oklahoma 1,Georgianna Oliver,Democratic,33.8,False,False,,general,
Oklahoma,Oklahoma 2,Dan Boren,Democratic,70.5,True,True,,general,https://en.wikipedia.org/wiki/Dan_Boren
Oklahoma,Oklahoma 2,Raymond Wickson,Republican,29.5,False,False,,general,
Oklahoma,Oklahoma 3,Frank Lucas,Republican,69.7,True,True,,general,https://en.wikipedia.org/wiki/Frank_Lucas_(Oklahoma_politician)
Oklahoma,Oklahoma 3,Frankie Robbins,Democratic,23.6,False,False,,general,
Oklahoma,Oklahoma 3,Forrest Michael,Independent,6.7,False,False,,general,
Oklahoma,Oklahoma 4,Tom Cole,Republican,66.0,True,True,,general,https://en.wikipedia.org/wiki/Tom_Cole
Oklahoma,Oklahoma 4,Blake Cummings,Democratic,29.2,False,False,,general,
Oklahoma,Oklahoma 4,David E. Joyce,Independent,4.8,False,False,,general,
Oklahoma,Oklahoma 5,Mary Fallin,Republican,65.9,True,True,,general,https://en.wikipedia.org/wiki/Mary_Fallin
Oklahoma,Oklahoma 5,Stephen L. Perry,Democratic,34.1,False,False,,general,
Oregon,Oregon 1,David Wu,Democratic,71.5,True,True,,general,https://en.wikipedia.org/wiki/David_Wu
Oregon,Oregon 1,Joel Haugen,Independent,17.5,False,False,,general,
Oregon,Oregon 1,Scott Semrau,Constitution,4.3,False,False,,general,
Oregon,Oregon 1,H. Joe Tabor,Libertarian,3.3,False,False,,general,
Oregon,Oregon 1,Chris Henry,Pacific Green,2.1,False,False,,general,
Oregon,Oregon 2,Greg Walden,Republican,69.5,True,True,,general,https://en.wikipedia.org/wiki/Greg_Walden
Oregon,Oregon 2,Noah Lemas,Democratic,25.8,False,False,,general,https://en.wikipedia.org/wiki/Noah_Lemas
Oregon,Oregon 2,Tristin Mock,Pacific Green,2.8,False,False,,general,
Oregon,Oregon 2,Richard Hake,Constitution,1.7,False,False,,general,
Oregon,Oregon 3,Earl Blumenauer,Democratic,74.5,True,True,,general,https://en.wikipedia.org/wiki/Earl_Blumenauer
Oregon,Oregon 3,Delia Lopez,Republican,20.8,False,False,,general,
Oregon,Oregon 3,Michael Meo,Pacific Green,4.4,False,False,,general,
Oregon,Oregon 4,Peter DeFazio,Democratic,82.3,True,True,,general,https://en.wikipedia.org/wiki/Peter_DeFazio
Oregon,Oregon 4,Jaynee Germond,Constitution,12.9,False,False,,general,
Oregon,Oregon 4,Mike Beilstein,Pacific Green,3.9,False,False,,general,
Oregon,Oregon 5,Kurt Schrader,Democratic,54.3,False,True,,general,https://en.wikipedia.org/wiki/Kurt_Schrader
Oregon,Oregon 5,Mike Erickson,Republican,38.3,False,False,,general,https://en.wikipedia.org/wiki/Mike_Erickson
Oregon,Oregon 5,Sean Bates,Independent,2.0,False,False,,general,
Oregon,Oregon 5,Douglas Patterson,Constitution,2.0,False,False,,general,
Oregon,Oregon 5,Alex Polikoff,Pacific Green,1.6,False,False,,general,
Oregon,Oregon 5,Steve Milligan,Libertarian,1.4,False,False,,general,
Pennsylvania,Pennsylvania 1,Bob Brady,Democratic,90.8,True,True,,general,https://en.wikipedia.org/wiki/Bob_Brady
Pennsylvania,Pennsylvania 1,Mike Muhammad,Republican,9.2,False,False,,general,https://en.wikipedia.org/wiki/Mike_Muhammad
Pennsylvania,Pennsylvania 10,Chris Carney,Democratic,56.3,True,True,,general,https://en.wikipedia.org/wiki/Chris_Carney
Pennsylvania,Pennsylvania 10,Chris Hackett,Republican,43.7,False,False,,general,
Pennsylvania,Pennsylvania 11,Paul Kanjorski,Democratic,51.6,True,True,,general,https://en.wikipedia.org/wiki/Paul_Kanjorski
Pennsylvania,Pennsylvania 11,Lou Barletta,Republican,48.4,False,False,,general,https://en.wikipedia.org/wiki/Lou_Barletta
Pennsylvania,Pennsylvania 12,John Murtha,Democratic,57.9,True,True,,general,https://en.wikipedia.org/wiki/John_Murtha
Pennsylvania,Pennsylvania 12,William Russell,Republican,42.1,False,False,,general,
Pennsylvania,Pennsylvania 13,Allyson Schwartz,Democratic,62.8,True,True,,general,https://en.wikipedia.org/wiki/Allyson_Schwartz
Pennsylvania,Pennsylvania 13,John McDermott,Constitution,2.7,False,False,,general,
Pennsylvania,Pennsylvania 14,Michael F. Doyle,Democratic,91.3,True,True,,general,https://en.wikipedia.org/wiki/Michael_F._Doyle
Pennsylvania,Pennsylvania 14,Titus North,Green,8.7,False,False,,general,
Pennsylvania,Pennsylvania 15,Charlie Dent,Republican,58.6,True,True,,general,https://en.wikipedia.org/wiki/Charlie_Dent
Pennsylvania,Pennsylvania 15,Sam Bennett,Democratic,41.4,False,False,,general,https://en.wikipedia.org/wiki/Sam_Bennett_(Pennsylvania_politician)
Pennsylvania,Pennsylvania 16,Joe Pitts,Republican,55.8,True,True,,general,https://en.wikipedia.org/wiki/Joe_Pitts_(Pennsylvania_politician)
Pennsylvania,Pennsylvania 16,Bruce Slater,Democratic,39.4,False,False,,general,https://en.wikipedia.org/wiki/Bruce_Slater
Pennsylvania,Pennsylvania 16,John Murphy,Independent,3.9,False,False,,general,
Pennsylvania,Pennsylvania 16,Daniel Frank,Constitution,0.9,False,False,,general,
Pennsylvania,Pennsylvania 17,Tim Holden,Democratic,63.7,True,True,,general,https://en.wikipedia.org/wiki/Tim_Holden
Pennsylvania,Pennsylvania 17,Toni Gilhooley,Republican,36.3,False,False,,general,https://en.wikipedia.org/wiki/Toni_Gilhooley
Pennsylvania,Pennsylvania 18,Tim Murphy,Republican,64.1,True,True,,general,https://en.wikipedia.org/wiki/Tim_Murphy_(American_politician)
Pennsylvania,Pennsylvania 18,Steve O'Donnell,Democratic,35.9,False,False,,general,https://en.wikipedia.org/wiki/Steve_O%27Donnell_(Pennsylvania_politician)
Pennsylvania,Pennsylvania 19,Todd Platts,Republican,66.6,True,True,,general,https://en.wikipedia.org/wiki/Todd_Platts
Pennsylvania,Pennsylvania 19,Phil Avillo,Democratic,33.4,False,False,,general,https://en.wikipedia.org/wiki/Phil_Avillo
Pennsylvania,Pennsylvania 2,Chaka Fattah,Democratic,88.9,True,True,,general,https://en.wikipedia.org/wiki/Chaka_Fattah
Pennsylvania,Pennsylvania 2,Adam Lang,Republican,11.1,False,False,,general,
Pennsylvania,Pennsylvania 3,Kathy Dahlkemper,Democratic,51.2,False,True,,general,https://en.wikipedia.org/wiki/Kathy_Dahlkemper
Pennsylvania,Pennsylvania 3,Phil English,Republican,48.8,True,False,,general,https://en.wikipedia.org/wiki/Phil_English
Pennsylvania,Pennsylvania 4,Jason Altmire,Democratic,55.9,True,True,,general,https://en.wikipedia.org/wiki/Jason_Altmire
Pennsylvania,Pennsylvania 4,Melissa Hart,Republican,44.1,False,False,,general,https://en.wikipedia.org/wiki/Melissa_Hart_(politician)
Pennsylvania,Pennsylvania 5,Glenn Thompson,Republican,56.7,False,True,,general,https://en.wikipedia.org/wiki/Glenn_Thompson_(politician)
Pennsylvania,Pennsylvania 5,Mark McCracken,Democratic,41.0,False,False,,general,https://en.wikipedia.org/wiki/Mark_McCracken
Pennsylvania,Pennsylvania 5,James Fryman,Libertarian,2.2,False,False,,general,
Pennsylvania,Pennsylvania 6,Jim Gerlach,Republican,52.1,True,True,,general,https://en.wikipedia.org/wiki/Jim_Gerlach
Pennsylvania,Pennsylvania 6,Bob Roggio,Democratic,47.9,False,False,,general,https://en.wikipedia.org/wiki/Bob_Roggio
Pennsylvania,Pennsylvania 7,Joe Sestak,Democratic,59.6,True,True,,general,https://en.wikipedia.org/wiki/Joe_Sestak
Pennsylvania,Pennsylvania 7,Craig Williams,Republican,40.4,False,False,,general,https://en.wikipedia.org/wiki/Wendell_Craig_Williams
Pennsylvania,Pennsylvania 8,Patrick Murphy,Democratic,56.8,True,True,,general,https://en.wikipedia.org/wiki/Patrick_Murphy_(Pennsylvania_politician)
Pennsylvania,Pennsylvania 8,Tom Manion,Republican,41.6,False,False,,general,https://en.wikipedia.org/wiki/Tom_Manion
Pennsylvania,Pennsylvania 8,Tom Lingenfelter,Independent,1.6,False,False,,general,
Pennsylvania,Pennsylvania 9,Bill Shuster,Republican,63.9,True,True,,general,https://en.wikipedia.org/wiki/Bill_Shuster
Pennsylvania,Pennsylvania 9,Tony Barr,Democratic,36.1,False,False,,general,https://en.wikipedia.org/wiki/Tony_Barr
Rhode Island,Rhode Island 1,Patrick J. Kennedy,Democratic,68.6,True,True,,general,https://en.wikipedia.org/wiki/Patrick_J._Kennedy
Rhode Island,Rhode Island 1,Jonathan Scott,Republican,24.3,False,False,,general,https://en.wikipedia.org/wiki/Jonathan_Scott_(politician)
Rhode Island,Rhode Island 1,Kenneth Capalbo,Independent,7.1,False,False,,general,
Rhode Island,Rhode Island 2,Jim Langevin,Democratic,70.1,True,True,,general,https://en.wikipedia.org/wiki/Jim_Langevin
Rhode Island,Rhode Island 2,Mark Zaccaria,Republican,29.9,False,False,,general,
South Carolina,South Carolina 1,Henry E. Brown Jr.,Republican,51.9,True,True,,general,https://en.wikipedia.org/wiki/Henry_E._Brown_Jr.
South Carolina,South Carolina 1,Linda Ketner,Democratic,47.9,False,False,,general,https://en.wikipedia.org/wiki/Linda_Ketner
South Carolina,South Carolina 2,Addison G. Wilson,Republican,53.7,True,True,,general,https://en.wikipedia.org/wiki/Addison_G._Wilson
South Carolina,South Carolina 2,Robert Miller,Democratic,46.2,False,False,,general,
South Carolina,South Carolina 3,J. Gresham Barrett,Republican,64.7,True,True,,general,https://en.wikipedia.org/wiki/J._Gresham_Barrett
South Carolina,South Carolina 3,Jane Ballard Dyer,Democratic,35.2,False,False,,general,https://en.wikipedia.org/wiki/Jane_Ballard_Dyer
South Carolina,South Carolina 4,Bob Inglis,Republican,60.1,True,True,,general,https://en.wikipedia.org/wiki/Bob_Inglis
South Carolina,South Carolina 4,Paul Corden,Democratic,36.9,False,False,,general,
South Carolina,South Carolina 4,C. Faye Walters,Green,2.4,False,False,,general,
South Carolina,South Carolina 5,John Spratt,Democratic,61.6,True,True,,general,https://en.wikipedia.org/wiki/John_Spratt
South Carolina,South Carolina 5,Albert F. Spencer,Republican,37.0,False,False,,general,
South Carolina,South Carolina 5,Frank Waggoner,Constitution,1.3,False,False,,general,
South Carolina,South Carolina 6,Jim Clyburn,Democratic,67.5,True,True,,general,https://en.wikipedia.org/wiki/Jim_Clyburn
South Carolina,South Carolina 6,Nancy Harrelson,Republican,32.5,False,False,,general,
South Dakota,South Dakota at-large,Stephanie Herseth Sandlin,Democratic,67.6,True,True,,general,https://en.wikipedia.org/wiki/Stephanie_Herseth_Sandlin
South Dakota,South Dakota at-large,Chris Lien,Republican,32.4,False,False,,general,
Tennessee,Tennessee 1,Phil Roe,Republican,71.8,False,True,,general,https://en.wikipedia.org/wiki/Phil_Roe_(politician)
Tennessee,Tennessee 1,Rob Russell,Democratic,24.5,False,False,,general,https://en.wikipedia.org/wiki/Rob_Russell
Tennessee,Tennessee 1,Joel Goodman,Independent,1.7,False,False,,general,
Tennessee,Tennessee 1,James Reeves,Independent,1.1,False,False,,general,
Tennessee,Tennessee 1,Thomas Owens,Independent,0.8,False,False,,general,
Tennessee,Tennessee 2,Jimmy Duncan,Republican,78.1,True,True,,general,https://en.wikipedia.org/wiki/Jimmy_Duncan_(politician)
Tennessee,Tennessee 2,Bob Scott,Democratic,21.9,False,False,,general,
Tennessee,Tennessee 3,Zach Wamp,Republican,69.4,True,True,,general,https://en.wikipedia.org/wiki/Zach_Wamp
Tennessee,Tennessee 3,Doug Vandagriff,Democratic,27.4,False,False,,general,
Tennessee,Tennessee 3,Jean Howard-Hill,Independent,1.8,False,False,,general,
Tennessee,Tennessee 3,Ed Choate,Independent,1.4,False,False,,general,https://en.wikipedia.org/wiki/Ed_Choate
Tennessee,Tennessee 4,Lincoln Davis,Democratic,58.8,True,True,,general,https://en.wikipedia.org/wiki/Lincoln_Davis
Tennessee,Tennessee 4,Monty Lankford,Republican,37.8,False,False,,general,https://en.wikipedia.org/wiki/Monty_Lankford
Tennessee,Tennessee 4,James Anthony Gray,Independent,1.9,False,False,,general,
Tennessee,Tennessee 4,Kevin Ragsdale,Independent,1.5,False,False,,general,
Tennessee,Tennessee 5,Jim Cooper,Democratic,65.9,True,True,,general,https://en.wikipedia.org/wiki/Jim_Cooper
Tennessee,Tennessee 5,Gerard Donovan,Republican,31.0,False,False,,general,
Tennessee,Tennessee 5,Jon Jackson,Independent,2.0,False,False,,general,
Tennessee,Tennessee 5,John Miglietta,Green,1.2,False,False,,general,
Tennessee,Tennessee 6,Bart Gordon,Democratic,74.4,True,True,,general,https://en.wikipedia.org/wiki/Bart_Gordon
Tennessee,Tennessee 6,Chris Baker,Independent,25.6,False,False,,general,
Tennessee,Tennessee 7,Marsha Blackburn,Republican,68.6,True,True,,general,https://en.wikipedia.org/wiki/Marsha_Blackburn
Tennessee,Tennessee 7,Randy Morris,Democratic,31.4,False,False,,general,
Tennessee,Tennessee 8,John Tanner,Democratic,,True,True,,general,https://en.wikipedia.org/wiki/John_S._Tanner
Tennessee,Tennessee 9,Steve Cohen,Democratic,87.9,True,True,,general,https://en.wikipedia.org/wiki/Steve_Cohen_(politician)
Tennessee,Tennessee 9,Jake Ford,Independent,4.9,False,False,,general,
Tennessee,Tennessee 9,Dewey Clark,Independent,4.4,False,False,,general,
Tennessee,Tennessee 9,Mary Wright,Independent,2.8,False,False,,general,
Texas,Texas 1,Louie Gohmert,Republican,87.6,True,True,,general,https://en.wikipedia.org/wiki/Louie_Gohmert
Texas,Texas 1,Roger Owen,Independent,12.4,False,False,,general,
Texas,Texas 10,Michael McCaul,Republican,53.9,True,True,,general,https://en.wikipedia.org/wiki/Michael_McCaul
Texas,Texas 10,Larry Joe Doherty,Democratic,43.1,False,False,,general,https://en.wikipedia.org/wiki/Larry_Joe_Doherty
Texas,Texas 10,Matt Finkel,Libertarian,3.0,False,False,,general,
Texas,Texas 11,Mike Conaway,Republican,88.3,True,True,,general,https://en.wikipedia.org/wiki/Mike_Conaway
Texas,Texas 11,John Strohm,Libertarian,11.7,False,False,,general,
Texas,Texas 12,Kay Granger,Republican,67.6,True,True,,general,https://en.wikipedia.org/wiki/Kay_Granger
Texas,Texas 12,Tracey Smith,Democratic,30.6,False,False,,general,
Texas,Texas 12,Shiloh Sidney Shambaugh,Libertarian,1.8,False,False,,general,
Texas,Texas 13,Mac Thornberry,Republican,77.6,True,True,,general,https://en.wikipedia.org/wiki/Mac_Thornberry
Texas,Texas 13,Roger Waun,Democratic,22.4,False,False,,general,
Texas,Texas 14,Ron Paul,Republican,,True,True,,general,https://en.wikipedia.org/wiki/Ron_Paul
Texas,Texas 15,Rubén Hinojosa,Democratic,65.7,True,True,,general,https://en.wikipedia.org/wiki/Rub%C3%A9n_Hinojosa
Texas,Texas 15,Eddie Zamora,Republican,31.9,False,False,,general,
Texas,Texas 15,Gricha Raether,Libertarian,2.3,False,False,,general,
Texas,Texas 16,Silvestre Reyes,Democratic,82.1,True,True,,general,https://en.wikipedia.org/wiki/Silvestre_Reyes
Texas,Texas 16,Mette Baker,Libertarian,10.3,False,False,,general,
Texas,Texas 16,Ben Mendoza,Independent,7.6,False,False,,general,
Texas,Texas 17,Chet Edwards,Democratic,53.0,True,True,,general,https://en.wikipedia.org/wiki/Chet_Edwards
Texas,Texas 17,Rob Curnock,Republican,45.5,False,False,,general,
Texas,Texas 17,Gardner Osborne,Libertarian,1.5,False,False,,general,
Texas,Texas 18,Sheila Jackson Lee,Democratic,77.3,True,True,,general,https://en.wikipedia.org/wiki/Sheila_Jackson_Lee
Texas,Texas 18,John Faulk,Republican,20.3,False,False,,general,https://en.wikipedia.org/wiki/John_Faulk
Texas,Texas 18,Mike Taylor,Libertarian,2.3,False,False,,general,
Texas,Texas 19,Randy Neugebauer,Republican,72.4,True,True,,general,https://en.wikipedia.org/wiki/Randy_Neugebauer
Texas,Texas 19,Dwight Fullingim,Democratic,24.9,False,False,,general,
Texas,Texas 19,Chip Peterson,Libertarian,2.6,False,False,,general,
Texas,Texas 2,Ted Poe,Republican,88.9,True,True,,general,https://en.wikipedia.org/wiki/Ted_Poe
Texas,Texas 2,Craig Wolfe,Libertarian,11.1,False,False,,general,
Texas,Texas 20,Charlie González,Democratic,71.9,True,True,,general,https://en.wikipedia.org/wiki/Charlie_Gonzalez
Texas,Texas 20,Robert Litoff,Republican,25.2,False,False,,general,
Texas,Texas 20,Michael Idrogo,Libertarian,2.9,False,False,,general,
Texas,Texas 21,Lamar S. Smith,Republican,80.0,True,True,,general,https://en.wikipedia.org/wiki/Lamar_S._Smith
Texas,Texas 21,James Arthur Strohm,Libertarian,20.0,False,False,,general,
Texas,Texas 22,Pete Olson,Republican,52.4,False,True,,general,https://en.wikipedia.org/wiki/Pete_Olson
Texas,Texas 22,Nick Lampson,Democratic,45.4,True,False,,general,https://en.wikipedia.org/wiki/Nick_Lampson
Texas,Texas 22,John Wieder,Libertarian,2.2,False,False,,general,
Texas,Texas 23,Ciro Rodriguez,Democratic,55.8,True,True,,general,https://en.wikipedia.org/wiki/Ciro_Rodriguez
Texas,Texas 23,Lyle Larson,Republican,41.9,False,False,,general,https://en.wikipedia.org/wiki/Lyle_Larson
Texas,Texas 23,Lani Connolly,Libertarian,2.3,False,False,,general,
Texas,Texas 24,Kenny Marchant,Republican,56.0,True,True,,general,https://en.wikipedia.org/wiki/Kenny_Marchant
Texas,Texas 24,Tom Love,Democratic,41.1,False,False,,general,
Texas,Texas 24,David Casey,Libertarian,2.9,False,False,,general,
Texas,Texas 25,Lloyd Doggett,Democratic,65.8,True,True,,general,https://en.wikipedia.org/wiki/Lloyd_Doggett
Texas,Texas 25,George Morovich,Republican,30.4,False,False,,general,
Texas,Texas 25,Jim Stutsman,Libertarian,3.7,False,False,,general,
Texas,Texas 26,Michael C. Burgess,Republican,60.2,True,True,,general,https://en.wikipedia.org/wiki/Michael_C._Burgess
Texas,Texas 26,Ken Leach,Democratic,36.4,False,False,,general,
Texas,Texas 26,Stephanie Weiss,Libertarian,3.4,False,False,,general,
Texas,Texas 27,Solomon P. Ortiz,Democratic,57.9,True,True,,general,https://en.wikipedia.org/wiki/Solomon_P._Ortiz
Texas,Texas 27,Willie Vaden,Republican,38.4,False,False,,general,
Texas,Texas 27,Robert Powell,Libertarian,3.7,False,False,,general,
Texas,Texas 28,Henry Cuellar,Democratic,68.7,True,True,,general,https://en.wikipedia.org/wiki/Henry_Cuellar
Texas,Texas 28,Jim Fish,Republican,29.2,False,False,,general,
Texas,Texas 28,Ross Lynn Leone,Libertarian,2.1,False,False,,general,
Texas,Texas 29,Gene Green,Democratic,74.6,True,True,,general,https://en.wikipedia.org/wiki/Gene_Green
Texas,Texas 29,Eric Story,Republican,23.9,False,False,,general,
Texas,Texas 29,Joel Grace,Libertarian,1.5,False,False,,general,
Texas,Texas 3,Sam Johnson,Republican,59.7,True,True,,general,https://en.wikipedia.org/wiki/Sam_Johnson
Texas,Texas 3,Tom Daley,Democratic,38.0,False,False,,general,https://en.wikipedia.org/wiki/Tom_Daley
Texas,Texas 3,Christopher J. Claytor,Libertarian,2.2,False,False,,general,
Texas,Texas 30,Eddie Bernice Johnson,Democratic,82.5,True,True,,general,https://en.wikipedia.org/wiki/Eddie_Bernice_Johnson
Texas,Texas 30,Fred Wood,Republican,15.9,False,False,,general,
Texas,Texas 30,Jarrett R. Woods,Libertarian,1.6,False,False,,general,
Texas,Texas 31,John Carter,Republican,60.3,True,True,,general,https://en.wikipedia.org/wiki/John_Carter_(Texas_politician)
Texas,Texas 31,Brian Ruiz,Democratic,36.6,False,False,,general,
Texas,Texas 31,Barry Cooper,Libertarian,3.1,False,False,,general,
Texas,Texas 32,Pete Sessions,Republican,57.2,True,True,,general,https://en.wikipedia.org/wiki/Pete_Sessions
Texas,Texas 32,Eric Roberson,Democratic,40.6,False,False,,general,https://en.wikipedia.org/wiki/Eric_Roberson
Texas,Texas 32,Alex Bischoff,Libertarian,2.2,False,False,,general,
Texas,Texas 4,Ralph Hall,Republican,68.8,True,True,,general,https://en.wikipedia.org/wiki/Ralph_Hall
Texas,Texas 4,Glenn Melancon,Democratic,29.3,False,False,,general,
Texas,Texas 4,Fred Annett,Libertarian,1.9,False,False,,general,
Texas,Texas 5,Jeb Hensarling,Republican,83.6,True,True,,general,https://en.wikipedia.org/wiki/Jeb_Hensarling
Texas,Texas 5,Ken Ashby,Libertarian,16.4,False,False,,general,
Texas,Texas 6,Joe Barton,Republican,62.0,True,True,,general,https://en.wikipedia.org/wiki/Joe_Barton
Texas,Texas 6,Ludwig Otto,Democratic,35.6,False,False,,general,https://en.wikipedia.org/wiki/Ludwig_Otto
Texas,Texas 6,Max Koch,Libertarian,2.4,False,False,,general,
Texas,Texas 7,John Culberson,Republican,55.9,True,True,,general,https://en.wikipedia.org/wiki/John_Culberson
Texas,Texas 7,Michael Skelly,Democratic,42.4,False,False,,general,https://en.wikipedia.org/wiki/Michael_Skelly_(Texas_politician)
Texas,Texas 7,Drew P. Parks,Libertarian,1.7,False,False,,general,
Texas,Texas 8,Kevin Brady,Republican,72.6,True,True,,general,https://en.wikipedia.org/wiki/Kevin_Brady
Texas,Texas 8,Kent Hargett,Democratic,24.8,False,False,,general,
Texas,Texas 8,Brian Stevens,Libertarian,2.7,False,False,,general,
Texas,Texas 9,Al Green,Democratic,93.6,True,True,,general,https://en.wikipedia.org/wiki/Al_Green_(politician)
Texas,Texas 9,Brad Walters,Libertarian,6.4,False,False,,general,
Utah,Utah 1,Rob Bishop,Republican,64.9,True,True,,general,https://en.wikipedia.org/wiki/Rob_Bishop
Utah,Utah 1,Morgan Bowen,Democratic,30.5,False,False,,general,https://en.wikipedia.org/wiki/Morgan_Bowen
Utah,Utah 1,Kirk Pearson,Constitution,2.4,False,False,,general,
Utah,Utah 1,Joseph Geddes Buchman,Libertarian,2.2,False,False,,general,
Utah,Utah 2,Jim Matheson,Democratic,63.4,True,True,,general,https://en.wikipedia.org/wiki/Jim_Matheson
Utah,Utah 2,Bill Dew,Republican,34.5,False,False,,general,
Utah,Utah 2,Matthew Arndt,Libertarian,1.3,False,False,,general,
Utah,Utah 2,Dennis Ray Emery,Constitution,0.8,False,False,,general,
Utah,Utah 3,Jason Chaffetz,Republican,65.6,False,True,,general,https://en.wikipedia.org/wiki/Jason_Chaffetz
Utah,Utah 3,Bennion L. Spencer,Democratic,28.3,False,False,,general,https://en.wikipedia.org/wiki/Bennion_L._Spencer
Utah,Utah 3,Jim Noorlander,Constitution,6.1,False,False,,general,
Vermont,Vermont at-large,Peter Welch,Democratic & Republican,83.2,True,True,,general,https://en.wikipedia.org/wiki/Peter_Welch
Vermont,Vermont at-large,Mike Bethel,Independent,4.8,False,False,,general,https://en.wikipedia.org/wiki/Mike_Bethel
Vermont,Vermont at-large,Jerry Trudell,Energy Independence,3.6,False,False,,general,
Vermont,Vermont at-large,Thomas James Herman,Vermont Progressive,3.0,False,False,,general,
Vermont,Vermont at-large,Cris Ericson,Marijuana,2.6,False,False,,general,https://en.wikipedia.org/wiki/Cris_Ericson
Vermont,Vermont at-large,Jane Newton,Liberty Union,1.7,False,False,,general,
Virginia,Virginia 1,Rob Wittman,Republican,56.6,True,True,,general,https://en.wikipedia.org/wiki/Rob_Wittman
Virginia,Virginia 1,Bill Day,Democratic,41.8,False,False,,general,https://en.wikipedia.org/wiki/Bill_Day_(politician)
Virginia,Virginia 1,Nathan Larson,Libertarian,1.5,False,False,,general,https://en.wikipedia.org/wiki/Nathan_Larson_(politician)
Virginia,Virginia 10,Frank Wolf,Republican,58.8,True,True,,general,https://en.wikipedia.org/wiki/Frank_Wolf_(politician)
Virginia,Virginia 10,Judy Feder,Democratic,38.8,False,False,,general,https://en.wikipedia.org/wiki/Judy_Feder
Virginia,Virginia 10,Neeraj Nigam,Independent,2.2,False,False,,general,
Virginia,Virginia 11,Gerry Connolly,Democratic,54.7,False,True,,general,https://en.wikipedia.org/wiki/Gerry_Connolly
Virginia,Virginia 11,Keith Fimian,Republican,43.0,False,False,,general,https://en.wikipedia.org/wiki/Keith_Fimian
Virginia,Virginia 11,Joseph Oddo,Independent Green,2.0,False,False,,general,
Virginia,Virginia 2,Glenn Nye,Democratic,52.4,False,True,,general,https://en.wikipedia.org/wiki/Glenn_Nye
Virginia,Virginia 2,Thelma Drake,Republican,47.5,True,False,,general,https://en.wikipedia.org/wiki/Thelma_Drake
Virginia,Virginia 3,Robert C. Scott,Democratic,97.0,True,True,,general,https://en.wikipedia.org/wiki/Robert_C._Scott
Virginia,Virginia 4,Randy Forbes,Republican,59.6,True,True,,general,https://en.wikipedia.org/wiki/Randy_Forbes
Virginia,Virginia 4,Andrea Miller,Democratic,40.2,False,False,,general,
Virginia,Virginia 5,Tom Perriello,Democratic,50.1,False,True,,general,https://en.wikipedia.org/wiki/Tom_Perriello
Virginia,Virginia 5,Virgil Goode,Republican,49.9,True,False,,general,https://en.wikipedia.org/wiki/Virgil_Goode
Virginia,Virginia 6,Bob Goodlatte,Republican,61.6,True,True,,general,https://en.wikipedia.org/wiki/Bob_Goodlatte
Virginia,Virginia 6,Sam Rasoul,Democratic,36.6,False,False,,general,https://en.wikipedia.org/wiki/Sam_Rasoul
Virginia,Virginia 6,Janice Lee Allen,Independent,1.7,False,False,,general,
Virginia,Virginia 7,Eric Cantor,Republican,62.7,True,True,,general,https://en.wikipedia.org/wiki/Eric_Cantor
Virginia,Virginia 7,Anita Hartke,Democratic,37.1,False,False,,general,https://en.wikipedia.org/wiki/Anita_Hartke
Virginia,Virginia 8,Jim Moran,Democratic,67.9,True,True,,general,https://en.wikipedia.org/wiki/Jim_Moran
Virginia,Virginia 8,Mark Ellmore,Republican,29.7,False,False,,general,
Virginia,Virginia 8,J. Ron Fisher,Independent Green,2.1,False,False,,general,
Virginia,Virginia 9,Rick Boucher,Democratic,97.1,True,True,,general,https://en.wikipedia.org/wiki/Rick_Boucher
Washington,Washington 1,Jay Inslee,Democratic,67.8,True,True,,general,https://en.wikipedia.org/wiki/Jay_Inslee
Washington,Washington 1,Larry Ishmael,Republican,32.2,False,False,,general,
Washington,Washington 2,Rick Larsen,Democratic,62.4,True,True,,general,https://en.wikipedia.org/wiki/Rick_Larsen
Washington,Washington 2,Rick Bart,Republican,37.6,False,False,,general,
Washington,Washington 3,Brian Baird,Democratic,64.0,True,True,,general,https://en.wikipedia.org/wiki/Brian_Baird
Washington,Washington 3,Michael Delavar,Republican,36.0,False,False,,general,
Washington,Washington 4,Doc Hastings,Republican,63.1,True,True,,general,https://en.wikipedia.org/wiki/Doc_Hastings
Washington,Washington 4,George Fearing,Democratic,36.9,False,False,,general,
Washington,Washington 5,Cathy McMorris Rodgers,Republican,65.3,True,True,,general,https://en.wikipedia.org/wiki/Cathy_McMorris_Rodgers
Washington,Washington 5,Mark Mays,Democratic,34.7,False,False,,general,
Washington,Washington 6,Norm Dicks,Democratic,66.9,True,True,,general,https://en.wikipedia.org/wiki/Norm_Dicks
Washington,Washington 6,Doug Cloud,Republican,33.1,False,False,,general,https://en.wikipedia.org/wiki/Doug_Cloud
Washington,Washington 7,Jim McDermott,Democratic,83.6,True,True,,general,https://en.wikipedia.org/wiki/Jim_McDermott
Washington,Washington 7,Steve Beren,Republican,16.4,False,False,,general,https://en.wikipedia.org/wiki/Steve_Beren
Washington,Washington 8,Dave Reichert,Republican,52.8,True,True,,general,https://en.wikipedia.org/wiki/Dave_Reichert
Washington,Washington 8,Darcy Burner,Democratic,47.2,False,False,,general,https://en.wikipedia.org/wiki/Darcy_Burner
Washington,Washington 9,Adam Smith,Democratic,65.5,True,True,,general,https://en.wikipedia.org/wiki/Adam_Smith_(Washington_politician)
Washington,Washington 9,James Postma,Republican,34.5,False,False,,general,
West Virginia,West Virginia 1,Alan Mollohan,Democratic,99.9,True,True,,general,https://en.wikipedia.org/wiki/Alan_Mollohan
West Virginia,West Virginia 2,Shelley Moore Capito,Republican,57.1,True,True,,general,https://en.wikipedia.org/wiki/Shelley_Moore_Capito
West Virginia,West Virginia 2,Anne Barth,Democratic,42.9,False,False,,general,https://en.wikipedia.org/wiki/Anne_Barth
West Virginia,West Virginia 3,Nick Rahall,Democratic,66.9,True,True,,general,https://en.wikipedia.org/wiki/Nick_Rahall
West Virginia,West Virginia 3,Marty Gearheart,Republican,33.1,False,False,,general,https://en.wikipedia.org/wiki/Marty_Gearheart
Wisconsin,Wisconsin 1,Paul Ryan,Republican,64.0,True,True,,general,https://en.wikipedia.org/wiki/Paul_Ryan
Wisconsin,Wisconsin 1,Marge Krupp,Democratic,34.7,False,False,,general,
Wisconsin,Wisconsin 1,Joseph Kexel,Libertarian,1.3,False,False,,general,
Wisconsin,Wisconsin 2,Tammy Baldwin,Democratic,69.3,True,True,,general,https://en.wikipedia.org/wiki/Tammy_Baldwin
Wisconsin,Wisconsin 2,Peter Theron,Republican,30.6,False,False,,general,
Wisconsin,Wisconsin 3,Ron Kind,Democratic,63.2,True,True,,general,https://en.wikipedia.org/wiki/Ron_Kind
Wisconsin,Wisconsin 3,Paul Stark,Republican,34.4,False,False,,general,
Wisconsin,Wisconsin 3,Kevin Barrett,Libertarian,2.3,False,False,,general,
Wisconsin,Wisconsin 4,Gwen Moore,Democratic,87.6,True,True,,general,https://en.wikipedia.org/wiki/Gwen_Moore
Wisconsin,Wisconsin 4,Michael LaForest,Independent,11.5,False,False,,general,
Wisconsin,Wisconsin 5,Jim Sensenbrenner,Republican,79.6,True,True,,general,https://en.wikipedia.org/wiki/Jim_Sensenbrenner
Wisconsin,Wisconsin 5,Robert R. Raymond,Independent,20.2,False,False,,general,
Wisconsin,Wisconsin 6,Tom Petri,Republican,63.7,True,True,,general,https://en.wikipedia.org/wiki/Tom_Petri
Wisconsin,Wisconsin 6,Roger Kittelson,Democratic,36.2,False,False,,general,
Wisconsin,Wisconsin 7,Dave Obey,Democratic,60.8,True,True,,general,https://en.wikipedia.org/wiki/Dave_Obey
Wisconsin,Wisconsin 7,Dan Mielke,Republican,39.1,False,False,,general,https://en.wikipedia.org/wiki/Dan_Mielke
Wisconsin,Wisconsin 8,Steve Kagen,Democratic,54.0,True,True,,general,https://en.wikipedia.org/wiki/Steve_Kagen
Wisconsin,Wisconsin 8,John Gard,Republican,45.9,False,False,,general,https://en.wikipedia.org/wiki/John_Gard
Wyoming,Wyoming at-large,Cynthia Lummis,Republican,52.6,False,True,,general,https://en.wikipedia.org/wiki/Cynthia_Lummis
Wyoming,Wyoming at-large,Gary Trauner,Democratic,42.8,False,False,,general,https://en.wikipedia.org/wiki/Gary_Trauner
Wyoming,Wyoming at-large,W. David Herbert,Libertarian,4.4,False,False,,general,
