state,district,candidate_name,party,vote_percentage,is_incumbent,is_winner,pvi,election_type,wikipedia_url
Alabama,Alabama 1,Jo Bonner,Republican,83.0,True,True,R+14,general,https://en.wikipedia.org/wiki/Jo_Bonner
Alabama,Alabama 1,David Walter,Constitution,17.0,False,False,R+14,general,
Alabama,Alabama 2,Martha Roby,Republican,51.3,False,True,R+16,general,https://en.wikipedia.org/wiki/Martha_Roby
Alabama,Alabama 2,Bobby Bright,Democratic,48.7,True,False,R+16,general,https://en.wikipedia.org/wiki/Bobby_Bright
Alabama,Alabama 3,Mike D. Rogers,Republican,59.1,True,True,R+9,general,https://en.wikipedia.org/wiki/Mike_D._Rogers
Alabama,Alabama 3,Steve Segrest,Democratic,40.9,False,False,R+9,general,
Alabama,Alabama 4,Robert Aderholt,Republican,98.8,True,True,R+26,general,https://en.wikipedia.org/wiki/Robert_Aderholt
Alabama,Alabama 5,Mo Brooks,Republican,58.5,False,True,R+12,general,https://en.wikipedia.org/wiki/Mo_Brooks
Alabama,Alabama 5,Steve Raby,Democratic,41.5,False,False,R+12,general,https://en.wikipedia.org/wiki/Steve_Raby
Alabama,Alabama 6,Spencer Bachus,Republican,98.1,True,True,R+29,general,https://en.wikipedia.org/wiki/Spencer_Bachus
Alabama,Alabama 7,Terri Sewell,Democratic,72.6,False,True,D+18,general,https://en.wikipedia.org/wiki/Terri_Sewell
Alabama,Alabama 7,Don Chamberlain,Republican,27.4,False,False,D+18,general,https://en.wikipedia.org/wiki/Don_Chamberlain
Alaska,Alaska at-large,Don Young,Republican,69.0,True,True,R+13,general,https://en.wikipedia.org/wiki/Don_Young
Alaska,Alaska at-large,Harry Crawford,Democratic,30.5,False,False,R+13,general,https://en.wikipedia.org/wiki/Harry_Crawford_(politician)
Arizona,Arizona 1,Paul Gosar,Republican,49.7,False,True,R+6,general,https://en.wikipedia.org/wiki/Paul_Gosar
Arizona,Arizona 1,Ann Kirkpatrick,Democratic,43.7,True,False,R+6,general,https://en.wikipedia.org/wiki/Ann_Kirkpatrick
Arizona,Arizona 1,Nicole Patti,Libertarian,6.6,False,False,R+6,general,
Arizona,Arizona 2,Trent Franks,Republican,64.9,True,True,R+13,general,https://en.wikipedia.org/wiki/Trent_Franks
Arizona,Arizona 2,John Thrasher,Democratic,31.1,False,False,R+13,general,
Arizona,Arizona 2,Powell Gammill,Libertarian,4.0,False,False,R+13,general,
Arizona,Arizona 3,Ben Quayle,Republican,52.2,False,True,R+9,general,https://en.wikipedia.org/wiki/Ben_Quayle
Arizona,Arizona 3,Jon Hulburd,Democratic,41.1,False,False,R+9,general,
Arizona,Arizona 3,Michael Shoen,Libertarian,5.0,False,False,R+9,general,
Arizona,Arizona 3,Leonard Clark,Green,1.6,False,False,R+9,general,
Arizona,Arizona 4,Ed Pastor,Democratic,66.9,True,True,D+13,general,https://en.wikipedia.org/wiki/Ed_Pastor
Arizona,Arizona 4,Janet Contreras,Republican,27.5,False,False,D+13,general,
Arizona,Arizona 4,Joe Cobb,Libertarian,3.0,False,False,D+13,general,
Arizona,Arizona 4,Rebecca DeWitt,Green,2.6,False,False,D+13,general,
Arizona,Arizona 5,David Schweikert,Republican,52.0,False,True,R+5,general,https://en.wikipedia.org/wiki/David_Schweikert
Arizona,Arizona 5,Harry Mitchell,Democratic,43.2,True,False,R+5,general,https://en.wikipedia.org/wiki/Harry_Mitchell
Arizona,Arizona 5,Nick Coons,Libertarian,4.8,False,False,R+5,general,
Arizona,Arizona 6,Jeff Flake,Republican,66.4,True,True,R+15,general,https://en.wikipedia.org/wiki/Jeff_Flake
Arizona,Arizona 6,Rebecca Schneider,Democratic,29.1,False,False,R+15,general,https://en.wikipedia.org/wiki/Rebecca_Schneider_(politician)
Arizona,Arizona 6,Richard Grayson,Green,3.1,False,False,R+15,general,
Arizona,Arizona 6,Darell Tapp,Libertarian,1.4,False,False,R+15,general,
Arizona,Arizona 7,Raúl Grijalva,Democratic,50.2,True,True,D+6,general,https://en.wikipedia.org/wiki/Ra%C3%BAl_Grijalva
Arizona,Arizona 7,Ruth McClung,Republican,44.2,False,False,D+6,general,
Arizona,Arizona 7,Harley Meyer,Independent,2.8,False,False,D+6,general,
Arizona,Arizona 7,George Keane,Libertarian,2.7,False,False,D+6,general,
Arizona,Arizona 8,Gabby Giffords,Democratic,48.8,True,True,R+4,general,https://en.wikipedia.org/wiki/Gabby_Giffords
Arizona,Arizona 8,Jesse Kelly,Republican,47.3,False,False,R+4,general,https://en.wikipedia.org/wiki/Jesse_Kelly
Arizona,Arizona 8,Steven Stoltz,Libertarian,3.9,False,False,R+4,general,
Arkansas,Arkansas 1,Rick Crawford,Republican,51.8,False,True,R+8,general,https://en.wikipedia.org/wiki/Rick_Crawford_(politician)
Arkansas,Arkansas 1,Chad Causey,Democratic,43.5,False,False,R+8,general,
Arkansas,Arkansas 1,Ken Adler,Green,4.6,False,False,R+8,general,
Arkansas,Arkansas 2,Timothy Griffin,Republican,57.9,False,True,R+5,general,https://en.wikipedia.org/wiki/Timothy_Griffin
Arkansas,Arkansas 2,Joyce Elliott,Democratic,38.3,False,False,R+5,general,https://en.wikipedia.org/wiki/Joyce_Elliott
Arkansas,Arkansas 2,Lance Levi,Independent,2.1,False,False,R+5,general,
Arkansas,Arkansas 2,Lewis Kennedy,Green,1.7,False,False,R+5,general,
Arkansas,Arkansas 3,Steve Womack,Republican,72.4,False,True,R+16,general,https://en.wikipedia.org/wiki/Steve_Womack
Arkansas,Arkansas 3,David Whitaker,Democratic,27.6,False,False,R+16,general,https://en.wikipedia.org/wiki/David_Whitaker_(politician)
Arkansas,Arkansas 4,Mike Ross,Democratic,57.5,True,True,R+7,general,https://en.wikipedia.org/wiki/Mike_Ross_(politician)
Arkansas,Arkansas 4,Beth Anne Rankin,Republican,40.2,False,False,R+7,general,
Arkansas,Arkansas 4,Joshua Drake,Green,2.3,False,False,R+7,general,
California,California 1,Mike Thompson,Democratic,63.0,True,True,D+13,general,https://en.wikipedia.org/wiki/Mike_Thompson_(California_politician)
California,California 1,Loren Hanks,Republican,31.0,False,False,D+13,general,https://en.wikipedia.org/wiki/Loren_Hanks
California,California 1,Carol Wolman,Green,3.5,False,False,D+13,general,
California,California 1,Mike Rodrigues,Libertarian,2.5,False,False,D+13,general,
California,California 10,John Garamendi,Democratic,58.8,True,True,D+11,general,https://en.wikipedia.org/wiki/John_Garamendi
California,California 10,Gary Clift,Republican,37.9,False,False,D+11,general,
California,California 10,Jeremy Cloward,Green,3.3,False,False,D+11,general,
California,California 11,Jerry McNerney,Democratic,48.0,True,True,R+1,general,https://en.wikipedia.org/wiki/Jerry_McNerney
California,California 11,David Harmer,Republican,46.9,False,False,R+1,general,
California,California 11,David Christensen,American Independent,5.2,False,False,R+1,general,
California,California 12,Jackie Speier,Democratic,75.6,True,True,D+23,general,https://en.wikipedia.org/wiki/Jackie_Speier
California,California 12,Michael Moloney,Republican,22.1,False,False,D+23,general,
California,California 12,Mark Williams,Libertarian,2.3,False,False,D+23,general,
California,California 13,Pete Stark,Democratic,72.0,True,True,D+22,general,https://en.wikipedia.org/wiki/Pete_Stark
California,California 13,Forest Baker,Republican,27.7,False,False,D+22,general,
California,California 14,Anna Eshoo,Democratic,69.1,True,True,D+21,general,https://en.wikipedia.org/wiki/Anna_Eshoo
California,California 14,Dave Chapman,Republican,27.8,False,False,D+21,general,
California,California 14,Paul Lazaga,Libertarian,3.1,False,False,D+21,general,
California,California 15,Mike Honda,Democratic,67.6,True,True,D+15,general,https://en.wikipedia.org/wiki/Mike_Honda
California,California 15,Scott Kirkland,Republican,32.4,False,False,D+15,general,
California,California 16,Zoe Lofgren,Democratic,67.8,True,True,D+16,general,https://en.wikipedia.org/wiki/Zoe_Lofgren
California,California 16,Dan Sahagún,Republican,24.3,False,False,D+16,general,
California,California 16,Edward Gonzalez,Libertarian,7.9,False,False,D+16,general,
California,California 17,Sam Farr,Democratic,66.7,True,True,D+19,general,https://en.wikipedia.org/wiki/Sam_Farr
California,California 17,Jeff Taylor,Republican,29.9,False,False,D+19,general,
California,California 17,Eric Petersen,Green,1.9,False,False,D+19,general,
California,California 17,Mary Larkin,Libertarian,1.5,False,False,D+19,general,
California,California 18,Dennis Cardoza,Democratic,58.5,True,True,D+4,general,https://en.wikipedia.org/wiki/Dennis_Cardoza
California,California 18,Mike Berryhill,Republican,41.5,False,False,D+4,general,
California,California 19,Jeff Denham,Republican,64.6,False,True,R+9,general,https://en.wikipedia.org/wiki/Jeff_Denham
California,California 19,Loraine Goodwin,Democratic,35.1,False,False,R+9,general,
California,California 2,Wally Herger,Republican,57.1,True,True,R+11,general,https://en.wikipedia.org/wiki/Wally_Herger
California,California 2,Jim Reed,Democratic,42.9,False,False,R+11,general,
California,California 20,Jim Costa,Democratic,51.7,True,True,D+5,general,https://en.wikipedia.org/wiki/Jim_Costa
California,California 20,Andy Vidak,Republican,48.3,False,False,D+5,general,https://en.wikipedia.org/wiki/Andy_Vidak
California,California 21,Devin Nunes,Republican,100.0,True,True,R+14,general,https://en.wikipedia.org/wiki/Devin_Nunes
California,California 22,Kevin McCarthy,Republican,98.8,True,True,R+16,general,https://en.wikipedia.org/wiki/Kevin_McCarthy
California,California 23,Lois Capps,Democratic,57.8,True,True,D+12,general,https://en.wikipedia.org/wiki/Lois_Capps
California,California 23,Tom Watson,Republican,37.6,False,False,D+12,general,
California,California 23,John Hager,Independent,2.9,False,False,D+12,general,
California,California 23,Darrell Stafford,Libertarian,1.7,False,False,D+12,general,
California,California 24,Elton Gallegly,Republican,59.9,True,True,R+4,general,https://en.wikipedia.org/wiki/Elton_Gallegly
California,California 24,Tim Allison,Democratic,40.1,False,False,R+4,general,
California,California 25,Howard McKeon,Republican,61.8,True,True,R+6,general,https://en.wikipedia.org/wiki/Howard_McKeon
California,California 25,Jackie Conaway,Democratic,38.2,False,False,R+6,general,
California,California 26,David Dreier,Republican,54.1,True,True,R+3,general,https://en.wikipedia.org/wiki/David_Dreier
California,California 26,Russ Warner,Democratic,36.5,False,False,R+3,general,
California,California 26,David Miller,American Independent,6.1,False,False,R+3,general,
California,California 26,Randall Weissbuch,Libertarian,3.2,False,False,R+3,general,
California,California 27,Brad Sherman,Democratic,65.2,True,True,D+13,general,https://en.wikipedia.org/wiki/Brad_Sherman
California,California 27,Mark Reed,Republican,34.8,False,False,D+13,general,
California,California 28,Howard Berman,Democratic,69.5,True,True,D+23,general,https://en.wikipedia.org/wiki/Howard_Berman
California,California 28,Merlin Froyd,Republican,22.4,False,False,D+23,general,
California,California 28,Carlos Rodriguez,Libertarian,8.1,False,False,D+23,general,
California,California 29,Adam Schiff,Democratic,64.8,True,True,D+14,general,https://en.wikipedia.org/wiki/Adam_Schiff
California,California 29,John Colbert,Republican,32.0,False,False,D+14,general,
California,California 29,Bill Cushing,Libertarian,3.2,False,False,D+14,general,
California,California 3,Dan Lungren,Republican,50.1,True,True,R+6,general,https://en.wikipedia.org/wiki/Dan_Lungren
California,California 3,Ami Bera,Democratic,43.2,False,False,R+6,general,https://en.wikipedia.org/wiki/Ami_Bera
California,California 3,Jerry Leidecker,American Independent,2.5,False,False,R+6,general,
California,California 3,Art Tuma,Libertarian,2.4,False,False,R+6,general,
California,California 3,Mike Roskey,Peace and Freedom,1.8,False,False,R+6,general,
California,California 30,Henry Waxman,Democratic,64.6,True,True,D+18,general,https://en.wikipedia.org/wiki/Henry_Waxman
California,California 30,Chuck Wilkerson,Republican,31.9,False,False,D+18,general,
California,California 30,Erich Miller,Libertarian,2.1,False,False,D+18,general,
California,California 30,Richard Castaldo,Peace and Freedom,1.3,False,False,D+18,general,
California,California 31,Xavier Becerra,Democratic,83.8,True,True,D+29,general,https://en.wikipedia.org/wiki/Xavier_Becerra
California,California 31,Stephen Smith,Republican,16.2,False,False,D+29,general,
California,California 32,Judy Chu,Democratic,71.0,True,True,D+15,general,https://en.wikipedia.org/wiki/Judy_Chu
California,California 32,Ed Schmerling,Republican,29.0,False,False,D+15,general,
California,California 33,Karen Bass,Democratic,86.1,False,True,D+35,general,https://en.wikipedia.org/wiki/Karen_Bass
California,California 33,James Andion,Republican,13.9,False,False,D+35,general,
California,California 34,Lucille Roybal-Allard,Democratic,77.2,True,True,D+22,general,https://en.wikipedia.org/wiki/Lucille_Roybal-Allard
California,California 34,Wayne Miller,Republican,22.8,False,False,D+22,general,
California,California 35,Maxine Waters,Democratic,79.3,True,True,D+31,general,https://en.wikipedia.org/wiki/Maxine_Waters
California,California 35,Bruce Brown,Republican,20.7,False,False,D+31,general,
California,California 36,Jane Harman,Democratic,59.6,True,True,D+12,general,https://en.wikipedia.org/wiki/Jane_Harman
California,California 36,Mattie Fein,Republican,34.7,False,False,D+12,general,
California,California 36,Herb Peters,Libertarian,5.6,False,False,D+12,general,
California,California 37,Laura Richardson,Democratic,68.4,True,True,D+26,general,https://en.wikipedia.org/wiki/Laura_Richardson
California,California 37,Star Parker,Republican,23.2,False,False,D+26,general,https://en.wikipedia.org/wiki/Star_Parker
California,California 37,Nick Dibs,Independent,8.4,False,False,D+26,general,
California,California 38,Grace Napolitano,Democratic,73.5,True,True,D+18,general,https://en.wikipedia.org/wiki/Grace_Napolitano
California,California 38,Robert Vaughn,Republican,26.5,False,False,D+18,general,
California,California 39,Linda Sánchez,Democratic,63.3,True,True,D+12,general,https://en.wikipedia.org/wiki/Linda_S%C3%A1nchez
California,California 39,Larry Andre,Republican,32.6,False,False,D+12,general,
California,California 39,John Smith,American Independent,4.1,False,False,D+12,general,
California,California 4,Tom McClintock,Republican,61.3,True,True,R+10,general,https://en.wikipedia.org/wiki/Tom_McClintock
California,California 4,Clint Curtis,Democratic,31.4,False,False,R+10,general,
California,California 4,Ben Emery,Green,7.3,False,False,R+10,general,
California,California 40,Ed Royce,Republican,66.8,True,True,R+8,general,https://en.wikipedia.org/wiki/Ed_Royce_(politician)
California,California 40,Christina Avalos,Democratic,33.2,False,False,R+8,general,
California,California 41,Jerry Lewis,Republican,63.2,True,True,R+10,general,https://en.wikipedia.org/wiki/Jerry_Lewis_(California_politician)
California,California 41,Pat Meagher,Democratic,36.8,False,False,R+10,general,
California,California 42,Gary Miller,Republican,62.2,True,True,R+10,general,https://en.wikipedia.org/wiki/Gary_Miller_(politician)
California,California 42,Michael Williamson,Democratic,31.9,False,False,R+10,general,
California,California 42,Mark Lambert,Libertarian,5.9,False,False,R+10,general,
California,California 43,Joe Baca,Democratic,65.5,True,True,D+13,general,https://en.wikipedia.org/wiki/Joe_Baca
California,California 43,Scott Folkens,Republican,34.5,False,False,D+13,general,
California,California 44,Ken Calvert,Republican,55.6,True,True,R+6,general,https://en.wikipedia.org/wiki/Ken_Calvert
California,California 44,Bill Hedrick,Democratic,44.4,False,False,R+6,general,
California,California 45,Mary Bono,Republican,51.5,True,True,R+3,general,https://en.wikipedia.org/wiki/Mary_Bono
California,California 45,Steve Pougnet,Democratic,42.1,False,False,R+3,general,https://en.wikipedia.org/wiki/Steve_Pougnet
California,California 45,Bill Lussenheide,American Independent,6.4,False,False,R+3,general,
California,California 46,Dana Rohrabacher,Republican,62.2,True,True,R+6,general,https://en.wikipedia.org/wiki/Dana_Rohrabacher
California,California 46,Ken Arnold,Democratic,37.8,False,False,R+6,general,https://en.wikipedia.org/wiki/Ken_Arnold
California,California 47,Loretta Sanchez,Democratic,53.0,True,True,D+4,general,https://en.wikipedia.org/wiki/Loretta_Sanchez
California,California 47,Van Tran,Republican,39.3,False,False,D+4,general,https://en.wikipedia.org/wiki/Van_Tran
California,California 47,Ceci Iglesias,Independent,7.8,False,False,D+4,general,
California,California 48,John B. T. Campbell III,Republican,59.9,True,True,R+6,general,https://en.wikipedia.org/wiki/John_B._T._Campbell_III
California,California 48,Beth Krom,Democratic,34.5,False,False,R+6,general,https://en.wikipedia.org/wiki/Beth_Krom
California,California 48,Mike Binkley,Libertarian,3.6,False,False,R+6,general,
California,California 49,Darrell Issa,Republican,62.8,True,True,R+10,general,https://en.wikipedia.org/wiki/Darrell_Issa
California,California 49,Howard Katz,Democratic,31.5,False,False,R+10,general,
California,California 49,Dion Clark,American Independent,3.5,False,False,R+10,general,
California,California 49,Mike Paster,Libertarian,2.3,False,False,R+10,general,
California,California 5,Doris Matsui,Democratic,72.0,True,True,D+15,general,https://en.wikipedia.org/wiki/Doris_Matsui
California,California 5,Paul Smith,Republican,25.3,False,False,D+15,general,
California,California 5,Jerry Frink,Peace and Freedom,2.7,False,False,D+15,general,
California,California 50,Brian Bilbray,Republican,56.6,True,True,R+3,general,https://en.wikipedia.org/wiki/Brian_Bilbray
California,California 50,Francine Busby,Democratic,39.0,False,False,R+3,general,https://en.wikipedia.org/wiki/Francine_Busby
California,California 50,Lars Grossmith,Libertarian,2.2,False,False,R+3,general,
California,California 50,Miriam Clark,Peace and Freedom,2.2,False,False,R+3,general,
California,California 51,Bob Filner,Democratic,60.1,True,True,D+8,general,https://en.wikipedia.org/wiki/Bob_Filner
California,California 51,Nick Popaditch,Republican,39.9,False,False,D+8,general,https://en.wikipedia.org/wiki/Nick_Popaditch
California,California 52,Duncan D. Hunter,Republican,63.1,True,True,R+9,general,https://en.wikipedia.org/wiki/Duncan_D._Hunter
California,California 52,Ray Lutz,Democratic,32.1,False,False,R+9,general,https://en.wikipedia.org/wiki/Ray_Lutz
California,California 52,Michael Benoit,Libertarian,4.9,False,False,R+9,general,
California,California 53,Susan Davis,Democratic,62.3,True,True,D+14,general,https://en.wikipedia.org/wiki/Susan_Davis_(politician)
California,California 53,Michael Crimmins,Republican,34.0,False,False,D+14,general,
California,California 53,Paul Dekker,Libertarian,3.7,False,False,D+14,general,
California,California 6,Lynn Woolsey,Democratic,65.9,True,True,D+23,general,https://en.wikipedia.org/wiki/Lynn_Woolsey
California,California 6,Jim Judd,Republican,29.6,False,False,D+23,general,
California,California 6,Gene Ruyle,Peace and Freedom,2.3,False,False,D+23,general,
California,California 6,Joel Smolen,Libertarian,2.2,False,False,D+23,general,
California,California 7,George Miller,Democratic,68.3,True,True,D+19,general,https://en.wikipedia.org/wiki/George_Miller_(California_politician)
California,California 7,Rick Tubbs,Republican,31.7,False,False,D+19,general,
California,California 8,Nancy Pelosi,Democratic,80.1,True,True,D+35,general,https://en.wikipedia.org/wiki/Nancy_Pelosi
California,California 8,John Dennis,Republican,15.1,False,False,D+35,general,
California,California 8,Gloria La Riva,Peace and Freedom,2.5,False,False,D+35,general,https://en.wikipedia.org/wiki/Gloria_La_Riva
California,California 8,Philip Berg,Libertarian,2.3,False,False,D+35,general,
California,California 9,Barbara Lee,Democratic,84.3,True,True,D+37,general,https://en.wikipedia.org/wiki/Barbara_Lee
California,California 9,Jerry Hashimoto,Republican,10.8,False,False,D+37,general,
California,California 9,Dave Heller,Green,2.3,False,False,D+37,general,
California,California 9,Jim Eyer,Libertarian,1.9,False,False,D+37,general,
California,California 9,Larry Allen,Peace and Freedom,0.8,False,False,D+37,general,
Colorado,Colorado 1,Diana DeGette,Democratic,67.4,True,True,D+21,general,https://en.wikipedia.org/wiki/Diana_DeGette
Colorado,Colorado 1,Mike Fallon,Republican,28.8,False,False,D+21,general,https://en.wikipedia.org/wiki/Mike_Fallon
Colorado,Colorado 1,Gary Swing,Green,1.4,False,False,D+21,general,
Colorado,Colorado 1,Clint Jones,Libertarian,1.4,False,False,D+21,general,
Colorado,Colorado 1,Chris Styskal,Constitution,1.0,False,False,D+21,general,
Colorado,Colorado 2,Jared Polis,Democratic,57.4,True,True,D+11,general,https://en.wikipedia.org/wiki/Jared_Polis
Colorado,Colorado 2,Stephen Bailey,Republican,37.9,False,False,D+11,general,https://en.wikipedia.org/wiki/Stephen_Bailey
Colorado,Colorado 2,Jenna Goss,Constitution,2.7,False,False,D+11,general,
Colorado,Colorado 2,Curtis Harris,Libertarian,2.0,False,False,D+11,general,
Colorado,Colorado 3,Scott Tipton,Republican,50.1,False,True,R+5,general,https://en.wikipedia.org/wiki/Scott_Tipton
Colorado,Colorado 3,John Salazar,Democratic,45.8,True,False,R+5,general,https://en.wikipedia.org/wiki/John_Salazar
Colorado,Colorado 3,Gregory Gilman,Libertarian,2.2,False,False,R+5,general,
Colorado,Colorado 3,Jake Segrest,Independent,1.9,False,False,R+5,general,
Colorado,Colorado 4,Cory Gardner,Republican,52.5,False,True,R+6,general,https://en.wikipedia.org/wiki/Cory_Gardner
Colorado,Colorado 4,Betsy Markey,Democratic,41.4,True,False,R+6,general,https://en.wikipedia.org/wiki/Betsy_Markey
Colorado,Colorado 4,Doug Aden,Constitution,4.7,False,False,R+6,general,
Colorado,Colorado 4,Ken Waskiewicz,Independent,1.5,False,False,R+6,general,
Colorado,Colorado 5,Doug Lamborn,Republican,65.8,True,True,R+14,general,https://en.wikipedia.org/wiki/Doug_Lamborn
Colorado,Colorado 5,Kevin Bradley,Democratic,29.3,False,False,R+14,general,
Colorado,Colorado 5,Brian Scott,Constitution,2.5,False,False,R+14,general,
Colorado,Colorado 5,Jerrell Klaver,Libertarian,2.4,False,False,R+14,general,
Colorado,Colorado 6,Mike Coffman,Republican,65.7,True,True,R+8,general,https://en.wikipedia.org/wiki/Mike_Coffman
Colorado,Colorado 6,John Flerlage,Democratic,31.5,False,False,R+8,general,https://en.wikipedia.org/wiki/John_Flerlage
Colorado,Colorado 6,Rob McNealy,Libertarian,2.8,False,False,R+8,general,
Colorado,Colorado 7,Ed Perlmutter,Democratic,53.4,True,True,D+4,general,https://en.wikipedia.org/wiki/Ed_Perlmutter
Colorado,Colorado 7,Ryan Frazier,Republican,41.8,False,False,D+4,general,
Colorado,Colorado 7,Buck Bailey,Libertarian,4.8,False,False,D+4,general,
Connecticut,Connecticut 1,John Larson,Democratic,61.3,True,True,D+13,general,https://en.wikipedia.org/wiki/John_Larson
Connecticut,Connecticut 1,Ann Brickley,Republican,37.2,False,False,D+13,general,
Connecticut,Connecticut 1,Ken Krayeske,Green,1.1,False,False,D+13,general,
Connecticut,Connecticut 1,Chris Hutchinson,Socialist Action,0.4,False,False,D+13,general,
Connecticut,Connecticut 2,Joe Courtney,Democratic,59.9,True,True,D+6,general,https://en.wikipedia.org/wiki/Joe_Courtney_(politician)
Connecticut,Connecticut 2,Janet Peckinpaugh,Republican,38.8,False,False,D+6,general,https://en.wikipedia.org/wiki/Janet_Peckinpaugh
Connecticut,Connecticut 2,Scott Deshefy,Green,1.3,False,False,D+6,general,
Connecticut,Connecticut 3,Rosa DeLauro,Democratic,65.1,True,True,D+9,general,https://en.wikipedia.org/wiki/Rosa_DeLauro
Connecticut,Connecticut 3,Larry Labriola,Republican,33.6,False,False,D+9,general,
Connecticut,Connecticut 3,Charlie Pillsbury,Green,1.3,False,False,D+9,general,
Connecticut,Connecticut 4,Jim Himes,Democratic,53.1,True,True,D+5,general,https://en.wikipedia.org/wiki/Jim_Himes
Connecticut,Connecticut 4,Dan Debicella,Republican,46.9,False,False,D+5,general,https://en.wikipedia.org/wiki/Dan_Debicella
Connecticut,Connecticut 5,Chris Murphy,Democratic,54.1,True,True,D+2,general,https://en.wikipedia.org/wiki/Chris_Murphy
Connecticut,Connecticut 5,Sam Caligiuri,Republican,45.9,False,False,D+2,general,https://en.wikipedia.org/wiki/Sam_Caligiuri
Delaware,Delaware at-large,John Carney,Democratic,56.8,False,True,D+7,general,https://en.wikipedia.org/wiki/John_Carney_(Delaware_politician)
Delaware,Delaware at-large,Glen Urquhart,Republican,41.0,False,False,D+7,general,
Delaware,Delaware at-large,Earl Lofland,Independent Party,1.2,False,False,D+7,general,
Delaware,Delaware at-large,Brent Wangen,Libertarian,0.6,False,False,D+7,general,
Delaware,Delaware at-large,Jeff Brown,Blue Enigma,0.4,False,False,D+7,general,
Florida,Florida 1,Jeff Miller,Republican,80.0,True,True,R+21,general,https://en.wikipedia.org/wiki/Jeff_Miller_(Florida_politician)
Florida,Florida 1,Joe Cantrell,Independent,10.9,False,False,R+21,general,
Florida,Florida 1,John Krause,Independent,8.6,False,False,R+21,general,
Florida,Florida 10,Bill Young,Republican,65.9,True,True,R+1,general,https://en.wikipedia.org/wiki/Bill_Young_(Florida_politician)
Florida,Florida 10,Charlie Justice,Democratic,34.1,False,False,R+1,general,https://en.wikipedia.org/wiki/Charlie_Justice_(politician)
Florida,Florida 11,Kathy Castor,Democratic,59.6,True,True,D+11,general,https://en.wikipedia.org/wiki/Kathy_Castor
Florida,Florida 11,Mike Prendergast,Republican,40.4,False,False,D+11,general,
Florida,Florida 12,Dennis A. Ross,Republican,48.1,False,True,R+6,general,https://en.wikipedia.org/wiki/Dennis_A._Ross
Florida,Florida 12,Lori Edwards,Democratic,41.1,False,False,R+6,general,https://en.wikipedia.org/wiki/Lori_Edwards
Florida,Florida 12,Randy Wilkinson,Tea,10.7,False,False,R+6,general,
Florida,Florida 13,Vern Buchanan,Republican,68.9,True,True,R+6,general,https://en.wikipedia.org/wiki/Vern_Buchanan
Florida,Florida 13,James Golden,Democratic,31.1,False,False,R+6,general,
Florida,Florida 14,Connie Mack IV,Republican,68.6,True,True,R+11,general,https://en.wikipedia.org/wiki/Connie_Mack_IV
Florida,Florida 14,James Lloyd Roach,Democratic,27.1,False,False,R+11,general,
Florida,Florida 14,William St. Claire,Independent,4.3,False,False,R+11,general,
Florida,Florida 15,Bill Posey,Republican,64.7,True,True,R+6,general,https://en.wikipedia.org/wiki/Bill_Posey
Florida,Florida 15,Shannon Roberts,Democratic,35.3,False,False,R+6,general,https://en.wikipedia.org/wiki/Shannon_Roberts_(politician)
Florida,Florida 16,Tom Rooney,Republican,66.9,True,True,R+5,general,https://en.wikipedia.org/wiki/Tom_Rooney_(Florida_politician)
Florida,Florida 16,Jim Horn,Democratic,33.1,False,False,R+5,general,
Florida,Florida 17,Frederica Wilson,Democratic,86.2,False,True,D+34,general,https://en.wikipedia.org/wiki/Frederica_Wilson
Florida,Florida 17,Roderick Vereen,Independent,13.8,False,False,D+34,general,
Florida,Florida 18,Ileana Ros-Lehtinen,Republican,68.9,True,True,R+3,general,https://en.wikipedia.org/wiki/Ileana_Ros-Lehtinen
Florida,Florida 18,Rolando Banciella,Democratic,31.1,False,False,R+3,general,
Florida,Florida 19,Ted Deutch,Democratic,62.6,True,True,D+15,general,https://en.wikipedia.org/wiki/Ted_Deutch
Florida,Florida 19,Joe Budd,Republican,37.3,False,False,D+15,general,
Florida,Florida 19,Ted Deutch,Democratic,62.1,False,True,,special,https://en.wikipedia.org/wiki/Ted_Deutch
Florida,Florida 19,Edward Lynch,Republican,35.2,False,False,,special,
Florida,Florida 19,Jim McCormick,Independent,2.7,False,False,,special,
Florida,Florida 2,Steve Southerland,Republican,53.6,False,True,R+6,general,https://en.wikipedia.org/wiki/Steve_Southerland_(Florida_politician)
Florida,Florida 2,Allen Boyd,Democratic,41.4,True,False,R+6,general,https://en.wikipedia.org/wiki/Allen_Boyd
Florida,Florida 2,Paul McKain,Independent,2.8,False,False,R+6,general,
Florida,Florida 2,Dianne Berryhill,Independent,2.2,False,False,R+6,general,
Florida,Florida 20,Debbie Wasserman Schultz,Democratic,60.2,True,True,D+13,general,https://en.wikipedia.org/wiki/Debbie_Wasserman_Schultz
Florida,Florida 20,Karen Harrington,Republican,38.1,False,False,D+13,general,
Florida,Florida 20,Stanley Blumenthal,Independent,1.0,False,False,D+13,general,
Florida,Florida 20,Bob Kunst,Independent,0.8,False,False,D+13,general,
Florida,Florida 21,Mario Díaz-Balart,Republican,,False,True,R+5,general,https://en.wikipedia.org/wiki/Mario_D%C3%ADaz-Balart
Florida,Florida 22,Allen West,Republican,54.4,False,True,D+1,general,https://en.wikipedia.org/wiki/Allen_West_(politician)
Florida,Florida 22,Ron Klein,Democratic,45.6,True,False,D+1,general,https://en.wikipedia.org/wiki/Ron_Klein
Florida,Florida 23,Alcee Hastings,Democratic,79.1,True,True,D+28,general,https://en.wikipedia.org/wiki/Alcee_Hastings
Florida,Florida 23,Bernard Sansaricq,Republican,20.9,False,False,D+28,general,https://en.wikipedia.org/wiki/Bernard_Sansaricq
Florida,Florida 24,Sandy Adams,Republican,59.6,False,True,R+4,general,https://en.wikipedia.org/wiki/Sandy_Adams
Florida,Florida 24,Suzanne Kosmas,Democratic,40.3,True,False,R+4,general,https://en.wikipedia.org/wiki/Suzanne_Kosmas
Florida,Florida 25,David Rivera,Republican,52.2,False,True,R+5,general,https://en.wikipedia.org/wiki/David_Rivera
Florida,Florida 25,Joe Garcia,Democratic,42.6,False,False,R+5,general,https://en.wikipedia.org/wiki/Joe_Garcia
Florida,Florida 25,Roly Arroyo,Tea,3.0,False,False,R+5,general,
Florida,Florida 25,Craig Porter,Florida Whig,2.2,False,False,R+5,general,
Florida,Florida 3,Corrine Brown,Democratic,63.0,True,True,D+18,general,https://en.wikipedia.org/wiki/Corrine_Brown
Florida,Florida 3,Mike Yost,Republican,33.9,False,False,D+18,general,
Florida,Florida 3,Terry Martin-Black,Independent,3.1,False,False,D+18,general,
Florida,Florida 4,Ander Crenshaw,Republican,77.2,True,True,R+17,general,https://en.wikipedia.org/wiki/Ander_Crenshaw
Florida,Florida 4,Troy Stanley,Independent,22.8,False,False,R+17,general,
Florida,Florida 5,Rich Nugent,Republican,67.4,False,True,R+9,general,https://en.wikipedia.org/wiki/Rich_Nugent
Florida,Florida 5,Jim Piccillo,Democratic,32.6,False,False,R+9,general,https://en.wikipedia.org/wiki/Jim_Piccillo
Florida,Florida 6,Cliff Stearns,Republican,71.5,True,True,R+10,general,https://en.wikipedia.org/wiki/Cliff_Stearns
Florida,Florida 6,Steve Schonberg,Independent,28.5,False,False,R+10,general,
Florida,Florida 7,John Mica,Republican,69.0,True,True,R+7,general,https://en.wikipedia.org/wiki/John_Mica
Florida,Florida 7,Heather Beaven,Democratic,31.0,False,False,R+7,general,https://en.wikipedia.org/wiki/Heather_Beaven
Florida,Florida 8,Daniel Webster,Republican,56.1,False,True,R+2,general,https://en.wikipedia.org/wiki/Daniel_Webster_(Florida_politician)
Florida,Florida 8,Alan Grayson,Democratic,38.2,True,False,R+2,general,https://en.wikipedia.org/wiki/Alan_Grayson
Florida,Florida 8,Peg Dunmire,Tea,3.8,False,False,R+2,general,
Florida,Florida 8,George Metcalfe,Independent,1.9,False,False,R+2,general,
Florida,Florida 9,Gus Bilirakis,Republican,71.4,True,True,R+6,general,https://en.wikipedia.org/wiki/Gus_Bilirakis
Florida,Florida 9,Anita de Palma,Democratic,28.6,False,False,R+6,general,
Georgia,Georgia 1,Jack Kingston,Republican,71.6,True,True,R+16,general,https://en.wikipedia.org/wiki/Jack_Kingston
Georgia,Georgia 1,Oscar Harris,Democratic,28.4,False,False,R+16,general,
Georgia,Georgia 10,Paul Broun,Republican,67.4,True,True,R+15,general,https://en.wikipedia.org/wiki/Paul_Broun
Georgia,Georgia 10,Russell Edwards,Democratic,32.6,False,False,R+15,general,https://en.wikipedia.org/wiki/Russell_Edwards
Georgia,Georgia 11,Phil Gingrey,Republican,100.0,True,True,R+20,general,https://en.wikipedia.org/wiki/Phil_Gingrey
Georgia,Georgia 12,John Barrow,Democratic,56.6,True,True,D+1,general,https://en.wikipedia.org/wiki/John_Barrow_(American_politician)
Georgia,Georgia 12,Ray McKinney,Republican,43.4,False,False,D+1,general,https://en.wikipedia.org/wiki/Ray_McKinney
Georgia,Georgia 13,David Scott,Democratic,69.4,True,True,D+15,general,https://en.wikipedia.org/wiki/David_Scott_(Georgia_politician)
Georgia,Georgia 13,Mike Crane,Republican,30.6,False,False,D+15,general,https://en.wikipedia.org/wiki/Mike_Crane
Georgia,Georgia 2,Sanford Bishop,Democratic,51.4,True,True,D+1,general,https://en.wikipedia.org/wiki/Sanford_Bishop
Georgia,Georgia 2,Mike Keown,Republican,48.6,False,False,D+1,general,https://en.wikipedia.org/wiki/Mike_Keown
Georgia,Georgia 3,Lynn Westmoreland,Republican,69.5,True,True,R+19,general,https://en.wikipedia.org/wiki/Lynn_Westmoreland
Georgia,Georgia 3,Frank Saunders,Democratic,30.5,False,False,R+19,general,
Georgia,Georgia 4,Hank Johnson,Democratic,74.7,True,True,D+24,general,https://en.wikipedia.org/wiki/Hank_Johnson
Georgia,Georgia 4,Liz Carter,Republican,25.3,False,False,D+24,general,
Georgia,Georgia 5,John Lewis,Democratic,73.7,True,True,D+26,general,https://en.wikipedia.org/wiki/John_Lewis
Georgia,Georgia 5,Fenn Little,Republican,26.3,False,False,D+26,general,https://en.wikipedia.org/wiki/Fenn_Little
Georgia,Georgia 6,Tom Price,Republican,99.9,True,True,R+19,general,https://en.wikipedia.org/wiki/Tom_Price_(American_politician)
Georgia,Georgia 7,Rob Woodall,Republican,67.1,False,True,R+16,general,https://en.wikipedia.org/wiki/Rob_Woodall
Georgia,Georgia 7,Doug Heckman,Democratic,32.9,False,False,R+16,general,https://en.wikipedia.org/wiki/Doug_Heckman
Georgia,Georgia 8,Austin Scott,Republican,52.7,False,True,R+10,general,https://en.wikipedia.org/wiki/Austin_Scott_(politician)
Georgia,Georgia 8,Jim Marshall,Democratic,47.3,True,False,R+10,general,https://en.wikipedia.org/wiki/Jim_Marshall_(Georgia_politician)
Georgia,Georgia 9,Tom Graves,Republican,100.0,True,True,R+28,general,https://en.wikipedia.org/wiki/Tom_Graves
Georgia,Georgia 9,Tom Graves,Republican,56.4,False,True,,special,https://en.wikipedia.org/wiki/Tom_Graves
Georgia,Georgia 9,Lee Hawkins,Republican,43.6,False,False,,special,https://en.wikipedia.org/wiki/Lee_Hawkins
Hawaii,Hawaii 1,Colleen Hanabusa,Democratic,53.2,False,True,D+11,general,https://en.wikipedia.org/wiki/Colleen_Hanabusa
Hawaii,Hawaii 1,Charles Djou,Republican,46.8,True,False,D+11,general,https://en.wikipedia.org/wiki/Charles_Djou
Hawaii,Hawaii 1,Charles Djou,Republican,39.4,False,True,,special,https://en.wikipedia.org/wiki/Charles_Djou
Hawaii,Hawaii 1,Colleen Hanabusa,Democratic,30.8,False,False,,special,https://en.wikipedia.org/wiki/Colleen_Hanabusa
Hawaii,Hawaii 1,Ed Case,Democratic,27.6,False,False,,special,https://en.wikipedia.org/wiki/Ed_Case
Hawaii,Hawaii 2,Mazie Hirono,Democratic,72.2,True,True,D+14,general,https://en.wikipedia.org/wiki/Mazie_Hirono
Hawaii,Hawaii 2,John Willoughby,Republican,25.3,False,False,D+14,general,
Hawaii,Hawaii 2,Patric Brock,Libertarian,1.8,False,False,D+14,general,
Hawaii,Hawaii 2,Andrew Von Sonn,Independent,0.7,False,False,D+14,general,
Idaho,Idaho 1,Raúl Labrador,Republican,51.0,False,True,R+18,general,https://en.wikipedia.org/wiki/Ra%C3%BAl_Labrador
Idaho,Idaho 1,Walt Minnick,Democratic,41.3,True,False,R+18,general,https://en.wikipedia.org/wiki/Walt_Minnick
Idaho,Idaho 1,Dave Olson,Independent,5.8,False,False,R+18,general,
Idaho,Idaho 1,Mike Washburn,Libertarian,1.9,False,False,R+18,general,
Idaho,Idaho 2,Mike Simpson,Republican,68.8,True,True,R+17,general,https://en.wikipedia.org/wiki/Mike_Simpson
Idaho,Idaho 2,Mike Crawford,Democratic,24.4,False,False,R+17,general,
Idaho,Idaho 2,Brian Schad,Independent,6.8,False,False,R+17,general,
Illinois,Illinois 1,Bobby Rush,Democratic,80.3,True,True,D+34,general,https://en.wikipedia.org/wiki/Bobby_Rush
Illinois,Illinois 1,Ray Wardingley,Republican,15.9,False,False,D+34,general,https://en.wikipedia.org/wiki/Ray_Wardingley
Illinois,Illinois 1,Jeff Adams,Green,3.8,False,False,D+34,general,
Illinois,Illinois 10,Bob Dold,Republican,51.1,False,True,D+6,general,https://en.wikipedia.org/wiki/Bob_Dold
Illinois,Illinois 10,Dan Seals,Democratic,48.9,False,False,D+6,general,https://en.wikipedia.org/wiki/Dan_Seals_(politician)
Illinois,Illinois 11,Adam Kinzinger,Republican,57.4,False,True,R+1,general,https://en.wikipedia.org/wiki/Adam_Kinzinger
Illinois,Illinois 11,Debbie Halvorson,Democratic,42.6,True,False,R+1,general,https://en.wikipedia.org/wiki/Debbie_Halvorson
Illinois,Illinois 12,Jerry Costello,Democratic,59.8,True,True,D+3,general,https://en.wikipedia.org/wiki/Jerry_Costello
Illinois,Illinois 12,Teri Newman,Republican,36.5,False,False,D+3,general,https://en.wikipedia.org/wiki/Teri_Newman
Illinois,Illinois 12,Rodger Jennings,Green,3.6,False,False,D+3,general,
Illinois,Illinois 13,Judy Biggert,Republican,63.8,True,True,R+1,general,https://en.wikipedia.org/wiki/Judy_Biggert
Illinois,Illinois 13,Scott Harper,Democratic,36.2,False,False,R+1,general,https://en.wikipedia.org/wiki/Scott_Harper_(candidate)
Illinois,Illinois 14,Randy Hultgren,Republican,51.3,False,True,R+1,general,https://en.wikipedia.org/wiki/Randy_Hultgren
Illinois,Illinois 14,Bill Foster,Democratic,45.0,True,False,R+1,general,https://en.wikipedia.org/wiki/Bill_Foster_(politician)
Illinois,Illinois 14,Dan Kairis,Green,3.6,False,False,R+1,general,
Illinois,Illinois 15,Tim Johnson,Republican,64.3,True,True,R+6,general,https://en.wikipedia.org/wiki/Tim_Johnson_(Illinois_politician)
Illinois,Illinois 15,David Gill,Democratic,35.7,False,False,R+6,general,https://en.wikipedia.org/wiki/David_Gill_(physician)
Illinois,Illinois 16,Donald Manzullo,Republican,65.0,True,True,R+2,general,https://en.wikipedia.org/wiki/Donald_Manzullo
Illinois,Illinois 16,George Gaulrapp,Democratic,31.0,False,False,R+2,general,
Illinois,Illinois 16,Terry Campbell,Green,4.0,False,False,R+2,general,
Illinois,Illinois 17,Bobby Schilling,Republican,52.6,False,True,D+3,general,https://en.wikipedia.org/wiki/Bobby_Schilling
Illinois,Illinois 17,Phil Hare,Democratic,43.0,True,False,D+3,general,https://en.wikipedia.org/wiki/Phil_Hare
Illinois,Illinois 17,Roger Davis,Green,4.4,False,False,D+3,general,
Illinois,Illinois 18,Aaron Schock,Republican,69.1,True,True,R+6,general,https://en.wikipedia.org/wiki/Aaron_Schock
Illinois,Illinois 18,D. K. Hirner,Democratic,25.8,False,False,R+6,general,
Illinois,Illinois 18,Sheldon Schafer,Green,5.1,False,False,R+6,general,
Illinois,Illinois 19,John Shimkus,Republican,71.2,True,True,R+9,general,https://en.wikipedia.org/wiki/John_Shimkus
Illinois,Illinois 19,Tim Bagwell,Democratic,28.8,False,False,R+9,general,https://en.wikipedia.org/wiki/Tim_Bagwell
Illinois,Illinois 2,Jesse Jackson Jr.,Democratic,80.5,True,True,D+36,general,https://en.wikipedia.org/wiki/Jesse_Jackson_Jr.
Illinois,Illinois 2,Isaac C. Hayes,Republican,13.8,False,False,D+36,general,
Illinois,Illinois 2,Anthony Williams,Green,5.7,False,False,D+36,general,
Illinois,Illinois 3,Dan Lipinski,Democratic,69.7,True,True,D+11,general,https://en.wikipedia.org/wiki/Dan_Lipinski
Illinois,Illinois 3,Michael Bendas,Republican,24.3,False,False,D+11,general,https://en.wikipedia.org/wiki/Michael_Bendas
Illinois,Illinois 3,Laurel Lambert Schmidt,Green,6.0,False,False,D+11,general,
Illinois,Illinois 4,Luis Gutiérrez,Democratic,77.4,True,True,D+32,general,https://en.wikipedia.org/wiki/Luis_Guti%C3%A9rrez
Illinois,Illinois 4,Israel Vázquez,Republican,14.3,False,False,D+32,general,
Illinois,Illinois 4,Bob Burns,Green,8.3,False,False,D+32,general,
Illinois,Illinois 5,Mike Quigley,Democratic,70.6,True,True,D+19,general,https://en.wikipedia.org/wiki/Mike_Quigley
Illinois,Illinois 5,David Ratowitz,Republican,25.4,False,False,D+19,general,https://en.wikipedia.org/wiki/David_Ratowitz
Illinois,Illinois 5,Matt Reichel,Green,4.0,False,False,D+19,general,
Illinois,Illinois 6,Peter Roskam,Republican,63.7,True,True,Even,general,https://en.wikipedia.org/wiki/Peter_Roskam
Illinois,Illinois 6,Ben Lowe,Democratic,36.3,False,False,Even,general,
Illinois,Illinois 7,Danny K. Davis,Democratic,81.5,True,True,D+35,general,https://en.wikipedia.org/wiki/Danny_K._Davis
Illinois,Illinois 7,Mark Weiman,Republican,16.1,False,False,D+35,general,https://en.wikipedia.org/wiki/Mark_Weiman
Illinois,Illinois 7,Clarence Clemons,Independent,2.4,False,False,D+35,general,
Illinois,Illinois 8,Joe Walsh,Republican,48.5,False,True,R+1,general,https://en.wikipedia.org/wiki/Joe_Walsh_(American_politician)
Illinois,Illinois 8,Melissa Bean,Democratic,48.3,True,False,R+1,general,https://en.wikipedia.org/wiki/Melissa_Bean
Illinois,Illinois 8,Bill Scheurer,Green,3.2,False,False,R+1,general,
Illinois,Illinois 9,Jan Schakowsky,Democratic,66.3,True,True,D+20,general,https://en.wikipedia.org/wiki/Jan_Schakowsky
Illinois,Illinois 9,Joel Pollak,Republican,31.1,False,False,D+20,general,https://en.wikipedia.org/wiki/Joel_Pollak
Illinois,Illinois 9,Simon Ribeiro,Green,2.5,False,False,D+20,general,
Indiana,Indiana 1,Pete Visclosky,Democratic,58.6,True,True,D+8,general,https://en.wikipedia.org/wiki/Pete_Visclosky
Indiana,Indiana 1,Mark Leyva,Republican,38.6,False,False,D+8,general,
Indiana,Indiana 1,Jon Morris,Libertarian,2.8,False,False,D+8,general,
Indiana,Indiana 2,Joe Donnelly,Democratic,48.2,True,True,R+2,general,https://en.wikipedia.org/wiki/Joe_Donnelly
Indiana,Indiana 2,Jackie Walorski,Republican,46.8,False,False,R+2,general,https://en.wikipedia.org/wiki/Jackie_Walorski
Indiana,Indiana 2,Mark Vogel,Libertarian,5.0,False,False,R+2,general,
Indiana,Indiana 3,Marlin Stutzman,Republican,62.8,False,True,R+14,general,https://en.wikipedia.org/wiki/Marlin_Stutzman
Indiana,Indiana 3,Tom Hayhurst,Democratic,33.1,False,False,R+14,general,
Indiana,Indiana 3,Scott Wise,Libertarian,4.1,False,False,R+14,general,
Indiana,Indiana 3,Marlin Stutzman,Republican,62.7,False,True,,special,https://en.wikipedia.org/wiki/Marlin_Stutzman
Indiana,Indiana 3,Tom Hayhurst,Democratic,33.0,False,False,,special,
Indiana,Indiana 3,Scott W. Wise,Libertarian,4.3,False,False,,special,
Indiana,Indiana 4,Todd Rokita,Republican,68.6,False,True,R+14,general,https://en.wikipedia.org/wiki/Todd_Rokita
Indiana,Indiana 4,David Sanders,Democratic,26.3,False,False,R+14,general,https://en.wikipedia.org/wiki/David_Sanders_(biologist)
Indiana,Indiana 4,John Duncan,Libertarian,5.1,False,False,R+14,general,
Indiana,Indiana 5,Dan Burton,Republican,62.1,True,True,R+17,general,https://en.wikipedia.org/wiki/Dan_Burton
Indiana,Indiana 5,Tim Crawford,Democratic,25.4,False,False,R+17,general,
Indiana,Indiana 5,Richard Reid,Libertarian,7.8,False,False,R+17,general,
Indiana,Indiana 5,Jesse Trueblood,Independent,4.8,False,False,R+17,general,
Indiana,Indiana 6,Mike Pence,Republican,66.6,True,True,R+10,general,https://en.wikipedia.org/wiki/Mike_Pence
Indiana,Indiana 6,Barry Welsh,Democratic,29.9,False,False,R+10,general,https://en.wikipedia.org/wiki/Barry_Welsh
Indiana,Indiana 6,T. J. Thompson,Libertarian,3.5,False,False,R+10,general,
Indiana,Indiana 7,André Carson,Democratic,58.9,True,True,D+14,general,https://en.wikipedia.org/wiki/Andr%C3%A9_Carson
Indiana,Indiana 7,Marvin Scott,Republican,37.8,False,False,D+14,general,https://en.wikipedia.org/wiki/Marvin_Scott
Indiana,Indiana 7,Dav Wilson,Libertarian,3.3,False,False,D+14,general,
Indiana,Indiana 8,Larry Bucshon,Republican,57.6,False,True,R+8,general,https://en.wikipedia.org/wiki/Larry_Bucshon
Indiana,Indiana 8,Trent VanHaaften,Democratic,37.4,False,False,R+8,general,https://en.wikipedia.org/wiki/Trent_VanHaaften
Indiana,Indiana 8,John Cunningham,Libertarian,5.0,False,False,R+8,general,
Indiana,Indiana 9,Todd Young,Republican,52.3,False,True,R+6,general,https://en.wikipedia.org/wiki/Todd_Young
Indiana,Indiana 9,Baron Hill,Democratic,42.3,True,False,R+6,general,https://en.wikipedia.org/wiki/Baron_Hill_(politician)
Indiana,Indiana 9,Greg Knott,Libertarian,5.4,False,False,R+6,general,
Iowa,Iowa 1,Bruce Braley,Democratic,49.5,True,True,D+5,general,https://en.wikipedia.org/wiki/Bruce_Braley
Iowa,Iowa 1,Benjamin Lange,Republican,47.5,False,False,D+5,general,
Iowa,Iowa 1,Rob Petsche,Libertarian,1.9,False,False,D+5,general,
Iowa,Iowa 1,Jason Faulkner,Independent,1.0,False,False,D+5,general,
Iowa,Iowa 2,David Loebsack,Democratic,51.0,True,True,D+7,general,https://en.wikipedia.org/wiki/David_Loebsack
Iowa,Iowa 2,Mariannette Miller-Meeks,Republican,45.9,False,False,D+7,general,https://en.wikipedia.org/wiki/Mariannette_Miller-Meeks
Iowa,Iowa 2,Gary Sicard,Libertarian,1.9,False,False,D+7,general,
Iowa,Iowa 2,Jon Tack,Constitution,1.1,False,False,D+7,general,
Iowa,Iowa 3,Leonard Boswell,Democratic,50.7,True,True,D+1,general,https://en.wikipedia.org/wiki/Leonard_Boswell
Iowa,Iowa 3,Brad Zaun,Republican,46.5,False,False,D+1,general,https://en.wikipedia.org/wiki/Brad_Zaun
Iowa,Iowa 3,Rebecca Williamson,Socialist Workers,2.6,False,False,D+1,general,
Iowa,Iowa 4,Tom Latham,Republican,65.6,True,True,EVEN,general,https://en.wikipedia.org/wiki/Tom_Latham_(politician)
Iowa,Iowa 4,Bill Maske,Democratic,32.0,False,False,EVEN,general,
Iowa,Iowa 4,Dan Lensing,Independent,2.4,False,False,EVEN,general,
Iowa,Iowa 5,Steve King,Republican,65.8,True,True,R+9,general,https://en.wikipedia.org/wiki/Steve_King
Iowa,Iowa 5,Matt Campbell,Democratic,32.3,False,False,R+9,general,https://en.wikipedia.org/wiki/Matt_Campbell_(politician)
Iowa,Iowa 5,Martin Monroe,Independent,1.9,False,False,R+9,general,
Kansas,Kansas 1,Tim Huelskamp,Republican,73.7,False,True,R+23,general,https://en.wikipedia.org/wiki/Tim_Huelskamp
Kansas,Kansas 1,Alan Jilka,Democratic,22.8,False,False,R+23,general,
Kansas,Kansas 1,Jack Warner,Libertarian,3.3,False,False,R+23,general,
Kansas,Kansas 2,Lynn Jenkins,Republican,63.1,True,True,R+9,general,https://en.wikipedia.org/wiki/Lynn_Jenkins
Kansas,Kansas 2,Cheryl Hudspeth,Democratic,32.3,False,False,R+9,general,
Kansas,Kansas 2,Robert Garrard,Libertarian,4.5,False,False,R+9,general,
Kansas,Kansas 3,Kevin Yoder,Republican,58.4,False,True,R+3,general,https://en.wikipedia.org/wiki/Kevin_Yoder
Kansas,Kansas 3,Stephene Moore,Democratic,38.6,False,False,R+3,general,
Kansas,Kansas 3,Jasmin Talbert,Libertarian,2.9,False,False,R+3,general,
Kansas,Kansas 4,Mike Pompeo,Republican,58.7,False,True,R+14,general,https://en.wikipedia.org/wiki/Mike_Pompeo
Kansas,Kansas 4,Raj Goyle,Democratic,36.4,False,False,R+14,general,https://en.wikipedia.org/wiki/Raj_Goyle
Kansas,Kansas 4,Susan Ducey,Reform,2.4,False,False,R+14,general,
Kansas,Kansas 4,Shawn Smith,Libertarian,2.2,False,False,R+14,general,
Kentucky,Kentucky 1,Ed Whitfield,Republican,71.2,True,True,R+15,general,https://en.wikipedia.org/wiki/Ed_Whitfield
Kentucky,Kentucky 1,Charles Hatchett,Democratic,28.8,False,False,R+15,general,
Kentucky,Kentucky 2,Brett Guthrie,Republican,67.9,True,True,R+15,general,https://en.wikipedia.org/wiki/Brett_Guthrie
Kentucky,Kentucky 2,Ed Marksberry,Democratic,32.1,False,False,R+15,general,
Kentucky,Kentucky 3,John Yarmuth,Democratic,54.7,True,True,D+2,general,https://en.wikipedia.org/wiki/John_Yarmuth
Kentucky,Kentucky 3,Todd Lally,Republican,44.0,False,False,D+2,general,
Kentucky,Kentucky 3,Edward Martin,Libertarian,0.8,False,False,D+2,general,
Kentucky,Kentucky 3,Michael Hansen,Independent,0.5,False,False,D+2,general,
Kentucky,Kentucky 4,Geoff Davis,Republican,69.5,True,True,R+14,general,https://en.wikipedia.org/wiki/Geoff_Davis
Kentucky,Kentucky 4,John Waltz,Democratic,30.5,False,False,R+14,general,
Kentucky,Kentucky 5,Hal Rogers,Republican,77.4,True,True,R+16,general,https://en.wikipedia.org/wiki/Hal_Rogers
Kentucky,Kentucky 5,Jim Holbert,Democratic,22.6,False,False,R+16,general,
Kentucky,Kentucky 6,Ben Chandler,Democratic,50.1,True,True,R+9,general,https://en.wikipedia.org/wiki/Ben_Chandler
Kentucky,Kentucky 6,Andy Barr,Republican,49.8,False,False,R+9,general,https://en.wikipedia.org/wiki/Andy_Barr_(American_politician)
Louisiana,Louisiana 1,Steve Scalise,Republican,78.5,True,True,R+24,general,https://en.wikipedia.org/wiki/Steve_Scalise
Louisiana,Louisiana 1,Myron Katz,Democratic,19.2,False,False,R+24,general,https://en.wikipedia.org/wiki/Myron_Katz
Louisiana,Louisiana 1,Arden Wells,Independent,2.3,False,False,R+24,general,
Louisiana,Louisiana 2,Cedric Richmond,Democratic,64.6,False,True,D+25,general,https://en.wikipedia.org/wiki/Cedric_Richmond
Louisiana,Louisiana 2,Joseph Cao,Republican,33.5,True,False,D+25,general,https://en.wikipedia.org/wiki/Joseph_Cao
Louisiana,Louisiana 2,Anthony Marquize,Independent,1.4,False,False,D+25,general,
Louisiana,Louisiana 2,Jack Radosta,Independent,0.5,False,False,D+25,general,
Louisiana,Louisiana 3,Jeff Landry,Republican,63.8,False,True,R+12,general,https://en.wikipedia.org/wiki/Jeff_Landry
Louisiana,Louisiana 3,Ravi Sangisetty,Democratic,36.2,False,False,R+12,general,https://en.wikipedia.org/wiki/Ravi_Sangisetty
Louisiana,Louisiana 4,John C. Fleming,Republican,62.3,True,True,R+11,general,https://en.wikipedia.org/wiki/John_C._Fleming
Louisiana,Louisiana 4,David Melville,Democratic,32.4,False,False,R+11,general,
Louisiana,Louisiana 4,Artis Cash,Independent,5.3,False,False,R+11,general,
Louisiana,Louisiana 5,Rodney Alexander,Republican,78.6,True,True,R+14,general,https://en.wikipedia.org/wiki/Rodney_Alexander
Louisiana,Louisiana 5,Tom Gibbs,Independent,21.4,False,False,R+14,general,
Louisiana,Louisiana 6,Bill Cassidy,Republican,65.6,True,True,R+10,general,https://en.wikipedia.org/wiki/Bill_Cassidy
Louisiana,Louisiana 6,Merritt McDonald,Democratic,34.4,False,False,R+10,general,https://en.wikipedia.org/wiki/Merritt_McDonald
Louisiana,Louisiana 7,Charles Boustany,Republican,,True,True,R+14,general,https://en.wikipedia.org/wiki/Charles_Boustany
Maine,Maine 1,Chellie Pingree,Democratic,56.8,True,True,D+8,general,https://en.wikipedia.org/wiki/Chellie_Pingree
Maine,Maine 1,Dean Peter Scontras,Republican,43.2,False,False,D+8,general,
Maine,Maine 2,Mike Michaud,Democratic,55.1,True,True,D+3,general,https://en.wikipedia.org/wiki/Mike_Michaud
Maine,Maine 2,Jason Levesque,Republican,44.9,False,False,D+3,general,https://en.wikipedia.org/wiki/Jason_Levesque
Maryland,Maryland 1,Andrew P. Harris,Republican,54.1,False,True,R+13,general,https://en.wikipedia.org/wiki/Andrew_P._Harris
Maryland,Maryland 1,Frank Kratovil,Democratic,42.0,True,False,R+13,general,https://en.wikipedia.org/wiki/Frank_Kratovil
Maryland,Maryland 1,Richard Davis,Libertarian,3.8,False,False,R+13,general,
Maryland,Maryland 2,Dutch Ruppersberger,Democratic,64.2,True,True,D+7,general,https://en.wikipedia.org/wiki/Dutch_Ruppersberger
Maryland,Maryland 2,Marcello Cardarelli,Republican,33.3,False,False,D+7,general,
Maryland,Maryland 2,Lorenzo Gaztanaga,Libertarian,2.4,False,False,D+7,general,
Maryland,Maryland 3,John Sarbanes,Democratic,61.1,True,True,D+6,general,https://en.wikipedia.org/wiki/John_Sarbanes
Maryland,Maryland 3,Jim Wilhelm,Republican,36.0,False,False,D+6,general,
Maryland,Maryland 3,Jerry McKinley,Libertarian,2.2,False,False,D+6,general,
Maryland,Maryland 3,Alain Lareau,Constitution,0.7,False,False,D+6,general,
Maryland,Maryland 4,Donna Edwards,Democratic,83.4,True,True,D+31,general,https://en.wikipedia.org/wiki/Donna_Edwards
Maryland,Maryland 4,Robert Broadus,Republican,16.4,False,False,D+31,general,
Maryland,Maryland 5,Steny Hoyer,Democratic,64.3,True,True,D+11,general,https://en.wikipedia.org/wiki/Steny_Hoyer
Maryland,Maryland 5,Charles Lollar,Republican,34.6,False,False,D+11,general,https://en.wikipedia.org/wiki/Charles_Lollar
Maryland,Maryland 5,Gavin Shickle,Libertarian,1.1,False,False,D+11,general,
Maryland,Maryland 6,Roscoe Bartlett,Republican,61.5,True,True,R+13,general,https://en.wikipedia.org/wiki/Roscoe_Bartlett
Maryland,Maryland 6,Andrew Duck,Democratic,33.2,False,False,R+13,general,https://en.wikipedia.org/wiki/Andrew_Duck
Maryland,Maryland 6,Dan Massey,Libertarian,2.8,False,False,R+13,general,
Maryland,Maryland 6,Michael Reed,Constitution,2.4,False,False,R+13,general,
Maryland,Maryland 7,Elijah Cummings,Democratic,75.2,True,True,D+25,general,https://en.wikipedia.org/wiki/Elijah_Cummings
Maryland,Maryland 7,Frank Mirable,Republican,22.8,False,False,D+25,general,
Maryland,Maryland 7,Scott Spencer,Libertarian,1.9,False,False,D+25,general,
Maryland,Maryland 8,Chris Van Hollen,Democratic,73.3,True,True,D+21,general,https://en.wikipedia.org/wiki/Chris_Van_Hollen
Maryland,Maryland 8,Michael Lee Philips,Republican,25.0,False,False,D+21,general,
Maryland,Maryland 8,Mark Grannis,Libertarian,1.3,False,False,D+21,general,
Maryland,Maryland 8,Fred Nordhorn,Constitution,0.3,False,False,D+21,general,
Massachusetts,Massachusetts 1,John Olver,Democratic,60.0,True,True,D+14,general,https://en.wikipedia.org/wiki/John_Olver
Massachusetts,Massachusetts 1,William Gunn,Republican,34.9,False,False,D+14,general,https://en.wikipedia.org/wiki/Bill_Gunn_(Massachusetts_politician)
Massachusetts,Massachusetts 1,Michael Engel,Independent,5.1,False,False,D+14,general,
Massachusetts,Massachusetts 10,William R. Keating,Democratic,46.9,False,True,D+5,general,https://en.wikipedia.org/wiki/William_R._Keating
Massachusetts,Massachusetts 10,Jeff Perry,Republican,42.4,False,False,D+5,general,https://en.wikipedia.org/wiki/Jeff_Perry_(politician)
Massachusetts,Massachusetts 10,Maryanne Lewis,Independent,5.9,False,False,D+5,general,
Massachusetts,Massachusetts 10,James Sheets,Independent,3.7,False,False,D+5,general,
Massachusetts,Massachusetts 10,Joe Van Nes,Independent,1.1,False,False,D+5,general,
Massachusetts,Massachusetts 2,Richard Neal,Democratic,57.4,True,True,D+9,general,https://en.wikipedia.org/wiki/Richard_Neal
Massachusetts,Massachusetts 2,Thomas Wesley,Republican,42.6,False,False,D+9,general,https://en.wikipedia.org/wiki/Thomas_Wesley
Massachusetts,Massachusetts 3,Jim McGovern,Democratic,56.5,True,True,D+9,general,https://en.wikipedia.org/wiki/Jim_McGovern_(American_politician)
Massachusetts,Massachusetts 3,Martin Lamb,Republican,39.2,False,False,D+9,general,
Massachusetts,Massachusetts 3,Patrick Barron,Independent,4.3,False,False,D+9,general,
Massachusetts,Massachusetts 4,Barney Frank,Democratic,53.9,True,True,D+14,general,https://en.wikipedia.org/wiki/Barney_Frank
Massachusetts,Massachusetts 4,Sean Bielat,Republican,43.4,False,False,D+14,general,https://en.wikipedia.org/wiki/Sean_Bielat
Massachusetts,Massachusetts 4,Susan Allen,Independent,1.5,False,False,D+14,general,https://en.wikipedia.org/wiki/Susan_Allen
Massachusetts,Massachusetts 4,Donald Jordan,Independent,1.2,False,False,D+14,general,
Massachusetts,Massachusetts 5,Niki Tsongas,Democratic,54.9,True,True,D+8,general,https://en.wikipedia.org/wiki/Niki_Tsongas
Massachusetts,Massachusetts 5,Jonathan Golnik,Republican,42.3,False,False,D+8,general,
Massachusetts,Massachusetts 5,Dale Brown,Independent,2.0,False,False,D+8,general,
Massachusetts,Massachusetts 5,Robert Clark,Independent,0.9,False,False,D+8,general,
Massachusetts,Massachusetts 6,John F. Tierney,Democratic,56.9,True,True,D+7,general,https://en.wikipedia.org/wiki/John_F._Tierney
Massachusetts,Massachusetts 6,Bill Hudak,Republican,43.1,False,False,D+7,general,https://en.wikipedia.org/wiki/Bill_Hudak
Massachusetts,Massachusetts 7,Ed Markey,Democratic,66.5,True,True,D+15,general,https://en.wikipedia.org/wiki/Ed_Markey
Massachusetts,Massachusetts 7,Gerry Dembrowski,Republican,33.5,False,False,D+15,general,
Massachusetts,Massachusetts 8,Mike Capuano,Democratic,,True,True,D+32,general,https://en.wikipedia.org/wiki/Mike_Capuano
Massachusetts,Massachusetts 9,Stephen Lynch,Democratic,68.4,True,True,D+11,general,https://en.wikipedia.org/wiki/Stephen_F._Lynch
Massachusetts,Massachusetts 9,Vernon Harrison,Republican,26.1,False,False,D+11,general,
Massachusetts,Massachusetts 9,Philip Dunkelbarger,Independent,5.6,False,False,D+11,general,
Michigan,Michigan 1,Dan Benishek,Republican,51.9,False,True,R+3,general,https://en.wikipedia.org/wiki/Dan_Benishek
Michigan,Michigan 1,Gary McDowell,Democratic,40.9,False,False,R+3,general,https://en.wikipedia.org/wiki/Gary_McDowell
Michigan,Michigan 1,Glenn Wilson,Independent,3.4,False,False,R+3,general,
Michigan,Michigan 1,Pat Lambert,US Taxpayers,1.8,False,False,R+3,general,
Michigan,Michigan 1,Keith Shelton,Libertarian,1.1,False,False,R+3,general,
Michigan,Michigan 1,Ellis Boal,Green,0.9,False,False,R+3,general,
Michigan,Michigan 10,Candice Miller,Republican,72.0,False,True,R+5,general,https://en.wikipedia.org/wiki/Candice_Miller
Michigan,Michigan 10,Henry Yanez,Democratic,25.0,False,False,R+5,general,https://en.wikipedia.org/wiki/Henry_Yanez
Michigan,Michigan 10,Claude Beavers,Libertarian,1.6,False,False,R+5,general,
Michigan,Michigan 10,Candace Caveny,Green,1.4,False,False,R+5,general,
Michigan,Michigan 11,Thad McCotter,Republican,59.3,True,True,EVEN,general,https://en.wikipedia.org/wiki/Thad_McCotter
Michigan,Michigan 11,Natalie Mosher,Democratic,38.5,False,False,EVEN,general,https://en.wikipedia.org/wiki/Natalie_Mosher
Michigan,Michigan 11,John Tatar,Libertarian,2.2,False,False,EVEN,general,
Michigan,Michigan 12,Sander Levin,Democratic,61.1,True,True,D+12,general,https://en.wikipedia.org/wiki/Sander_Levin
Michigan,Michigan 12,Don Volaric,Republican,35.0,False,False,D+12,general,https://en.wikipedia.org/wiki/Don_Volaric
Michigan,Michigan 12,Julia Williams,Green,1.5,False,False,D+12,general,
Michigan,Michigan 12,Leonard Schwartz,Libertarian,1.1,False,False,D+12,general,
Michigan,Michigan 12,Les Townsend,US Taxpayers,1.1,False,False,D+12,general,
Michigan,Michigan 12,Alan Jacquemotte,Independent,0.2,False,False,D+12,general,
Michigan,Michigan 13,Hansen Clarke,Democratic,79.4,False,True,D+31,general,https://en.wikipedia.org/wiki/Hansen_Clarke
Michigan,Michigan 13,John Hauler,Republican,18.5,False,False,D+31,general,https://en.wikipedia.org/wiki/John_Hauler
Michigan,Michigan 13,George Corsetti,Green,0.8,False,False,D+31,general,
Michigan,Michigan 13,Duane Montgomery,Independent,0.7,False,False,D+31,general,
Michigan,Michigan 13,Heidi Peterson,Libertarian,0.6,False,False,D+31,general,
Michigan,Michigan 14,John Conyers,Democratic,76.8,True,True,D+34,general,https://en.wikipedia.org/wiki/John_Conyers
Michigan,Michigan 14,Don Ukrainec,Republican,19.9,False,False,D+34,general,https://en.wikipedia.org/wiki/Don_Ukrainec
Michigan,Michigan 14,Marc Sosnowski,US Taxpayers,2.1,False,False,D+34,general,
Michigan,Michigan 14,Rick Secula,Libertarian,1.2,False,False,D+34,general,
Michigan,Michigan 15,John Dingell,Democratic,56.8,True,True,D+13,general,https://en.wikipedia.org/wiki/John_Dingell
Michigan,Michigan 15,Rob Steele,Republican,40.1,False,False,D+13,general,
Michigan,Michigan 15,Aimee Smith,Green,1.3,False,False,D+13,general,
Michigan,Michigan 15,Kerry Morgan,Libertarian,0.9,False,False,D+13,general,
Michigan,Michigan 15,Matt Furman,US Taxpayers,0.9,False,False,D+13,general,
Michigan,Michigan 2,Bill Huizenga,Republican,65.3,False,True,R+7,general,https://en.wikipedia.org/wiki/Bill_Huizenga
Michigan,Michigan 2,Fred Johnson,Democratic,31.6,False,False,R+7,general,
Michigan,Michigan 2,Jay Gillotte,Libertarian,1.2,False,False,R+7,general,
Michigan,Michigan 2,Ronald Graeser,US Taxpayers,1.0,False,False,R+7,general,
Michigan,Michigan 2,Lloyd Clarke,Green,0.9,False,False,R+7,general,
Michigan,Michigan 3,Justin Amash,Republican,59.7,False,True,R+6,general,https://en.wikipedia.org/wiki/Justin_Amash
Michigan,Michigan 3,Pat Miles,Democratic,37.5,False,False,R+6,general,https://en.wikipedia.org/wiki/Pat_Miles
Michigan,Michigan 3,James Rogers,Libertarian,1.2,False,False,R+6,general,
Michigan,Michigan 3,Ted Gerrard,US Taxpayers,1.0,False,False,R+6,general,
Michigan,Michigan 3,Charlie Shick,Green,0.7,False,False,R+6,general,
Michigan,Michigan 4,Dave Camp,Republican,66.2,True,True,R+3,general,https://en.wikipedia.org/wiki/Dave_Camp
Michigan,Michigan 4,Jerry Campbell,Democratic,30.5,False,False,R+3,general,
Michigan,Michigan 4,John Emerick,US Taxpayers,1.7,False,False,R+3,general,
Michigan,Michigan 4,Clint Foster,Libertarian,1.6,False,False,R+3,general,
Michigan,Michigan 5,Dale Kildee,Democratic,53.0,True,True,D+11,general,https://en.wikipedia.org/wiki/Dale_Kildee
Michigan,Michigan 5,John Kuipec,Republican,44.3,False,False,D+11,general,
Michigan,Michigan 5,Matt de Heus,Green,1.3,False,False,D+11,general,
Michigan,Michigan 5,Michael Moon,Libertarian,1.3,False,False,D+11,general,
Michigan,Michigan 6,Fred Upton,Republican,62.0,True,True,EVEN,general,https://en.wikipedia.org/wiki/Fred_Upton
Michigan,Michigan 6,Don Cooney,Democratic,33.6,False,False,EVEN,general,https://en.wikipedia.org/wiki/Don_Cooney
Michigan,Michigan 6,Mel Vaulkner,US Taxpayers,1.8,False,False,EVEN,general,
Michigan,Michigan 6,Fred Strand,Libertarian,1.7,False,False,EVEN,general,
Michigan,Michigan 6,Pat Foster,Green,0.9,False,False,EVEN,general,
Michigan,Michigan 7,Tim Walberg,Republican,50.2,False,True,R+2,general,https://en.wikipedia.org/wiki/Tim_Walberg
Michigan,Michigan 7,Mark Schauer,Democratic,45.4,True,False,R+2,general,https://en.wikipedia.org/wiki/Mark_Schauer
Michigan,Michigan 7,Scott Aughney,Independent,1.6,False,False,R+2,general,
Michigan,Michigan 7,Greg Merle,Libertarian,1.4,False,False,R+2,general,
Michigan,Michigan 7,Richard Wunsch,Green,1.4,False,False,R+2,general,
Michigan,Michigan 8,Mike Rogers,Republican,64.1,True,True,R+2,general,https://en.wikipedia.org/wiki/Mike_Rogers_(Michigan_politician)
Michigan,Michigan 8,Lance Enderle,Democratic,34.3,False,False,R+2,general,https://en.wikipedia.org/wiki/Lance_Enderle
Michigan,Michigan 8,Bob Dashairya,Libertarian,1.6,False,False,R+2,general,
Michigan,Michigan 9,Gary Peters,Democratic,49.8,True,True,D+2,general,https://en.wikipedia.org/wiki/Gary_Peters
Michigan,Michigan 9,Rocky Raczkowski,Republican,47.2,False,False,D+2,general,https://en.wikipedia.org/wiki/Rocky_Raczkowski
Michigan,Michigan 9,Adam Goodman,Libertarian,1.0,False,False,D+2,general,
Michigan,Michigan 9,Douglas Campbell,Green,1.0,False,False,D+2,general,
Michigan,Michigan 9,Bob Gray,Independent,0.7,False,False,D+2,general,
Michigan,Michigan 9,Matthew Kuofie,Independent,0.3,False,False,D+2,general,
Minnesota,Minnesota 1,Tim Walz,DFL,49.3,True,True,R+1,general,https://en.wikipedia.org/wiki/Tim_Walz
Minnesota,Minnesota 1,Randy Demmer,Republican,44.1,False,False,R+1,general,https://en.wikipedia.org/wiki/Randy_Demmer
Minnesota,Minnesota 1,Steven Wilson,Independence,5.3,False,False,R+1,general,
Minnesota,Minnesota 1,Lars Johnson,Independent,1.2,False,False,R+1,general,
Minnesota,Minnesota 2,John Kline,Republican,63.3,True,True,R+4,general,https://en.wikipedia.org/wiki/John_Kline_(politician)
Minnesota,Minnesota 2,Shelley Madore,DFL,36.6,False,False,R+4,general,https://en.wikipedia.org/wiki/Shelley_Madore
Minnesota,Minnesota 3,Erik Paulsen,Republican,58.8,True,True,EVEN,general,https://en.wikipedia.org/wiki/Erik_Paulsen
Minnesota,Minnesota 3,Jim Meffert,DFL,36.6,False,False,EVEN,general,https://en.wikipedia.org/wiki/Jim_Meffert
Minnesota,Minnesota 3,Jon Oleson,Independence,4.6,False,False,EVEN,general,
Minnesota,Minnesota 4,Betty McCollum,DFL,59.1,True,True,D+13,general,https://en.wikipedia.org/wiki/Betty_McCollum
Minnesota,Minnesota 4,Teresa Collett,Republican,34.6,False,False,D+13,general,
Minnesota,Minnesota 4,Steve Carlson,Independence,6.1,False,False,D+13,general,
Minnesota,Minnesota 5,Keith Ellison,DFL,67.7,True,True,D+23,general,https://en.wikipedia.org/wiki/Keith_Ellison
Minnesota,Minnesota 5,Alexander Demos,Republican,24.1,False,False,D+23,general,
Minnesota,Minnesota 5,Lynn Torgerson,Independent,3.7,False,False,D+23,general,
Minnesota,Minnesota 5,Tom Schrunk,Independence,3.3,False,False,D+23,general,
Minnesota,Minnesota 5,Michael Cavlan,Independent,1.1,False,False,D+23,general,
Minnesota,Minnesota 6,Michele Bachmann,Republican,52.5,True,True,R+7,general,https://en.wikipedia.org/wiki/Michele_Bachmann
Minnesota,Minnesota 6,Tarryl Clark,DFL,39.8,False,False,R+7,general,https://en.wikipedia.org/wiki/Tarryl_Clark
Minnesota,Minnesota 6,Bob Anderson,Independence,5.8,False,False,R+7,general,
Minnesota,Minnesota 6,Aubrey Immelman,Independent,1.8,False,False,R+7,general,
Minnesota,Minnesota 7,Collin Peterson,DFL,55.2,True,True,R+5,general,https://en.wikipedia.org/wiki/Collin_Peterson
Minnesota,Minnesota 7,Lee Byberg,Republican,37.6,False,False,R+5,general,
Minnesota,Minnesota 7,Gene Waldorf,Independent,3.9,False,False,R+5,general,
Minnesota,Minnesota 7,Glen Menze,Independence,3.3,False,False,R+5,general,
Minnesota,Minnesota 8,Chip Cravaack,Republican,48.2,False,True,D+3,general,https://en.wikipedia.org/wiki/Chip_Cravaack
Minnesota,Minnesota 8,Jim Oberstar,DFL,46.6,True,False,D+3,general,https://en.wikipedia.org/wiki/Jim_Oberstar
Minnesota,Minnesota 8,Tim Olson,Independence,4.3,False,False,D+3,general,
Minnesota,Minnesota 8,George Burton,Constitution,0.9,False,False,D+3,general,
Mississippi,Mississippi 1,Alan Nunnelee,Republican,55.3,False,True,R+14,general,https://en.wikipedia.org/wiki/Alan_Nunnelee
Mississippi,Mississippi 1,Travis Childers,Democratic,40.8,True,False,R+14,general,https://en.wikipedia.org/wiki/Travis_Childers
Mississippi,Mississippi 1,Wally Pang,Independent,1.0,False,False,R+14,general,
Mississippi,Mississippi 1,Les Green,Independent,0.9,False,False,R+14,general,
Mississippi,Mississippi 1,A. G. Baddley,Independent,0.9,False,False,R+14,general,
Mississippi,Mississippi 1,Gail Giaranita,Constitution,0.6,False,False,R+14,general,
Mississippi,Mississippi 1,Rico Hoskins,Independent,0.2,False,False,R+14,general,
Mississippi,Mississippi 1,Harold Taylor,Libertarian,0.2,False,False,R+14,general,
Mississippi,Mississippi 1,Barbara Washer,Reform,0.2,False,False,R+14,general,
Mississippi,Mississippi 2,Bennie Thompson,Democratic,61.5,True,True,D+12,general,https://en.wikipedia.org/wiki/Bennie_Thompson
Mississippi,Mississippi 2,Bill Marcy,Republican,37.6,False,False,D+12,general,https://en.wikipedia.org/wiki/Bill_Marcy
Mississippi,Mississippi 2,Ashley Norwood,Reform,0.9,False,False,D+12,general,
Mississippi,Mississippi 3,Gregg Harper,Republican,68.0,True,True,R+15,general,https://en.wikipedia.org/wiki/Gregg_Harper
Mississippi,Mississippi 3,Joel Gill,Democratic,31.2,False,False,R+15,general,https://en.wikipedia.org/wiki/Joel_Gill
Mississippi,Mississippi 3,Tracella Lou O'Hara Hill,Reform,0.8,False,False,R+15,general,
Mississippi,Mississippi 4,Steven Palazzo,Republican,51.9,False,True,R+20,general,https://en.wikipedia.org/wiki/Steven_Palazzo
Mississippi,Mississippi 4,Gene Taylor,Democratic,46.8,True,False,R+20,general,https://en.wikipedia.org/wiki/Gene_Taylor_(Mississippi)
Mississippi,Mississippi 4,Tim Hampton,Libertarian,0.9,False,False,R+20,general,
Mississippi,Mississippi 4,Anna Jewel Revies,Reform,0.4,False,False,R+20,general,
Missouri,Missouri 1,Lacy Clay,Democratic,73.6,True,True,D+27,general,https://en.wikipedia.org/wiki/Lacy_Clay
Missouri,Missouri 1,Robyn Hamlin,Republican,23.6,False,False,D+27,general,https://en.wikipedia.org/wiki/Robyn_Hamlin
Missouri,Missouri 1,Julie Stone,Libertarian,2.8,False,False,D+27,general,
Missouri,Missouri 2,Todd Akin,Republican,67.9,True,True,R+9,general,https://en.wikipedia.org/wiki/Todd_Akin
Missouri,Missouri 2,Arthur Lieber,Democratic,29.2,False,False,R+9,general,https://en.wikipedia.org/wiki/Arthur_Lieber
Missouri,Missouri 2,Steve Mosbacher,Libertarian,2.9,False,False,R+9,general,
Missouri,Missouri 3,Russ Carnahan,Democratic,48.9,True,True,D+7,general,https://en.wikipedia.org/wiki/Russ_Carnahan
Missouri,Missouri 3,Ed Martin,Republican,46.7,False,False,D+7,general,https://en.wikipedia.org/wiki/Ed_Martin_(Missouri_politician)
Missouri,Missouri 3,Steven Hedrick,Libertarian,2.8,False,False,D+7,general,
Missouri,Missouri 3,Nick Ivanovich,Constitution,1.6,False,False,D+7,general,
Missouri,Missouri 4,Vicky Hartzler,Republican,50.4,False,True,R+14,general,https://en.wikipedia.org/wiki/Vicky_Hartzler
Missouri,Missouri 4,Ike Skelton,Democratic,45.1,True,False,R+14,general,https://en.wikipedia.org/wiki/Ike_Skelton
Missouri,Missouri 4,Jason Michael Braun,Libertarian,2.7,False,False,R+14,general,
Missouri,Missouri 4,Greg Cowan,Constitution,1.7,False,False,R+14,general,
Missouri,Missouri 5,Emanuel Cleaver,Democratic,53.3,True,True,D+10,general,https://en.wikipedia.org/wiki/Emanuel_Cleaver
Missouri,Missouri 5,Jacob Turk,Republican,44.2,False,False,D+10,general,https://en.wikipedia.org/wiki/Jacob_Turk
Missouri,Missouri 5,Randy Langkraehr,Libertarian,1.6,False,False,D+10,general,
Missouri,Missouri 5,Dave Lay,Constitution,0.9,False,False,D+10,general,
Missouri,Missouri 6,Sam Graves,Republican,69.4,True,True,R+7,general,https://en.wikipedia.org/wiki/Sam_Graves
Missouri,Missouri 6,Clint Hylton,Democratic,30.5,False,False,R+7,general,https://en.wikipedia.org/wiki/Clint_Hylton
Missouri,Missouri 7,Billy Long,Republican,63.4,False,True,R+17,general,https://en.wikipedia.org/wiki/Billy_Long
Missouri,Missouri 7,Scott Eckersley,Democratic,30.4,False,False,R+17,general,https://en.wikipedia.org/wiki/Scott_Eckersley
Missouri,Missouri 7,Kevin Craig,Libertarian,6.2,False,False,R+17,general,
Missouri,Missouri 8,Jo Ann Emerson,Republican,65.6,True,True,R+15,general,https://en.wikipedia.org/wiki/Jo_Ann_Emerson
Missouri,Missouri 8,Tommy Sowers,Democratic,28.8,False,False,R+15,general,https://en.wikipedia.org/wiki/Tommy_Sowers
Missouri,Missouri 8,Larry Bill,Independent,3.7,False,False,R+15,general,
Missouri,Missouri 8,Rick Vandeven,Libertarian,2.0,False,False,R+15,general,
Missouri,Missouri 9,Blaine Luetkemeyer,Republican,77.4,True,True,R+9,general,https://en.wikipedia.org/wiki/Blaine_Luetkemeyer
Missouri,Missouri 9,Christopher Dwyer,Libertarian,22.3,False,False,R+9,general,
Montana,Montana at-large,Denny Rehberg,Republican,60.3,True,True,R+7,general,https://en.wikipedia.org/wiki/Denny_Rehberg
Montana,Montana at-large,Dennis McDonald,Democratic,33.8,False,False,R+7,general,
Montana,Montana at-large,Mike Fellows,Libertarian,5.7,False,False,R+7,general,
Nebraska,Nebraska 1,Jeff Fortenberry,Republican,71.3,True,True,R+11,general,https://en.wikipedia.org/wiki/Jeff_Fortenberry
Nebraska,Nebraska 1,Ivy Harper,Democratic,28.7,False,False,R+11,general,
Nebraska,Nebraska 2,Lee Terry,Republican,60.8,True,True,R+6,general,https://en.wikipedia.org/wiki/Lee_Terry
Nebraska,Nebraska 2,Tom White,Democratic,39.2,False,False,R+6,general,https://en.wikipedia.org/wiki/Tom_White_(Nebraska_politician)
Nebraska,Nebraska 3,Adrian Smith,Republican,70.1,True,True,R+24,general,https://en.wikipedia.org/wiki/Adrian_Smith_(politician)
Nebraska,Nebraska 3,Rebekah Davis,Democratic,17.9,False,False,R+24,general,https://en.wikipedia.org/wiki/Rebekah_Davis
Nebraska,Nebraska 3,Dan Hill,Independent,12.0,False,False,R+24,general,
Nevada,Nevada 1,Shelley Berkley,Democratic,61.7,True,True,D+10,general,https://en.wikipedia.org/wiki/Shelley_Berkley
Nevada,Nevada 1,Kenneth A. Wegner,Republican,35.3,False,False,D+10,general,
Nevada,Nevada 1,Jonathan Hansen,Independent American,1.7,False,False,D+10,general,
Nevada,Nevada 1,Ed Klapproth,Libertarian,1.3,False,False,D+10,general,
Nevada,Nevada 2,Dean Heller,Republican,63.3,True,True,R+5,general,https://en.wikipedia.org/wiki/Dean_Heller
Nevada,Nevada 2,Nancy Price,Democratic,32.7,False,False,R+5,general,
Nevada,Nevada 2,Russell Best,Independent American,4.0,False,False,R+5,general,
Nevada,Nevada 3,Joe Heck,Republican,48.1,False,True,D+2,general,https://en.wikipedia.org/wiki/Joe_Heck
Nevada,Nevada 3,Dina Titus,Democratic,47.5,True,False,D+2,general,https://en.wikipedia.org/wiki/Dina_Titus
Nevada,Nevada 3,Barry Michaels,Independent,2.4,False,False,D+2,general,
Nevada,Nevada 3,Joe Silvestri,Libertarian,1.5,False,False,D+2,general,
Nevada,Nevada 3,Scott Narder,Independent American,0.5,False,False,D+2,general,
New Hampshire,New Hampshire 1,Frank Guinta,Republican,54.0,False,True,Even,general,https://en.wikipedia.org/wiki/Frank_Guinta
New Hampshire,New Hampshire 1,Carol Shea-Porter,Democratic,42.4,True,False,Even,general,https://en.wikipedia.org/wiki/Carol_Shea-Porter
New Hampshire,New Hampshire 1,Philip Hodson,Libertarian,3.5,False,False,Even,general,
New Hampshire,New Hampshire 2,Charles Bass,Republican,48.3,False,True,D+3,general,https://en.wikipedia.org/wiki/Charles_Bass
New Hampshire,New Hampshire 2,Annie Kuster,Democratic,46.8,False,False,D+3,general,https://en.wikipedia.org/wiki/Annie_Kuster
New Hampshire,New Hampshire 2,Tim vanBlommesteyn,Independent,2.8,False,False,D+3,general,
New Hampshire,New Hampshire 2,Howard Wilson,Libertarian,2.1,False,False,D+3,general,
New Jersey,New Jersey 1,Rob Andrews,Democratic,63.2,True,True,D+12,general,https://en.wikipedia.org/wiki/Rob_Andrews
New Jersey,New Jersey 1,Dale Glading,Republican,34.8,False,False,D+12,general,
New Jersey,New Jersey 1,Mark Heacock,Green,1.0,False,False,D+12,general,
New Jersey,New Jersey 1,Margaret Chapman,Independent,0.7,False,False,D+12,general,
New Jersey,New Jersey 1,Nicky Petrutz,Independent,0.3,False,False,D+12,general,
New Jersey,New Jersey 10,Donald M. Payne,Democratic,85.2,True,True,D+33,general,https://en.wikipedia.org/wiki/Donald_M._Payne
New Jersey,New Jersey 10,Michael Alonso,Republican,12.8,False,False,D+33,general,
New Jersey,New Jersey 10,Joanne Miller,Independent,1.0,False,False,D+33,general,
New Jersey,New Jersey 10,Robert Toussaint,Independent,1.0,False,False,D+33,general,
New Jersey,New Jersey 11,Rodney Frelinghuysen,Republican,67.2,True,True,R+7,general,https://en.wikipedia.org/wiki/Rodney_Frelinghuysen
New Jersey,New Jersey 11,Douglas Herbert,Democratic,30.5,False,False,R+7,general,
New Jersey,New Jersey 11,Jim Gawron,Libertarian,2.3,False,False,R+7,general,
New Jersey,New Jersey 12,Rush Holt Jr.,Democratic,53.0,True,True,D+5,general,https://en.wikipedia.org/wiki/Rush_Holt_Jr.
New Jersey,New Jersey 12,Scott M. Sipprelle,Republican,45.9,False,False,D+5,general,https://en.wikipedia.org/wiki/Scott_M._Sipprelle
New Jersey,New Jersey 12,Ken Cody,Independent,1.1,False,False,D+5,general,
New Jersey,New Jersey 13,Albio Sires,Democratic,74.1,True,True,D+21,general,https://en.wikipedia.org/wiki/Albio_Sires
New Jersey,New Jersey 13,Henrietta Dwyer,Republican,23.0,False,False,D+21,general,
New Jersey,New Jersey 13,Anthony Zanowic,Independent,1.8,False,False,D+21,general,
New Jersey,New Jersey 13,Máximo Gómez Nacer,Independent,1.1,False,False,D+21,general,
New Jersey,New Jersey 2,Frank LoBiondo,Republican,65.5,True,True,D+1,general,https://en.wikipedia.org/wiki/Frank_LoBiondo
New Jersey,New Jersey 2,Gary Stein,Democratic,30.9,False,False,D+1,general,
New Jersey,New Jersey 2,Peter Boyce,Constitution,2.5,False,False,D+1,general,
New Jersey,New Jersey 2,Mark Lovett,Independent,0.7,False,False,D+1,general,
New Jersey,New Jersey 2,Vitov Valdes-Munoz,Independent,0.4,False,False,D+1,general,
New Jersey,New Jersey 3,Jon Runyan,Republican,50.0,False,True,R+1,general,https://en.wikipedia.org/wiki/Jon_Runyan
New Jersey,New Jersey 3,John Adler,Democratic,47.3,True,False,R+1,general,https://en.wikipedia.org/wiki/John_Adler
New Jersey,New Jersey 3,Peter DeStefano,Tea,1.5,False,False,R+1,general,
New Jersey,New Jersey 3,Russ Conger,Libertarian,0.7,False,False,R+1,general,
New Jersey,New Jersey 3,Larry Donahue,Independent,0.5,False,False,R+1,general,
New Jersey,New Jersey 4,Chris Smith,Republican,69.4,True,True,R+6,general,https://en.wikipedia.org/wiki/Chris_Smith_(New_Jersey_politician)
New Jersey,New Jersey 4,Howard Kleinhendler,Democratic,27.9,False,False,R+6,general,
New Jersey,New Jersey 4,Joe Siano,Libertarian,1.6,False,False,R+6,general,
New Jersey,New Jersey 4,Steve Welzer,Green,0.8,False,False,R+6,general,
New Jersey,New Jersey 4,David Meiswinkle,Independent,0.3,False,False,R+6,general,
New Jersey,New Jersey 5,Scott Garrett,Republican,65.0,True,True,R+7,general,https://en.wikipedia.org/wiki/Scott_Garrett
New Jersey,New Jersey 5,Tod Thiese,Democratic,32.7,False,False,R+7,general,
New Jersey,New Jersey 5,Ed Fanning,Green,1.2,False,False,R+7,general,
New Jersey,New Jersey 5,Mark Quick,Independent,0.9,False,False,R+7,general,
New Jersey,New Jersey 5,James Radigan,Independent,0.2,False,False,R+7,general,
New Jersey,New Jersey 6,Frank Pallone,Democratic,54.7,True,True,D+8,general,https://en.wikipedia.org/wiki/Frank_Pallone
New Jersey,New Jersey 6,Anna Little,Republican,43.7,False,False,D+8,general,
New Jersey,New Jersey 6,Jack Freudenheim,Independent,0.9,False,False,D+8,general,
New Jersey,New Jersey 6,Karen Anne Zaletel,Independent,0.7,False,False,D+8,general,
New Jersey,New Jersey 7,Leonard Lance,Republican,59.4,True,True,R+3,general,https://en.wikipedia.org/wiki/Leonard_Lance
New Jersey,New Jersey 7,Ed Potosnak,Democratic,40.6,False,False,R+3,general,https://en.wikipedia.org/wiki/Ed_Potosnak
New Jersey,New Jersey 8,Bill Pascrell,Democratic,62.7,True,True,D+10,general,https://en.wikipedia.org/wiki/Bill_Pascrell
New Jersey,New Jersey 8,Roland Straten,Republican,36.1,False,False,D+10,general,
New Jersey,New Jersey 8,Raymond Giangrasso,Independent,1.2,False,False,D+10,general,
New Jersey,New Jersey 9,Steve Rothman,Democratic,60.7,True,True,D+9,general,https://en.wikipedia.org/wiki/Steve_Rothman
New Jersey,New Jersey 9,Michael Agosta,Republican,37.8,False,False,D+9,general,
New Jersey,New Jersey 9,Patricia Alessandrini,Green,1.4,False,False,D+9,general,
New Mexico,New Mexico 1,Martin Heinrich,Democratic,51.8,True,True,D+5,general,https://en.wikipedia.org/wiki/Martin_Heinrich
New Mexico,New Mexico 1,Jon Barela,Republican,48.2,False,False,D+5,general,
New Mexico,New Mexico 2,Steve Pearce,Republican,55.4,False,True,R+6,general,https://en.wikipedia.org/wiki/Steve_Pearce_(politician)
New Mexico,New Mexico 2,Harry Teague,Democratic,44.6,True,False,R+6,general,https://en.wikipedia.org/wiki/Harry_Teague
New Mexico,New Mexico 3,Ben Ray Lujan,Democratic,57.0,True,True,D+7,general,https://en.wikipedia.org/wiki/Ben_Ray_Lujan
New Mexico,New Mexico 3,Tom Mullins,Republican,43.0,False,False,D+7,general,
New York,New York 1,Tim Bishop,Democratic,50.2,True,True,EVEN,general,https://en.wikipedia.org/wiki/Tim_Bishop
New York,New York 1,Randy Altschuler,Republican,49.8,False,False,EVEN,general,https://en.wikipedia.org/wiki/Randy_Altschuler
New York,New York 10,Edolphus Towns,Democratic,91.1,True,True,D+38,general,https://en.wikipedia.org/wiki/Edolphus_Towns
New York,New York 10,Diana Muniz,Republican,7.1,False,False,D+38,general,
New York,New York 10,Ernest Johnson,Conservative,1.8,False,False,D+38,general,
New York,New York 11,Yvette Clarke,Democratic,90.6,True,True,D+38,general,https://en.wikipedia.org/wiki/Yvette_Clarke
New York,New York 11,Hugh Carr,Republican,9.4,False,False,D+38,general,
New York,New York 12,Nydia Velázquez,Democratic,93.9,True,True,D+33,general,https://en.wikipedia.org/wiki/Nydia_Vel%C3%A1zquez
New York,New York 12,Alice Gaffney,Conservative,6.1,False,False,D+33,general,
New York,New York 13,Michael Grimm,Republican,51.3,False,True,R+4,general,https://en.wikipedia.org/wiki/Michael_Grimm_(politician)
New York,New York 13,Michael McMahon,Democratic,48.0,True,False,R+4,general,https://en.wikipedia.org/wiki/Michael_McMahon
New York,New York 13,Tom Vendittelli,Libertarian,0.7,False,False,R+4,general,
New York,New York 14,Carolyn Maloney,Democratic,75.1,True,True,D+26,general,https://en.wikipedia.org/wiki/Carolyn_Maloney
New York,New York 14,David Brumberg,Republican,22.4,False,False,D+26,general,
New York,New York 14,Timothy Healy,Conservative,1.3,False,False,D+26,general,
New York,New York 14,Dino LaVerghetta,Independence,1.1,False,False,D+26,general,
New York,New York 15,Charles Rangel,Democratic,80.4,True,True,D+41,general,https://en.wikipedia.org/wiki/Charles_Rangel
New York,New York 15,Michael Faulkner,Republican,10.4,False,False,D+41,general,
New York,New York 15,Craig Schley,Independence,6.8,False,False,D+41,general,
New York,New York 15,Roger Calero,Socialist Workers,2.3,False,False,D+41,general,
New York,New York 16,José E. Serrano,Democratic,96.3,True,True,D+41,general,https://en.wikipedia.org/wiki/Jos%C3%A9_E._Serrano
New York,New York 16,Frank Della Valle,Republican,3.7,False,False,D+41,general,
New York,New York 17,Eliot Engel,Democratic,72.9,True,True,D+18,general,https://en.wikipedia.org/wiki/Eliot_Engel
New York,New York 17,Tony Melé,Republican,22.8,False,False,D+18,general,
New York,New York 17,ork Kleinhandler,Conservative,4.3,False,True,D+18,general,
New York,New York 18,Nita Lowey,Democratic,62.2,True,True,D+9,general,https://en.wikipedia.org/wiki/Nita_Lowey
New York,New York 18,Jim Russell,Republican,37.8,False,False,D+9,general,
New York,New York 19,Nan Hayworth,Republican,52.7,False,True,R+3,general,https://en.wikipedia.org/wiki/Nan_Hayworth
New York,New York 19,John Hall,Democratic,47.3,True,False,R+3,general,https://en.wikipedia.org/wiki/John_Hall_(New_York_politician)
New York,New York 2,Steve Israel,Democratic,56.4,True,True,D+4,general,https://en.wikipedia.org/wiki/Steve_Israel
New York,New York 2,John Gomez,Republican,42.9,False,False,D+4,general,https://en.wikipedia.org/wiki/John_Gomez
New York,New York 2,Anthony Tolda,Constitution,0.7,False,False,D+4,general,
New York,New York 20,Chris Gibson,Republican,54.9,False,True,R+2,general,https://en.wikipedia.org/wiki/Chris_Gibson_(New_York_politician)
New York,New York 20,Scott Murphy,Democratic,45.1,True,False,R+2,general,https://en.wikipedia.org/wiki/Scott_Murphy
New York,New York 21,Paul Tonko,Democratic,59.3,True,True,D+6,general,https://en.wikipedia.org/wiki/Paul_Tonko
New York,New York 21,Theodore Danz,Republican,40.7,False,False,D+6,general,
New York,New York 22,Maurice Hinchey,Democratic,52.7,True,True,D+6,general,https://en.wikipedia.org/wiki/Maurice_Hinchey
New York,New York 22,George Phillips,Republican,47.3,False,False,D+6,general,
New York,New York 23,Bill Owens,Democratic,47.5,True,True,R+1,general,https://en.wikipedia.org/wiki/Bill_Owens_(New_York_politician)
New York,New York 23,Matt Doheny,Republican,46.4,False,False,R+1,general,
New York,New York 23,Doug Hoffman,Conservative,6.1,False,False,R+1,general,https://en.wikipedia.org/wiki/Doug_Hoffman
New York,New York 24,Richard Hanna,Republican,53.1,False,True,R+2,general,https://en.wikipedia.org/wiki/Richard_Hanna_(New_York_politician)
New York,New York 24,Mike Arcuri,Democratic,46.9,True,False,R+2,general,https://en.wikipedia.org/wiki/Mike_Arcuri
New York,New York 25,Ann Marie Buerkle,Republican,50.2,False,True,D+3,general,https://en.wikipedia.org/wiki/Ann_Marie_Buerkle
New York,New York 25,Dan Maffei,Democratic,49.8,True,False,D+3,general,https://en.wikipedia.org/wiki/Dan_Maffei
New York,New York 26,Chris Lee,Republican,73.6,True,True,R+6,general,https://en.wikipedia.org/wiki/Chris_Lee_(New_York_politician)
New York,New York 26,Philip Fedele,Democratic,26.4,False,False,R+6,general,
New York,New York 27,Brian Higgins,Democratic,60.9,True,True,D+4,general,https://en.wikipedia.org/wiki/Brian_Higgins
New York,New York 27,Leonard Roberto,Republican,39.1,False,False,D+4,general,
New York,New York 28,Louise Slaughter,Democratic,64.9,True,True,D+15,general,https://en.wikipedia.org/wiki/Louise_Slaughter
New York,New York 28,Jill Rowland,Republican,35.1,False,False,D+15,general,
New York,New York 29,Tom Reed,Republican,56.6,False,True,R+5,general,https://en.wikipedia.org/wiki/Tom_Reed_(politician)
New York,New York 29,Matt Zeller,Democratic,43.4,False,False,R+5,general,
New York,New York 29,Tom Reed,Republican,56.7,False,True,,special,https://en.wikipedia.org/wiki/Tom_Reed_(politician)
New York,New York 29,Matthew Zeller,Democratic,43.1,False,False,,special,
New York,New York 3,Peter King,Republican,72.0,True,True,R+4,general,https://en.wikipedia.org/wiki/Peter_King_(American_politician)
New York,New York 3,Howard Kudler,Democratic,28.0,False,False,R+4,general,
New York,New York 4,Carolyn McCarthy,Democratic,53.6,True,True,D+6,general,https://en.wikipedia.org/wiki/Carolyn_McCarthy
New York,New York 4,Fran Becker,Republican,46.4,False,False,D+6,general,https://en.wikipedia.org/wiki/Fran_Becker
New York,New York 5,Gary Ackerman,Democratic,63.1,True,True,D+12,general,https://en.wikipedia.org/wiki/Gary_Ackerman
New York,New York 5,James Milano,Republican,36.2,False,False,D+12,general,
New York,New York 5,Liz Berney,Libertarian,0.7,False,False,D+12,general,
New York,New York 6,Gregory Meeks,Democratic,87.8,True,True,D+36,general,https://en.wikipedia.org/wiki/Gregory_Meeks
New York,New York 6,Asher Taub,Republican,12.2,False,False,D+36,general,
New York,New York 7,Joe Crowley,Democratic,80.6,True,True,D+26,general,https://en.wikipedia.org/wiki/Joe_Crowley
New York,New York 7,Ken Reynolds,Republican,18.2,False,False,D+26,general,
New York,New York 7,Tony Gronowicz,Green,1.2,False,False,D+26,general,
New York,New York 8,Jerry Nadler,Democratic,75.5,True,True,D+22,general,https://en.wikipedia.org/wiki/Jerry_Nadler
New York,New York 8,Susan Kone,Republican,24.5,False,False,D+22,general,
New York,New York 9,Anthony Weiner,Democratic,60.8,True,True,D+5,general,https://en.wikipedia.org/wiki/Anthony_Weiner
New York,New York 9,Bob Turner,Republican,39.2,False,False,D+5,general,https://en.wikipedia.org/wiki/Bob_Turner_(New_York_politician)
North Carolina,North Carolina 1,G. K. Butterfield,Democratic,59.3,True,True,D+9,general,https://en.wikipedia.org/wiki/G._K._Butterfield
North Carolina,North Carolina 1,Ashley Woolard,Republican,40.7,False,False,D+9,general,https://en.wikipedia.org/wiki/Ashley_Woolard
North Carolina,North Carolina 10,Patrick McHenry,Republican,71.2,True,True,R+17,general,https://en.wikipedia.org/wiki/Patrick_McHenry
North Carolina,North Carolina 10,Jeff Gregory,Democratic,28.8,False,False,R+17,general,https://en.wikipedia.org/wiki/Jeff_Gregory
North Carolina,North Carolina 11,Heath Shuler,Democratic,54.3,True,True,R+6,general,https://en.wikipedia.org/wiki/Heath_Shuler
North Carolina,North Carolina 11,Jeff Miller,Republican,45.7,False,False,R+6,general,
North Carolina,North Carolina 12,Mel Watt,Democratic,63.9,True,True,D+16,general,https://en.wikipedia.org/wiki/Mel_Watt
North Carolina,North Carolina 12,Greg Dority,Republican,34.1,False,False,D+16,general,https://en.wikipedia.org/wiki/Greg_Dority
North Carolina,North Carolina 12,Lon Cecil,Libertarian,2.0,False,False,D+16,general,
North Carolina,North Carolina 13,Brad Miller,Democratic,55.5,True,True,D+5,general,https://en.wikipedia.org/wiki/Brad_Miller_(politician)
North Carolina,North Carolina 13,Bill Randall,Republican,44.5,False,False,D+5,general,
North Carolina,North Carolina 2,Renee Ellmers,Republican,49.5,False,True,R+2,general,https://en.wikipedia.org/wiki/Renee_Ellmers
North Carolina,North Carolina 2,Bob Etheridge,Democratic,48.7,True,False,R+2,general,https://en.wikipedia.org/wiki/Bob_Etheridge
North Carolina,North Carolina 2,Tom Rose,Libertarian,1.8,False,False,R+2,general,
North Carolina,North Carolina 3,Walter B. Jones Jr.,Republican,71.9,True,True,R+16,general,https://en.wikipedia.org/wiki/Walter_B._Jones_Jr.
North Carolina,North Carolina 3,Johnny Rouse,Democratic,25.7,False,False,R+16,general,https://en.wikipedia.org/wiki/Johnny_Rouse
North Carolina,North Carolina 3,Darryl Holloman,Libertarian,2.4,False,False,R+16,general,
North Carolina,North Carolina 4,David Price,Democratic,57.2,True,True,D+8,general,https://en.wikipedia.org/wiki/David_Price_(American_politician)
North Carolina,North Carolina 4,B.J. Lawson,Republican,42.8,False,False,D+8,general,https://en.wikipedia.org/wiki/B.J._Lawson
North Carolina,North Carolina 5,Virginia Foxx,Republican,65.9,True,True,R+15,general,https://en.wikipedia.org/wiki/Virginia_Foxx
North Carolina,North Carolina 5,Billy Kennedy,Democratic,34.1,False,False,R+15,general,
North Carolina,North Carolina 6,Howard Coble,Republican,75.2,True,True,R+18,general,https://en.wikipedia.org/wiki/Howard_Coble
North Carolina,North Carolina 6,Sam Turner,Democratic,24.8,False,False,R+18,general,
North Carolina,North Carolina 7,Mike McIntyre,Democratic,53.7,True,True,R+5,general,https://en.wikipedia.org/wiki/Mike_McIntyre
North Carolina,North Carolina 7,Ilario Pantano,Republican,46.3,False,False,R+5,general,https://en.wikipedia.org/wiki/Ilario_Pantano
North Carolina,North Carolina 8,Larry Kissell,Democratic,53.0,True,True,R+2,general,https://en.wikipedia.org/wiki/Larry_Kissell
North Carolina,North Carolina 8,Harold Johnson,Republican,43.7,False,False,R+2,general,https://en.wikipedia.org/wiki/Harold_Johnson_(sportscaster)
North Carolina,North Carolina 8,Thomas Hill,Libertarian,3.0,False,False,R+2,general,
North Carolina,North Carolina 9,Sue Myrick,Republican,69.0,True,True,R+11,general,https://en.wikipedia.org/wiki/Sue_Myrick
North Carolina,North Carolina 9,Jeff Doctor,Democratic,31.0,False,False,R+11,general,https://en.wikipedia.org/wiki/Jeff_Doctor
North Dakota,North Dakota at-large,Rick Berg,Republican,54.7,False,True,R+10,general,https://en.wikipedia.org/wiki/Rick_Berg
North Dakota,North Dakota at-large,Earl Pomeroy,Democratic-NPL,44.9,True,False,R+10,general,https://en.wikipedia.org/wiki/Earl_Pomeroy
Ohio,Ohio 1,Steve Chabot,Republican,51.5,False,True,D+1,general,https://en.wikipedia.org/wiki/Steve_Chabot
Ohio,Ohio 1,Steve Driehaus,Democratic,46.0,True,False,D+1,general,https://en.wikipedia.org/wiki/Steve_Driehaus
Ohio,Ohio 1,Jim Berns,Libertarian,1.5,False,False,D+1,general,
Ohio,Ohio 1,Rich Stevenson,Green,1.0,False,False,D+1,general,
Ohio,Ohio 10,Dennis Kucinich,Democratic,53.0,True,True,D+8,general,https://en.wikipedia.org/wiki/Dennis_Kucinich
Ohio,Ohio 10,Peter Corrigan,Republican,43.9,False,False,D+8,general,
Ohio,Ohio 10,Jeff Goggins,Libertarian,3.1,False,False,D+8,general,
Ohio,Ohio 11,Marcia Fudge,Democratic,82.9,True,True,D+32,general,https://en.wikipedia.org/wiki/Marcia_Fudge
Ohio,Ohio 11,Thomas Pekarek,Republican,17.1,False,False,D+32,general,
Ohio,Ohio 12,Pat Tiberi,Republican,55.8,True,True,D+1,general,https://en.wikipedia.org/wiki/Pat_Tiberi
Ohio,Ohio 12,Paula Brooks,Democratic,40.9,False,False,D+1,general,https://en.wikipedia.org/wiki/Paula_Brooks_(politician)
Ohio,Ohio 12,Travis Irvine,Libertarian,3.2,False,False,D+1,general,
Ohio,Ohio 13,Betty Sutton,Democratic,55.7,True,True,D+5,general,https://en.wikipedia.org/wiki/Betty_Sutton
Ohio,Ohio 13,Tom Ganley,Republican,44.3,False,False,D+5,general,https://en.wikipedia.org/wiki/Tom_Ganley
Ohio,Ohio 14,Steve LaTourette,Republican,64.9,True,True,R+3,general,https://en.wikipedia.org/wiki/Steve_LaTourette
Ohio,Ohio 14,William O'Neill,Democratic,31.5,False,False,R+3,general,https://en.wikipedia.org/wiki/William_O%27Neill_(Ohio_jurist)
Ohio,Ohio 14,John Jelenic,Libertarian,3.6,False,False,R+3,general,
Ohio,Ohio 15,Steve Stivers,Republican,54.1,False,True,D+1,general,https://en.wikipedia.org/wiki/Steve_Stivers
Ohio,Ohio 15,Mary Jo Kilroy,Democratic,41.3,True,False,D+1,general,https://en.wikipedia.org/wiki/Mary_Jo_Kilroy
Ohio,Ohio 15,William Kammerer,Libertarian,2.8,False,False,D+1,general,
Ohio,Ohio 15,David Ryon,Constitution,1.8,False,False,D+1,general,
Ohio,Ohio 16,Jim Renacci,Republican,52.1,False,True,R+4,general,https://en.wikipedia.org/wiki/Jim_Renacci
Ohio,Ohio 16,John Boccieri,Democratic,41.3,True,False,R+4,general,https://en.wikipedia.org/wiki/John_Boccieri
Ohio,Ohio 16,Jeffrey Blevins,Libertarian,6.6,False,False,R+4,general,
Ohio,Ohio 17,Tim Ryan,Democratic,53.9,True,True,D+12,general,https://en.wikipedia.org/wiki/Tim_Ryan_(Ohio_politician)
Ohio,Ohio 17,Jim Graham,Republican,30.1,False,False,D+12,general,
Ohio,Ohio 17,Jim Traficant,Independent,16.0,False,False,D+12,general,https://en.wikipedia.org/wiki/Jim_Traficant
Ohio,Ohio 18,Bob Gibbs,Republican,53.9,False,True,R+7,general,https://en.wikipedia.org/wiki/Bob_Gibbs
Ohio,Ohio 18,Zack Space,Democratic,40.5,True,False,R+7,general,https://en.wikipedia.org/wiki/Zack_Space
Ohio,Ohio 18,Lindsey Sutton,Constitution,5.6,False,False,R+7,general,
Ohio,Ohio 2,Jean Schmidt,Republican,58.5,True,True,R+13,general,https://en.wikipedia.org/wiki/Jean_Schmidt
Ohio,Ohio 2,Surya Yalamanchili,Democratic,34.7,False,False,R+13,general,https://en.wikipedia.org/wiki/Surya_Yalamanchili
Ohio,Ohio 2,Marc Johnston,Libertarian,6.8,False,False,R+13,general,
Ohio,Ohio 3,Mike Turner,Republican,68.1,True,True,R+5,general,https://en.wikipedia.org/wiki/Mike_Turner
Ohio,Ohio 3,Joe Roberts,Democratic,31.9,False,False,R+5,general,
Ohio,Ohio 4,Jim Jordan,Republican,71.5,True,True,R+15,general,https://en.wikipedia.org/wiki/Jim_Jordan
Ohio,Ohio 4,Doug Litt,Democratic,24.7,False,False,R+15,general,
Ohio,Ohio 4,Donald Kissick,Libertarian,3.8,False,False,R+15,general,
Ohio,Ohio 5,Bob Latta,Republican,67.8,True,True,R+9,general,https://en.wikipedia.org/wiki/Bob_Latta
Ohio,Ohio 5,Caleb Finkenbiner,Democratic,26.5,False,False,R+9,general,
Ohio,Ohio 5,Brian Smith,Libertarian,5.7,False,False,R+9,general,
Ohio,Ohio 6,Bill Johnson,Republican,50.2,False,True,R+2,general,https://en.wikipedia.org/wiki/Bill_Johnson_(Ohio_politician)
Ohio,Ohio 6,Charlie Wilson,Democratic,45.1,True,False,R+2,general,https://en.wikipedia.org/wiki/Charlie_Wilson_(Ohio_politician)
Ohio,Ohio 6,Richard Cadle,Constitution,2.5,False,False,R+2,general,
Ohio,Ohio 6,Martin Elsass,Libertarian,2.2,False,False,R+2,general,
Ohio,Ohio 7,Steve Austria,Republican,62.2,True,True,R+7,general,https://en.wikipedia.org/wiki/Steve_Austria
Ohio,Ohio 7,Bill Conner,Democratic,32.3,False,False,R+7,general,
Ohio,Ohio 7,John Anderson,Libertarian,4.3,False,False,R+7,general,
Ohio,Ohio 7,David Easton,Constitution,1.3,False,False,R+7,general,
Ohio,Ohio 8,John Boehner,Republican,65.6,True,True,R+14,general,https://en.wikipedia.org/wiki/John_Boehner
Ohio,Ohio 8,Justin Coussoule,Democratic,30.3,False,False,R+14,general,https://en.wikipedia.org/wiki/Justin_Coussoule
Ohio,Ohio 8,David Harlow,Libertarian,2.4,False,False,R+14,general,
Ohio,Ohio 8,James Condit,Constitution,1.7,False,False,R+14,general,
Ohio,Ohio 9,Marcy Kaptur,Democratic,59.4,True,True,D+10,general,https://en.wikipedia.org/wiki/Marcy_Kaptur
Ohio,Ohio 9,Rich Iott,Republican,40.6,False,False,D+10,general,https://en.wikipedia.org/wiki/Rich_Iott
Oklahoma,Oklahoma 1,John Sullivan,Republican,76.8,True,True,R+16,general,https://en.wikipedia.org/wiki/John_Sullivan_(Oklahoma_politician)
Oklahoma,Oklahoma 1,Angelia O'Dell,Independent,23.2,False,False,R+16,general,
Oklahoma,Oklahoma 2,Dan Boren,Democratic,56.5,True,True,R+14,general,https://en.wikipedia.org/wiki/Dan_Boren
Oklahoma,Oklahoma 2,Charles Thompson,Republican,43.5,False,False,R+14,general,
Oklahoma,Oklahoma 3,Frank Lucas,Republican,78.0,True,True,R+24,general,https://en.wikipedia.org/wiki/Frank_Lucas
Oklahoma,Oklahoma 3,Frankie Robbins,Democratic,22.0,False,False,R+24,general,
Oklahoma,Oklahoma 4,Tom Cole,Republican,,True,True,R+18,general,https://en.wikipedia.org/wiki/Tom_Cole
Oklahoma,Oklahoma 5,James Lankford,Republican,62.5,False,True,R+13,general,https://en.wikipedia.org/wiki/James_Lankford
Oklahoma,Oklahoma 5,Billy Coyle,Democratic,34.5,False,False,R+13,general,
Oklahoma,Oklahoma 5,Clark Duffe,Independent,1.6,False,False,R+13,general,
Oklahoma,Oklahoma 5,Dave White,Independent,1.4,False,False,R+13,general,
Oregon,Oregon 1,David Wu,Democratic,54.8,True,True,D+8,general,https://en.wikipedia.org/wiki/David_Wu
Oregon,Oregon 1,Rob Cornilles,Republican,42.0,False,False,D+8,general,
Oregon,Oregon 1,Don LaMunyon,Constitution,1.3,False,False,D+8,general,
Oregon,Oregon 1,Chris Henry,Pacific Green,1.0,False,False,D+8,general,
Oregon,Oregon 1,Joe Tabor,Libertarian,0.9,False,False,D+8,general,
Oregon,Oregon 2,Greg Walden,Republican,74.1,True,True,R+10,general,https://en.wikipedia.org/wiki/Greg_Walden
Oregon,Oregon 2,Joyce Segers,Democratic,25.9,False,False,R+10,general,
Oregon,Oregon 3,Earl Blumenauer,Democratic,70.1,True,True,D+19,general,https://en.wikipedia.org/wiki/Earl_Blumenauer
Oregon,Oregon 3,Delia Lopez,Republican,24.6,False,False,D+19,general,
Oregon,Oregon 3,Jeff Lawrence,Libertarian,3.0,False,False,D+19,general,
Oregon,Oregon 3,Michael Meo,Pacific Green,2.3,False,False,D+19,general,
Oregon,Oregon 4,Peter DeFazio,Democratic,54.6,True,True,D+2,general,https://en.wikipedia.org/wiki/Peter_DeFazio
Oregon,Oregon 4,Art Robinson,Republican,43.7,False,False,D+2,general,https://en.wikipedia.org/wiki/Art_Robinson
Oregon,Oregon 4,Mike Beilstein,Pacific Green,1.7,False,False,D+2,general,
Oregon,Oregon 5,Kurt Schrader,Democratic,51.3,True,True,D+1,general,https://en.wikipedia.org/wiki/Kurt_Schrader
Oregon,Oregon 5,Scott Bruun,Republican,46.0,False,False,D+1,general,https://en.wikipedia.org/wiki/Scott_Bruun
Oregon,Oregon 5,Chris Lugo,Pacific Green,2.7,False,False,D+1,general,
Pennsylvania,Pennsylvania 1,Bob Brady,Democratic,100.0,True,True,D+35,general,https://en.wikipedia.org/wiki/Bob_Brady
Pennsylvania,Pennsylvania 10,Tom Marino,Republican,55.2,False,True,R+8,general,https://en.wikipedia.org/wiki/Tom_Marino
Pennsylvania,Pennsylvania 10,Chris Carney,Democratic,44.8,True,False,R+8,general,https://en.wikipedia.org/wiki/Chris_Carney
Pennsylvania,Pennsylvania 11,Lou Barletta,Republican,54.7,False,True,D+4,general,https://en.wikipedia.org/wiki/Lou_Barletta
Pennsylvania,Pennsylvania 11,Paul Kanjorski,Democratic,45.3,True,False,D+4,general,https://en.wikipedia.org/wiki/Paul_Kanjorski
Pennsylvania,Pennsylvania 12,Mark Critz,Democratic,50.8,True,True,R+1,general,https://en.wikipedia.org/wiki/Mark_Critz
Pennsylvania,Pennsylvania 12,Tim Burns,Republican,49.2,False,False,R+1,general,https://en.wikipedia.org/wiki/Tim_Burns_(Pennsylvania_businessman)
Pennsylvania,Pennsylvania 12,Mark Critz,Democratic,52.6,False,True,,special,https://en.wikipedia.org/wiki/Mark_Critz
Pennsylvania,Pennsylvania 12,Tim Burns,Republican,45.1,False,False,,special,https://en.wikipedia.org/wiki/Tim_Burns_(businessman)
Pennsylvania,Pennsylvania 12,Demo Agoris,Libertarian,2.3,False,False,,special,
Pennsylvania,Pennsylvania 13,Allyson Schwartz,Democratic,56.3,True,True,D+7,general,https://en.wikipedia.org/wiki/Allyson_Schwartz
Pennsylvania,Pennsylvania 13,Dee Adcock,Republican,43.7,False,False,D+7,general,https://en.wikipedia.org/wiki/Dee_Adcock
Pennsylvania,Pennsylvania 14,Mike Doyle,Democratic,68.8,True,True,D+19,general,https://en.wikipedia.org/wiki/Mike_Doyle_(Pennsylvania_politician)
Pennsylvania,Pennsylvania 14,Melissa Haluszczak,Republican,28.2,False,False,D+19,general,
Pennsylvania,Pennsylvania 14,Ed Bortz,Green,3.0,False,False,D+19,general,
Pennsylvania,Pennsylvania 15,Charlie Dent,Republican,53.5,True,True,D+2,general,https://en.wikipedia.org/wiki/Charlie_Dent
Pennsylvania,Pennsylvania 15,John Callahan,Democratic,39.0,False,False,D+2,general,https://en.wikipedia.org/wiki/John_B._Callahan
Pennsylvania,Pennsylvania 15,Jake Towne,Independent,7.5,False,False,D+2,general,
Pennsylvania,Pennsylvania 16,Joe Pitts,Republican,65.4,True,True,R+8,general,https://en.wikipedia.org/wiki/Joe_Pitts_(Pennsylvania_politician)
Pennsylvania,Pennsylvania 16,Lois Herr,Democratic,34.6,False,False,R+8,general,https://en.wikipedia.org/wiki/Lois_Herr
Pennsylvania,Pennsylvania 17,Tim Holden,Democratic,55.5,True,True,R+6,general,https://en.wikipedia.org/wiki/Tim_Holden
Pennsylvania,Pennsylvania 17,Dave Argall,Republican,44.5,False,False,R+6,general,https://en.wikipedia.org/wiki/Dave_Argall
Pennsylvania,Pennsylvania 18,Tim Murphy,Republican,67.3,True,True,R+6,general,https://en.wikipedia.org/wiki/Tim_Murphy_(American_politician)
Pennsylvania,Pennsylvania 18,Dan Connolly,Democratic,32.7,False,False,R+6,general,
Pennsylvania,Pennsylvania 19,Todd Platts,Republican,71.9,True,True,R+12,general,https://en.wikipedia.org/wiki/Todd_Platts
Pennsylvania,Pennsylvania 19,Ryan Sanders,Democratic,23.3,False,False,R+12,general,
Pennsylvania,Pennsylvania 19,Joshua Monighan,Independent,4.8,False,False,R+12,general,
Pennsylvania,Pennsylvania 2,Chaka Fattah,Democratic,89.3,True,True,D+38,general,https://en.wikipedia.org/wiki/Chaka_Fattah
Pennsylvania,Pennsylvania 2,Rick Hellberg,Republican,10.7,False,False,D+38,general,
Pennsylvania,Pennsylvania 3,Mike Kelly,Republican,55.7,False,True,R+3,general,https://en.wikipedia.org/wiki/Mike_Kelly_(Pennsylvania_politician)
Pennsylvania,Pennsylvania 3,Kathy Dahlkemper,Democratic,44.3,True,False,R+3,general,https://en.wikipedia.org/wiki/Kathy_Dahlkemper
Pennsylvania,Pennsylvania 4,Jason Altmire,Democratic,50.8,True,True,R+6,general,https://en.wikipedia.org/wiki/Jason_Altmire
Pennsylvania,Pennsylvania 4,Keith Rothfus,Republican,49.2,False,False,R+6,general,https://en.wikipedia.org/wiki/Keith_Rothfus
Pennsylvania,Pennsylvania 5,Glenn Thompson,Republican,68.7,True,True,R+9,general,https://en.wikipedia.org/wiki/Glenn_Thompson_(politician)
Pennsylvania,Pennsylvania 5,Michael Pipe,Democratic,28.2,False,False,R+9,general,https://en.wikipedia.org/wiki/Michael_Pipe
Pennsylvania,Pennsylvania 5,Vernon Etzel,Libertarian,3.1,False,False,R+9,general,
Pennsylvania,Pennsylvania 6,Jim Gerlach,Republican,57.1,True,True,D+4,general,https://en.wikipedia.org/wiki/Jim_Gerlach
Pennsylvania,Pennsylvania 6,Manan Trivedi,Democratic,42.9,False,False,D+4,general,https://en.wikipedia.org/wiki/Manan_Trivedi
Pennsylvania,Pennsylvania 7,Pat Meehan,Republican,54.9,False,True,D+3,general,https://en.wikipedia.org/wiki/Pat_Meehan
Pennsylvania,Pennsylvania 7,Bryan Lentz,Democratic,44.0,False,False,D+3,general,https://en.wikipedia.org/wiki/Bryan_Lentz
Pennsylvania,Pennsylvania 7,Jim Schneller,Independent,1.1,False,False,D+3,general,
Pennsylvania,Pennsylvania 8,Mike Fitzpatrick,Republican,53.5,False,True,D+2,general,https://en.wikipedia.org/wiki/Mike_Fitzpatrick
Pennsylvania,Pennsylvania 8,Patrick Murphy,Democratic,46.5,True,False,D+2,general,https://en.wikipedia.org/wiki/Patrick_Murphy_(Pennsylvania_politician)
Pennsylvania,Pennsylvania 9,Bill Shuster,Republican,73.1,True,True,R+17,general,https://en.wikipedia.org/wiki/Bill_Shuster
Pennsylvania,Pennsylvania 9,Tom Conners,Democratic,26.9,False,False,R+17,general,
Rhode Island,Rhode Island 1,David Cicilline,Democratic,50.6,False,True,D+13,general,https://en.wikipedia.org/wiki/David_Cicilline
Rhode Island,Rhode Island 1,John J. Loughlin,Republican,44.6,False,False,D+13,general,https://en.wikipedia.org/wiki/John_J._Loughlin_Jr.
Rhode Island,Rhode Island 1,Kenneth Capalbo,Independent,4.0,False,False,D+13,general,
Rhode Island,Rhode Island 1,Gregory Raposa,Independent,0.8,False,False,D+13,general,
Rhode Island,Rhode Island 2,Jim Langevin,Democratic,59.9,True,True,D+9,general,https://en.wikipedia.org/wiki/Jim_Langevin
Rhode Island,Rhode Island 2,Mark Zaccaria,Republican,31.8,False,False,D+9,general,
Rhode Island,Rhode Island 2,John Matson,Independent,8.4,False,False,D+9,general,
South Carolina,South Carolina 1,Tim Scott,Republican,65.4,False,True,R+10,general,https://en.wikipedia.org/wiki/Tim_Scott
South Carolina,South Carolina 1,Ben Frasier,Democratic,28.7,False,False,R+10,general,https://en.wikipedia.org/wiki/Ben_Frasier
South Carolina,South Carolina 1,Rob Groce,Working Families,1.8,False,False,R+10,general,
South Carolina,South Carolina 1,Bob Dobbs,Green,1.4,False,False,R+10,general,
South Carolina,South Carolina 1,Keith Blandford,Libertarian,1.2,False,False,R+10,general,
South Carolina,South Carolina 1,Jimmy Wood,Independence,1.1,False,False,R+10,general,
South Carolina,South Carolina 1,Mac McCullough,United Citizens,0.4,False,False,R+10,general,
South Carolina,South Carolina 2,Joe Wilson,Republican,53.5,True,True,R+9,general,https://en.wikipedia.org/wiki/Joe_Wilson_(American_politician)
South Carolina,South Carolina 2,Rob Miller,Democratic,43.8,False,False,R+9,general,
South Carolina,South Carolina 2,Eddie McCain,Libertarian,1.6,False,False,R+9,general,
South Carolina,South Carolina 2,Marc Beaman,Constitution,1.1,False,False,R+9,general,
South Carolina,South Carolina 3,Jeff Duncan,Republican,62.5,False,True,R+17,general,https://en.wikipedia.org/wiki/Jeff_Duncan_(politician)
South Carolina,South Carolina 3,Jane Ballard Dyer,Democratic,36.2,False,False,R+17,general,https://en.wikipedia.org/wiki/Jane_Ballard_Dyer
South Carolina,South Carolina 3,John Dalen,Constitution,1.3,False,False,R+17,general,
South Carolina,South Carolina 4,Trey Gowdy,Republican,63.5,False,True,R+15,general,https://en.wikipedia.org/wiki/Trey_Gowdy
South Carolina,South Carolina 4,Paul Corden,Democratic,28.8,False,False,R+15,general,
South Carolina,South Carolina 4,Dave Edwards,Constitution,5.1,False,False,R+15,general,
South Carolina,South Carolina 4,Rick Mahler,Libertarian,1.4,False,False,R+15,general,
South Carolina,South Carolina 4,Faye Walters,Green,1.2,False,False,R+15,general,
South Carolina,South Carolina 5,Mick Mulvaney,Republican,55.1,False,True,R+7,general,https://en.wikipedia.org/wiki/Mick_Mulvaney
South Carolina,South Carolina 5,John Spratt,Democratic,44.9,True,False,R+7,general,https://en.wikipedia.org/wiki/John_Spratt
South Carolina,South Carolina 6,Jim Clyburn,Democratic,62.9,True,True,D+12,general,https://en.wikipedia.org/wiki/Jim_Clyburn
South Carolina,South Carolina 6,Jim Pratt,Republican,36.4,False,False,D+12,general,
South Carolina,South Carolina 6,Nammu Muhammad,Green,0.7,False,False,D+12,general,
South Dakota,South Dakota at-large,Kristi Noem,Republican,48.1,False,True,R+9,general,https://en.wikipedia.org/wiki/Kristi_Noem
South Dakota,South Dakota at-large,Stephanie Herseth Sandlin,Democratic,45.9,True,False,R+9,general,https://en.wikipedia.org/wiki/Stephanie_Herseth_Sandlin
South Dakota,South Dakota at-large,Thomas Marking,Independent,6.0,False,False,R+9,general,
Tennessee,Tennessee 1,Phil Roe,Republican,80.8,True,True,R+21,general,https://en.wikipedia.org/wiki/Phil_Roe_(politician)
Tennessee,Tennessee 1,Michael Clark,Democratic,17.1,False,False,R+21,general,
Tennessee,Tennessee 1,Kermit Steck,Independent,2.1,False,False,R+21,general,
Tennessee,Tennessee 2,Jimmy Duncan,Republican,81.7,True,True,R+16,general,https://en.wikipedia.org/wiki/Jimmy_Duncan_(politician)
Tennessee,Tennessee 2,Dave Hancock,Democratic,14.7,False,False,R+16,general,
Tennessee,Tennessee 2,Joe Leinweber,Independent,1.4,False,False,R+16,general,
Tennessee,Tennessee 2,Andy Andrew,Independent,1.2,False,False,R+16,general,
Tennessee,Tennessee 2,Greg Samples,Libertarian,0.7,False,False,R+16,general,
Tennessee,Tennessee 2,Jim Headings,Constitution,0.3,False,False,R+16,general,
Tennessee,Tennessee 3,Charles Fleischmann,Republican,56.8,False,True,R+13,general,https://en.wikipedia.org/wiki/Chuck_Fleischmann
Tennessee,Tennessee 3,John Wolfe Jr.,Democratic,28.0,False,False,R+13,general,https://en.wikipedia.org/wiki/John_Wolfe_Jr.
Tennessee,Tennessee 3,Savas Kyriakidis,Independent,10.5,False,False,R+13,general,
Tennessee,Tennessee 3,Mark DeVol,Independent,3.6,False,False,R+13,general,
Tennessee,Tennessee 3,Don Barkman,Independent,0.5,False,False,R+13,general,
Tennessee,Tennessee 3,Greg Goodwin,Independent,0.2,False,False,R+13,general,
Tennessee,Tennessee 3,Robert Humphries,Independent,0.2,False,False,R+13,general,
Tennessee,Tennessee 3,Mo Kiah,Libertarian,0.1,False,False,R+13,general,
Tennessee,Tennessee 4,Scott DesJarlais,Republican,57.1,False,True,R+13,general,https://en.wikipedia.org/wiki/Scott_DesJarlais
Tennessee,Tennessee 4,Lincoln Davis,Democratic,38.6,True,False,R+13,general,https://en.wikipedia.org/wiki/Lincoln_Davis
Tennessee,Tennessee 4,Paul Curtis,Independent,1.7,False,False,R+13,general,
Tennessee,Tennessee 4,Gerald York,Independent,1.2,False,False,R+13,general,
Tennessee,Tennessee 4,James Gray,Independent,0.9,False,False,R+13,general,
Tennessee,Tennessee 4,Richard Johnson,Independent,0.5,False,False,R+13,general,
Tennessee,Tennessee 5,Jim Cooper,Democratic,56.2,True,True,D+3,general,https://en.wikipedia.org/wiki/Jim_Cooper
Tennessee,Tennessee 5,David Hall,Republican,42.1,False,False,D+3,general,
Tennessee,Tennessee 5,Stephen Collings,Libertarian,0.3,False,False,D+3,general,
Tennessee,Tennessee 5,John Smith,Independent,0.3,False,False,D+3,general,
Tennessee,Tennessee 5,Jackie Miller,Independent,0.3,False,False,D+3,general,
Tennessee,Tennessee 5,John Miglietta,Green,0.2,False,False,D+3,general,
Tennessee,Tennessee 5,Bill Crook,Independent,0.2,False,False,D+3,general,
Tennessee,Tennessee 5,James Whitfield,Independent,0.2,False,False,D+3,general,
Tennessee,Tennessee 5,Joe Moore,Independent,0.1,False,False,D+3,general,
Tennessee,Tennessee 5,Clark Taylor,Independent,0.1,False,False,D+3,general,
Tennessee,Tennessee 6,Diane Black,Republican,67.3,False,True,R+13,general,https://en.wikipedia.org/wiki/Diane_Black
Tennessee,Tennessee 6,Brett Carter,Democratic,29.4,False,False,R+13,general,https://en.wikipedia.org/wiki/Brett_Carter_(politician)
Tennessee,Tennessee 6,Jim Boyd,Independent,1.1,False,False,R+13,general,
Tennessee,Tennessee 6,David Purcell,Independent,0.7,False,False,R+13,general,
Tennessee,Tennessee 6,Tommy Hay,Independent,0.7,False,False,R+13,general,
Tennessee,Tennessee 6,Brandon Gore,Independent,0.6,False,False,R+13,general,
Tennessee,Tennessee 6,Stephen Sprague,Independent,0.3,False,False,R+13,general,
Tennessee,Tennessee 7,Marsha Blackburn,Republican,72.4,True,True,R+18,general,https://en.wikipedia.org/wiki/Marsha_Blackburn
Tennessee,Tennessee 7,Greg Rabidoux,Democratic,24.8,False,False,R+18,general,
Tennessee,Tennessee 7,Bill Stone,Independent,2.9,False,False,R+18,general,
Tennessee,Tennessee 8,Stephen Fincher,Republican,59.0,False,True,R+6,general,https://en.wikipedia.org/wiki/Stephen_Fincher
Tennessee,Tennessee 8,Roy Herron,Democratic,38.8,False,False,R+6,general,https://en.wikipedia.org/wiki/Roy_Herron
Tennessee,Tennessee 8,Donn Janes,Independent,1.5,False,False,R+6,general,
Tennessee,Tennessee 8,Mark Rawles,Independent,0.7,False,False,R+6,general,
Tennessee,Tennessee 9,Steve Cohen,Democratic,74.0,True,True,D+23,general,https://en.wikipedia.org/wiki/Steve_Cohen_(politician)
Tennessee,Tennessee 9,Charlotte Bergmann,Republican,25.1,False,False,D+23,general,
Tennessee,Tennessee 9,Sandra Sullivan,Independent,0.5,False,False,D+23,general,
Tennessee,Tennessee 9,Perry Steele,Independent,0.4,False,False,D+23,general,
Texas,Texas 1,Louie Gohmert,Republican,89.7,True,True,R+21,general,https://en.wikipedia.org/wiki/Louie_Gohmert
Texas,Texas 1,Charles Parkes,Libertarian,10.3,False,False,R+21,general,
Texas,Texas 10,Michael McCaul,Republican,64.7,True,True,R+10,general,https://en.wikipedia.org/wiki/Michael_McCaul
Texas,Texas 10,Ted Ankrum,Democratic,33.0,False,False,R+10,general,
Texas,Texas 10,J. P. Perkins,Libertarian,2.3,False,False,R+10,general,
Texas,Texas 11,Mike Conaway,Republican,80.8,True,True,R+28,general,https://en.wikipedia.org/wiki/Mike_Conaway
Texas,Texas 11,James Quillan,Democratic,15.4,False,False,R+28,general,
Texas,Texas 11,James Powell,Libertarian,2.8,False,False,R+28,general,
Texas,Texas 11,Jim Howe,Green,0.9,False,False,R+28,general,
Texas,Texas 12,Kay Granger,Republican,71.9,True,True,R+16,general,https://en.wikipedia.org/wiki/Kay_Granger
Texas,Texas 12,Tracey Smith,Democratic,25.1,False,False,R+16,general,
Texas,Texas 12,Matthew Solodow,Libertarian,3.0,False,False,R+16,general,
Texas,Texas 13,Mac Thornberry,Republican,87.1,True,True,R+29,general,https://en.wikipedia.org/wiki/Mac_Thornberry
Texas,Texas 13,Keith Dyer,Independent,8.6,False,False,R+29,general,
Texas,Texas 13,John Burwell,Libertarian,4.3,False,False,R+29,general,
Texas,Texas 14,Ron Paul,Republican,76.0,True,True,R+18,general,https://en.wikipedia.org/wiki/Ron_Paul
Texas,Texas 14,Robert Pruett,Democratic,24.0,False,False,R+18,general,
Texas,Texas 15,Rubén Hinojosa,Democratic,55.7,True,True,D+3,general,https://en.wikipedia.org/wiki/Rub%C3%A9n_Hinojosa
Texas,Texas 15,Eddie Zamora,Republican,41.6,False,False,D+3,general,
Texas,Texas 15,Aaron Cohn,Libertarian,2.7,False,False,D+3,general,
Texas,Texas 16,Silvestre Reyes,Democratic,58.1,True,True,D+10,general,https://en.wikipedia.org/wiki/Silvestre_Reyes
Texas,Texas 16,Tim Besco,Republican,36.6,False,False,D+10,general,
Texas,Texas 16,Bill Collins,Libertarian,5.1,False,False,D+10,general,
Texas,Texas 17,Bill Flores,Republican,61.8,False,True,R+20,general,https://en.wikipedia.org/wiki/Bill_Flores
Texas,Texas 17,Chet Edwards,Democratic,36.6,True,False,R+20,general,https://en.wikipedia.org/wiki/Chet_Edwards
Texas,Texas 17,Richard Kelly,Libertarian,1.6,False,False,R+20,general,
Texas,Texas 18,Sheila Jackson Lee,Democratic,70.1,True,True,D+24,general,https://en.wikipedia.org/wiki/Sheila_Jackson_Lee
Texas,Texas 18,John Faulk,Republican,27.3,False,False,D+24,general,
Texas,Texas 18,Mike Taylor,Libertarian,2.6,False,False,D+24,general,
Texas,Texas 19,Randy Neugebauer,Republican,77.7,True,True,R+26,general,https://en.wikipedia.org/wiki/Randy_Neugebauer
Texas,Texas 19,Andy Wilson,Democratic,19.1,False,False,R+26,general,
Texas,Texas 19,Chip Peterson,Libertarian,3.2,False,False,R+26,general,
Texas,Texas 2,Ted Poe,Republican,88.6,True,True,R+13,general,https://en.wikipedia.org/wiki/Ted_Poe
Texas,Texas 2,David Smith,Libertarian,11.4,False,False,R+13,general,
Texas,Texas 20,Charlie González,Democratic,63.6,True,True,D+8,general,https://en.wikipedia.org/wiki/Charlie_Gonzalez
Texas,Texas 20,Clayton Trotter,Republican,34.5,False,False,D+8,general,https://en.wikipedia.org/wiki/Clayton_Trotter
Texas,Texas 20,Michael Idrogo,Libertarian,1.9,False,False,D+8,general,
Texas,Texas 21,Lamar S. Smith,Republican,68.9,True,True,R+14,general,https://en.wikipedia.org/wiki/Lamar_S._Smith
Texas,Texas 21,Laney Melnick,Democratic,27.9,False,False,R+14,general,
Texas,Texas 21,James Arthur Strohm,Libertarian,3.2,False,False,R+14,general,
Texas,Texas 22,Pete Olson,Republican,67.5,True,True,R+13,general,https://en.wikipedia.org/wiki/Pete_Olson
Texas,Texas 22,Kesha Rogers,Democratic,29.8,False,False,R+13,general,https://en.wikipedia.org/wiki/Kesha_Rogers
Texas,Texas 22,Steven Susman,Libertarian,2.7,False,False,R+13,general,
Texas,Texas 23,Quico Canseco,Republican,49.4,False,True,R+4,general,https://en.wikipedia.org/wiki/Quico_Canseco
Texas,Texas 23,Ciro Rodriguez,Democratic,44.4,True,False,R+4,general,https://en.wikipedia.org/wiki/Ciro_Rodriguez
Texas,Texas 23,Craig Stephens,Independent,3.6,False,False,R+4,general,
Texas,Texas 23,Martin Nitschke,Libertarian,1.6,False,False,R+4,general,
Texas,Texas 23,Ed Scharf,Green,0.9,False,False,R+4,general,
Texas,Texas 24,Kenny Marchant,Republican,81.6,True,True,R+11,general,https://en.wikipedia.org/wiki/Kenny_Marchant
Texas,Texas 24,David Sparks,Libertarian,18.4,False,False,R+11,general,
Texas,Texas 25,Lloyd Doggett,Democratic,52.8,True,True,D+6,general,https://en.wikipedia.org/wiki/Lloyd_Doggett
Texas,Texas 25,Donna Campbell,Republican,44.8,False,False,D+6,general,https://en.wikipedia.org/wiki/Donna_Campbell
Texas,Texas 25,Jim Stutsman,Libertarian,2.3,False,False,D+6,general,
Texas,Texas 26,Michael C. Burgess,Republican,67.1,True,True,R+13,general,https://en.wikipedia.org/wiki/Michael_C._Burgess
Texas,Texas 26,Neil Durrance,Democratic,30.7,False,False,R+13,general,
Texas,Texas 26,Mark Boler,Libertarian,2.2,False,False,R+13,general,
Texas,Texas 27,Blake Farenthold,Republican,47.9,False,True,R+2,general,https://en.wikipedia.org/wiki/Blake_Farenthold
Texas,Texas 27,Solomon Ortiz,Democratic,47.1,True,False,R+2,general,https://en.wikipedia.org/wiki/Solomon_Ortiz
Texas,Texas 27,Ed Mishou,Libertarian,5.0,False,False,R+2,general,
Texas,Texas 28,Henry Cuellar,Democratic,56.3,True,True,EVEN,general,https://en.wikipedia.org/wiki/Henry_Cuellar
Texas,Texas 28,Bryan Underwood,Republican,42.0,False,False,EVEN,general,
Texas,Texas 28,Stephen Kaat,Libertarian,1.7,False,False,EVEN,general,
Texas,Texas 29,Gene Green,Democratic,64.6,True,True,D+8,general,https://en.wikipedia.org/wiki/Gene_Green
Texas,Texas 29,Roy Morales,Republican,34.1,False,False,D+8,general,
Texas,Texas 29,Brad Walters,Libertarian,1.3,False,False,D+8,general,
Texas,Texas 3,Sam Johnson,Republican,66.3,True,True,R+14,general,https://en.wikipedia.org/wiki/Sam_Johnson
Texas,Texas 3,John Lingenfelder,Democratic,31.3,False,False,R+14,general,
Texas,Texas 3,Christopher J. Claytor,Libertarian,2.4,False,False,R+14,general,
Texas,Texas 30,Eddie Bernice Johnson,Democratic,75.7,True,True,D+27,general,https://en.wikipedia.org/wiki/Eddie_Bernice_Johnson
Texas,Texas 30,Stephen Broden,Republican,21.6,False,False,D+27,general,https://en.wikipedia.org/wiki/Stephen_Broden
Texas,Texas 30,J. B. Oswalt,Libertarian,2.6,False,False,D+27,general,
Texas,Texas 31,John Carter,Republican,82.5,True,True,R+14,general,https://en.wikipedia.org/wiki/John_Carter_(Texas_politician)
Texas,Texas 31,Bill Oliver,Libertarian,17.5,False,False,R+14,general,
Texas,Texas 32,Pete Sessions,Republican,62.6,True,True,R+8,general,https://en.wikipedia.org/wiki/Pete_Sessions
Texas,Texas 32,Grier Raggio,Democratic,34.9,False,False,R+8,general,https://en.wikipedia.org/wiki/Grier_Raggio
Texas,Texas 32,John Jay Myers,Libertarian,2.5,False,False,R+8,general,
Texas,Texas 4,Ralph Hall,Republican,73.2,True,True,R+21,general,https://en.wikipedia.org/wiki/Ralph_Hall
Texas,Texas 4,VaLinda Hathcox,Democratic,22.0,False,False,R+21,general,
Texas,Texas 4,Jim Prindle,Libertarian,2.5,False,False,R+21,general,
Texas,Texas 4,Shane Shepard,Independent,2.3,False,False,R+21,general,
Texas,Texas 5,Jeb Hensarling,Republican,70.5,True,True,R+17,general,https://en.wikipedia.org/wiki/Jeb_Hensarling
Texas,Texas 5,Tom Berry,Democratic,27.5,False,False,R+17,general,
Texas,Texas 5,Ken Ashby,Libertarian,2.0,False,False,R+17,general,
Texas,Texas 6,Joe Barton,Republican,65.9,True,True,R+15,general,https://en.wikipedia.org/wiki/Joe_Barton
Texas,Texas 6,David Cozad,Democratic,31.2,False,False,R+15,general,
Texas,Texas 6,Byron Severns,Libertarian,2.9,False,False,R+15,general,
Texas,Texas 7,John Culberson,Republican,81.4,True,True,R+13,general,https://en.wikipedia.org/wiki/John_Culberson
Texas,Texas 7,Bob Townsend,Libertarian,18.0,False,False,R+13,general,
Texas,Texas 8,Kevin Brady,Republican,80.3,True,True,R+25,general,https://en.wikipedia.org/wiki/Kevin_Brady
Texas,Texas 8,Kent Hargett,Democratic,17.2,False,False,R+25,general,
Texas,Texas 8,Bruce West,Libertarian,2.5,False,False,R+25,general,
Texas,Texas 9,Al Green,Democratic,75.7,True,True,D+22,general,https://en.wikipedia.org/wiki/Al_Green_(politician)
Texas,Texas 9,Steve Mueller,Republican,22.9,False,False,D+22,general,
Texas,Texas 9,Michael Hope,Libertarian,1.4,False,False,D+22,general,
Utah,Utah 1,Rob Bishop,Republican,69.2,True,True,R+21,general,https://en.wikipedia.org/wiki/Rob_Bishop
Utah,Utah 1,Morgan Bowen,Democratic,23.9,False,False,R+21,general,https://en.wikipedia.org/wiki/Morgan_Bowen
Utah,Utah 1,Kirk Pearson,Constitution,4.7,False,False,R+21,general,
Utah,Utah 1,Jared Paul Stratton,Libertarian,2.2,False,False,R+21,general,
Utah,Utah 2,Jim Matheson,Democratic,50.5,True,True,R+15,general,https://en.wikipedia.org/wiki/Jim_Matheson
Utah,Utah 2,Morgan Philpot,Republican,46.1,False,False,R+15,general,https://en.wikipedia.org/wiki/Morgan_Philpot
Utah,Utah 2,Randall Hinton,Constitution,1.8,False,False,R+15,general,
Utah,Utah 2,Dave Glissmeyer,Independent,0.9,False,False,R+15,general,
Utah,Utah 2,Wayne Hill,Independent,0.7,False,False,R+15,general,
Utah,Utah 3,Jason Chaffetz,Republican,72.3,True,True,R+26,general,https://en.wikipedia.org/wiki/Jason_Chaffetz
Utah,Utah 3,Karen Hyer,Democratic,22.9,False,False,R+26,general,https://en.wikipedia.org/wiki/Karen_Hyer
Utah,Utah 3,Douglas Sligting,Constitution,2.4,False,False,R+26,general,
Utah,Utah 3,Jake Shannon,Libertarian,1.5,False,False,R+26,general,
Utah,Utah 3,Joseph Puente,Independent,0.8,False,False,R+26,general,
Vermont,Vermont at-large,Peter Welch,Democratic,64.6,True,True,D+13,general,https://en.wikipedia.org/wiki/Peter_Welch
Vermont,Vermont at-large,Paul Beaudry,Republican,32.0,False,False,D+13,general,
Vermont,Vermont at-large,Gus Jaccaci,Independent,2.0,False,False,D+13,general,
Vermont,Vermont at-large,Jane Newton,Socialist,1.4,False,False,D+13,general,
Virginia,Virginia 1,Rob Wittman,Republican,63.9,True,True,R+7,general,https://en.wikipedia.org/wiki/Rob_Wittman
Virginia,Virginia 1,Krystal Ball,Democratic,34.8,False,False,R+7,general,https://en.wikipedia.org/wiki/Krystal_Ball
Virginia,Virginia 1,Gail Parker,Independent Green,1.2,False,False,R+7,general,
Virginia,Virginia 10,Frank Wolf,Republican,62.9,True,True,R+2,general,https://en.wikipedia.org/wiki/Frank_Wolf_(politician)
Virginia,Virginia 10,Jeff Barnett,Democratic,34.8,False,False,R+2,general,https://en.wikipedia.org/wiki/Jeff_Barnett_(politician)
Virginia,Virginia 10,Bill Redpath,Libertarian,2.2,False,False,R+2,general,
Virginia,Virginia 11,Gerry Connolly,Democratic,49.2,True,True,D+2,general,https://en.wikipedia.org/wiki/Gerry_Connolly
Virginia,Virginia 11,Keith Fimian,Republican,48.8,False,False,D+2,general,https://en.wikipedia.org/wiki/Keith_Fimian
Virginia,Virginia 11,Christopher DeCarlo,Independent,0.8,False,False,D+2,general,
Virginia,Virginia 11,David Dotson,Libertarian,0.6,False,False,D+2,general,
Virginia,Virginia 11,David Gillis,Independent Green,0.4,False,False,D+2,general,
Virginia,Virginia 2,Scott Rigell,Republican,53.1,False,True,R+5,general,https://en.wikipedia.org/wiki/Scott_Rigell
Virginia,Virginia 2,Glenn Nye,Democratic,42.5,True,False,R+5,general,https://en.wikipedia.org/wiki/Glenn_Nye
Virginia,Virginia 2,Kenny Golden,Independent,4.3,False,False,R+5,general,
Virginia,Virginia 3,Bobby Scott,Democratic,70.0,True,True,D+20,general,https://en.wikipedia.org/wiki/Bobby_Scott_(politician)
Virginia,Virginia 3,Chuck Smith,Republican,27.2,False,False,D+20,general,
Virginia,Virginia 3,James Quigley,Libertarian,1.5,False,False,D+20,general,
Virginia,Virginia 3,John D. Kelly,Independent,1.2,False,False,D+20,general,
Virginia,Virginia 4,Randy Forbes,Republican,62.3,True,True,R+4,general,https://en.wikipedia.org/wiki/Randy_Forbes
Virginia,Virginia 4,Wynne LeGrow,Democratic,37.5,False,False,R+4,general,https://en.wikipedia.org/wiki/Wynne_LeGrow
Virginia,Virginia 5,Robert Hurt,Republican,50.8,False,True,R+5,general,https://en.wikipedia.org/wiki/Robert_Hurt_(politician)
Virginia,Virginia 5,Tom Perriello,Democratic,47.0,True,False,R+5,general,https://en.wikipedia.org/wiki/Tom_Perriello
Virginia,Virginia 5,Jeff Clark,Independent,2.1,False,False,R+5,general,
Virginia,Virginia 6,Bob Goodlatte,Republican,76.3,True,True,R+12,general,https://en.wikipedia.org/wiki/Bob_Goodlatte
Virginia,Virginia 6,Jeff Vanke,Independent,13.0,False,False,R+12,general,
Virginia,Virginia 6,Stuart Bain,Libertarian,9.2,False,False,R+12,general,
Virginia,Virginia 7,Eric Cantor,Republican,59.2,True,True,R+9,general,https://en.wikipedia.org/wiki/Eric_Cantor
Virginia,Virginia 7,Rick Waugh,Democratic,34.1,False,False,R+9,general,
Virginia,Virginia 7,Floyd Bayne,Independent Green,6.5,False,False,R+9,general,
Virginia,Virginia 8,Jim Moran,Democratic,61.0,True,True,D+16,general,https://en.wikipedia.org/wiki/Jim_Moran
Virginia,Virginia 8,J. Patrick Murray,Republican,37.3,False,False,D+16,general,https://en.wikipedia.org/wiki/Jay_Patrick_Murray
Virginia,Virginia 8,Ron Fisher,Independent Green,1.4,False,False,D+16,general,
Virginia,Virginia 9,Morgan Griffith,Republican,51.2,False,True,R+11,general,https://en.wikipedia.org/wiki/Morgan_Griffith
Virginia,Virginia 9,Rick Boucher,Democratic,46.4,True,False,R+11,general,https://en.wikipedia.org/wiki/Rick_Boucher
Virginia,Virginia 9,Jeremiah Heaton,Independent,2.3,False,False,R+11,general,
Washington,Washington 1,Jay Inslee,Democratic,57.7,True,True,D+9,general,https://en.wikipedia.org/wiki/Jay_Inslee
Washington,Washington 1,James Watkins,Republican,42.3,False,False,D+9,general,
Washington,Washington 2,Rick Larsen,Democratic,51.1,True,True,D+3,general,https://en.wikipedia.org/wiki/Rick_Larsen
Washington,Washington 2,John Koster,Republican,48.9,False,False,D+3,general,https://en.wikipedia.org/wiki/John_Koster
Washington,Washington 3,Jaime Herrera Beutler,Republican,53.0,False,True,EVEN,general,https://en.wikipedia.org/wiki/Jaime_Herrera_Beutler
Washington,Washington 3,Denny Heck,Democratic,47.0,False,False,EVEN,general,https://en.wikipedia.org/wiki/Denny_Heck
Washington,Washington 4,Doc Hastings,Republican,67.6,True,True,R+13,general,https://en.wikipedia.org/wiki/Doc_Hastings
Washington,Washington 4,Jay Clough,Democratic,32.4,False,False,R+13,general,https://en.wikipedia.org/wiki/Jay_Clough
Washington,Washington 5,Cathy McMorris Rodgers,Republican,63.7,True,True,R+7,general,https://en.wikipedia.org/wiki/Cathy_McMorris_Rodgers
Washington,Washington 5,Daryl Romeyn,Democratic,36.3,False,False,R+7,general,https://en.wikipedia.org/wiki/Daryl_Romeyn
Washington,Washington 6,Norm Dicks,Democratic,58.0,True,True,D+5,general,https://en.wikipedia.org/wiki/Norm_Dicks
Washington,Washington 6,Doug Cloud,Republican,42.0,False,False,D+5,general,https://en.wikipedia.org/wiki/Doug_Cloud
Washington,Washington 7,Jim McDermott,Democratic,83.0,True,True,D+31,general,https://en.wikipedia.org/wiki/Jim_McDermott
Washington,Washington 7,Bob Jeffers-Schroder,Independent,17.0,False,False,D+31,general,
Washington,Washington 8,Dave Reichert,Republican,52.1,True,True,D+3,general,https://en.wikipedia.org/wiki/Dave_Reichert
Washington,Washington 8,Suzan DelBene,Democratic,47.9,False,False,D+3,general,https://en.wikipedia.org/wiki/Suzan_DelBene
Washington,Washington 9,Adam Smith,Democratic,54.9,True,True,D+5,general,https://en.wikipedia.org/wiki/Adam_Smith_(Washington_politician)
Washington,Washington 9,Dick Muri,Republican,45.1,False,False,D+5,general,https://en.wikipedia.org/wiki/Dick_Muri
West Virginia,West Virginia 1,David McKinley,Republican,50.4,False,True,R+9,general,https://en.wikipedia.org/wiki/David_McKinley
West Virginia,West Virginia 1,Mike Oliverio,Democratic,49.6,False,False,R+9,general,https://en.wikipedia.org/wiki/Mike_Oliverio
West Virginia,West Virginia 2,Shelley Moore Capito,Republican,68.5,True,True,R+8,general,https://en.wikipedia.org/wiki/Shelley_Moore_Capito
West Virginia,West Virginia 2,Virginia Graf,Democratic,29.7,False,False,R+8,general,
West Virginia,West Virginia 2,Phil Hudok,Constitution,1.8,False,False,R+8,general,
West Virginia,West Virginia 3,Nick Rahall,Democratic,56.0,True,True,R+6,general,https://en.wikipedia.org/wiki/Nick_Rahall
West Virginia,West Virginia 3,Spike Maynard,Republican,44.0,False,False,R+6,general,https://en.wikipedia.org/wiki/Spike_Maynard
Wisconsin,Wisconsin 1,Paul Ryan,Republican,68.2,True,True,R+2,general,https://en.wikipedia.org/wiki/Paul_Ryan
Wisconsin,Wisconsin 1,John Heckenlively,Democratic,30.1,False,False,R+2,general,
Wisconsin,Wisconsin 1,Joseph Kexel,Libertarian,1.6,False,False,R+2,general,
Wisconsin,Wisconsin 2,Tammy Baldwin,Democratic,61.8,True,True,D+15,general,https://en.wikipedia.org/wiki/Tammy_Baldwin
Wisconsin,Wisconsin 2,Chad Lee,Republican,38.2,False,False,D+15,general,
Wisconsin,Wisconsin 3,Ron Kind,Democratic,50.3,True,True,D+4,general,https://en.wikipedia.org/wiki/Ron_Kind
Wisconsin,Wisconsin 3,Dan Kapanke,Republican,46.5,False,False,D+4,general,https://en.wikipedia.org/wiki/Dan_Kapanke
Wisconsin,Wisconsin 3,Mike Krsiean,Independent,3.2,False,False,D+4,general,
Wisconsin,Wisconsin 4,Gwen Moore,Democratic,69.0,True,True,D+22,general,https://en.wikipedia.org/wiki/Gwen_Moore
Wisconsin,Wisconsin 4,Dan Sebring,Republican,29.6,False,False,D+22,general,
Wisconsin,Wisconsin 4,Ahmad Ayyash,Independent,1.4,False,False,D+22,general,
Wisconsin,Wisconsin 5,Jim Sensenbrenner,Republican,69.3,True,True,R+12,general,https://en.wikipedia.org/wiki/Jim_Sensenbrenner
Wisconsin,Wisconsin 5,Todd Kolosso,Democratic,27.4,False,False,R+12,general,
Wisconsin,Wisconsin 5,Robert Raymond,Independent,3.3,False,False,R+12,general,
Wisconsin,Wisconsin 6,Tom Petri,Republican,70.7,True,True,R+4,general,https://en.wikipedia.org/wiki/Tom_Petri
Wisconsin,Wisconsin 6,Joe Kallas,Democratic,29.3,False,False,R+4,general,
Wisconsin,Wisconsin 7,Sean Duffy,Republican,52.1,False,True,D+3,general,https://en.wikipedia.org/wiki/Sean_Duffy
Wisconsin,Wisconsin 7,Julie Lassa,Democratic,44.4,False,False,D+3,general,https://en.wikipedia.org/wiki/Julie_Lassa
Wisconsin,Wisconsin 7,Gary Kauther,Independent,3.3,False,False,D+3,general,
Wisconsin,Wisconsin 8,Reid Ribble,Republican,54.8,False,True,R+2,general,https://en.wikipedia.org/wiki/Reid_Ribble
Wisconsin,Wisconsin 8,Steve Kagen,Democratic,45.1,True,False,R+2,general,https://en.wikipedia.org/wiki/Steve_Kagen
Wyoming,Wyoming at-large,Cynthia Lummis,Republican,70.5,True,True,R+20,general,https://en.wikipedia.org/wiki/Cynthia_Lummis
Wyoming,Wyoming at-large,David Wendt,Democratic,24.5,False,False,R+20,general,
Wyoming,Wyoming at-large,John Love,Libertarian,5.0,False,False,R+20,general,
