state,district,candidate_name,party,vote_percentage,is_incumbent,is_winner,pvi,election_type,wikipedia_url
Alabama,Alabama 1,Jo Bonner,Republican,97.9,True,True,R+14,general,https://en.wikipedia.org/wiki/Jo_Bonner
Alabama,Alabama 2,Martha Roby,Republican,63.7,True,True,R+18,general,https://en.wikipedia.org/wiki/Martha_Roby
Alabama,Alabama 2,Therese Ford,Democratic,36.3,False,False,R+18,general,https://en.wikipedia.org/wiki/Therese_Ford
Alabama,Alabama 3,Mike D. Rogers,Republican,64.1,True,True,R+15,general,https://en.wikipedia.org/wiki/Mike_D._Rogers
Alabama,Alabama 3,John Andrew Harris,Democratic,35.9,False,False,R+15,general,https://en.wikipedia.org/wiki/John_Andrew_Harris
Alabama,Alabama 4,Robert Aderholt,Republican,74.0,True,True,R+23,general,https://en.wikipedia.org/wiki/Robert_Aderholt
Alabama,Alabama 4,Daniel Boman,Democratic,26.0,False,False,R+23,general,https://en.wikipedia.org/wiki/Daniel_Boman
Alabama,Alabama 5,Mo Brooks,Republican,65.0,True,True,R+14,general,https://en.wikipedia.org/wiki/Mo_Brooks
Alabama,Alabama 5,Charlie Holley,Democratic,35.0,False,False,R+14,general,https://en.wikipedia.org/wiki/Charlie_Holley
Alabama,Alabama 6,Spencer Bachus,Republican,71.4,True,True,R+28,general,https://en.wikipedia.org/wiki/Spencer_Bachus
Alabama,Alabama 6,Penny Bailey,Democratic,28.6,False,False,R+28,general,https://en.wikipedia.org/wiki/Penny_Bailey
Alabama,Alabama 7,Terri Sewell,Democratic,75.8,True,True,D+17,general,https://en.wikipedia.org/wiki/Terri_Sewell
Alabama,Alabama 7,Don Chamberlain,Republican,24.2,False,False,D+17,general,https://en.wikipedia.org/wiki/Don_Chamberlain
Alaska,Alaska at-large,Don Young,Republican,64.7,True,True,R+13,general,https://en.wikipedia.org/wiki/Don_Young
Alaska,Alaska at-large,Sharon Cissna,Democratic,28.4,False,False,R+13,general,https://en.wikipedia.org/wiki/Sharon_Cissna
Alaska,Alaska at-large,Jim C. McDermott,Libertarian,5.1,False,False,R+13,general,
Alaska,Alaska at-large,Ted Gianoutsos,Independent,1.9,False,False,R+13,general,
Arizona,Arizona 1,Ann Kirkpatrick,Democratic,48.8,False,True,R+3,general,https://en.wikipedia.org/wiki/Ann_Kirkpatrick
Arizona,Arizona 1,Jonathan Paton,Republican,45.1,False,False,R+3,general,https://en.wikipedia.org/wiki/Jonathan_Paton
Arizona,Arizona 1,Kim Allen,Libertarian,6.0,False,False,R+3,general,
Arizona,Arizona 2,Ron Barber,Democratic,50.42,False,True,R+2,general,https://en.wikipedia.org/wiki/Ron_Barber
Arizona,Arizona 2,Martha McSally,Republican,49.58,False,False,R+2,general,https://en.wikipedia.org/wiki/Martha_McSally
Arizona,Arizona 2,Anthony Powell,Libertarian,0.02,False,False,R+2,general,
Arizona,Arizona 3,Raúl Grijalva,Democratic,57.8,False,True,D+7,general,https://en.wikipedia.org/wiki/Ra%C3%BAl_Grijalva
Arizona,Arizona 3,Gabby Saucedo Mercer,Republican,37.7,False,False,D+7,general,
Arizona,Arizona 3,Blanca Guerra,Libertarian,4.4,False,False,D+7,general,
Arizona,Arizona 4,Paul Gosar,Republican,67.0,False,True,R+16,general,https://en.wikipedia.org/wiki/Paul_Gosar
Arizona,Arizona 4,Johnnie Robinson,Democratic,28.3,False,False,R+16,general,https://en.wikipedia.org/wiki/Johnnie_Robinson
Arizona,Arizona 4,Joe Pamelia,Libertarian,3.7,False,False,R+16,general,
Arizona,Arizona 4,Richard Grayson,Americans Elect,1.0,False,False,R+16,general,
Arizona,Arizona 5,Matt Salmon,Republican,67.2,False,True,R+16,general,https://en.wikipedia.org/wiki/Matt_Salmon
Arizona,Arizona 5,Spencer Morgan,Democratic,32.7,False,False,R+16,general,https://en.wikipedia.org/wiki/Spencer_Morgan
Arizona,Arizona 6,David Schweikert,Republican,61.7,False,True,R+10,general,https://en.wikipedia.org/wiki/David_Schweikert
Arizona,Arizona 6,Matt Jette,Democratic,33.1,False,False,R+10,general,https://en.wikipedia.org/wiki/Matt_Jette
Arizona,Arizona 6,Jack Anderson,Libertarian,3.3,False,False,R+10,general,
Arizona,Arizona 6,Mark Salazar,Green,1.8,False,False,R+10,general,
Arizona,Arizona 7,Ed Pastor,Democratic,80.3,False,True,D+12,general,https://en.wikipedia.org/wiki/Ed_Pastor
Arizona,Arizona 7,Joe Cobb,Libertarian,19.2,False,False,D+12,general,
Arizona,Arizona 8,Trent Franks,Republican,63.6,False,True,R+13,general,https://en.wikipedia.org/wiki/Trent_Franks
Arizona,Arizona 8,Gene Scharer,Democratic,34.8,False,False,R+13,general,https://en.wikipedia.org/wiki/Gene_Scharer
Arizona,Arizona 8,Stephen Dolgos,Americans Elect,1.5,False,False,R+13,general,
Arizona,Arizona 8,Ron Barber,Democratic,52.3,False,True,,special,https://en.wikipedia.org/wiki/Ron_Barber
Arizona,Arizona 8,Jesse Kelly,Republican,45.4,False,False,,special,
Arizona,Arizona 8,Charlie Manolakis,Green,2.3,False,False,,special,
Arizona,Arizona 9,Kyrsten Sinema,Democratic,48.5,False,True,R+1,general,https://en.wikipedia.org/wiki/Kyrsten_Sinema
Arizona,Arizona 9,Vernon Parker,Republican,44.8,False,False,R+1,general,https://en.wikipedia.org/wiki/Vernon_Parker
Arizona,Arizona 9,Powell Gammill,Libertarian,6.6,False,False,R+1,general,
Arkansas,Arkansas 1,Rick Crawford,Republican,56.4,True,True,R+7,general,https://en.wikipedia.org/wiki/Rick_Crawford_(politician)
Arkansas,Arkansas 1,Scott Ellington,Democratic,39.0,False,False,R+7,general,
Arkansas,Arkansas 1,Jessica Paxton,Libertarian,2.6,False,False,R+7,general,
Arkansas,Arkansas 1,Jacob Holloway,Green,2.0,False,False,R+7,general,
Arkansas,Arkansas 2,Timothy Griffin,Republican,55.2,True,True,R+5,general,https://en.wikipedia.org/wiki/Timothy_Griffin
Arkansas,Arkansas 2,Herb Rule,Democratic,39.5,False,False,R+5,general,https://en.wikipedia.org/wiki/Herb_Rule
Arkansas,Arkansas 2,Barbara Ward,Green,3.0,False,False,R+5,general,
Arkansas,Arkansas 2,Chris Hayes,Libertarian,2.3,False,False,R+5,general,
Arkansas,Arkansas 3,Steve Womack,Republican,75.8,True,True,R+16,general,https://en.wikipedia.org/wiki/Steve_Womack
Arkansas,Arkansas 3,Rebekah Kennedy,Green,16.1,False,False,R+16,general,https://en.wikipedia.org/wiki/Rebekah_Kennedy_(candidate)
Arkansas,Arkansas 3,David Pangrac,Libertarian,8.1,False,False,R+16,general,
Arkansas,Arkansas 4,Tom Cotton,Republican,59.5,False,True,R+9,general,https://en.wikipedia.org/wiki/Tom_Cotton
Arkansas,Arkansas 4,Gene Jeffress,Democratic,36.7,False,False,R+9,general,https://en.wikipedia.org/wiki/Gene_Jeffress
Arkansas,Arkansas 4,Josh Drake,Green,1.9,False,False,R+9,general,
Arkansas,Arkansas 4,Bobby Tullis,Libertarian,1.9,False,False,R+9,general,https://en.wikipedia.org/wiki/Bobby_Tullis
California,California 1,Doug LaMalfa,Republican,57.9,False,True,R+10,general,https://en.wikipedia.org/wiki/Doug_LaMalfa
California,California 1,Jim Reed,Democratic,42.1,False,False,R+10,general,
California,California 10,Jeff Denham,Republican,53.8,False,True,R+5,general,https://en.wikipedia.org/wiki/Jeff_Denham
California,California 10,José M. Hernández,Democratic,46.2,False,False,R+5,general,https://en.wikipedia.org/wiki/Jos%C3%A9_M._Hern%C3%A1ndez
California,California 11,George Miller,Democratic,69.1,False,True,D+17,general,https://en.wikipedia.org/wiki/George_Miller_(California_politician)
California,California 11,Virginia Fuller,Republican,30.9,False,False,D+17,general,https://en.wikipedia.org/wiki/Virginia_Fuller
California,California 12,Nancy Pelosi,Democratic,84.8,False,True,D+35,general,https://en.wikipedia.org/wiki/Nancy_Pelosi
California,California 12,John Dennis,Republican,15.2,False,False,D+35,general,
California,California 13,Barbara Lee,Democratic,86.3,False,True,D+37,general,https://en.wikipedia.org/wiki/Barbara_Lee
California,California 13,Marilyn Singleton,Independent,13.7,False,False,D+37,general,https://en.wikipedia.org/wiki/Marilyn_Singleton
California,California 14,Jackie Speier,Democratic,73.7,False,True,D+23,general,https://en.wikipedia.org/wiki/Jackie_Speier
California,California 14,Debbie Bacigalupi,Republican,26.3,False,False,D+23,general,
California,California 15,Eric Swalwell,Democratic,53.0,False,True,D+15,general,https://en.wikipedia.org/wiki/Eric_Swalwell
California,California 15,Pete Stark,Democratic,47.0,False,False,D+15,general,https://en.wikipedia.org/wiki/Pete_Stark
California,California 16,Jim Costa,Democratic,57.4,False,True,D+2,general,https://en.wikipedia.org/wiki/Jim_Costa
California,California 16,Brian Whelan,Republican,42.6,False,False,D+2,general,
California,California 17,Mike Honda,Democratic,73.3,False,True,D+18,general,https://en.wikipedia.org/wiki/Mike_Honda
California,California 17,Evelyn Li,Republican,26.7,False,False,D+18,general,
California,California 18,Anna Eshoo,Democratic,70.0,False,True,D+18,general,https://en.wikipedia.org/wiki/Anna_Eshoo
California,California 18,Dave Chapman,Republican,30.0,False,False,D+18,general,
California,California 19,Zoe Lofgren,Democratic,72.7,False,True,D+16,general,https://en.wikipedia.org/wiki/Zoe_Lofgren
California,California 19,Robert Murray,Republican,27.3,False,False,D+16,general,
California,California 2,Jared Huffman,Democratic,70.1,False,True,D+19,general,https://en.wikipedia.org/wiki/Jared_Huffman
California,California 2,Daniel Roberts,Republican,29.9,False,False,D+19,general,
California,California 20,Sam Farr,Democratic,72.9,False,True,D+19,general,https://en.wikipedia.org/wiki/Sam_Farr
California,California 20,Jeff Taylor,Republican,27.1,False,False,D+19,general,
California,California 21,David Valadao,Republican,59.9,False,True,R+3,general,https://en.wikipedia.org/wiki/David_Valadao
California,California 21,John Hernandez,Democratic,40.1,False,False,R+3,general,
California,California 22,Devin Nunes,Republican,63.1,False,True,R+12,general,https://en.wikipedia.org/wiki/Devin_Nunes
California,California 22,Otto Lee,Democratic,36.9,False,False,R+12,general,https://en.wikipedia.org/wiki/Otto_Lee
California,California 23,Kevin McCarthy,Republican,73.8,False,True,R+18,general,https://en.wikipedia.org/wiki/Kevin_McCarthy
California,California 23,Terry Phillips,Independent,26.2,False,False,R+18,general,https://en.wikipedia.org/wiki/Terry_Phillips
California,California 24,Lois Capps,Democratic,55.1,False,True,D+3,general,https://en.wikipedia.org/wiki/Lois_Capps
California,California 24,Abel Maldonado,Republican,44.9,False,False,D+3,general,https://en.wikipedia.org/wiki/Abel_Maldonado
California,California 25,Buck McKeon,Republican,54.8,True,True,R+6,general,https://en.wikipedia.org/wiki/Buck_McKeon
California,California 25,Lee Rogers,Democratic,45.2,False,False,R+6,general,https://en.wikipedia.org/wiki/Lee_Rogers_(podiatrist)
California,California 26,Julia Brownley,Democratic,51.7,False,True,D+2,general,https://en.wikipedia.org/wiki/Julia_Brownley
California,California 26,Tony Strickland,Republican,48.3,False,False,D+2,general,https://en.wikipedia.org/wiki/Tony_Strickland
California,California 27,Judy Chu,Democratic,63.4,False,True,D+9,general,https://en.wikipedia.org/wiki/Judy_Chu
California,California 27,Jack Orswell,Republican,36.6,False,False,D+9,general,
California,California 28,Adam Schiff,Democratic,76.0,False,True,D+19,general,https://en.wikipedia.org/wiki/Adam_Schiff
California,California 28,Phil Jennerjahn,Republican,24.0,False,False,D+19,general,
California,California 29,Tony Cárdenas,Democratic,74.2,False,True,D+21,general,https://en.wikipedia.org/wiki/Tony_C%C3%A1rdenas
California,California 29,David Hernandez,Independent,25.8,False,False,D+21,general,
California,California 3,John Garamendi,Democratic,54.2,False,True,D+1,general,https://en.wikipedia.org/wiki/John_Garamendi
California,California 3,Kim Vann,Republican,45.8,False,False,D+1,general,https://en.wikipedia.org/wiki/Kim_Vann
California,California 30,Brad Sherman,Democratic,60.5,False,True,D+13,general,https://en.wikipedia.org/wiki/Brad_Sherman
California,California 30,Howard Berman,Democratic,39.5,False,False,D+13,general,https://en.wikipedia.org/wiki/Howard_Berman
California,California 31,Gary Miller,Republican,55.2,False,True,D+12,general,https://en.wikipedia.org/wiki/Gary_Miller_(politician)
California,California 31,Robert Dutton,Republican,44.8,False,False,D+12,general,https://en.wikipedia.org/wiki/Robert_Dutton_(politician)
California,California 32,Grace Napolitano,Democratic,65.4,False,True,D+9,general,https://en.wikipedia.org/wiki/Grace_Napolitano
California,California 32,David Miller,Republican,34.6,False,False,D+9,general,
California,California 33,Henry Waxman,Democratic,53.7,False,True,D+12,general,https://en.wikipedia.org/wiki/Henry_Waxman
California,California 33,Bill Bloomfield,Independent,46.3,False,False,D+12,general,
California,California 34,Xavier Becerra,Democratic,85.6,False,True,D+28,general,https://en.wikipedia.org/wiki/Xavier_Becerra
California,California 34,Stephen C. Smith,Republican,14.4,False,False,D+28,general,
California,California 35,Gloria Negrete McLeod,Democratic,55.7,False,True,D+10,general,https://en.wikipedia.org/wiki/Gloria_Negrete_McLeod
California,California 35,Joe Baca,Democratic,44.3,False,False,D+10,general,https://en.wikipedia.org/wiki/Joe_Baca
California,California 36,Raul Ruiz,Democratic,51.4,False,True,R+3,general,https://en.wikipedia.org/wiki/Raul_Ruiz_(politician)
California,California 36,Mary Bono,Republican,48.6,False,False,R+3,general,https://en.wikipedia.org/wiki/Mary_Bono
California,California 37,Karen Bass,Democratic,86.4,False,True,D+33,general,https://en.wikipedia.org/wiki/Karen_Bass
California,California 37,Morgan Osborne,Republican,13.6,False,False,D+33,general,https://en.wikipedia.org/wiki/Morgan_Osborne
California,California 38,Linda Sánchez,Democratic,67.1,False,True,D+9,general,https://en.wikipedia.org/wiki/Linda_S%C3%A1nchez
California,California 38,Benjamin Campos,Republican,32.9,False,False,D+9,general,
California,California 39,Ed Royce,Republican,59.2,False,True,R+7,general,https://en.wikipedia.org/wiki/Ed_Royce_(politician)
California,California 39,Jay Chen,Democratic,40.8,False,False,R+7,general,
California,California 4,Tom McClintock,Republican,61.1,True,True,R+10,general,https://en.wikipedia.org/wiki/Tom_McClintock
California,California 4,Jack Uppal,Democratic,38.9,False,False,R+10,general,https://en.wikipedia.org/wiki/Jack_Uppal
California,California 40,Lucille Roybal-Allard,Democratic,59.4,False,True,D+25,general,https://en.wikipedia.org/wiki/Lucille_Roybal-Allard
California,California 40,David Sanchez,Democratic,40.6,False,False,D+25,general,
California,California 41,Mark Takano,Democratic,56.4,False,True,D+3,general,https://en.wikipedia.org/wiki/Mark_Takano
California,California 41,John Tavaglione,Republican,43.6,False,False,D+3,general,https://en.wikipedia.org/wiki/John_Tavaglione
California,California 42,Ken Calvert,Republican,61.4,False,True,R+12,general,https://en.wikipedia.org/wiki/Ken_Calvert
California,California 42,Michael Williamson,Democratic,38.6,False,False,R+12,general,
California,California 43,Maxine Waters,Democratic,70.6,False,True,D+23,general,https://en.wikipedia.org/wiki/Maxine_Waters
California,California 43,Bob Flores,Democratic,29.4,False,False,D+23,general,
California,California 44,Janice Hahn,Democratic,60.0,False,True,D+29,general,https://en.wikipedia.org/wiki/Janice_Hahn
California,California 44,Laura Richardson,Democratic,40.0,False,False,D+29,general,https://en.wikipedia.org/wiki/Laura_Richardson
California,California 45,John B. T. Campbell III,Republican,59.3,False,True,R+8,general,https://en.wikipedia.org/wiki/John_B._T._Campbell_III
California,California 45,Sukhee Kang,Democratic,40.7,False,False,R+8,general,https://en.wikipedia.org/wiki/Sukhee_Kang
California,California 46,Loretta Sanchez,Democratic,60.6,False,True,D+3,general,https://en.wikipedia.org/wiki/Loretta_Sanchez
California,California 46,Jerry Hayden,Republican,39.4,False,False,D+3,general,https://en.wikipedia.org/wiki/Jerry_Hayden
California,California 47,Alan Lowenthal,Democratic,56.6,False,True,D+5,general,https://en.wikipedia.org/wiki/Alan_Lowenthal
California,California 47,Gary DeLong,Republican,43.4,False,False,D+5,general,https://en.wikipedia.org/wiki/Gary_DeLong_(politician)
California,California 48,Dana Rohrabacher,Republican,61.6,False,True,R+8,general,https://en.wikipedia.org/wiki/Dana_Rohrabacher
California,California 48,Ron Varasteh,Democratic,38.4,False,False,R+8,general,
California,California 49,Darrell Issa,Republican,58.9,True,True,R+5,general,https://en.wikipedia.org/wiki/Darrell_Issa
California,California 49,Jerry Tetalman,Democratic,41.1,False,False,R+5,general,
California,California 5,Mike Thompson,Democratic,74.1,False,True,D+18,general,https://en.wikipedia.org/wiki/Mike_Thompson_(California_politician)
California,California 5,Randy Loftin,Republican,25.9,False,False,D+18,general,https://en.wikipedia.org/wiki/Randy_Loftin
California,California 50,Duncan D. Hunter,Republican,68.4,False,True,R+14,general,https://en.wikipedia.org/wiki/Duncan_D._Hunter
California,California 50,David B. Secor,Democratic,31.6,False,False,R+14,general,
California,California 51,Juan Vargas,Democratic,69.9,False,True,D+11,general,https://en.wikipedia.org/wiki/Juan_Vargas
California,California 51,Michael Crimmins,Republican,30.1,False,False,D+11,general,
California,California 52,Scott Peters,Democratic,51.2,False,True,D+1,general,https://en.wikipedia.org/wiki/Scott_Peters_(politician)
California,California 52,Brian Bilbray,Republican,48.8,False,False,D+1,general,https://en.wikipedia.org/wiki/Brian_Bilbray
California,California 53,Susan Davis,Democratic,60.4,True,True,D+7,general,https://en.wikipedia.org/wiki/Susan_Davis_(politician)
California,California 53,Nick Popaditch,Republican,39.6,False,False,D+7,general,https://en.wikipedia.org/wiki/Nick_Popaditch
California,California 6,Doris Matsui,Democratic,74.4,False,True,D+13,general,https://en.wikipedia.org/wiki/Doris_Matsui
California,California 6,Joseph McCray Sr.,Republican,25.6,False,False,D+13,general,https://en.wikipedia.org/wiki/Joseph_McCray_Sr.
California,California 7,Ami Bera,Democratic,51.1,False,True,R+3,general,https://en.wikipedia.org/wiki/Ami_Bera
California,California 7,Dan Lungren,Republican,48.9,False,False,R+3,general,https://en.wikipedia.org/wiki/Dan_Lungren
California,California 8,Paul Cook,Republican,57.6,False,True,R+12,general,https://en.wikipedia.org/wiki/Paul_Cook_(politician)
California,California 8,Gregg Imus,Republican,42.4,False,False,R+12,general,https://en.wikipedia.org/wiki/Gregg_Imus
California,California 9,Jerry McNerney,Democratic,55.5,False,True,D+2,general,https://en.wikipedia.org/wiki/Jerry_McNerney
California,California 9,Ricky Gill,Republican,44.5,False,False,D+2,general,https://en.wikipedia.org/wiki/Ricky_Gill
Colorado,Colorado 1,Diana DeGette,Democratic,68.1,True,True,D+17,general,https://en.wikipedia.org/wiki/Diana_DeGette
Colorado,Colorado 1,Danny Stroud,Republican,27.0,False,False,D+17,general,
Colorado,Colorado 1,Frank Atwood,Libertarian,3.5,False,False,D+17,general,https://en.wikipedia.org/wiki/Frank_Atwood
Colorado,Colorado 1,Gary Swing,Green,1.3,False,False,D+17,general,
Colorado,Colorado 2,Jared Polis,Democratic,56.0,True,True,D+8,general,https://en.wikipedia.org/wiki/Jared_Polis
Colorado,Colorado 2,Kevin Lundberg,Republican,38.6,False,False,D+8,general,https://en.wikipedia.org/wiki/Kevin_Lundberg
Colorado,Colorado 2,Randy Luallin,Libertarian,3.2,False,False,D+8,general,https://en.wikipedia.org/wiki/Randy_Luallin
Colorado,Colorado 2,Susan P. Hall,Green,2.4,False,False,D+8,general,
Colorado,Colorado 3,Scott Tipton,Republican,53.5,True,True,R+4,general,https://en.wikipedia.org/wiki/Scott_Tipton
Colorado,Colorado 3,Sal Pace,Democratic,41.1,False,False,R+4,general,https://en.wikipedia.org/wiki/Sal_Pace
Colorado,Colorado 3,Tisha Casida,Independent,3.2,False,False,R+4,general,
Colorado,Colorado 3,Gregory Gilman,Libertarian,2.3,False,False,R+4,general,
Colorado,Colorado 4,Cory Gardner,Republican,58.6,True,True,R+12,general,https://en.wikipedia.org/wiki/Cory_Gardner
Colorado,Colorado 4,Brandon Shaffer,Democratic,36.7,False,False,R+12,general,https://en.wikipedia.org/wiki/Brandon_Shaffer
Colorado,Colorado 4,Josh Gilliland,Libertarian,3.0,False,False,R+12,general,
Colorado,Colorado 4,Doug Aden,American Constitution,1.7,False,False,R+12,general,
Colorado,Colorado 5,Doug Lamborn,Republican,65.3,True,True,R+15,general,https://en.wikipedia.org/wiki/Doug_Lamborn
Colorado,Colorado 5,Dave Anderson,Independent,17.4,False,False,R+15,general,
Colorado,Colorado 5,Jim Pirtle,Libertarian,7.3,False,False,R+15,general,
Colorado,Colorado 5,Misha Luzov,Green,5.9,False,False,R+15,general,
Colorado,Colorado 5,Ken Harvell,American Constitution,4.2,False,False,R+15,general,
Colorado,Colorado 6,Mike Coffman,Republican,48.7,True,True,R+1,general,https://en.wikipedia.org/wiki/Mike_Coffman
Colorado,Colorado 6,Joe Miklosi,Democratic,45.1,False,False,R+1,general,https://en.wikipedia.org/wiki/Joe_Miklosi
Colorado,Colorado 6,Kathy Polhemus,Independent,3.9,False,False,R+1,general,
Colorado,Colorado 6,Patrick Provost,Libertarian,2.4,False,False,R+1,general,
Colorado,Colorado 7,Ed Perlmutter,Democratic,53.3,True,True,D+3,general,https://en.wikipedia.org/wiki/Ed_Perlmutter
Colorado,Colorado 7,Joe Coors Jr.,Republican,41.2,False,False,D+3,general,
Colorado,Colorado 7,Doug Campbell,American Constitution,3.0,False,False,D+3,general,
Colorado,Colorado 7,Buck Bailey,Libertarian,2.6,False,False,D+3,general,https://en.wikipedia.org/wiki/Buck_Bailey
Connecticut,Connecticut 1,John Larson,Democratic,69.6,False,True,D+12,general,https://en.wikipedia.org/wiki/John_Larson
Connecticut,Connecticut 1,John Henry Decker,Republican,27.8,False,False,D+12,general,
Connecticut,Connecticut 1,Mike DeRosa,Green,1.8,False,False,D+12,general,
Connecticut,Connecticut 1,Matthew Corey,Independent,0.8,False,False,D+12,general,
Connecticut,Connecticut 2,Joe Courtney,Democratic,68.3,True,True,D+6,general,https://en.wikipedia.org/wiki/Joe_Courtney_(politician)
Connecticut,Connecticut 2,Paul Formica,Republican,29.3,False,False,D+6,general,https://en.wikipedia.org/wiki/Paul_Formica
Connecticut,Connecticut 2,Colin D. Bennett,Green,1.2,False,False,D+6,general,
Connecticut,Connecticut 2,Dan Reale,Libertarian,1.2,False,False,D+6,general,
Connecticut,Connecticut 3,Rosa DeLauro,Democratic,74.6,True,True,D+9,general,https://en.wikipedia.org/wiki/Rosa_DeLauro
Connecticut,Connecticut 3,Wayne Winsley,Republican,25.4,False,False,D+9,general,https://en.wikipedia.org/wiki/Wayne_Winsley
Connecticut,Connecticut 4,Jim Himes,Democratic,59.8,True,True,D+5,general,https://en.wikipedia.org/wiki/Jim_Himes
Connecticut,Connecticut 4,Steve Obsitnik,Republican,40.2,False,False,D+5,general,https://en.wikipedia.org/wiki/Steve_Obsitnik
Connecticut,Connecticut 5,Elizabeth Esty,Democratic,51.5,False,True,D+2,general,https://en.wikipedia.org/wiki/Elizabeth_Esty
Connecticut,Connecticut 5,Andrew Roraback,Republican,48.5,False,False,D+2,general,https://en.wikipedia.org/wiki/Andrew_Roraback
Delaware,Delaware at-large,John Carney,Democratic,64.4,True,True,D+7,general,https://en.wikipedia.org/wiki/John_Carney_(Delaware_politician)
Delaware,Delaware at-large,Tom Kovach,Republican,33.4,False,False,D+7,general,https://en.wikipedia.org/wiki/Tom_Kovach
Delaware,Delaware at-large,Bernard August,Green,1.1,False,False,D+7,general,
Delaware,Delaware at-large,Scott Gesty,Libertarian,1.1,False,False,D+7,general,
Florida,Florida 1,Jeff Miller,Republican,69.6,True,True,R+21,general,https://en.wikipedia.org/wiki/Jeff_Miller_(Florida_politician)
Florida,Florida 1,Jim Bryan,Democratic,27.1,False,False,R+21,general,
Florida,Florida 1,Calen Fretts,Libertarian,3.3,False,False,R+21,general,
Florida,Florida 10,Daniel Webster,Republican,51.8,False,True,R+7,general,https://en.wikipedia.org/wiki/Daniel_Webster_(Florida_politician)
Florida,Florida 10,Val Demings,Democratic,48.2,False,False,R+7,general,https://en.wikipedia.org/wiki/Val_Demings
Florida,Florida 11,Rich Nugent,Republican,64.5,False,True,R+8,general,https://en.wikipedia.org/wiki/Rich_Nugent
Florida,Florida 11,Dave Werder,Democratic,35.5,False,False,R+8,general,
Florida,Florida 12,Gus Bilirakis,Republican,63.5,False,True,R+6,general,https://en.wikipedia.org/wiki/Gus_Bilirakis
Florida,Florida 12,Jonathan Michael Snow,Democratic,32.9,False,False,R+6,general,
Florida,Florida 12,John Russell,Independent,2.1,False,False,R+6,general,
Florida,Florida 12,Paul Elliot,Independent,1.5,False,False,R+6,general,
Florida,Florida 13,Bill Young,Republican,57.6,False,True,R+1,general,https://en.wikipedia.org/wiki/Bill_Young_(Florida_politician)
Florida,Florida 13,Jessica Ehrlich,Democratic,42.4,False,False,R+1,general,https://en.wikipedia.org/wiki/Jessica_Ehrlich
Florida,Florida 14,Kathy Castor,Democratic,70.2,False,True,D+11,general,https://en.wikipedia.org/wiki/Kathy_Castor
Florida,Florida 14,E. J. Otero,Republican,29.8,False,False,D+11,general,
Florida,Florida 15,Dennis A. Ross,Republican,,False,True,R+8,general,https://en.wikipedia.org/wiki/Dennis_A._Ross
Florida,Florida 16,Vern Buchanan,Republican,53.6,False,True,R+5,general,https://en.wikipedia.org/wiki/Vern_Buchanan
Florida,Florida 16,Keith Fitzgerald,Democratic,46.4,False,False,R+5,general,https://en.wikipedia.org/wiki/Keith_Fitzgerald
Florida,Florida 17,Tom Rooney,Republican,58.7,False,True,R+10,general,https://en.wikipedia.org/wiki/Tom_Rooney_(Florida_politician)
Florida,Florida 17,Will Bronson,Democratic,41.3,False,False,R+10,general,
Florida,Florida 18,Patrick Murphy,Democratic,50.2,False,True,R+1,general,https://en.wikipedia.org/wiki/Patrick_Murphy_(Florida_politician)
Florida,Florida 18,Allen West,Republican,49.8,False,False,R+1,general,https://en.wikipedia.org/wiki/Allen_West_(politician)
Florida,Florida 19,Trey Radel,Republican,62.0,False,True,R+11,general,https://en.wikipedia.org/wiki/Trey_Radel
Florida,Florida 19,James Roach,Democratic,35.8,False,False,R+11,general,
Florida,Florida 19,Brandon Smith,Independent,2.2,False,False,R+11,general,
Florida,Florida 2,Steve Southerland,Republican,52.7,True,True,R+3,general,https://en.wikipedia.org/wiki/Steve_Southerland_(Florida_politician)
Florida,Florida 2,Al Lawson,Democratic,47.3,False,False,R+3,general,https://en.wikipedia.org/wiki/Al_Lawson
Florida,Florida 20,Alcee Hastings,Democratic,88.0,False,True,D+28,general,https://en.wikipedia.org/wiki/Alcee_Hastings
Florida,Florida 20,Randall Terry,Independent,12.0,False,False,D+28,general,https://en.wikipedia.org/wiki/Randall_Terry
Florida,Florida 21,Ted Deutch,Democratic,77.7,False,True,D+12,general,https://en.wikipedia.org/wiki/Ted_Deutch
Florida,Florida 21,Mike Trout,Independent,13.3,False,False,D+12,general,
Florida,Florida 21,Cesar Henao,Independent,8.9,False,False,D+12,general,https://en.wikipedia.org/wiki/Cesar_Henao
Florida,Florida 22,Lois Frankel,Democratic,54.6,False,True,D+5,general,https://en.wikipedia.org/wiki/Lois_Frankel
Florida,Florida 22,Adam Hasner,Republican,45.4,False,False,D+5,general,https://en.wikipedia.org/wiki/Adam_Hasner
Florida,Florida 23,Debbie Wasserman Schultz,Democratic,63.3,False,True,D+10,general,https://en.wikipedia.org/wiki/Debbie_Wasserman_Schultz
Florida,Florida 23,Karen Harrington,Republican,35.6,False,False,D+10,general,
Florida,Florida 23,Ilya Katz,Independent,1.1,False,False,D+10,general,
Florida,Florida 24,Frederica Wilson,Democratic,,False,True,D+33,general,https://en.wikipedia.org/wiki/Frederica_Wilson
Florida,Florida 25,Mario Díaz-Balart,Republican,75.7,False,True,R+8,general,https://en.wikipedia.org/wiki/Mario_D%C3%ADaz-Balart
Florida,Florida 25,Stanley Blumenthal,Independent,15.8,False,False,R+8,general,
Florida,Florida 25,VoteForEddie.com[60],Independent,8.5,False,False,R+8,general,
Florida,Florida 26,Joe Garcia,Democratic,53.6,False,True,R+3,general,https://en.wikipedia.org/wiki/Joe_Garcia
Florida,Florida 26,David Rivera,Republican,43.0,False,False,R+3,general,https://en.wikipedia.org/wiki/David_Rivera
Florida,Florida 26,Angel Fernandez,Independent,2.3,False,False,R+3,general,
Florida,Florida 26,Jose Peixoto,Independent,1.1,False,False,R+3,general,
Florida,Florida 27,Ileana Ros-Lehtinen,Republican,60.2,False,True,R+5,general,https://en.wikipedia.org/wiki/Ileana_Ros-Lehtinen
Florida,Florida 27,Manny Yevancy,Democratic,36.9,False,False,R+5,general,
Florida,Florida 27,Thomas Cruz-Wiggins,Independent,2.9,False,False,R+5,general,
Florida,Florida 3,Ted Yoho,Republican,64.7,False,True,R+12,general,https://en.wikipedia.org/wiki/Ted_Yoho
Florida,Florida 3,J. R. Gaillot Jr.,Democratic,32.5,False,False,R+12,general,
Florida,Florida 3,Phil Dodds,Independent,2.8,False,False,R+12,general,https://en.wikipedia.org/wiki/Phil_Dodds
Florida,Florida 4,Ander Crenshaw,Republican,76.1,True,True,R+19,general,https://en.wikipedia.org/wiki/Ander_Crenshaw
Florida,Florida 4,Jim Klauder,Independent,23.9,False,False,R+19,general,
Florida,Florida 5,Corrine Brown,Democratic,70.8,False,True,D+17,general,https://en.wikipedia.org/wiki/Corrine_Brown
Florida,Florida 5,LeAnne Kolb,Republican,26.3,False,False,D+17,general,
Florida,Florida 5,Eileen Fleming,Independent,3.0,False,False,D+17,general,
Florida,Florida 6,Ron DeSantis,Republican,57.2,False,True,R+6,general,https://en.wikipedia.org/wiki/Ron_DeSantis
Florida,Florida 6,Heather Beaven,Democratic,42.8,False,False,R+6,general,https://en.wikipedia.org/wiki/Heather_Beaven
Florida,Florida 7,John Mica,Republican,58.7,True,True,R+5,general,https://en.wikipedia.org/wiki/John_Mica
Florida,Florida 7,Jason Kendall,Democratic,41.3,False,False,R+5,general,
Florida,Florida 8,Bill Posey,Republican,58.9,False,True,R+8,general,https://en.wikipedia.org/wiki/Bill_Posey
Florida,Florida 8,Shannon Roberts,Democratic,37.5,False,False,R+8,general,https://en.wikipedia.org/wiki/Shannon_Roberts_(politician)
Florida,Florida 8,Richard Gillmor,Independent,3.6,False,False,R+8,general,
Florida,Florida 9,Alan Grayson,Democratic,62.5,False,True,D+4,general,https://en.wikipedia.org/wiki/Alan_Grayson
Florida,Florida 9,Todd Long,Republican,37.5,False,False,D+4,general,
Georgia,Georgia 1,Jack Kingston,Republican,63.0,True,True,R+9,general,https://en.wikipedia.org/wiki/Jack_Kingston
Georgia,Georgia 1,Lesli Messinger,Democratic,37.0,False,False,R+9,general,
Georgia,Georgia 10,Paul Broun,Republican,,True,True,R+13,general,https://en.wikipedia.org/wiki/Paul_Broun
Georgia,Georgia 11,Phil Gingrey,Republican,68.6,True,True,R+19,general,https://en.wikipedia.org/wiki/Phil_Gingrey
Georgia,Georgia 11,Patrick Thompson,Democratic,31.4,False,False,R+19,general,
Georgia,Georgia 12,John Barrow,Democratic,53.7,True,True,R+9,general,https://en.wikipedia.org/wiki/John_Barrow_(American_politician)
Georgia,Georgia 12,Lee Anderson,Republican,46.3,False,False,R+9,general,https://en.wikipedia.org/wiki/Lee_Anderson_(Georgia_politician)
Georgia,Georgia 13,David Scott,Democratic,71.7,True,True,D+10,general,https://en.wikipedia.org/wiki/David_Scott_(Georgia_politician)
Georgia,Georgia 13,Shahid Malik,Republican,28.3,False,False,D+10,general,
Georgia,Georgia 14,Tom Graves,Republican,73.0,False,True,R+23,general,https://en.wikipedia.org/wiki/Tom_Graves
Georgia,Georgia 14,Daniel Grant,Democratic,27.0,False,False,R+23,general,
Georgia,Georgia 2,Sanford Bishop,Democratic,63.8,True,True,D+4,general,https://en.wikipedia.org/wiki/Sanford_Bishop
Georgia,Georgia 2,John House,Republican,36.2,False,False,D+4,general,
Georgia,Georgia 3,Lynn Westmoreland,Republican,,True,True,R+19,general,https://en.wikipedia.org/wiki/Lynn_Westmoreland
Georgia,Georgia 4,Hank Johnson,Democratic,73.6,True,True,D+17,general,https://en.wikipedia.org/wiki/Hank_Johnson
Georgia,Georgia 4,J. Chris Vaughn,Republican,26.4,False,False,D+17,general,
Georgia,Georgia 5,John Lewis,Democratic,84.3,True,True,D+31,general,https://en.wikipedia.org/wiki/John_Lewis
Georgia,Georgia 5,Howard Stopeck,Republican,15.7,False,False,D+31,general,
Georgia,Georgia 6,Tom Price,Republican,64.6,True,True,R+14,general,https://en.wikipedia.org/wiki/Tom_Price_(American_politician)
Georgia,Georgia 6,Jeff Kazanow,Democratic,35.4,False,False,R+14,general,
Georgia,Georgia 7,Rob Woodall,Republican,62.2,True,True,R+16,general,https://en.wikipedia.org/wiki/Rob_Woodall
Georgia,Georgia 7,Steve Reilly,Democratic,37.8,False,False,R+16,general,
Georgia,Georgia 8,Austin Scott,Republican,,True,True,R+15,general,https://en.wikipedia.org/wiki/Austin_Scott_(politician)
Georgia,Georgia 9,Doug Collins,Republican,76.2,False,True,R+27,general,https://en.wikipedia.org/wiki/Doug_Collins_(politician)
Georgia,Georgia 9,Jody Cooley,Democratic,23.8,False,False,R+27,general,
Hawaii,Hawaii 1,Colleen Hanabusa,Democratic,54.6,True,True,D+11,general,https://en.wikipedia.org/wiki/Colleen_Hanabusa
Hawaii,Hawaii 1,Charles Djou,Republican,45.4,False,False,D+11,general,https://en.wikipedia.org/wiki/Charles_Djou
Hawaii,Hawaii 2,Tulsi Gabbard,Democratic,80.6,False,True,D+14,general,https://en.wikipedia.org/wiki/Tulsi_Gabbard
Hawaii,Hawaii 2,Kawika Crowley,Republican,19.4,False,False,D+14,general,https://en.wikipedia.org/wiki/Kawika_Crowley
Idaho,Idaho 1,Raúl Labrador,Republican,63.0,True,True,R+18,general,https://en.wikipedia.org/wiki/Ra%C3%BAl_Labrador
Idaho,Idaho 1,Jimmy Farris,Democratic,30.8,False,False,R+18,general,https://en.wikipedia.org/wiki/Jimmy_Farris
Idaho,Idaho 1,Rob Oates,Libertarian,3.9,False,False,R+18,general,https://en.wikipedia.org/wiki/Rob_Oates
Idaho,Idaho 1,Pro-Life,Independent,2.4,False,False,R+18,general,https://en.wikipedia.org/wiki/Pro-Life_(politician)
Idaho,Idaho 2,Mike Simpson,Republican,65.2,True,True,R+17,general,https://en.wikipedia.org/wiki/Mike_Simpson
Idaho,Idaho 2,Nicole LeFavour,Democratic,34.8,False,False,R+17,general,https://en.wikipedia.org/wiki/Nicole_LeFavour
Illinois,Illinois 1,Bobby Rush,Democratic,73.9,True,True,D+28,general,https://en.wikipedia.org/wiki/Bobby_Rush
Illinois,Illinois 1,Donald Peloquin,Republican,26.1,False,False,D+28,general,
Illinois,Illinois 10,Brad Schneider,Democratic,50.5,False,True,D+8,general,https://en.wikipedia.org/wiki/Brad_Schneider
Illinois,Illinois 10,Robert Dold,Republican,49.5,True,False,D+8,general,https://en.wikipedia.org/wiki/Robert_Dold
Illinois,Illinois 11,Bill Foster,Democratic,58.1,False,True,D+6,general,https://en.wikipedia.org/wiki/Bill_Foster_(politician)
Illinois,Illinois 11,Judy Biggert,Republican,41.9,False,False,D+6,general,https://en.wikipedia.org/wiki/Judy_Biggert
Illinois,Illinois 12,William Enyart,Democratic,51.5,False,True,D+2,general,https://en.wikipedia.org/wiki/William_Enyart
Illinois,Illinois 12,Jason Plummer,Republican,42.9,False,False,D+2,general,https://en.wikipedia.org/wiki/Jason_Plummer_(politician)
Illinois,Illinois 12,Paula Bradshaw,Green,5.6,False,False,D+2,general,
Illinois,Illinois 13,Rodney L. Davis,Republican,46.6,False,True,D+1,general,https://en.wikipedia.org/wiki/Rodney_L._Davis
Illinois,Illinois 13,David Gill,Democratic,46.2,False,False,D+1,general,https://en.wikipedia.org/wiki/David_Gill_(physician)
Illinois,Illinois 13,John Hartman,Independent,7.2,False,False,D+1,general,
Illinois,Illinois 14,Randy Hultgren,Republican,58.8,True,True,R+6,general,https://en.wikipedia.org/wiki/Randy_Hultgren
Illinois,Illinois 14,Dennis Anderson,Democratic,41.2,False,False,R+6,general,
Illinois,Illinois 15,John Shimkus,Republican,68.9,False,True,R+11,general,https://en.wikipedia.org/wiki/John_Shimkus
Illinois,Illinois 15,Angela Michael,Democratic,31.1,False,False,R+11,general,
Illinois,Illinois 16,Adam Kinzinger,Republican,61.9,False,True,R+4,general,https://en.wikipedia.org/wiki/Adam_Kinzinger
Illinois,Illinois 16,Wanda Rohl,Democratic,38.1,False,False,R+4,general,
Illinois,Illinois 17,Cheri Bustos,Democratic,53.3,False,True,D+6,general,https://en.wikipedia.org/wiki/Cheri_Bustos
Illinois,Illinois 17,Bobby Schilling,Republican,46.7,True,False,D+6,general,https://en.wikipedia.org/wiki/Bobby_Schilling
Illinois,Illinois 18,Aaron Schock,Republican,74.2,True,True,R+10,general,https://en.wikipedia.org/wiki/Aaron_Schock
Illinois,Illinois 18,Steve Waterworth,Democratic,25.8,False,False,R+10,general,
Illinois,Illinois 2,Jesse Jackson Jr.,Democratic,62.1,True,True,D+27,general,https://en.wikipedia.org/wiki/Jesse_Jackson_Jr.
Illinois,Illinois 2,Brian Woodworth,Republican,23.4,False,False,D+27,general,
Illinois,Illinois 2,Marcus Lewis,Independent,13.5,False,False,D+27,general,
Illinois,Illinois 3,Dan Lipinski,Democratic,68.5,True,True,D+5,general,https://en.wikipedia.org/wiki/Dan_Lipinski
Illinois,Illinois 3,Richard Grabowski,Republican,31.5,False,False,D+5,general,
Illinois,Illinois 4,Luis Gutiérrez,Democratic,83.3,True,True,D+26,general,https://en.wikipedia.org/wiki/Luis_Guti%C3%A9rrez
Illinois,Illinois 4,Hector Concepcion,Republican,16.7,False,False,D+26,general,
Illinois,Illinois 5,Mike Quigley,Democratic,65.6,True,True,D+16,general,https://en.wikipedia.org/wiki/Mike_Quigley
Illinois,Illinois 5,Dan Schmitt,Republican,28.7,False,False,D+16,general,
Illinois,Illinois 5,Nancy Wade,Green,5.7,False,False,D+16,general,
Illinois,Illinois 6,Peter Roskam,Republican,59.2,True,True,R+5,general,https://en.wikipedia.org/wiki/Peter_Roskam
Illinois,Illinois 6,Leslie Coolidge,Democratic,40.8,False,False,R+5,general,
Illinois,Illinois 7,Danny K. Davis,Democratic,84.6,True,True,D+37,general,https://en.wikipedia.org/wiki/Danny_K._Davis
Illinois,Illinois 7,Rita Zak,Republican,11.0,False,False,D+37,general,
Illinois,Illinois 7,John Monaghan,Independent,4.4,False,False,D+37,general,
Illinois,Illinois 8,Tammy Duckworth,Democratic,54.7,False,True,D+6,general,https://en.wikipedia.org/wiki/Tammy_Duckworth
Illinois,Illinois 8,Joe Walsh,Republican,45.3,True,False,D+6,general,https://en.wikipedia.org/wiki/Joe_Walsh_(Illinois_politician)
Illinois,Illinois 9,Jan Schakowsky,Democratic,66.1,True,True,D+15,general,https://en.wikipedia.org/wiki/Jan_Schakowsky
Illinois,Illinois 9,Tim Wolfe,Republican,33.9,False,False,D+15,general,
Indiana,Indiana 1,Pete Visclosky,Democratic,67.3,True,True,D+9,general,https://en.wikipedia.org/wiki/Pete_Visclosky
Indiana,Indiana 1,Joel Phelps,Republican,32.7,False,False,D+9,general,
Indiana,Indiana 2,Jackie Walorski,Republican,49.0,False,True,R+7,general,https://en.wikipedia.org/wiki/Jackie_Walorski
Indiana,Indiana 2,Brendan Mullen,Democratic,47.6,False,False,R+7,general,https://en.wikipedia.org/wiki/Brendan_Mullen_(politician)
Indiana,Indiana 2,Joe Ruiz,Libertarian,3.4,False,False,R+7,general,
Indiana,Indiana 3,Marlin Stutzman,Republican,67.1,True,True,R+13,general,https://en.wikipedia.org/wiki/Marlin_Stutzman
Indiana,Indiana 3,Kevin Boyd,Democratic,32.9,False,False,R+13,general,
Indiana,Indiana 4,Todd Rokita,Republican,61.9,True,True,R+13,general,https://en.wikipedia.org/wiki/Todd_Rokita
Indiana,Indiana 4,Tara Nelson,Democratic,34.2,False,False,R+13,general,
Indiana,Indiana 4,Benjamin Gehlhausen,Libertarian,3.9,False,False,R+13,general,
Indiana,Indiana 5,Susan Brooks,Republican,58.4,False,True,R+11,general,https://en.wikipedia.org/wiki/Susan_Brooks
Indiana,Indiana 5,Scott Reske,Democratic,37.6,False,False,R+11,general,https://en.wikipedia.org/wiki/Scott_Reske
Indiana,Indiana 5,Chard Reid,Libertarian,4.0,False,False,R+11,general,
Indiana,Indiana 6,Luke Messer,Republican,59.1,False,True,R+12,general,https://en.wikipedia.org/wiki/Luke_Messer
Indiana,Indiana 6,Brad Bookout,Democratic,35.1,False,False,R+12,general,
Indiana,Indiana 6,Rex Bell,Libertarian,5.8,False,False,R+12,general,
Indiana,Indiana 7,André Carson,Democratic,62.8,True,True,D+9,general,https://en.wikipedia.org/wiki/Andr%C3%A9_Carson
Indiana,Indiana 7,Carlos May,Republican,37.2,False,False,D+9,general,
Indiana,Indiana 8,Larry Bucshon,Republican,53.4,True,True,R+8,general,https://en.wikipedia.org/wiki/Larry_Bucshon
Indiana,Indiana 8,Dave Crooks,Democratic,43.1,False,False,R+8,general,https://en.wikipedia.org/wiki/Dave_Crooks
Indiana,Indiana 8,Bart Gadau,Libertarian,3.6,False,False,R+8,general,
Indiana,Indiana 9,Todd Young,Republican,56.3,True,True,R+9,general,https://en.wikipedia.org/wiki/Todd_Young
Indiana,Indiana 9,Shelli Yoder,Democratic,43.7,False,False,R+9,general,https://en.wikipedia.org/wiki/Shelli_Yoder
Iowa,Iowa 1,Bruce Braley,Democratic,56.9,True,True,D+5,general,https://en.wikipedia.org/wiki/Bruce_Braley
Iowa,Iowa 1,Ben Lange,Republican,41.7,False,False,D+5,general,
Iowa,Iowa 1,Greg Hughes,Independent,1.2,False,False,D+5,general,
Iowa,Iowa 1,George Krail,Independent,0.2,False,False,D+5,general,
Iowa,Iowa 2,David Loebsack,Democratic,55.4,True,True,D+4,general,https://en.wikipedia.org/wiki/David_Loebsack
Iowa,Iowa 2,John Archer,Republican,42.5,False,False,D+4,general,
Iowa,Iowa 2,Alan Aversa,Independent,2.2,False,False,D+4,general,
Iowa,Iowa 3,Tom Latham,Republican,52.3,False,True,R+1,general,https://en.wikipedia.org/wiki/Tom_Latham_(politician)
Iowa,Iowa 3,Leonard Boswell,Democratic,43.6,True,False,R+1,general,https://en.wikipedia.org/wiki/Leonard_Boswell
Iowa,Iowa 3,Scott Batcher,Ind. Republican,2.4,False,False,R+1,general,
Iowa,Iowa 3,David Rosenfield,Socialist Workers,1.6,False,False,R+1,general,
Iowa,Iowa 4,Steve King,Republican,53.2,False,True,R+4,general,https://en.wikipedia.org/wiki/Steve_King
Iowa,Iowa 4,Christie Vilsack,Democratic,44.6,False,False,R+4,general,https://en.wikipedia.org/wiki/Christie_Vilsack
Iowa,Iowa 4,Martin Monroe,Independent,2.1,False,False,R+4,general,
Kansas,Kansas 1,Tim Huelskamp,Republican,,True,True,R+22,general,https://en.wikipedia.org/wiki/Tim_Huelskamp
Kansas,Kansas 2,Lynn Jenkins,Republican,57.0,True,True,R+7,general,https://en.wikipedia.org/wiki/Lynn_Jenkins
Kansas,Kansas 2,Tobias Schlingensiepen,Democratic,38.7,False,False,R+7,general,
Kansas,Kansas 2,Dennis Hawver,Libertarian,4.3,False,False,R+7,general,
Kansas,Kansas 3,Kevin Yoder,Republican,68.5,True,True,R+5,general,https://en.wikipedia.org/wiki/Kevin_Yoder
Kansas,Kansas 3,Joel Balam,Libertarian,31.5,False,False,R+5,general,
Kansas,Kansas 4,Mike Pompeo,Republican,62.2,True,True,R+14,general,https://en.wikipedia.org/wiki/Mike_Pompeo
Kansas,Kansas 4,Robert Tillman,Democratic,31.6,False,False,R+14,general,
Kansas,Kansas 4,Thomas Jefferson,Libertarian,6.2,False,False,R+14,general,
Kentucky,Kentucky 1,Ed Whitfield,Republican,69.6,True,True,R+14,general,https://en.wikipedia.org/wiki/Ed_Whitfield
Kentucky,Kentucky 1,Charles Hatchett,Democratic,30.4,False,False,R+14,general,https://en.wikipedia.org/wiki/Charles_Hatchett
Kentucky,Kentucky 2,Brett Guthrie,Republican,64.3,True,True,R+15,general,https://en.wikipedia.org/wiki/Brett_Guthrie
Kentucky,Kentucky 2,David Williams,Democratic,31.7,False,False,R+15,general,https://en.wikipedia.org/wiki/David_L._Williams_(politician)
Kentucky,Kentucky 2,Andrew Beacham,Independent,2.2,False,False,R+15,general,
Kentucky,Kentucky 2,Craig Astor,Libertarian,1.7,False,False,R+15,general,
Kentucky,Kentucky 3,John Yarmuth,Democratic,64.0,True,True,D+3,general,https://en.wikipedia.org/wiki/John_Yarmuth
Kentucky,Kentucky 3,Brooks Wicker,Republican,34.5,False,False,D+3,general,
Kentucky,Kentucky 3,Bob DeVore,Independent,1.5,False,False,D+3,general,
Kentucky,Kentucky 4,Thomas Massie,Republican,62.1,False,True,R+15,general,https://en.wikipedia.org/wiki/Thomas_Massie
Kentucky,Kentucky 4,Bill Adkins,Democratic,35.0,False,False,R+15,general,
Kentucky,Kentucky 4,David Lewis,Independent,3.4,False,False,R+15,general,
Kentucky,Kentucky 4,Thomas Massie,Republican,59.9,False,True,,special,https://en.wikipedia.org/wiki/Thomas_Massie
Kentucky,Kentucky 4,Bill Adkins,Democratic,36.7,False,False,,special,
Kentucky,Kentucky 4,David Lewis,Independent,3.4,False,False,,special,
Kentucky,Kentucky 5,Hal Rogers,Republican,77.9,True,True,R+16,general,https://en.wikipedia.org/wiki/Hal_Rogers
Kentucky,Kentucky 5,Ken Stepp,Democratic,22.1,False,False,R+16,general,
Kentucky,Kentucky 6,Andy Barr,Republican,50.6,False,True,R+7,general,https://en.wikipedia.org/wiki/Andy_Barr_(American_politician)
Kentucky,Kentucky 6,Ben Chandler,Democratic,46.7,True,False,R+7,general,https://en.wikipedia.org/wiki/Ben_Chandler
Kentucky,Kentucky 6,Randolph Vance,Independent,2.8,False,False,R+7,general,
Louisiana,Louisiana 1,Steve Scalise,Republican,66.6,True,True,R+23,general,https://en.wikipedia.org/wiki/Steve_Scalise
Louisiana,Louisiana 1,M.V. Mendoza,Democratic,21.3,False,False,R+23,general,
Louisiana,Louisiana 1,Gary King,Republican,8.5,False,False,R+23,general,
Louisiana,Louisiana 1,David Turknett,Independent,2.1,False,False,R+23,general,
Louisiana,Louisiana 1,Arden Wells,Independent,1.5,False,False,R+23,general,https://en.wikipedia.org/wiki/Arden_Wells
Louisiana,Louisiana 2,Cedric Richmond,Democratic,55.2,True,True,D+22,general,https://en.wikipedia.org/wiki/Cedric_Richmond
Louisiana,Louisiana 2,Gary Landrieu,Democratic,25.0,False,False,D+22,general,
Louisiana,Louisiana 2,Dwayne Bailey,Republican,13.5,False,False,D+22,general,
Louisiana,Louisiana 2,Josue Larose,Republican,4.0,False,False,D+22,general,
Louisiana,Louisiana 2,Caleb Trotter,Libertarian,2.4,False,False,D+22,general,
Louisiana,Louisiana 3,Charles Boustany,Republican,60.9,False,True,R+15,general,https://en.wikipedia.org/wiki/Charles_Boustany
Louisiana,Louisiana 3,Jeff Landry,Republican,39.1,True,False,R+15,general,https://en.wikipedia.org/wiki/Jeff_Landry
Louisiana,Louisiana 4,John Fleming,Republican,75.3,True,True,R+11,general,https://en.wikipedia.org/wiki/John_Fleming_(American_politician)
Louisiana,Louisiana 4,Randall Lord,Libertarian,24.7,False,False,R+11,general,
Louisiana,Louisiana 5,Rodney Alexander,Republican,77.8,True,True,R+14,general,https://en.wikipedia.org/wiki/Rodney_Alexander
Louisiana,Louisiana 5,Ron Caesar,Independent,14.4,False,False,R+14,general,
Louisiana,Louisiana 5,Clay Grant,Libertarian,7.8,False,False,R+14,general,
Louisiana,Louisiana 6,Bill Cassidy,Republican,79.0,True,True,R+19,general,https://en.wikipedia.org/wiki/Bill_Cassidy
Louisiana,Louisiana 6,Rufus Craig,Libertarian,10.5,False,False,R+19,general,
Louisiana,Louisiana 6,Richard Torregano,Independent,10.1,False,False,R+19,general,
Maine,Maine 1,Chellie Pingree,Democratic,64.7,True,True,D+8,general,https://en.wikipedia.org/wiki/Chellie_Pingree
Maine,Maine 1,Jon Courtney,Republican,35.3,False,False,D+8,general,https://en.wikipedia.org/wiki/Jonathan_Courtney
Maine,Maine 2,Mike Michaud,Democratic,58.1,True,True,D+3,general,https://en.wikipedia.org/wiki/Mike_Michaud
Maine,Maine 2,Kevin Raye,Republican,41.9,False,False,D+3,general,https://en.wikipedia.org/wiki/Kevin_Raye
Maryland,Maryland 1,Andy Harris,Republican,63.4,True,True,R+14,general,https://en.wikipedia.org/wiki/Andy_Harris_(politician)
Maryland,Maryland 1,Wendy Rosen,Democratic,27.5,False,False,R+14,general,
Maryland,Maryland 1,John LaFerla,Democratic write-in,4.4,False,False,R+14,general,
Maryland,Maryland 1,Muir Boda,Libertarian,3.8,False,False,R+14,general,
Maryland,Maryland 2,Dutch Ruppersberger,Democratic,65.6,True,True,D+7,general,https://en.wikipedia.org/wiki/Dutch_Ruppersberger
Maryland,Maryland 2,Nancy Jacobs,Republican,31.1,False,False,D+7,general,https://en.wikipedia.org/wiki/Nancy_Jacobs
Maryland,Maryland 2,Leo Dymowsk,Libertarian,3.2,False,False,D+7,general,
Maryland,Maryland 3,John Sarbanes,Democratic,66.8,True,True,D+7,general,https://en.wikipedia.org/wiki/John_Sarbanes
Maryland,Maryland 3,Eric Knowles,Republican,29.6,False,False,D+7,general,https://en.wikipedia.org/wiki/Eric_Knowles
Maryland,Maryland 3,Paul Drgos,Libertarian,3.4,False,False,D+7,general,
Maryland,Maryland 4,Donna Edwards,Democratic,77.2,True,True,D+23,general,https://en.wikipedia.org/wiki/Donna_Edwards
Maryland,Maryland 4,Faith Loudon,Republican,20.7,False,False,D+23,general,
Maryland,Maryland 4,Scott Soffen,Libertarian,2.0,False,False,D+23,general,
Maryland,Maryland 5,Steny Hoyer,Democratic,69.4,True,True,D+11,general,https://en.wikipedia.org/wiki/Steny_Hoyer
Maryland,Maryland 5,Tony O'Donnell,Republican,27.7,False,False,D+11,general,https://en.wikipedia.org/wiki/Tony_O%27Donnell_(politician)
Maryland,Maryland 5,Bob Auerbach,Green,1.5,False,False,D+11,general,
Maryland,Maryland 5,Arvin Vohra,Libertarian,1.3,False,False,D+11,general,
Maryland,Maryland 6,John K. Delaney,Democratic,58.8,False,True,D+2,general,https://en.wikipedia.org/wiki/John_K._Delaney
Maryland,Maryland 6,Roscoe Bartlett,Republican,37.9,True,False,D+2,general,https://en.wikipedia.org/wiki/Roscoe_Bartlett
Maryland,Maryland 6,Nick Mueller,Libertarian,3.2,False,False,D+2,general,
Maryland,Maryland 7,Elijah Cummings,Democratic,76.5,True,True,D+23,general,https://en.wikipedia.org/wiki/Elijah_Cummings
Maryland,Maryland 7,Frank Mirabile,Republican,20.8,False,False,D+23,general,
Maryland,Maryland 7,Ron Owens-Bey,Libertarian,2.5,False,False,D+23,general,
Maryland,Maryland 8,Chris Van Hollen,Democratic,63.4,True,True,D+10,general,https://en.wikipedia.org/wiki/Chris_Van_Hollen
Maryland,Maryland 8,Ken Timmerman,Republican,32.9,False,False,D+10,general,https://en.wikipedia.org/wiki/Ken_Timmerman
Maryland,Maryland 8,Mark Grannis,Libertarian,2.1,False,False,D+10,general,
Maryland,Maryland 8,George Gluck,Green,1.5,False,False,D+10,general,
Massachusetts,Massachusetts 1,Richard Neal,Democratic,,False,True,D+13,general,https://en.wikipedia.org/wiki/Richard_Neal
Massachusetts,Massachusetts 2,Jim McGovern,Democratic,,False,True,D+10,general,https://en.wikipedia.org/wiki/Jim_McGovern_(American_politician)
Massachusetts,Massachusetts 3,Niki Tsongas,Democratic,65.9,False,True,D+8,general,https://en.wikipedia.org/wiki/Niki_Tsongas
Massachusetts,Massachusetts 3,Jon Golnik,Republican,34.1,False,False,D+8,general,https://en.wikipedia.org/wiki/Jon_Golnik
Massachusetts,Massachusetts 4,Joe Kennedy III,Democratic,61.1,False,True,D+10,general,https://en.wikipedia.org/wiki/Joe_Kennedy_III
Massachusetts,Massachusetts 4,Sean Bielat,Republican,36.0,False,False,D+10,general,https://en.wikipedia.org/wiki/Sean_Bielat
Massachusetts,Massachusetts 5,Ed Markey,Democratic,75.5,False,True,D+16,general,https://en.wikipedia.org/wiki/Ed_Markey
Massachusetts,Massachusetts 5,Tom Tierney,Republican,24.5,False,False,D+16,general,
Massachusetts,Massachusetts 6,John F. Tierney,Democratic,48.3,True,True,D+7,general,https://en.wikipedia.org/wiki/John_F._Tierney
Massachusetts,Massachusetts 6,Richard Tisei,Republican,47.3,False,False,D+7,general,https://en.wikipedia.org/wiki/Richard_Tisei
Massachusetts,Massachusetts 6,Daniel Fishman,Libertarian,4.5,False,False,D+7,general,
Massachusetts,Massachusetts 7,Mike Capuano,Democratic,83.6,False,True,D+30,general,https://en.wikipedia.org/wiki/Mike_Capuano
Massachusetts,Massachusetts 7,Karla Romero,Independent,16.4,False,False,D+30,general,
Massachusetts,Massachusetts 8,Stephen Lynch,Democratic,76.3,False,True,D+9,general,https://en.wikipedia.org/wiki/Stephen_F._Lynch
Massachusetts,Massachusetts 8,Joe Selvaggi,Republican,23.7,False,False,D+9,general,
Massachusetts,Massachusetts 9,Bill Keating,Democratic,58.3,False,True,D+8,general,https://en.wikipedia.org/wiki/Bill_Keating_(politician)
Massachusetts,Massachusetts 9,Christopher Sheldon,Republican,32.2,False,False,D+8,general,
Massachusetts,Massachusetts 9,Daniel Botelho,Independent,9.0,False,False,D+8,general,
Michigan,Michigan 1,Dan Benishek,Republican,48.2,True,True,R+4,general,https://en.wikipedia.org/wiki/Dan_Benishek
Michigan,Michigan 1,Gary McDowell,Democratic,47.5,False,False,R+4,general,https://en.wikipedia.org/wiki/Gary_McDowell
Michigan,Michigan 1,Emily Salvette,Libertarian,3.2,False,False,R+4,general,
Michigan,Michigan 1,Ellis Boal,Green,1.2,False,False,R+4,general,
Michigan,Michigan 10,Candice Miller,Republican,68.7,True,True,R+5,general,https://en.wikipedia.org/wiki/Candice_Miller
Michigan,Michigan 10,Chuck Stadler,Democratic,29.8,False,False,R+5,general,
Michigan,Michigan 10,Bob Dashairya,Libertarian,1.5,False,False,R+5,general,
Michigan,Michigan 11,Kerry Bentivolio,Republican,50.7,False,True,R+4,general,https://en.wikipedia.org/wiki/Kerry_Bentivolio
Michigan,Michigan 11,Syed Taj,Democratic,44.4,False,False,R+4,general,
Michigan,Michigan 11,John Tatar,Libertarian,2.7,False,False,R+4,general,
Michigan,Michigan 11,Steven Paul Duke,Green,1.3,False,False,R+4,general,
Michigan,Michigan 11,Daniel Johnson,Natural Law,0.9,False,False,R+4,general,
Michigan,Michigan 11,David Curson,Democratic,48.39,False,True,,special,https://en.wikipedia.org/wiki/David_Curson
Michigan,Michigan 11,Kerry Bentivolio,Republican,46.1,False,False,,special,https://en.wikipedia.org/wiki/Kerry_Bentivolio
Michigan,Michigan 11,John Tatar,Libertarian,3.53,False,False,,special,
Michigan,Michigan 11,Marc Sosnowski,U.S. Taxpayers,1.98,False,False,,special,
Michigan,Michigan 12,John Dingell,Democratic,68.5,False,True,D+14,general,https://en.wikipedia.org/wiki/John_Dingell
Michigan,Michigan 12,Cynthia Kallgren,Republican,28.4,False,False,D+14,general,
Michigan,Michigan 12,Rick Secula,Libertarian,3.1,False,False,D+14,general,
Michigan,Michigan 13,John Conyers Jr.,Democratic,81.5,False,True,D+34,general,https://en.wikipedia.org/wiki/John_Conyers_Jr.
Michigan,Michigan 13,Harry Sawicki,Republican,14.7,False,False,D+34,general,
Michigan,Michigan 13,Chris Sharer,Libertarian,2.3,False,False,D+34,general,
Michigan,Michigan 13,Martin Gray,U.S. Taxpayers,1.5,False,False,D+34,general,
Michigan,Michigan 14,Gary Peters,Democratic,85.1,False,True,D+27,general,https://en.wikipedia.org/wiki/Gary_Peters
Michigan,Michigan 14,John Hauler,Republican,16.4,False,False,D+27,general,https://en.wikipedia.org/wiki/John_Hauler
Michigan,Michigan 14,Leonard Schwartz,Libertarian,1.2,False,False,D+27,general,https://en.wikipedia.org/wiki/Leonard_Schwartz_(politician)
Michigan,Michigan 14,Douglas Campbell,Green,0.9,False,False,D+27,general,https://en.wikipedia.org/wiki/Douglas_Campbell_(Michigan_politician)
Michigan,Michigan 2,Bill Huizenga,Republican,61.1,True,True,R+7,general,https://en.wikipedia.org/wiki/Bill_Huizenga
Michigan,Michigan 2,Willie German,Democratic,34.2,False,False,R+7,general,
Michigan,Michigan 2,Mary Buzuma,Libertarian,2.8,False,False,R+7,general,
Michigan,Michigan 2,Ron Graeser,US Taxpayers,1.0,False,False,R+7,general,
Michigan,Michigan 2,Bill Opalicky,Green,1.0,False,False,R+7,general,
Michigan,Michigan 3,Justin Amash,Republican,52.7,True,True,R+5,general,https://en.wikipedia.org/wiki/Justin_Amash
Michigan,Michigan 3,Steve Pestka,Democratic,44.1,False,False,R+5,general,https://en.wikipedia.org/wiki/Steve_Pestka
Michigan,Michigan 3,Bill Gelineau,Libertarian,3.2,False,False,R+5,general,
Michigan,Michigan 4,Dave Camp,Republican,63.1,True,True,R+4,general,https://en.wikipedia.org/wiki/Dave_Camp
Michigan,Michigan 4,Debra Freidell Wirth,Democratic,33.5,False,False,R+4,general,
Michigan,Michigan 4,John Gelineau,Libertarian,1.4,False,False,R+4,general,
Michigan,Michigan 4,George Zimmer,US Taxpayers,1.1,False,False,R+4,general,https://en.wikipedia.org/wiki/George_Zimmer
Michigan,Michigan 4,Pat Timmons,Green,0.9,False,False,R+4,general,
Michigan,Michigan 5,Dan Kildee,Democratic,64.2,False,True,D+10,general,https://en.wikipedia.org/wiki/Dan_Kildee
Michigan,Michigan 5,Jim Slezak,Republican,32.2,False,False,D+10,general,https://en.wikipedia.org/wiki/Jim_Slezak
Michigan,Michigan 5,David Davenport,Independent,2.1,False,False,D+10,general,https://en.wikipedia.org/wiki/David_Davenport
Michigan,Michigan 5,Greg Creswell,Libertarian,1.6,False,False,D+10,general,https://en.wikipedia.org/wiki/Greg_Creswell
Michigan,Michigan 6,Fred Upton,Republican,54.4,True,True,R+1,general,https://en.wikipedia.org/wiki/Fred_Upton
Michigan,Michigan 6,Mike O'Brien,Democratic,42.8,False,False,R+1,general,https://en.wikipedia.org/wiki/Mike_O%27Brien_(Michigan_politician)
Michigan,Michigan 6,Christie Gelineau,Libertarian,2.0,False,False,R+1,general,
Michigan,Michigan 6,Jason Gatties,US Taxpayers,0.8,False,False,R+1,general,
Michigan,Michigan 7,Tim Walberg,Republican,53.3,True,True,R+3,general,https://en.wikipedia.org/wiki/Tim_Walberg
Michigan,Michigan 7,Kurt Haskell,Democratic,43.0,False,False,R+3,general,
Michigan,Michigan 7,Ken Proctor,Libertarian,2.5,False,False,R+3,general,
Michigan,Michigan 7,Richard Wunsch,Green,1.1,False,False,R+3,general,
Michigan,Michigan 8,Mike Rogers,Republican,58.6,True,True,R+2,general,https://en.wikipedia.org/wiki/Mike_Rogers_(Michigan_politician)
Michigan,Michigan 8,Lance Enderle,Democratic,37.3,False,False,R+2,general,https://en.wikipedia.org/wiki/Lance_Enderle
Michigan,Michigan 8,Daniel Goebel,Libertarian,2.3,False,False,R+2,general,
Michigan,Michigan 8,Preston Brooks,Independent,1.8,False,False,R+2,general,
Michigan,Michigan 9,Sander Levin,Democratic,61.9,False,True,D+5,general,https://en.wikipedia.org/wiki/Sander_Levin
Michigan,Michigan 9,Don Volaric,Republican,34.0,False,False,D+5,general,https://en.wikipedia.org/wiki/Don_Volaric
Michigan,Michigan 9,Jim Fulner,Libertarian,1.8,False,False,D+5,general,
Michigan,Michigan 9,Julia Williams,Green,1.4,False,False,D+5,general,
Michigan,Michigan 9,Les Townsend,US Taxypayers,0.9,False,False,D+5,general,
Minnesota,Minnesota 1,Tim Walz,DFL,57.6,True,True,R+1,general,https://en.wikipedia.org/wiki/Tim_Walz
Minnesota,Minnesota 1,Allen Quist,Republican,42.4,False,False,R+1,general,https://en.wikipedia.org/wiki/Allen_Quist
Minnesota,Minnesota 2,John Kline,Republican,54.1,True,True,R+2,general,https://en.wikipedia.org/wiki/John_Kline_(politician)
Minnesota,Minnesota 2,Mike Obermueller,DFL,45.9,False,False,R+2,general,https://en.wikipedia.org/wiki/Mike_Obermueller
Minnesota,Minnesota 3,Erik Paulsen,Republican,58.2,True,True,R+2,general,https://en.wikipedia.org/wiki/Erik_Paulsen
Minnesota,Minnesota 3,Brian Barnes,DFL,41.8,False,False,R+2,general,
Minnesota,Minnesota 4,Betty McCollum,DFL,62.4,True,True,D+11,general,https://en.wikipedia.org/wiki/Betty_McCollum
Minnesota,Minnesota 4,Tony Hernandez,Republican,31.6,False,False,D+11,general,
Minnesota,Minnesota 4,Steve Carlson,Independence,6.1,False,False,D+11,general,
Minnesota,Minnesota 5,Keith Ellison,DFL,74.5,True,True,D+22,general,https://en.wikipedia.org/wiki/Keith_Ellison
Minnesota,Minnesota 5,Chris Fields,Republican,25.5,False,False,D+22,general,https://en.wikipedia.org/wiki/Chris_Fields
Minnesota,Minnesota 6,Michele Bachmann,Republican,50.6,True,True,R+8,general,https://en.wikipedia.org/wiki/Michele_Bachmann
Minnesota,Minnesota 6,Jim Graves,DFL,49.4,False,False,R+8,general,https://en.wikipedia.org/wiki/Jim_Graves
Minnesota,Minnesota 7,Collin Peterson,DFL,60.4,True,True,R+5,general,https://en.wikipedia.org/wiki/Collin_Peterson
Minnesota,Minnesota 7,Lee Byberg,Republican,34.9,False,False,R+5,general,
Minnesota,Minnesota 7,Adam Steele,Independence,4.7,False,False,R+5,general,
Minnesota,Minnesota 8,Rick Nolan,DFL,54.5,False,True,D+3,general,https://en.wikipedia.org/wiki/Rick_Nolan
Minnesota,Minnesota 8,Chip Cravaack,Republican,45.5,True,False,D+3,general,https://en.wikipedia.org/wiki/Chip_Cravaack
Mississippi,Mississippi 1,Alan Nunnelee,Republican,60.4,True,True,R+14,general,https://en.wikipedia.org/wiki/Alan_Nunnelee
Mississippi,Mississippi 1,Brad Morris,Democratic,36.7,False,False,R+14,general,
Mississippi,Mississippi 1,Danny Bedwell,Libertarian,1.2,False,False,R+14,general,
Mississippi,Mississippi 1,Jim Bourland,Constitution,0.8,False,False,R+14,general,
Mississippi,Mississippi 1,Jim Chris Potts,Reform,0.8,False,False,R+14,general,
Mississippi,Mississippi 2,Bennie Thompson,Democratic,67.1,True,True,D+10,general,https://en.wikipedia.org/wiki/Bennie_Thompson
Mississippi,Mississippi 2,Bill Marcy,Republican,31.0,False,False,D+10,general,https://en.wikipedia.org/wiki/Bill_Marcy
Mississippi,Mississippi 2,Cobby Williams,Independent,1.4,False,False,D+10,general,
Mississippi,Mississippi 2,Lajena Williams,Reform,0.5,False,False,D+10,general,
Mississippi,Mississippi 3,Gregg Harper,Republican,80.0,True,True,R+15,general,https://en.wikipedia.org/wiki/Gregg_Harper
Mississippi,Mississippi 3,John Pannell,Reform,20.0,False,False,R+15,general,
Mississippi,Mississippi 4,Steven Palazzo,Republican,64.1,True,True,R+20,general,https://en.wikipedia.org/wiki/Steven_Palazzo
Mississippi,Mississippi 4,Matthew Moore,Democratic,28.9,False,False,R+20,general,
Mississippi,Mississippi 4,Ron Williams,Libertarian,6.3,False,False,R+20,general,https://en.wikipedia.org/wiki/Ron_Williams
Mississippi,Mississippi 4,Bob Claunch,Reform,0.7,False,False,R+20,general,
Missouri,Missouri 1,Lacy Clay,Democratic,78.7,True,True,D+27,general,https://en.wikipedia.org/wiki/Lacy_Clay
Missouri,Missouri 1,Robyn Hamlin,Republican,17.9,False,False,D+27,general,https://en.wikipedia.org/wiki/Robyn_Hamlin
Missouri,Missouri 1,Robb Cunningham,Libertarian,3.5,False,False,D+27,general,
Missouri,Missouri 2,Ann Wagner,Republican,60.1,False,True,R+7,general,https://en.wikipedia.org/wiki/Ann_Wagner
Missouri,Missouri 2,Glenn Koenen,Democratic,37.1,False,False,R+7,general,
Missouri,Missouri 2,Bill Slantz,Libertarian,2.3,False,False,R+7,general,
Missouri,Missouri 2,Anitol Zorikova,Constitution,0.5,False,False,R+7,general,
Missouri,Missouri 3,Blaine Luetkemeyer,Republican,63.5,False,True,R+9,general,https://en.wikipedia.org/wiki/Blaine_Luetkemeyer
Missouri,Missouri 3,Eric Mayer,Democratic,32.9,False,False,R+9,general,https://en.wikipedia.org/wiki/Eric_Mayer
Missouri,Missouri 3,Steve Wilson,Libertarian,3.7,False,False,R+9,general,
Missouri,Missouri 4,Vicky Hartzler,Republican,60.3,True,True,R+11,general,https://en.wikipedia.org/wiki/Vicky_Hartzler
Missouri,Missouri 4,Teresa Hensley,Democratic,35.5,False,False,R+11,general,https://en.wikipedia.org/wiki/Teresa_Hensley
Missouri,Missouri 4,Thomas Holbrook,Libertarian,3.3,False,False,R+11,general,
Missouri,Missouri 4,Greg Cowan,Constitution,0.9,False,False,R+11,general,
Missouri,Missouri 5,Emanuel Cleaver,Democratic,60.5,True,True,D+10,general,https://en.wikipedia.org/wiki/Emanuel_Cleaver
Missouri,Missouri 5,Jacob Turk,Republican,36.9,False,False,D+10,general,https://en.wikipedia.org/wiki/Jacob_Turk
Missouri,Missouri 5,Randy Langkraehr,Libertarian,2.6,False,False,D+10,general,
Missouri,Missouri 6,Sam Graves,Republican,65.0,True,True,R+9,general,https://en.wikipedia.org/wiki/Sam_Graves
Missouri,Missouri 6,Kyle Yarber,Democratic,32.5,False,False,R+9,general,https://en.wikipedia.org/wiki/Kyle_Yarber
Missouri,Missouri 6,Russ Lee Monchil,Libertarian,2.5,False,False,R+9,general,
Missouri,Missouri 7,Billy Long,Republican,63.9,True,True,R+17,general,https://en.wikipedia.org/wiki/Billy_Long
Missouri,Missouri 7,Jim Evans,Democratic,30.9,False,False,R+17,general,
Missouri,Missouri 7,Kevin Craig,Libertarian,5.2,False,False,R+17,general,
Missouri,Missouri 8,Jo Ann Emerson,Republican,71.9,True,True,R+13,general,https://en.wikipedia.org/wiki/Jo_Ann_Emerson
Missouri,Missouri 8,Jack Rushin,Democratic,24.6,False,False,R+13,general,
Missouri,Missouri 8,Rick Vandeven,Libertarian,3.5,False,False,R+13,general,
Montana,Montana at-large,Steve Daines,Republican,53.2,False,True,R+7,general,https://en.wikipedia.org/wiki/Steve_Daines
Montana,Montana at-large,Kim Gillan,Democratic,42.9,False,False,R+7,general,https://en.wikipedia.org/wiki/Kim_Gillan
Montana,Montana at-large,David Kaiser,Libertarian,4.0,False,False,R+7,general,
Nebraska,Nebraska 1,Jeff Fortenberry,Republican,68.3,True,True,R+11,general,https://en.wikipedia.org/wiki/Jeff_Fortenberry
Nebraska,Nebraska 1,Korey Reiman,Democratic,31.7,False,False,R+11,general,
Nebraska,Nebraska 2,Lee Terry,Republican,51.2,True,True,R+6,general,https://en.wikipedia.org/wiki/Lee_Terry
Nebraska,Nebraska 2,John Ewing,Democratic,48.8,False,False,R+6,general,https://en.wikipedia.org/wiki/John_Ewing_(Nebraska_politician)
Nebraska,Nebraska 3,Adrian Smith,Republican,74.2,True,True,R+23,general,https://en.wikipedia.org/wiki/Adrian_Smith_(politician)
Nebraska,Nebraska 3,Mark Sullivan,Democratic,25.8,False,False,R+23,general,
Nevada,Nevada 1,Dina Titus,Democratic,63.6,False,True,D+11,general,https://en.wikipedia.org/wiki/Dina_Titus
Nevada,Nevada 1,Chris Edwards,Republican,31.5,False,False,D+11,general,https://en.wikipedia.org/wiki/Chris_Edwards_(Nevada_politician)
Nevada,Nevada 1,Bill Pojunis,Libertarian,2.6,False,False,D+11,general,
Nevada,Nevada 1,Stan Vaughan,Independent American,2.3,False,False,D+11,general,
Nevada,Nevada 2,Mark Amodei,Republican,57.6,True,True,R+5,general,https://en.wikipedia.org/wiki/Mark_Amodei
Nevada,Nevada 2,Sam Koepnick,Democratic,36.2,False,False,R+5,general,
Nevada,Nevada 2,Michael Haines,Independent,4.0,False,False,R+5,general,
Nevada,Nevada 2,Russell Best,Independent American,2.2,False,False,R+5,general,
Nevada,Nevada 3,Joe Heck,Republican,50.4,True,True,EVEN,general,https://en.wikipedia.org/wiki/Joe_Heck
Nevada,Nevada 3,John Oceguera,Democratic,42.9,False,False,EVEN,general,https://en.wikipedia.org/wiki/John_Oceguera
Nevada,Nevada 3,Tim Murphy,Independent,4.7,False,False,EVEN,general,
Nevada,Nevada 3,Tom Jones,Independent American,2.0,False,False,EVEN,general,
Nevada,Nevada 4,Steven Horsford,Democratic,50.1,False,True,D+2,general,https://en.wikipedia.org/wiki/Steven_Horsford
Nevada,Nevada 4,Danny Tarkanian,Republican,42.1,False,False,D+2,general,https://en.wikipedia.org/wiki/Danny_Tarkanian
Nevada,Nevada 4,Floyd Fitzgibbons,Independent American,3.9,False,False,D+2,general,
Nevada,Nevada 4,Joe Silvestri,Libertarian,3.9,False,False,D+2,general,
New Hampshire,New Hampshire 1,Carol Shea-Porter,Democratic,49.7,False,True,EVEN,general,https://en.wikipedia.org/wiki/Carol_Shea-Porter
New Hampshire,New Hampshire 1,Frank Guinta,Republican,46.0,True,False,EVEN,general,https://en.wikipedia.org/wiki/Frank_Guinta
New Hampshire,New Hampshire 1,Brendan Kelly,Libertarian,4.3,False,False,EVEN,general,
New Hampshire,New Hampshire 2,Annie Kuster,Democratic,50.2,False,True,D+3,general,https://en.wikipedia.org/wiki/Annie_Kuster
New Hampshire,New Hampshire 2,Charles Bass,Republican,45.1,True,False,D+3,general,https://en.wikipedia.org/wiki/Charles_Bass
New Hampshire,New Hampshire 2,Hardy Macia,Libertarian,4.7,False,False,D+3,general,
New Jersey,New Jersey 1,Rob Andrews,Democratic,67.9,True,True,D+12,general,https://en.wikipedia.org/wiki/Rob_Andrews
New Jersey,New Jersey 1,Greg Horton,Republican,30.3,False,False,D+12,general,https://en.wikipedia.org/wiki/Greg_Horton
New Jersey,New Jersey 1,John Reitter,Green,1.4,False,False,D+12,general,
New Jersey,New Jersey 1,Margaret Chapman,Reform,0.3,False,False,D+12,general,
New Jersey,New Jersey 10,Donald Payne Jr.,Democratic,87.3,False,True,D+31,general,https://en.wikipedia.org/wiki/Donald_Payne_Jr.
New Jersey,New Jersey 10,Brian Kelemen,Republican,10.8,False,False,D+31,general,
New Jersey,New Jersey 10,Joanne Miller,Independent,1.3,False,False,D+31,general,
New Jersey,New Jersey 10,Mick Erickson,Libertarian,0.5,False,False,D+31,general,
New Jersey,New Jersey 10,Donald Payne Jr.,Democratic,97.4,False,True,,special,https://en.wikipedia.org/wiki/Donald_Payne_Jr.
New Jersey,New Jersey 10,Joanne Miller,Independent,2.6,False,False,,special,
New Jersey,New Jersey 11,Rodney Frelinghuysen,Republican,58.9,True,True,R+5,general,https://en.wikipedia.org/wiki/Rodney_Frelinghuysen
New Jersey,New Jersey 11,John Arvanites,Democratic,40.0,False,False,R+5,general,
New Jersey,New Jersey 11,Barry Berlin,Independent,1.1,False,False,R+5,general,
New Jersey,New Jersey 12,Rush Holt Jr.,Democratic,69.2,True,True,D+12,general,https://en.wikipedia.org/wiki/Rush_Holt_Jr.
New Jersey,New Jersey 12,Eric Beck,Republican,29.5,False,False,D+12,general,
New Jersey,New Jersey 12,Jack Freudenheim,Independent,0.8,False,False,D+12,general,
New Jersey,New Jersey 12,Ken Cody,Independent,0.5,False,False,D+12,general,
New Jersey,New Jersey 2,Frank LoBiondo,Republican,58.0,True,True,EVEN,general,https://en.wikipedia.org/wiki/Frank_LoBiondo
New Jersey,New Jersey 2,Cassandra Shober,Democratic,40.0,False,False,EVEN,general,
New Jersey,New Jersey 2,John Ordille,Libertarian,0.9,False,False,EVEN,general,
New Jersey,New Jersey 2,Charles Lukens,Independent,0.5,False,False,EVEN,general,
New Jersey,New Jersey 2,David Bowen,Independent,0.3,False,False,EVEN,general,
New Jersey,New Jersey 2,Frank Faralli Jr.,Independent,0.2,False,False,EVEN,general,
New Jersey,New Jersey 3,Jon Runyan,Republican,53.8,True,True,R+2,general,https://en.wikipedia.org/wiki/Jon_Runyan
New Jersey,New Jersey 3,Shelley Adler,Democratic,44.8,False,False,R+2,general,https://en.wikipedia.org/wiki/Shelley_Adler
New Jersey,New Jersey 3,Robert Forchin,Independent,0.7,False,False,R+2,general,
New Jersey,New Jersey 3,Robert Shapiro,Independent,0.4,False,False,R+2,general,
New Jersey,New Jersey 3,Fredrick Lavergne,Independent,0.2,False,False,R+2,general,
New Jersey,New Jersey 4,Chris Smith,Republican,68.8,True,True,R+7,general,https://en.wikipedia.org/wiki/Chris_Smith_(New_Jersey_politician)
New Jersey,New Jersey 4,Brian Froelich,Democratic,31.0,False,False,R+7,general,
New Jersey,New Jersey 4,Leonard Marshall,Independent,1.1,False,False,R+7,general,
New Jersey,New Jersey 5,Scott Garrett,Republican,55.5,True,True,R+4,general,https://en.wikipedia.org/wiki/Scott_Garrett
New Jersey,New Jersey 5,Adam Gussen,Democratic,42.4,False,False,R+4,general,
New Jersey,New Jersey 5,Patricia Alessandrini,Green,2.2,False,False,R+4,general,
New Jersey,New Jersey 6,Frank Pallone,Democratic,63.3,True,True,D+6,general,https://en.wikipedia.org/wiki/Frank_Pallone
New Jersey,New Jersey 6,Anna Little,Republican,35.2,False,False,D+6,general,
New Jersey,New Jersey 6,Len Flynn,Libertarian,0.6,False,False,D+6,general,
New Jersey,New Jersey 6,Karen Zaletel,Independent,0.4,False,False,D+6,general,
New Jersey,New Jersey 6,Mac Lyden,Independent,0.4,False,False,D+6,general,
New Jersey,New Jersey 6,Herbert Tarbous,Reform,0.2,False,False,D+6,general,
New Jersey,New Jersey 7,Leonard Lance,Republican,57.2,True,True,R+6,general,https://en.wikipedia.org/wiki/Leonard_Lance
New Jersey,New Jersey 7,Upendra Chivukula,Democratic,40.0,False,False,R+6,general,https://en.wikipedia.org/wiki/Upendra_Chivukula
New Jersey,New Jersey 7,Dennis Breen,Independent,1.5,False,False,R+6,general,
New Jersey,New Jersey 7,Patrick McKnight,Libertarian,1.3,False,False,R+6,general,
New Jersey,New Jersey 8,Albio Sires,Democratic,78.1,False,True,D+20,general,https://en.wikipedia.org/wiki/Albio_Sires
New Jersey,New Jersey 8,María Piñeiro Karczewski,Republican,18.9,False,False,D+20,general,
New Jersey,New Jersey 8,Herbert Shaw,Independent,1.1,False,False,D+20,general,
New Jersey,New Jersey 8,Stephen De Luca,Independent,1.0,False,False,D+20,general,
New Jersey,New Jersey 8,Pablo Olivera,Independent,1.0,False,False,D+20,general,
New Jersey,New Jersey 9,Bill Pascrell,Democratic,73.6,False,True,D+11,general,https://en.wikipedia.org/wiki/Bill_Pascrell
New Jersey,New Jersey 9,Shmuley Boteach,Republican,25.4,False,False,D+11,general,https://en.wikipedia.org/wiki/Shmuley_Boteach
New Jersey,New Jersey 9,David Smith,Independent,0.5,False,False,D+11,general,
New Jersey,New Jersey 9,Jeanette Woolsey,Constitution,0.5,False,False,D+11,general,
New Mexico,New Mexico 1,Michelle Luján Grisham,Democratic,59.1,False,True,D+5,general,https://en.wikipedia.org/wiki/Michelle_Luj%C3%A1n_Grisham
New Mexico,New Mexico 1,Janice Arnold-Jones,Republican,40.9,False,False,D+5,general,https://en.wikipedia.org/wiki/Janice_Arnold-Jones
New Mexico,New Mexico 2,Steve Pearce,Republican,59.1,True,True,R+6,general,https://en.wikipedia.org/wiki/Steve_Pearce_(politician)
New Mexico,New Mexico 2,Evelyn Madrid Erhard,Democratic,40.9,False,False,R+6,general,
New Mexico,New Mexico 3,Ben Ray Luján,Democratic,63.0,True,True,D+7,general,https://en.wikipedia.org/wiki/Ben_Ray_Luj%C3%A1n
New Mexico,New Mexico 3,Jeff Byrd,Republican,37.0,False,False,D+7,general,https://en.wikipedia.org/wiki/Jefferson_Byrd
New York,New York 1,Tim Bishop,Democratic,52.2,True,True,EVEN,general,https://en.wikipedia.org/wiki/Tim_Bishop
New York,New York 1,Randy Altschuler,Republican,47.8,False,False,EVEN,general,https://en.wikipedia.org/wiki/Randy_Altschuler
New York,New York 10,Jerry Nadler,Democratic,80.7,False,True,D+24,general,https://en.wikipedia.org/wiki/Jerry_Nadler
New York,New York 10,Michael Chan,Republican,19.3,False,False,D+24,general,
New York,New York 11,Michael Grimm,Republican,52.8,False,True,R+4,general,https://en.wikipedia.org/wiki/Michael_Grimm_(politician)
New York,New York 11,Mark Murphy,Democratic,46.2,False,False,R+4,general,
New York,New York 11,Hank Bardel,Green,1.0,False,False,R+4,general,
New York,New York 12,Carolyn Maloney,Democratic,80.9,False,True,D+38,general,https://en.wikipedia.org/wiki/Carolyn_Maloney
New York,New York 12,Christopher Wight,Republican,19.1,False,False,D+38,general,https://en.wikipedia.org/wiki/Christopher_Wight
New York,New York 13,Charles Rangel,Democratic,90.8,False,True,D+41,general,https://en.wikipedia.org/wiki/Charles_Rangel
New York,New York 13,Craig Schley,Republican,6.3,False,False,D+41,general,https://en.wikipedia.org/wiki/Craig_Schley
New York,New York 13,Deborah Liatos,Socialist,2.9,False,False,D+41,general,
New York,New York 13,Kenneth D. Schaeffer,Working Families,,False,False,D+41,general,
New York,New York 14,Joe Crowley,Democratic,83.0,False,True,D+23,general,https://en.wikipedia.org/wiki/Joe_Crowley
New York,New York 14,William Gibbons,Republican,15.3,False,False,D+23,general,
New York,New York 14,Tony Gronowicz,Green,1.8,False,False,D+23,general,
New York,New York 15,José E. Serrano,Democratic,97.1,False,True,D+41,general,https://en.wikipedia.org/wiki/Jos%C3%A9_E._Serrano
New York,New York 15,Frank Della Valle,Republican,2.9,False,False,D+41,general,
New York,New York 16,Eliot Engel,Democratic,77.5,False,True,D+19,general,https://en.wikipedia.org/wiki/Eliot_Engel
New York,New York 16,Joseph McLaughlin,Republican,21.4,False,False,D+19,general,
New York,New York 16,Joseph Diaferia,Green,1.2,False,False,D+19,general,
New York,New York 17,Nita Lowey,Democratic,64.2,False,True,D+5,general,https://en.wikipedia.org/wiki/Nita_Lowey
New York,New York 17,Joe Carvin,Republican,34.8,False,False,D+5,general,
New York,New York 17,Francis Morganthaler,We The People,1.0,False,False,D+5,general,
New York,New York 18,Sean Patrick Maloney,Democratic,51.7,False,True,R+2,general,https://en.wikipedia.org/wiki/Sean_Patrick_Maloney
New York,New York 18,Nan Hayworth,Republican,48.3,False,False,R+2,general,https://en.wikipedia.org/wiki/Nan_Hayworth
New York,New York 19,Chris Gibson,Republican,53.4,False,True,EVEN,general,https://en.wikipedia.org/wiki/Chris_Gibson_(New_York_politician)
New York,New York 19,Julian Schreibman,Democratic,46.6,False,False,EVEN,general,https://en.wikipedia.org/wiki/Julian_Schreibman
New York,New York 2,Peter T. King,Republican,58.7,False,True,R+1,general,https://en.wikipedia.org/wiki/Peter_T._King
New York,New York 2,Vivianne C. Falcone,Democratic,41.3,False,False,R+1,general,
New York,New York 20,Paul Tonko,Democratic,68.4,False,True,D+7,general,https://en.wikipedia.org/wiki/Paul_Tonko
New York,New York 20,Bob Dieterich,Republican,31.6,False,False,D+7,general,
New York,New York 21,Bill Owens,Democratic,50.2,False,True,R+2,general,https://en.wikipedia.org/wiki/Bill_Owens_(New_York_politician)
New York,New York 21,Matt Doheny,Republican,48.2,False,False,R+2,general,
New York,New York 21,Donald Hassig,Green,1.6,False,False,R+2,general,
New York,New York 22,Richard L. Hanna,Republican,60.9,False,True,R+3,general,https://en.wikipedia.org/wiki/Richard_L._Hanna
New York,New York 22,Dan Lamb,Democratic,39.1,False,False,R+3,general,https://en.wikipedia.org/wiki/Dan_Lamb
New York,New York 23,Tom Reed,Republican,52.1,False,True,R+3,general,https://en.wikipedia.org/wiki/Tom_Reed_(politician)
New York,New York 23,Nate Shinagawa,Democratic,47.9,False,False,R+3,general,https://en.wikipedia.org/wiki/Nate_Shinagawa
New York,New York 24,Dan Maffei,Democratic,48.4,False,True,D+3,general,https://en.wikipedia.org/wiki/Dan_Maffei
New York,New York 24,Ann Marie Buerkle,Republican,43.8,False,False,D+3,general,https://en.wikipedia.org/wiki/Ann_Marie_Buerkle
New York,New York 24,Ursula Rozum,Green,7.9,False,False,D+3,general,
New York,New York 25,Louise Slaughter,Democratic,57.2,False,True,D+5,general,https://en.wikipedia.org/wiki/Louise_Slaughter
New York,New York 25,Maggie Brooks,Republican,42.8,False,False,D+5,general,https://en.wikipedia.org/wiki/Maggie_Brooks
New York,New York 26,Brian Higgins,Democratic,74.6,False,True,D+13,general,https://en.wikipedia.org/wiki/Brian_Higgins
New York,New York 26,Michael H. Madigan,Republican,25.4,False,False,D+13,general,
New York,New York 27,Chris Collins,Republican,50.7,False,True,R+7,general,https://en.wikipedia.org/wiki/Chris_Collins_(New_York_politician)
New York,New York 27,Kathy Hochul,Democratic,49.3,False,False,R+7,general,https://en.wikipedia.org/wiki/Kathy_Hochul
New York,New York 3,Steve Israel,Democratic,57.5,False,True,D+3,general,https://en.wikipedia.org/wiki/Steve_Israel
New York,New York 3,Stephen Labate,Republican,41.7,False,False,D+3,general,
New York,New York 3,Mike McDermott,Libertarian,0.6,False,False,D+3,general,
New York,New York 3,Anthony Tolda,Constitution,0.1,False,False,D+3,general,
New York,New York 4,Carolyn McCarthy,Democratic,61.7,True,True,D+4,general,https://en.wikipedia.org/wiki/Carolyn_McCarthy
New York,New York 4,Fran Becker,Republican,32.4,False,False,D+4,general,
New York,New York 4,Frank Scaturro,Conservative,5.9,False,False,D+4,general,https://en.wikipedia.org/wiki/Frank_Scaturro
New York,New York 5,Gregory W. Meeks,Democratic,89.7,False,True,D+33,general,https://en.wikipedia.org/wiki/Gregory_W._Meeks
New York,New York 5,Allan Jennings,Republican,9.6,False,False,D+33,general,
New York,New York 5,Catherine Wark,Libertarian,0.7,False,False,D+33,general,
New York,New York 6,Grace Meng,Democratic,67.7,False,True,D+12,general,https://en.wikipedia.org/wiki/Grace_Meng
New York,New York 6,Dan Halloran,Republican,31.2,False,False,D+12,general,https://en.wikipedia.org/wiki/Dan_Halloran
New York,New York 6,Evergreen Chou,Green,1.2,False,False,D+12,general,
New York,New York 7,Nydia Velázquez,Democratic,94.5,False,True,D+31,general,https://en.wikipedia.org/wiki/Nydia_Vel%C3%A1zquez
New York,New York 7,Conservative,Conservative,5.5,False,False,D+31,general,https://en.wikipedia.org/wiki/Conservative_Party_of_New_York_State
New York,New York 8,Hakeem Jeffries,Democratic,90.0,False,True,D+33,general,https://en.wikipedia.org/wiki/Hakeem_Jeffries
New York,New York 8,Alan Bellone,Republican,8.8,False,False,D+33,general,
New York,New York 8,Colin Beavan,Green,1.2,False,False,D+33,general,https://en.wikipedia.org/wiki/Colin_Beavan
New York,New York 9,Yvette Clarke,Democratic,87.0,False,True,D+31,general,https://en.wikipedia.org/wiki/Yvette_Clarke
New York,New York 9,Daniel Cavanagh,Republican,11.6,False,False,D+31,general,
New York,New York 9,Vivia Morgan,Green,1.4,False,False,D+31,general,
North Carolina,North Carolina 1,G. K. Butterfield,Democratic,75.2,True,True,D+17,general,https://en.wikipedia.org/wiki/G._K._Butterfield
North Carolina,North Carolina 1,Pete DiLauro,Republican,23.0,False,False,D+17,general,
North Carolina,North Carolina 1,Darryl Holloman,Libertarian,1.8,False,False,D+17,general,
North Carolina,North Carolina 10,Patrick McHenry,Republican,57.0,True,True,R+11,general,https://en.wikipedia.org/wiki/Patrick_McHenry
North Carolina,North Carolina 10,Patsy Keever,Democratic,43.0,False,False,R+11,general,https://en.wikipedia.org/wiki/Patsy_Keever
North Carolina,North Carolina 11,Mark Meadows,Republican,57.4,False,True,R+12,general,https://en.wikipedia.org/wiki/Mark_Meadows
North Carolina,North Carolina 11,Hayden Rogers,Democratic,42.6,False,False,R+12,general,https://en.wikipedia.org/wiki/Hayden_Rogers
North Carolina,North Carolina 12,Mel Watt,Democratic,79.7,True,True,D+23,general,https://en.wikipedia.org/wiki/Mel_Watt
North Carolina,North Carolina 12,Jack Brosch,Republican,20.3,False,False,D+23,general,
North Carolina,North Carolina 13,George Holding,Republican,57.1,False,True,R+9,general,https://en.wikipedia.org/wiki/George_Holding
North Carolina,North Carolina 13,Charles Malone,Democratic,42.9,False,False,R+9,general,https://en.wikipedia.org/wiki/Charles_Malone
North Carolina,North Carolina 2,Renee Ellmers,Republican,55.9,True,True,R+11,general,https://en.wikipedia.org/wiki/Renee_Ellmers
North Carolina,North Carolina 2,Steve Wilkins,Democratic,41.4,False,False,R+11,general,
North Carolina,North Carolina 2,Brian Irving,Libertarian,2.7,False,False,R+11,general,
North Carolina,North Carolina 3,Walter B. Jones Jr.,Republican,63.2,True,True,R+10,general,https://en.wikipedia.org/wiki/Walter_B._Jones_Jr.
North Carolina,North Carolina 3,Erik Anderson,Democratic,36.8,False,False,R+10,general,
North Carolina,North Carolina 4,David Price,Democratic,74.4,True,True,D+17,general,https://en.wikipedia.org/wiki/David_Price_(American_politician)
North Carolina,North Carolina 4,Tim D'Annunzio,Republican,25.6,False,False,D+17,general,
North Carolina,North Carolina 5,Virginia Foxx,Republican,57.5,True,True,R+12,general,https://en.wikipedia.org/wiki/Virginia_Foxx
North Carolina,North Carolina 5,Elisabeth Motsinger,Democratic,42.5,False,False,R+12,general,
North Carolina,North Carolina 6,Howard Coble,Republican,60.9,True,True,R+11,general,https://en.wikipedia.org/wiki/Howard_Coble
North Carolina,North Carolina 6,Tony Foriest,Democratic,39.1,False,False,R+11,general,https://en.wikipedia.org/wiki/Tony_Foriest
North Carolina,North Carolina 7,Mike McIntyre,Democratic,50.1,True,True,R+11,general,https://en.wikipedia.org/wiki/Mike_McIntyre
North Carolina,North Carolina 7,David Rouzer,Republican,49.9,False,False,R+11,general,https://en.wikipedia.org/wiki/David_Rouzer
North Carolina,North Carolina 8,Richard Hudson,Republican,54.1,False,True,R+12,general,https://en.wikipedia.org/wiki/Richard_Hudson_(American_politician)
North Carolina,North Carolina 8,Larry Kissell,Democratic,45.9,True,False,R+12,general,https://en.wikipedia.org/wiki/Larry_Kissell
North Carolina,North Carolina 9,Robert Pittenger,Republican,51.8,False,True,R+10,general,https://en.wikipedia.org/wiki/Robert_Pittenger
North Carolina,North Carolina 9,Jennifer Roberts,Democratic,45.7,False,False,R+10,general,https://en.wikipedia.org/wiki/Jennifer_Roberts_(politician)
North Carolina,North Carolina 9,Curtis Campbell,Libertarian,2.6,False,False,R+10,general,
North Dakota,North Dakota at-large,Kevin Cramer,Republican,55.0,False,True,R+10,general,https://en.wikipedia.org/wiki/Kevin_Cramer
North Dakota,North Dakota at-large,Pam Gulleson,Democratic-NPL,41.8,False,False,R+10,general,https://en.wikipedia.org/wiki/Pam_Gulleson
North Dakota,North Dakota at-large,Eric Olson,Libertarian,3.2,False,False,R+10,general,
Ohio,Ohio 1,Steve Chabot,Republican,58.3,True,True,R+6,general,https://en.wikipedia.org/wiki/Steve_Chabot
Ohio,Ohio 1,Jeff Sinnard,Democratic,37.1,False,False,R+6,general,
Ohio,Ohio 1,Jim Berns,Libertarian,2.7,False,False,R+6,general,
Ohio,Ohio 1,Rich Stevenson,Green,1.9,False,False,R+6,general,
Ohio,Ohio 10,Mike Turner,Republican,60.2,False,True,R+2,general,https://en.wikipedia.org/wiki/Mike_Turner
Ohio,Ohio 10,Sharen Neuhardt,Democratic,36.9,False,False,R+2,general,https://en.wikipedia.org/wiki/Sharen_Neuhardt
Ohio,Ohio 10,David Harlow,Libertarian,2.9,False,False,R+2,general,
Ohio,Ohio 11,Marcia Fudge,Democratic,,True,True,D+30,general,https://en.wikipedia.org/wiki/Marcia_Fudge
Ohio,Ohio 12,Pat Tiberi,Republican,63.7,True,True,R+8,general,https://en.wikipedia.org/wiki/Pat_Tiberi
Ohio,Ohio 12,Jim Reese,Democratic,36.3,False,False,R+8,general,
Ohio,Ohio 13,Tim Ryan,Democratic,69.9,False,True,D+12,general,https://en.wikipedia.org/wiki/Tim_Ryan_(Ohio_politician)
Ohio,Ohio 13,Marisha Agana,Republican,30.1,False,False,D+12,general,
Ohio,Ohio 14,David Joyce,Republican,54.3,False,True,R+3,general,https://en.wikipedia.org/wiki/David_Joyce_(politician)
Ohio,Ohio 14,Dale Blanchard,Democratic,38.5,False,False,R+3,general,
Ohio,Ohio 14,Elaine Mastromatteo,Green,3.8,False,False,R+3,general,
Ohio,Ohio 14,David Macko,Libertarian,3.4,False,False,R+3,general,
Ohio,Ohio 15,Steve Stivers,Republican,61.8,True,True,R+6,general,https://en.wikipedia.org/wiki/Steve_Stivers
Ohio,Ohio 15,Pat Lang,Democratic,38.2,False,False,R+6,general,
Ohio,Ohio 16,Jim Renacci,Republican,52.2,True,True,R+5,general,https://en.wikipedia.org/wiki/Jim_Renacci
Ohio,Ohio 16,Betty Sutton,Democratic,47.8,False,False,R+5,general,https://en.wikipedia.org/wiki/Betty_Sutton
Ohio,Ohio 2,Brad Wenstrup,Republican,59.1,False,True,R+9,general,https://en.wikipedia.org/wiki/Brad_Wenstrup
Ohio,Ohio 2,William Smith,Democratic,40.9,False,False,R+9,general,
Ohio,Ohio 3,Joyce Beatty,Democratic,67.8,False,True,D+14,general,https://en.wikipedia.org/wiki/Joyce_Beatty
Ohio,Ohio 3,Chris Long,Republican,26.9,False,False,D+14,general,
Ohio,Ohio 3,Rich Ehrbar,Libertarian,3.2,False,False,D+14,general,
Ohio,Ohio 3,Bob Fitrakis,Green,2.2,False,False,D+14,general,https://en.wikipedia.org/wiki/Bob_Fitrakis
Ohio,Ohio 4,Jim Jordan,Republican,58.7,True,True,R+9,general,https://en.wikipedia.org/wiki/Jim_Jordan
Ohio,Ohio 4,Jim Slone,Democratic,36.2,False,False,R+9,general,
Ohio,Ohio 4,Chris Calla,Libertarian,5.1,False,False,R+9,general,
Ohio,Ohio 5,Bob Latta,Republican,57.6,True,True,R+8,general,https://en.wikipedia.org/wiki/Bob_Latta
Ohio,Ohio 5,Angela Zimmann,Democratic,38.9,False,False,R+8,general,
Ohio,Ohio 5,Eric Eberly,Libertarian,3.5,False,False,R+8,general,
Ohio,Ohio 6,Bill Johnson,Republican,53.3,True,True,R+5,general,https://en.wikipedia.org/wiki/Bill_Johnson_(Ohio_politician)
Ohio,Ohio 6,Charlie Wilson,Democratic,46.7,False,False,R+5,general,https://en.wikipedia.org/wiki/Charlie_Wilson_(Ohio_politician)
Ohio,Ohio 7,Bob Gibbs,Republican,56.7,False,True,R+5,general,https://en.wikipedia.org/wiki/Bob_Gibbs
Ohio,Ohio 7,Joyce Healy-Abrams,Democratic,43.3,False,False,R+5,general,
Ohio,Ohio 8,John Boehner,Republican,,True,True,R+14,general,https://en.wikipedia.org/wiki/John_Boehner
Ohio,Ohio 9,Marcy Kaptur,Democratic,72.6,True,True,D+15,general,https://en.wikipedia.org/wiki/Marcy_Kaptur
Ohio,Ohio 9,Samuel Wurzelbacher,Republican,23.5,False,False,D+15,general,https://en.wikipedia.org/wiki/Joe_the_Plumber
Ohio,Ohio 9,Sean Stipe,Libertarian,3.9,False,False,D+15,general,
Oklahoma,Oklahoma 1,Jim Bridenstine,Republican,63.5,False,True,R+16,general,https://en.wikipedia.org/wiki/Jim_Bridenstine
Oklahoma,Oklahoma 1,John Olson,Democratic,32.0,False,False,R+16,general,
Oklahoma,Oklahoma 1,Craig Allen,Independent,4.5,False,False,R+16,general,
Oklahoma,Oklahoma 2,Markwayne Mullin,Republican,57.4,False,True,R+14,general,https://en.wikipedia.org/wiki/Markwayne_Mullin
Oklahoma,Oklahoma 2,Rob Wallace,Democratic,38.3,False,False,R+14,general,
Oklahoma,Oklahoma 2,Michael Fulks,Independent,4.3,False,False,R+14,general,
Oklahoma,Oklahoma 3,Frank Lucas,Republican,75.3,True,True,R+24,general,https://en.wikipedia.org/wiki/Frank_Lucas_(Oklahoma_politician)
Oklahoma,Oklahoma 3,Tim Murray,Democratic,20.0,False,False,R+24,general,
Oklahoma,Oklahoma 3,William Sanders,Independent,4.8,False,False,R+24,general,
Oklahoma,Oklahoma 4,Tom Cole,Republican,67.9,True,True,R+18,general,https://en.wikipedia.org/wiki/Tom_Cole
Oklahoma,Oklahoma 4,Donna Bebo,Democratic,27.6,False,False,R+18,general,
Oklahoma,Oklahoma 4,R. J. Harris,Independent,4.5,False,False,R+18,general,
Oklahoma,Oklahoma 5,James Lankford,Republican,58.7,True,True,R+13,general,https://en.wikipedia.org/wiki/James_Lankford
Oklahoma,Oklahoma 5,Tom Guild,Democratic,37.3,False,False,R+13,general,
Oklahoma,Oklahoma 5,Pat Martin,Modern Whig,2.1,False,False,R+13,general,
Oklahoma,Oklahoma 5,Robert Murphy,Independent,2.0,False,False,R+13,general,
Oregon,Oregon 1,Suzanne Bonamici,Democratic,59.6,True,True,D+6,general,https://en.wikipedia.org/wiki/Suzanne_Bonamici
Oregon,Oregon 1,Delinda Morgan,Republican,33.3,False,False,D+6,general,https://en.wikipedia.org/wiki/Delinda_Morgan
Oregon,Oregon 1,Steven Reynolds,Libertarian,4.4,False,False,D+6,general,
Oregon,Oregon 1,Bob Ekstrom,Constitution,2.7,False,False,D+6,general,
Oregon,Oregon 1,Suzanne Bonamici,Democratic,53.8,False,True,,special,https://en.wikipedia.org/wiki/Suzanne_Bonamici
Oregon,Oregon 1,Rob Cornilles,Republican,39.6,False,False,,special,
Oregon,Oregon 2,Greg Walden,Republican,69.2,True,True,R+10,general,https://en.wikipedia.org/wiki/Greg_Walden
Oregon,Oregon 2,Joyce Segers,Democratic,28.7,False,False,R+10,general,
Oregon,Oregon 2,Harry Tabor,Libertarian,2.0,False,False,R+10,general,
Oregon,Oregon 3,Earl Blumenauer,Democratic,74.5,True,True,D+21,general,https://en.wikipedia.org/wiki/Earl_Blumenauer
Oregon,Oregon 3,Ronald Green,Republican,20.1,False,False,D+21,general,
Oregon,Oregon 3,Woody Broadnax,Progressive,3.6,False,False,D+21,general,
Oregon,Oregon 3,Michael Cline,Libertarian,1.8,False,False,D+21,general,
Oregon,Oregon 4,Peter DeFazio,Democratic,58.8,True,True,D+2,general,https://en.wikipedia.org/wiki/Peter_DeFazio
Oregon,Oregon 4,Art Robinson,Republican,39.5,False,False,D+2,general,https://en.wikipedia.org/wiki/Art_Robinson
Oregon,Oregon 4,Chuck Huntting,Libertarian,1.7,False,False,D+2,general,
Oregon,Oregon 5,Kurt Schrader,Democratic,54.0,True,True,EVEN,general,https://en.wikipedia.org/wiki/Kurt_Schrader
Oregon,Oregon 5,Fred Thompson,Republican,42.6,False,False,EVEN,general,
Oregon,Oregon 5,Chris Lugo,Pacific Green,2.3,False,False,EVEN,general,
Oregon,Oregon 5,Raymond Baldwin,Constitution,1.1,False,False,EVEN,general,
Pennsylvania,Pennsylvania 1,Bob Brady,Democratic,85.1,True,True,D+25,general,https://en.wikipedia.org/wiki/Bob_Brady
Pennsylvania,Pennsylvania 1,John Featherman,Republican,15.0,False,False,D+25,general,
Pennsylvania,Pennsylvania 10,Tom Marino,Republican,65.9,True,True,R+12,general,https://en.wikipedia.org/wiki/Tom_Marino
Pennsylvania,Pennsylvania 10,Phil Scollo,Democratic,34.1,False,False,R+12,general,
Pennsylvania,Pennsylvania 11,Lou Barletta,Republican,58.5,True,True,R+6,general,https://en.wikipedia.org/wiki/Lou_Barletta
Pennsylvania,Pennsylvania 11,Gene Stilp,Democratic,41.5,False,False,R+6,general,https://en.wikipedia.org/wiki/Gene_Stilp
Pennsylvania,Pennsylvania 12,Keith Rothfus,Republican,51.5,False,True,R+6,general,https://en.wikipedia.org/wiki/Keith_Rothfus
Pennsylvania,Pennsylvania 12,Mark Critz,Democratic,48.5,True,False,R+6,general,https://en.wikipedia.org/wiki/Mark_Critz
Pennsylvania,Pennsylvania 13,Allyson Schwartz,Democratic,69.0,True,True,D+12,general,https://en.wikipedia.org/wiki/Allyson_Schwartz
Pennsylvania,Pennsylvania 13,Joe Rooney,Republican,31.0,False,False,D+12,general,
Pennsylvania,Pennsylvania 14,Michael F. Doyle,Democratic,77.0,True,True,D+16,general,https://en.wikipedia.org/wiki/Michael_F._Doyle
Pennsylvania,Pennsylvania 14,Hans Lessmann,Republican,23.1,False,False,D+16,general,
Pennsylvania,Pennsylvania 15,Charlie Dent,Republican,56.6,True,True,R+2,general,https://en.wikipedia.org/wiki/Charlie_Dent
Pennsylvania,Pennsylvania 15,Rick Daugherty,Democratic,43.4,False,False,R+2,general,https://en.wikipedia.org/wiki/Rick_Daugherty
Pennsylvania,Pennsylvania 16,Joe Pitts,Republican,55.0,True,True,R+6,general,https://en.wikipedia.org/wiki/Joe_Pitts_(Pennsylvania_politician)
Pennsylvania,Pennsylvania 16,Aryanna Strader,Democratic,38.9,False,False,R+6,general,
Pennsylvania,Pennsylvania 16,John Murphy,Independent,4.3,False,False,R+6,general,
Pennsylvania,Pennsylvania 16,Jim Bednarski,Independent,1.8,False,False,R+6,general,
Pennsylvania,Pennsylvania 17,Matt Cartwright,Democratic,60.5,False,True,D+4,general,https://en.wikipedia.org/wiki/Matt_Cartwright
Pennsylvania,Pennsylvania 17,Laureen Cummings,Republican,39.5,False,False,D+4,general,https://en.wikipedia.org/wiki/Laureen_Cummings
Pennsylvania,Pennsylvania 18,Timothy F. Murphy,Republican,63.8,True,True,R+6,general,https://en.wikipedia.org/wiki/Timothy_F._Murphy
Pennsylvania,Pennsylvania 18,Larry Maggi,Democratic,36.2,False,False,R+6,general,https://en.wikipedia.org/wiki/Larry_Maggi
Pennsylvania,Pennsylvania 2,Chaka Fattah,Democratic,89.4,True,True,D+39,general,https://en.wikipedia.org/wiki/Chaka_Fattah
Pennsylvania,Pennsylvania 2,Robert Mansfield,Republican,9.4,False,False,D+39,general,
Pennsylvania,Pennsylvania 2,Jim Foster,Independent,1.3,False,False,D+39,general,
Pennsylvania,Pennsylvania 3,Mike Kelly,Republican,54.7,True,True,R+5,general,https://en.wikipedia.org/wiki/Mike_Kelly_(Pennsylvania_politician)
Pennsylvania,Pennsylvania 3,Missa Eaton,Democratic,41.1,False,False,R+5,general,
Pennsylvania,Pennsylvania 3,Steve Porter,Independent,4.2,False,False,R+5,general,
Pennsylvania,Pennsylvania 4,Scott Perry,Republican,59.7,False,True,R+9,general,https://en.wikipedia.org/wiki/Scott_Perry
Pennsylvania,Pennsylvania 4,Harry Perkinson,Democratic,34.4,False,False,R+9,general,
Pennsylvania,Pennsylvania 4,Wayne Wolf,Independent,3.8,False,False,R+9,general,
Pennsylvania,Pennsylvania 4,Mike Koffenberger,Libertarian,2.0,False,False,R+9,general,
Pennsylvania,Pennsylvania 5,Glenn Thompson,Republican,62.9,True,True,R+6,general,https://en.wikipedia.org/wiki/Glenn_Thompson_(politician)
Pennsylvania,Pennsylvania 5,Charles Dumas,Democratic,37.1,False,False,R+6,general,
Pennsylvania,Pennsylvania 6,Jim Gerlach,Republican,57.1,True,True,R+1,general,https://en.wikipedia.org/wiki/Jim_Gerlach
Pennsylvania,Pennsylvania 6,Manan Trivedi,Democratic,42.9,False,False,R+1,general,https://en.wikipedia.org/wiki/Manan_Trivedi
Pennsylvania,Pennsylvania 7,Pat Meehan,Republican,59.5,True,True,EVEN,general,https://en.wikipedia.org/wiki/Pat_Meehan
Pennsylvania,Pennsylvania 7,George Badey,Democratic,40.5,False,False,EVEN,general,
Pennsylvania,Pennsylvania 8,Mike Fitzpatrick,Republican,56.7,True,True,D+1,general,https://en.wikipedia.org/wiki/Mike_Fitzpatrick
Pennsylvania,Pennsylvania 8,Kathy Boockvar,Democratic,43.4,False,False,D+1,general,https://en.wikipedia.org/wiki/Kathy_Boockvar
Pennsylvania,Pennsylvania 9,Bill Shuster,Republican,61.6,True,True,R+10,general,https://en.wikipedia.org/wiki/Bill_Shuster
Pennsylvania,Pennsylvania 9,Karen Ramsburg,Democratic,38.4,False,False,R+10,general,
Rhode Island,Rhode Island 1,David Cicilline,Democratic,53.0,True,True,D+14,general,https://en.wikipedia.org/wiki/David_Cicilline
Rhode Island,Rhode Island 1,Brendan Doherty,Republican,40.8,False,False,D+14,general,https://en.wikipedia.org/wiki/Brendan_Doherty
Rhode Island,Rhode Island 1,David Vogel,Independent,6.1,False,False,D+14,general,
Rhode Island,Rhode Island 2,Jim Langevin,Democratic,55.7,True,True,D+8,general,https://en.wikipedia.org/wiki/Jim_Langevin
Rhode Island,Rhode Island 2,Michael Riley,Republican,35.2,False,False,D+8,general,
Rhode Island,Rhode Island 2,Abel Collins,Independent,9.1,False,False,D+8,general,
South Carolina,South Carolina 1,Tim Scott,Republican,62.4,True,True,R+11,general,https://en.wikipedia.org/wiki/Tim_Scott
South Carolina,South Carolina 1,Bobbie Rose,Democratic,35.4,False,False,R+11,general,
South Carolina,South Carolina 1,Keith Blandford,Libertarian,2.2,False,False,R+11,general,
South Carolina,South Carolina 2,Joe Wilson,Republican,96.3,True,True,R+15,general,https://en.wikipedia.org/wiki/Joe_Wilson_(American_politician)
South Carolina,South Carolina 3,Jeff Duncan,Republican,66.7,True,True,R+16,general,https://en.wikipedia.org/wiki/Jeff_Duncan_(politician)
South Carolina,South Carolina 3,Brian Doyle,Democratic,33.3,False,False,R+16,general,
South Carolina,South Carolina 4,Trey Gowdy,Republican,65.0,True,True,R+15,general,https://en.wikipedia.org/wiki/Trey_Gowdy
South Carolina,South Carolina 4,Deb Morrow,Democratic,33.8,False,False,R+15,general,
South Carolina,South Carolina 4,Jeff Sumerel,Green,1.3,False,False,R+15,general,
South Carolina,South Carolina 5,Mick Mulvaney,Republican,55.6,True,True,R+9,general,https://en.wikipedia.org/wiki/Mick_Mulvaney
South Carolina,South Carolina 5,Joyce Knott,Democratic,44.4,False,False,R+9,general,
South Carolina,South Carolina 6,Jim Clyburn,Democratic,94.4,True,True,D+18,general,https://en.wikipedia.org/wiki/Jim_Clyburn
South Carolina,South Carolina 6,Nammu Muhammad,Green,5.6,False,False,D+18,general,
South Carolina,South Carolina 7,Tom Rice,Republican,55.5,False,True,R+7,general,https://en.wikipedia.org/wiki/Tom_Rice
South Carolina,South Carolina 7,Gloria Bromell Tinubu,Democratic,44.4,False,False,R+7,general,https://en.wikipedia.org/wiki/Gloria_Bromell_Tinubu
South Dakota,South Dakota at-large,Kristi Noem,Republican,57.5,True,True,R+9,general,https://en.wikipedia.org/wiki/Kristi_Noem
South Dakota,South Dakota at-large,Matt Varilek,Democratic,42.5,False,False,R+9,general,
Tennessee,Tennessee 1,Phil Roe,Republican,76.1,True,True,R+21,general,https://en.wikipedia.org/wiki/Phil_Roe_(politician)
Tennessee,Tennessee 1,Alan Woodruff,Democratic,19.9,False,False,R+21,general,
Tennessee,Tennessee 1,Karen Brackett,Independent,2.0,False,False,R+21,general,
Tennessee,Tennessee 1,Bob Smith,Green,1.2,False,False,R+21,general,
Tennessee,Tennessee 1,Michael Salyer,Independent,0.9,False,False,R+21,general,
Tennessee,Tennessee 2,Jimmy Duncan,Republican,74.4,True,True,R+16,general,https://en.wikipedia.org/wiki/Jimmy_Duncan_(politician)
Tennessee,Tennessee 2,Troy Goodale,Democratic,20.6,False,False,R+16,general,
Tennessee,Tennessee 2,Norris Dyer,Green,2.2,False,False,R+16,general,
Tennessee,Tennessee 2,Greg Samples,Libertarian,1.7,False,False,R+16,general,
Tennessee,Tennessee 2,Brandon Stewart,Independent,1.1,False,False,R+16,general,
Tennessee,Tennessee 3,Chuck Fleischmann,Republican,61.4,True,True,R+12,general,https://en.wikipedia.org/wiki/Chuck_Fleischmann
Tennessee,Tennessee 3,Mary Headrick,Democratic,35.5,False,False,R+12,general,
Tennessee,Tennessee 3,Matthew Deniston,Independent,3.1,False,False,R+12,general,
Tennessee,Tennessee 4,Scott DesJarlais,Republican,55.8,True,True,R+13,general,https://en.wikipedia.org/wiki/Scott_DesJarlais
Tennessee,Tennessee 4,Eric Stewart,Democratic,44.2,False,False,R+13,general,https://en.wikipedia.org/wiki/Eric_Stewart_(Tennessee_politician)
Tennessee,Tennessee 5,Jim Cooper,Democratic,65.2,True,True,D+5,general,https://en.wikipedia.org/wiki/Jim_Cooper
Tennessee,Tennessee 5,Brad Staats,Republican,32.8,False,False,D+5,general,https://en.wikipedia.org/wiki/Brad_Staats
Tennessee,Tennessee 5,John Miglietta,Green,2.0,False,False,D+5,general,
Tennessee,Tennessee 6,Diane Black,Republican,76.6,True,True,R+15,general,https://en.wikipedia.org/wiki/Diane_Black
Tennessee,Tennessee 6,Scott Beasley,Independent,14.4,False,False,R+15,general,
Tennessee,Tennessee 6,Pat Riley,Green,9.0,False,False,R+15,general,
Tennessee,Tennessee 7,Marsha Blackburn,Republican,71.0,True,True,R+13,general,https://en.wikipedia.org/wiki/Marsha_Blackburn
Tennessee,Tennessee 7,Credo Amouzouvik,Democratic,24.0,False,False,R+13,general,
Tennessee,Tennessee 7,Howard Switzer,Green,1.8,False,False,R+13,general,
Tennessee,Tennessee 7,Jack Arnold,Independent,1.7,False,False,R+13,general,
Tennessee,Tennessee 7,William Akin,Independent,1.1,False,False,R+13,general,
Tennessee,Tennessee 7,Lenny Ladner,Independent,0.5,False,False,R+13,general,
Tennessee,Tennessee 8,Stephen Fincher,Republican,68.3,True,True,R+15,general,https://en.wikipedia.org/wiki/Stephen_Fincher
Tennessee,Tennessee 8,Tim Dixon,Democratic,28.4,False,False,R+15,general,
Tennessee,Tennessee 8,James L. Hart,Independent,2.2,False,False,R+15,general,https://en.wikipedia.org/wiki/James_L._Hart
Tennessee,Tennessee 8,Mark Rawles,Independent,1.0,False,False,R+15,general,
Tennessee,Tennessee 9,Steve Cohen,Democratic,75.1,True,True,D+22,general,https://en.wikipedia.org/wiki/Steve_Cohen_(politician)
Tennessee,Tennessee 9,George Flinn,Republican,23.8,False,False,D+22,general,
Tennessee,Tennessee 9,Brian Saulsberry,Independent,0.6,False,False,D+22,general,
Tennessee,Tennessee 9,Gregory Joiner,Independent,0.5,False,False,D+22,general,
Texas,Texas 1,Louie Gohmert,Republican,71.7,True,True,R+21,general,https://en.wikipedia.org/wiki/Louie_Gohmert
Texas,Texas 1,Shirley McKellar,Democratic,26.6,False,False,R+21,general,
Texas,Texas 1,Clark Patterson,Libertarian,1.6,False,False,R+21,general,
Texas,Texas 10,Michael McCaul,Republican,60.6,True,True,R+11,general,https://en.wikipedia.org/wiki/Michael_McCaul
Texas,Texas 10,Tawana Walter-Cadien,Democratic,36.2,False,False,R+11,general,
Texas,Texas 10,Richard Priest,Libertarian,3.2,False,False,R+11,general,
Texas,Texas 11,Mike Conaway,Republican,78.6,True,True,R+29,general,https://en.wikipedia.org/wiki/Mike_Conaway
Texas,Texas 11,Jim Riley,Democratic,18.6,False,False,R+29,general,
Texas,Texas 11,Scott Ballard,Libertarian,2.8,False,False,R+29,general,
Texas,Texas 12,Kay Granger,Republican,70.9,True,True,R+17,general,https://en.wikipedia.org/wiki/Kay_Granger
Texas,Texas 12,Dave Robinson,Democratic,26.7,False,False,R+17,general,
Texas,Texas 12,Matt Solodow,Libertarian,2.4,False,False,R+17,general,
Texas,Texas 13,Mac Thornberry,Republican,91.0,True,True,R+29,general,https://en.wikipedia.org/wiki/Mac_Thornberry
Texas,Texas 13,John Deek,Libertarian,6.2,False,False,R+29,general,
Texas,Texas 13,Keith Houston,Green,2.9,False,False,R+29,general,
Texas,Texas 14,Randy Weber,Republican,53.5,False,True,R+8,general,https://en.wikipedia.org/wiki/Randy_Weber
Texas,Texas 14,Nick Lampson,Democratic,44.6,False,False,R+8,general,https://en.wikipedia.org/wiki/Nick_Lampson
Texas,Texas 14,Zach Grady,Libertarian,1.5,False,False,R+8,general,
Texas,Texas 14,Rhett Rosenquest Smith,Green,0.4,False,False,R+8,general,
Texas,Texas 15,Rubén Hinojosa,Democratic,60.9,True,True,D+1,general,https://en.wikipedia.org/wiki/Rub%C3%A9n_Hinojosa
Texas,Texas 15,Dale Brueggemann,Republican,36.8,False,False,D+1,general,
Texas,Texas 15,Ron Finch,Libertarian,2.3,False,False,D+1,general,
Texas,Texas 16,Beto O'Rourke,Democratic,65.5,False,True,D+9,general,https://en.wikipedia.org/wiki/Beto_O%27Rourke
Texas,Texas 16,Barbara Carrasco,Republican,32.8,False,False,D+9,general,https://en.wikipedia.org/wiki/Barbara_Carrasco
Texas,Texas 16,Junart Sodoy,Libertarian,1.6,False,False,D+9,general,
Texas,Texas 17,Bill Flores,Republican,79.9,True,True,R+12,general,https://en.wikipedia.org/wiki/Bill_Flores
Texas,Texas 17,Ben Easton,Libertarian,20.1,False,False,R+12,general,
Texas,Texas 18,Sheila Jackson Lee,Democratic,75.0,True,True,D+22,general,https://en.wikipedia.org/wiki/Sheila_Jackson_Lee
Texas,Texas 18,Sean Seibert,Republican,22.6,False,False,D+22,general,
Texas,Texas 18,Christopher Barber,Libertarian,2.4,False,False,D+22,general,
Texas,Texas 19,Randy Neugebauer,Republican,85.0,True,True,R+26,general,https://en.wikipedia.org/wiki/Randy_Neugebauer
Texas,Texas 19,Chip Peterson,Libertarian,15.0,False,False,R+26,general,
Texas,Texas 2,Ted Poe,Republican,64.8,True,True,R+16,general,https://en.wikipedia.org/wiki/Ted_Poe
Texas,Texas 2,Jim Dougherty,Democratic,32.7,False,False,R+16,general,
Texas,Texas 2,Kenneth Duncan,Libertarian,1.7,False,False,R+16,general,
Texas,Texas 2,Mark Roberts,Green,0.8,False,False,R+16,general,
Texas,Texas 20,Joaquin Castro,Democratic,64.0,False,True,D+3,general,https://en.wikipedia.org/wiki/Joaquin_Castro
Texas,Texas 20,David Rosa,Republican,33.4,False,False,D+3,general,
Texas,Texas 20,Tracy Potts,Libertarian,1.7,False,False,D+3,general,
Texas,Texas 20,Antonio Diaz,Green,0.9,False,False,D+3,general,
Texas,Texas 21,Lamar Smith,Republican,60.6,True,True,R+11,general,https://en.wikipedia.org/wiki/Lamar_Smith
Texas,Texas 21,Candace Duval,Democratic,35.4,False,False,R+11,general,https://en.wikipedia.org/wiki/Candace_Duval
Texas,Texas 21,John-Henry Liberty,Libertarian,4.1,False,False,R+11,general,
Texas,Texas 22,Pete Olson,Republican,64.1,True,True,R+15,general,https://en.wikipedia.org/wiki/Pete_Olson
Texas,Texas 22,Kesha Rogers,Democratic,31.9,False,False,R+15,general,https://en.wikipedia.org/wiki/Kesha_Rogers
Texas,Texas 22,Steven Susman,Libertarian,2.4,False,False,R+15,general,
Texas,Texas 22,Don Cook,Green,1.6,False,False,R+15,general,
Texas,Texas 23,Pete Gallego,Democratic,50.3,False,True,R+5,general,https://en.wikipedia.org/wiki/Pete_Gallego
Texas,Texas 23,Quico Canseco,Republican,45.5,True,False,R+5,general,https://en.wikipedia.org/wiki/Quico_Canseco
Texas,Texas 23,Jeffrey Blunt,Libertarian,3.0,False,False,R+5,general,
Texas,Texas 23,Ed Scharf,Green,1.1,False,False,R+5,general,
Texas,Texas 24,Kenny Marchant,Republican,61.0,True,True,R+14,general,https://en.wikipedia.org/wiki/Kenny_Marchant
Texas,Texas 24,Tim Rusk,Democratic,36.0,False,False,R+14,general,
Texas,Texas 24,John Stathas,Libertarian,3.0,False,False,R+14,general,
Texas,Texas 25,Roger Williams,Republican,58.5,False,True,R+10,general,https://en.wikipedia.org/wiki/Roger_Williams_(Texas_politician)
Texas,Texas 25,Elaine Henderson,Democratic,37.4,False,False,R+10,general,
Texas,Texas 25,Betsy Dewey,Libertarian,4.1,False,False,R+10,general,
Texas,Texas 26,Michael C. Burgess,Republican,68.3,True,True,R+20,general,https://en.wikipedia.org/wiki/Michael_C._Burgess
Texas,Texas 26,David Sanchez,Democratic,28.6,False,False,R+20,general,
Texas,Texas 26,Mark Boler,Libertarian,3.0,False,False,R+20,general,
Texas,Texas 27,Blake Farenthold,Republican,56.7,True,True,R+13,general,https://en.wikipedia.org/wiki/Blake_Farenthold
Texas,Texas 27,Rose Meza Harrison,Democratic,39.2,False,False,R+13,general,https://en.wikipedia.org/wiki/Rose_Meza_Harrison
Texas,Texas 27,William Baldwin,Independent,2.5,False,False,R+13,general,
Texas,Texas 27,Corrie Byrd,Libertarian,1.5,False,False,R+13,general,
Texas,Texas 28,Henry Cuellar,Democratic,67.9,True,True,D+2,general,https://en.wikipedia.org/wiki/Henry_Cuellar
Texas,Texas 28,William Hayward,Republican,29.7,False,False,D+2,general,
Texas,Texas 28,Patrick Hisel,Libertarian,1.5,False,False,D+2,general,
Texas,Texas 28,Michael Cary,Green,0.8,False,False,D+2,general,
Texas,Texas 29,Gene Green,Democratic,90.0,True,True,D+8,general,https://en.wikipedia.org/wiki/Gene_Green
Texas,Texas 29,James Stanczak,Libertarian,5.2,False,False,D+8,general,
Texas,Texas 29,Maria Selva,Green,4.8,False,False,D+8,general,
Texas,Texas 3,Sam Johnson,Republican,100.0,True,True,R+18,general,https://en.wikipedia.org/wiki/Sam_Johnson
Texas,Texas 30,Eddie Bernice Johnson,Democratic,78.9,True,True,D+23,general,https://en.wikipedia.org/wiki/Eddie_Bernice_Johnson
Texas,Texas 30,Travis Washington,Republican,19.0,False,False,D+23,general,
Texas,Texas 30,Ed Rankin,Libertarian,2.2,False,False,D+23,general,
Texas,Texas 31,John Carter,Republican,61.3,True,True,R+13,general,https://en.wikipedia.org/wiki/John_Carter_(Texas_politician)
Texas,Texas 31,Stephen Wyman,Democratic,35.0,False,False,R+13,general,
Texas,Texas 31,Ethan Garofolo,Libertarian,3.7,False,False,R+13,general,
Texas,Texas 32,Pete Sessions,Republican,58.3,True,True,R+10,general,https://en.wikipedia.org/wiki/Pete_Sessions
Texas,Texas 32,Katherine McGovern,Democratic,39.4,False,False,R+10,general,
Texas,Texas 32,Seth Hollist,Libertarian,2.3,False,False,R+10,general,
Texas,Texas 33,Marc Veasey,Democratic,72.5,False,True,D+14,general,https://en.wikipedia.org/wiki/Marc_Veasey
Texas,Texas 33,Chuck Bradley,Republican,25.7,False,False,D+14,general,
Texas,Texas 33,Ed Lindsay,Green,1.7,False,False,D+14,general,
Texas,Texas 34,Filemon Vela Jr.,Democratic,62.2,False,True,D+3,general,https://en.wikipedia.org/wiki/Filemon_Vela_Jr.
Texas,Texas 34,Jessica Puente Bradshaw,Republican,35.9,False,False,D+3,general,
Texas,Texas 34,Ziggy Shanklin,Libertarian,1.9,False,False,D+3,general,
Texas,Texas 35,Lloyd Doggett,Democratic,64.0,False,True,D+9,general,https://en.wikipedia.org/wiki/Lloyd_Doggett
Texas,Texas 35,Susan Narvaiz,Republican,32.0,False,False,D+9,general,https://en.wikipedia.org/wiki/Susan_Narvaiz
Texas,Texas 35,Ross Leone,Libertarian,2.5,False,False,D+9,general,
Texas,Texas 35,Meghan Owen,Green,1.5,False,False,D+9,general,
Texas,Texas 36,Steve Stockman,Republican,70.8,False,True,R+20,general,https://en.wikipedia.org/wiki/Steve_Stockman
Texas,Texas 36,Max Martin,Democratic,26.6,False,False,R+20,general,
Texas,Texas 36,Michael Cole,Libertarian,2.7,False,False,R+20,general,
Texas,Texas 4,Ralph Hall,Republican,73.0,True,True,R+21,general,https://en.wikipedia.org/wiki/Ralph_Hall
Texas,Texas 4,VaLinda Hathcox,Democratic,24.1,False,False,R+21,general,
Texas,Texas 4,Thomas Griffing,Libertarian,2.9,False,False,R+21,general,
Texas,Texas 5,Jeb Hensarling,Republican,64.4,True,True,R+15,general,https://en.wikipedia.org/wiki/Jeb_Hensarling
Texas,Texas 5,Linda Mrosko,Democratic,33.2,False,False,R+15,general,
Texas,Texas 5,Ken Ashby,Libertarian,2.4,False,False,R+15,general,
Texas,Texas 6,Joe Barton,Republican,58.0,True,True,R+15,general,https://en.wikipedia.org/wiki/Joe_Barton
Texas,Texas 6,Kenneth Sanders,Democratic,39.2,False,False,R+15,general,
Texas,Texas 6,Hugh Chauvin,Libertarian,1.9,False,False,R+15,general,
Texas,Texas 6,Brandon Parmer,Green,0.8,False,False,R+15,general,
Texas,Texas 7,John Culberson,Republican,60.8,True,True,R+14,general,https://en.wikipedia.org/wiki/John_Culberson
Texas,Texas 7,James Cargas,Democratic,36.4,False,False,R+14,general,https://en.wikipedia.org/wiki/James_Cargas
Texas,Texas 7,Drew Parks,Libertarian,2.0,False,False,R+14,general,
Texas,Texas 7,Lance Findley,Green,0.8,False,False,R+14,general,
Texas,Texas 8,Kevin Brady,Republican,77.4,True,True,R+26,general,https://en.wikipedia.org/wiki/Kevin_Brady
Texas,Texas 8,Neil Burns,Democratic,20.3,False,False,R+26,general,
Texas,Texas 8,Roy Hall,Libertarian,2.4,False,False,R+26,general,
Texas,Texas 9,Al Green,Democratic,78.5,True,True,D+21,general,https://en.wikipedia.org/wiki/Al_Green_(politician)
Texas,Texas 9,Steve Mueller,Republican,19.7,False,False,D+21,general,
Texas,Texas 9,Vanessa Foster,Green,0.9,False,False,D+21,general,
Texas,Texas 9,John Wieder,Libertarian,0.9,False,False,D+21,general,
Utah,Utah 1,Rob Bishop,Republican,71.5,True,True,R+25,general,https://en.wikipedia.org/wiki/Rob_Bishop
Utah,Utah 1,Donna McAleer,Democratic,24.7,False,False,R+25,general,
Utah,Utah 1,Sherry Phipps,Constitution,3.8,False,False,R+25,general,
Utah,Utah 2,Chris Stewart,Republican,62.3,False,True,R+16,general,https://en.wikipedia.org/wiki/Chris_Stewart_(politician)
Utah,Utah 2,Jay Seegmiller,Democratic,33.6,False,False,R+16,general,https://en.wikipedia.org/wiki/Jay_Seegmiller_(politician)
Utah,Utah 2,Jonathan Garrard,Constitution,1.9,False,False,R+16,general,
Utah,Utah 2,Joe Andrade,Independent,1.2,False,False,R+16,general,
Utah,Utah 2,Charles Kimball,Independent,1.1,False,False,R+16,general,
Utah,Utah 3,Jason Chaffetz,Republican,76.4,True,True,R+25,general,https://en.wikipedia.org/wiki/Jason_Chaffetz
Utah,Utah 3,Søren Simonsen,Democratic,23.6,False,False,R+25,general,
Utah,Utah 4,Jim Matheson,Democratic,49.3,False,True,R+14,general,https://en.wikipedia.org/wiki/Jim_Matheson
Utah,Utah 4,Mia Love,Republican,48.1,False,False,R+14,general,https://en.wikipedia.org/wiki/Mia_Love
Utah,Utah 4,Jim Vein,Libertarian,2.6,False,False,R+14,general,
Vermont,Vermont at-large,Peter Welch,Democratic,72.0,True,True,D+13,general,https://en.wikipedia.org/wiki/Peter_Welch
Vermont,Vermont at-large,Mark Donka,Republican,23.2,False,False,D+13,general,
Vermont,Vermont at-large,Sam Desrochers,Independent,2.9,False,False,D+13,general,
Vermont,Vermont at-large,Jane Newton,Liberty Union,1.5,False,False,D+13,general,
Vermont,Vermont at-large,Andre LaFramboise,Independent,0.4,False,False,D+13,general,
Virginia,Virginia 1,Rob Wittman,Republican,56.1,True,True,R+8,general,https://en.wikipedia.org/wiki/Rob_Wittman
Virginia,Virginia 1,Adam Cook,Democratic,41.0,False,False,R+8,general,
Virginia,Virginia 1,Gail Parker,Independent Green,2.9,False,False,R+8,general,
Virginia,Virginia 10,Frank Wolf,Republican,58.8,True,True,R+4,general,https://en.wikipedia.org/wiki/Frank_Wolf_(politician)
Virginia,Virginia 10,Kristin Cabral,Democratic,38.4,False,False,R+4,general,
Virginia,Virginia 10,Kevin Chisholm,Independent,2.8,False,False,R+4,general,
Virginia,Virginia 11,Gerry Connolly,Democratic,61.0,True,True,D+7,general,https://en.wikipedia.org/wiki/Gerry_Connolly
Virginia,Virginia 11,Chris Perkins,Republican,35.5,False,False,D+7,general,https://en.wikipedia.org/wiki/Chris_Perkins_(politician)
Virginia,Virginia 11,Mark Gibson,Independent,1.2,False,False,D+7,general,
Virginia,Virginia 11,Chris DeCarlo,Independent,1.0,False,False,D+7,general,
Virginia,Virginia 11,Joe Galdo,Green,0.7,False,False,D+7,general,
Virginia,Virginia 11,Peter Marchetti,Independent Green,0.6,False,False,D+7,general,
Virginia,Virginia 2,Scott Rigell,Republican,53.8,True,True,R+5,general,https://en.wikipedia.org/wiki/Scott_Rigell
Virginia,Virginia 2,Paul Hirschbiel,Democratic,46.2,False,False,R+5,general,https://en.wikipedia.org/wiki/Paul_Hirschbiel
Virginia,Virginia 3,Bobby Scott,Democratic,81.2,True,True,D+23,general,https://en.wikipedia.org/wiki/Bobby_Scott_(politician)
Virginia,Virginia 3,Dean Longo,Republican,18.8,False,False,D+23,general,
Virginia,Virginia 4,Randy Forbes,Republican,57.1,True,True,R+6,general,https://en.wikipedia.org/wiki/Randy_Forbes
Virginia,Virginia 4,Ella Ward,Democratic,42.9,False,False,R+6,general,
Virginia,Virginia 5,Robert Hurt,Republican,55.3,True,True,R+6,general,https://en.wikipedia.org/wiki/Robert_Hurt_(politician)
Virginia,Virginia 5,John Douglass,Democratic,42.2,False,False,R+6,general,https://en.wikipedia.org/wiki/John_W._Douglass
Virginia,Virginia 5,Ken Hildebrandt,Independent Green,1.6,False,False,R+6,general,
Virginia,Virginia 6,Bob Goodlatte,Republican,65.6,True,True,R+12,general,https://en.wikipedia.org/wiki/Bob_Goodlatte
Virginia,Virginia 6,Andy Schmookler,Democratic,34.4,False,False,R+12,general,https://en.wikipedia.org/wiki/Andy_Schmookler
Virginia,Virginia 7,Eric Cantor,Republican,58.6,True,True,R+11,general,https://en.wikipedia.org/wiki/Eric_Cantor
Virginia,Virginia 7,E. Wayne Powell,Democratic,41.4,False,False,R+11,general,
Virginia,Virginia 8,Jim Moran,Democratic,64.6,True,True,D+15,general,https://en.wikipedia.org/wiki/Jim_Moran
Virginia,Virginia 8,Jay Patrick Murray,Republican,30.7,False,False,D+15,general,https://en.wikipedia.org/wiki/Jay_Patrick_Murray
Virginia,Virginia 8,Jason Howell,Independent,3.0,False,False,D+15,general,
Virginia,Virginia 8,Janet Murphy,Independent,1.7,False,False,D+15,general,
Virginia,Virginia 9,Morgan Griffith,Republican,61.2,True,True,R+11,general,https://en.wikipedia.org/wiki/Morgan_Griffith
Virginia,Virginia 9,Anthony Flaccavento,Democratic,38.8,False,False,R+11,general,
Washington,Washington 1,Suzan DelBene,Democratic,53.6,False,True,D+3,general,https://en.wikipedia.org/wiki/Suzan_DelBene
Washington,Washington 1,John Koster,Republican,46.4,False,False,D+3,general,https://en.wikipedia.org/wiki/John_Koster
Washington,Washington 1,Suzan DelBene,Democratic,60.1,False,True,,special,https://en.wikipedia.org/wiki/Suzan_DelBene
Washington,Washington 1,John Koster,Republican,39.9,False,False,,special,https://en.wikipedia.org/wiki/John_Koster
Washington,Washington 10,Denny Heck,Democratic,58.6,False,True,D+4,general,https://en.wikipedia.org/wiki/Denny_Heck
Washington,Washington 10,Dick Muri,Republican,41.4,False,False,D+4,general,https://en.wikipedia.org/wiki/Dick_Muri
Washington,Washington 2,Rick Larsen,Democratic,60.9,True,True,D+8,general,https://en.wikipedia.org/wiki/Rick_Larsen
Washington,Washington 2,Dan Matthews,Republican,39.1,False,False,D+8,general,
Washington,Washington 3,Jaime Herrera Beutler,Republican,60.1,True,True,R+2,general,https://en.wikipedia.org/wiki/Jaime_Herrera_Beutler
Washington,Washington 3,Jon T. Haugen,Democratic,39.9,False,False,R+2,general,
Washington,Washington 4,Doc Hastings,Republican,67.0,True,True,R+14,general,https://en.wikipedia.org/wiki/Doc_Hastings
Washington,Washington 4,Mary Baechler,Democratic,33.0,False,False,R+14,general,
Washington,Washington 5,Cathy McMorris Rodgers,Republican,62.1,True,True,R+6,general,https://en.wikipedia.org/wiki/Cathy_McMorris_Rodgers
Washington,Washington 5,Rich Cowan,Democratic,37.9,False,False,R+6,general,https://en.wikipedia.org/wiki/Rich_Cowan
Washington,Washington 6,Derek Kilmer,Democratic,58.8,False,True,D+5,general,https://en.wikipedia.org/wiki/Derek_Kilmer
Washington,Washington 6,Bill Driscoll,Republican,41.2,False,False,D+5,general,
Washington,Washington 7,Jim McDermott,Democratic,79.5,True,True,D+28,general,https://en.wikipedia.org/wiki/Jim_McDermott
Washington,Washington 7,Ron Bemis,Republican,20.5,False,False,D+28,general,
Washington,Washington 8,Dave Reichert,Republican,59.9,True,True,R+2,general,https://en.wikipedia.org/wiki/Dave_Reichert
Washington,Washington 8,Karen Porterfeild,Democratic,40.1,False,False,R+2,general,
Washington,Washington 9,Adam Smith,Democratic,71.5,True,True,D+15,general,https://en.wikipedia.org/wiki/Adam_Smith_(Washington_politician)
Washington,Washington 9,James Postma,Republican,28.5,False,False,D+15,general,
West Virginia,West Virginia 1,David McKinley,Republican,62.5,True,True,R+9,general,https://en.wikipedia.org/wiki/David_McKinley
West Virginia,West Virginia 1,Sue Thorn,Democratic,37.5,False,False,R+9,general,
West Virginia,West Virginia 2,Shelley Moore Capito,Republican,69.8,True,True,R+8,general,https://en.wikipedia.org/wiki/Shelley_Moore_Capito
West Virginia,West Virginia 2,Howard Swint,Democratic,30.2,False,False,R+8,general,
West Virginia,West Virginia 3,Nick Rahall,Democratic,53.9,True,True,R+6,general,https://en.wikipedia.org/wiki/Nick_Rahall
West Virginia,West Virginia 3,Rick Snuffer,Republican,46.1,False,False,R+6,general,https://en.wikipedia.org/wiki/Rick_Snuffer
Wisconsin,Wisconsin 1,Paul Ryan,Republican,54.9,True,True,R+3,general,https://en.wikipedia.org/wiki/Paul_Ryan
Wisconsin,Wisconsin 1,Rob Zerban,Democratic,43.4,False,False,R+3,general,
Wisconsin,Wisconsin 1,Keith Deschler,Libertarian,1.7,False,False,R+3,general,
Wisconsin,Wisconsin 2,Mark Pocan,Democratic,68.0,False,True,D+16,general,https://en.wikipedia.org/wiki/Mark_Pocan
Wisconsin,Wisconsin 2,Chad Lee,Republican,32.0,False,False,D+16,general,
Wisconsin,Wisconsin 2,Joe Kopsick,Independent,,False,False,D+16,general,
Wisconsin,Wisconsin 3,Ron Kind,Democratic,64.1,True,True,D+6,general,https://en.wikipedia.org/wiki/Ron_Kind
Wisconsin,Wisconsin 3,Ray Boland,Republican,35.9,False,False,D+6,general,https://en.wikipedia.org/wiki/Ray_Boland
Wisconsin,Wisconsin 4,Gwen Moore,Democratic,72.3,True,True,D+21,general,https://en.wikipedia.org/wiki/Gwen_Moore
Wisconsin,Wisconsin 4,Dan Sebring,Republican,23.8,False,False,D+21,general,
Wisconsin,Wisconsin 4,Robert R. Raymond,Independent,2.8,False,False,D+21,general,
Wisconsin,Wisconsin 5,Jim Sensenbrenner,Republican,67.9,True,True,R+12,general,https://en.wikipedia.org/wiki/Jim_Sensenbrenner
Wisconsin,Wisconsin 5,Dave Heaster,Democratic,32.1,False,False,R+12,general,
Wisconsin,Wisconsin 6,Tom Petri,Republican,62.1,True,True,R+5,general,https://en.wikipedia.org/wiki/Tom_Petri
Wisconsin,Wisconsin 6,Joe Kallas,Democratic,37.9,False,False,R+5,general,
Wisconsin,Wisconsin 7,Sean Duffy,Republican,56.1,True,True,EVEN,general,https://en.wikipedia.org/wiki/Sean_Duffy
Wisconsin,Wisconsin 7,Pat Kreitlow,Democratic,43.9,False,False,EVEN,general,https://en.wikipedia.org/wiki/Pat_Kreitlow
Wisconsin,Wisconsin 7,Dale Lehner,Independent,,False,False,EVEN,general,
Wisconsin,Wisconsin 8,Reid Ribble,Republican,55.9,True,True,R+2,general,https://en.wikipedia.org/wiki/Reid_Ribble
Wisconsin,Wisconsin 8,Jamie Wall,Democratic,44.1,False,False,R+2,general,https://en.wikipedia.org/wiki/Jamie_Wall_(politician)
Wyoming,Wyoming at-large,Cynthia Lummis,Republican,69.1,True,True,R+20,general,https://en.wikipedia.org/wiki/Cynthia_Lummis
Wyoming,Wyoming at-large,Chris Henrichsen,Democratic,23.8,False,False,R+20,general,
Wyoming,Wyoming at-large,Richard Brubaker,Libertarian,3.5,False,False,R+20,general,
Wyoming,Wyoming at-large,Daniel Cummings,Constitution,2.1,False,False,R+20,general,
Wyoming,Wyoming at-large,Don Wills,Wyoming Country,1.6,False,False,R+20,general,
