state,district,candidate_name,party,vote_percentage,is_incumbent,is_winner,pvi,election_type,wikipedia_url
Alabama,Alabama 1,Bradley Byrne,Republican,68.2,True,True,R+15,general,https://en.wikipedia.org/wiki/Bradley_Byrne
Alabama,Alabama 1,Burton LeFlore,Democratic,31.7,False,False,R+15,general,https://en.wikipedia.org/wiki/Burton_LeFlore
Alabama,Alabama 2,Martha Roby,Republican,67.3,True,True,R+17,general,https://en.wikipedia.org/wiki/Martha_Roby
Alabama,Alabama 2,Erick Wright,Democratic,32.6,False,False,R+17,general,
Alabama,Alabama 3,Mike Rogers,Republican,66.1,True,True,R+16,general,https://en.wikipedia.org/wiki/Mike_Rogers_(Alabama_politician)
Alabama,Alabama 3,Jesse Smith,Democratic,33.7,False,False,R+16,general,
Alabama,Alabama 4,Robert Aderholt,Republican,98.6,True,True,R+28,general,https://en.wikipedia.org/wiki/Robert_Aderholt
Alabama,Alabama 5,Mo Brooks,Republican,74.4,True,True,R+17,general,https://en.wikipedia.org/wiki/Mo_Brooks
Alabama,Alabama 5,Mark Bray,Independent,25.2,False,False,R+17,general,
Alabama,Alabama 6,Gary Palmer,Republican,76.2,False,True,R+28,general,https://en.wikipedia.org/wiki/Gary_Palmer_(politician)
Alabama,Alabama 6,Mark Lester,Democratic,23.7,False,False,R+28,general,
Alabama,Alabama 6,Aimee Love,Libertarian,0.1,False,False,R+28,general,
Alabama,Alabama 7,Terri Sewell,Democratic,98.4,True,True,D+20,general,https://en.wikipedia.org/wiki/Terri_Sewell
Alaska,Alaska at-large,Don Young,Republican,51.0,True,True,R+12,general,https://en.wikipedia.org/wiki/Don_Young
Alaska,Alaska at-large,Forrest Dunbar,Democratic,41.0,False,False,R+12,general,https://en.wikipedia.org/wiki/Forrest_Dunbar
Alaska,Alaska at-large,Jim C. McDermott,Libertarian,7.6,False,False,R+12,general,
Arizona,Arizona 1,Ann Kirkpatrick,Democratic,52.6,True,True,R+4,general,https://en.wikipedia.org/wiki/Ann_Kirkpatrick
Arizona,Arizona 1,Andy Tobin,Republican,47.4,False,False,R+4,general,https://en.wikipedia.org/wiki/Andy_Tobin
Arizona,Arizona 2,Martha McSally,Republican,50.04,False,True,R+3,general,https://en.wikipedia.org/wiki/Martha_McSally
Arizona,Arizona 2,Ron Barber,Democratic,49.96,True,False,R+3,general,https://en.wikipedia.org/wiki/Ron_Barber
Arizona,Arizona 3,Raúl Grijalva,Democratic,55.7,True,True,D+8,general,https://en.wikipedia.org/wiki/Ra%C3%BAl_Grijalva
Arizona,Arizona 3,Gabby Saucedo Mercer,Republican,44.3,False,False,D+8,general,
Arizona,Arizona 4,Paul Gosar,Republican,70.0,True,True,R+20,general,https://en.wikipedia.org/wiki/Paul_Gosar
Arizona,Arizona 4,Mikel Weisser,Democratic,25.8,False,False,R+20,general,https://en.wikipedia.org/wiki/Mikel_Weisser
Arizona,Arizona 4,Chris Rike,Libertarian,4.2,False,False,R+20,general,
Arizona,Arizona 5,Matt Salmon,Republican,69.6,True,True,R+17,general,https://en.wikipedia.org/wiki/Matt_Salmon
Arizona,Arizona 5,James Woods,Democratic,30.4,False,False,R+17,general,
Arizona,Arizona 6,David Schweikert,Republican,64.9,True,True,R+12,general,https://en.wikipedia.org/wiki/David_Schweikert
Arizona,Arizona 6,John Williamson,Democratic,35.1,False,False,R+12,general,
Arizona,Arizona 7,Ruben Gallego,Democratic,74.3,False,True,D+16,general,https://en.wikipedia.org/wiki/Ruben_Gallego
Arizona,Arizona 7,Joe Cobb,Libertarian,16.0,False,False,D+16,general,
Arizona,Arizona 7,Rebecca DeWitt,Americans Elect,5.7,False,False,D+16,general,
Arizona,Arizona 7,José Peñalosa,Independent,4.0,False,False,D+16,general,
Arizona,Arizona 8,Trent Franks,Republican,75.8,True,True,R+15,general,https://en.wikipedia.org/wiki/Trent_Franks
Arizona,Arizona 8,Stephen Dolgos,Americans Elect,24.2,False,False,R+15,general,
Arizona,Arizona 9,Kyrsten Sinema,Democratic,54.7,True,True,R+1,general,https://en.wikipedia.org/wiki/Kyrsten_Sinema
Arizona,Arizona 9,Wendy Rogers,Republican,41.8,False,False,R+1,general,
Arizona,Arizona 9,Powell Gammill,Libertarian,3.5,False,False,R+1,general,
Arkansas,Arkansas 1,Rick Crawford,Republican,63.3,True,True,R+14,general,https://en.wikipedia.org/wiki/Rick_Crawford_(politician)
Arkansas,Arkansas 1,Jackie McPherson,Democratic,32.4,False,False,R+14,general,
Arkansas,Arkansas 1,Brian Willhite,Libertarian,4.4,False,False,R+14,general,
Arkansas,Arkansas 2,French Hill,Republican,51.9,False,True,R+8,general,https://en.wikipedia.org/wiki/French_Hill_(politician)
Arkansas,Arkansas 2,Pat Hays,Democratic,43.6,False,False,R+8,general,https://en.wikipedia.org/wiki/Pat_Hays
Arkansas,Arkansas 2,Debbie Standiford,Libertarian,4.5,False,False,R+8,general,
Arkansas,Arkansas 3,Steve Womack,Republican,79.4,True,True,R+19,general,https://en.wikipedia.org/wiki/Steve_Womack
Arkansas,Arkansas 3,Grant Brand,Libertarian,20.6,False,False,R+19,general,
Arkansas,Arkansas 4,Bruce Westerman,Republican,53.8,False,True,R+15,general,https://en.wikipedia.org/wiki/Bruce_Westerman
Arkansas,Arkansas 4,James Lee Witt,Democratic,42.6,False,False,R+15,general,https://en.wikipedia.org/wiki/James_Lee_Witt
Arkansas,Arkansas 4,Ken Hamilton,Libertarian,3.7,False,False,R+15,general,
California,California 1,Doug LaMalfa,Republican,61.0,True,True,R+10,general,https://en.wikipedia.org/wiki/Doug_LaMalfa
California,California 1,Heidi Hall,Democratic,39.0,False,False,R+10,general,https://en.wikipedia.org/wiki/Heidi_Hall
California,California 10,Jeff Denham,Republican,56.1,True,True,R+1,general,https://en.wikipedia.org/wiki/Jeff_Denham
California,California 10,Michael Eggman,Democratic,43.9,False,False,R+1,general,https://en.wikipedia.org/wiki/Michael_Eggman
California,California 11,Mark DeSaulnier,Democratic,67.3,False,True,D+17,general,https://en.wikipedia.org/wiki/Mark_DeSaulnier
California,California 11,Tue Phan,Republican,32.7,False,False,D+17,general,
California,California 12,Nancy Pelosi,Democratic,83.3,True,True,D+34,general,https://en.wikipedia.org/wiki/Nancy_Pelosi
California,California 12,John Dennis,Republican,16.7,False,False,D+34,general,
California,California 13,Barbara Lee,Democratic,88.5,True,True,D+37,general,https://en.wikipedia.org/wiki/Barbara_Lee
California,California 13,Dakin Sundeen,Republican,11.5,False,False,D+37,general,
California,California 14,Jackie Speier,Democratic,76.7,True,True,D+23,general,https://en.wikipedia.org/wiki/Jackie_Speier
California,California 14,Robin Chew,Republican,23.3,False,False,D+23,general,
California,California 15,Eric Swalwell,Democratic,69.8,True,True,D+16,general,https://en.wikipedia.org/wiki/Eric_Swalwell
California,California 15,Hugh Bussell,Republican,30.2,False,False,D+16,general,
California,California 16,Jim Costa,Democratic,50.7,True,True,D+7,general,https://en.wikipedia.org/wiki/Jim_Costa
California,California 16,Johnny Tacherra,Republican,49.3,False,False,D+7,general,https://en.wikipedia.org/wiki/Johnny_Tacherra
California,California 17,Mike Honda,Democratic,51.8,True,True,D+20,general,https://en.wikipedia.org/wiki/Mike_Honda
California,California 17,Ro Khanna,Democratic,48.2,False,False,D+20,general,https://en.wikipedia.org/wiki/Ro_Khanna
California,California 18,Anna Eshoo,Democratic,67.8,True,True,D+18,general,https://en.wikipedia.org/wiki/Anna_Eshoo
California,California 18,Richard B. Fox,Republican,32.2,False,False,D+18,general,
California,California 19,Zoe Lofgren,Democratic,67.2,True,True,D+19,general,https://en.wikipedia.org/wiki/Zoe_Lofgren
California,California 19,Robert Murray,Democratic,32.8,False,False,D+19,general,
California,California 2,Jared Huffman,Democratic,75.0,True,True,D+20,general,https://en.wikipedia.org/wiki/Jared_Huffman
California,California 2,Dale Mensing,Republican,25.0,False,False,D+20,general,
California,California 20,Sam Farr,Democratic,75.2,True,True,D+21,general,https://en.wikipedia.org/wiki/Sam_Farr
California,California 20,Ronald P. Kabat,Independent,24.8,False,False,D+21,general,
California,California 21,David Valadao,Republican,57.8,True,True,D+2,general,https://en.wikipedia.org/wiki/David_Valadao
California,California 21,Amanda Renteria,Democratic,42.2,False,False,D+2,general,https://en.wikipedia.org/wiki/Amanda_Renteria
California,California 22,Devin Nunes,Republican,72.0,True,True,R+10,general,https://en.wikipedia.org/wiki/Devin_Nunes
California,California 22,Sam Aguilera-Marrero,Democratic,28.0,False,False,R+10,general,
California,California 23,Kevin McCarthy,Republican,74.8,True,True,R+16,general,https://en.wikipedia.org/wiki/Kevin_McCarthy
California,California 23,Raul Garcia,Democratic,25.2,False,False,R+16,general,
California,California 24,Lois Capps,Democratic,51.9,True,True,D+4,general,https://en.wikipedia.org/wiki/Lois_Capps
California,California 24,Chris Mitchum,Republican,48.1,False,False,D+4,general,https://en.wikipedia.org/wiki/Chris_Mitchum
California,California 25,Steve Knight,Republican,53.3,False,True,R+3,general,https://en.wikipedia.org/wiki/Steve_Knight_(politician)
California,California 25,Tony Strickland,Republican,46.7,False,False,R+3,general,https://en.wikipedia.org/wiki/Tony_Strickland
California,California 26,Julia Brownley,Democratic,51.3,True,True,D+4,general,https://en.wikipedia.org/wiki/Julia_Brownley
California,California 26,Jeff Gorell,Republican,48.7,False,False,D+4,general,https://en.wikipedia.org/wiki/Jeff_Gorell
California,California 27,Judy Chu,Democratic,59.4,True,True,D+11,general,https://en.wikipedia.org/wiki/Judy_Chu
California,California 27,Jack Orswell,Republican,40.6,False,False,D+11,general,
California,California 28,Adam Schiff,Democratic,76.5,True,True,D+20,general,https://en.wikipedia.org/wiki/Adam_Schiff
California,California 28,Steve Stokes,Independent,23.5,False,False,D+20,general,
California,California 29,Tony Cárdenas,Democratic,74.6,True,True,D+25,general,https://en.wikipedia.org/wiki/Tony_C%C3%A1rdenas
California,California 29,William Leader,Republican,25.4,False,False,D+25,general,
California,California 3,John Garamendi,Democratic,52.7,True,True,D+3,general,https://en.wikipedia.org/wiki/John_Garamendi
California,California 3,Dan Logue,Republican,47.3,False,False,D+3,general,https://en.wikipedia.org/wiki/Dan_Logue
California,California 30,Brad Sherman,Democratic,65.6,True,True,D+14,general,https://en.wikipedia.org/wiki/Brad_Sherman
California,California 30,Mark Reed,Republican,34.4,False,False,D+14,general,
California,California 31,Pete Aguilar,Democratic,51.7,False,True,D+5,general,https://en.wikipedia.org/wiki/Pete_Aguilar
California,California 31,Paul Chabot,Republican,48.3,False,False,D+5,general,https://en.wikipedia.org/wiki/Paul_Chabot
California,California 32,Grace Napolitano,Democratic,59.7,True,True,D+12,general,https://en.wikipedia.org/wiki/Grace_Napolitano
California,California 32,Arturo Alas,Republican,40.3,False,False,D+12,general,
California,California 33,Ted Lieu,Democratic,59.2,False,True,D+11,general,https://en.wikipedia.org/wiki/Ted_Lieu
California,California 33,Elan Carr,Republican,40.8,False,False,D+11,general,https://en.wikipedia.org/wiki/Elan_Carr
California,California 34,Xavier Becerra,Democratic,72.5,True,True,D+30,general,https://en.wikipedia.org/wiki/Xavier_Becerra
California,California 34,Adrienne Edwards,Democratic,27.5,False,False,D+30,general,https://en.wikipedia.org/wiki/Adrienne_Edwards
California,California 35,Norma Torres,Democratic,63.5,False,True,D+15,general,https://en.wikipedia.org/wiki/Norma_Torres
California,California 35,Christina Gagnier,Democratic,36.5,False,False,D+15,general,
California,California 36,Raul Ruiz,Democratic,54.2,True,True,R+1,general,https://en.wikipedia.org/wiki/Raul_Ruiz_(politician)
California,California 36,Brian Nestande,Republican,45.8,False,False,R+1,general,https://en.wikipedia.org/wiki/Brian_Nestande
California,California 37,Karen Bass,Democratic,84.3,True,True,D+34,general,https://en.wikipedia.org/wiki/Karen_Bass
California,California 37,R. Adam King,Republican,15.7,False,False,D+34,general,
California,California 38,Linda Sánchez,Democratic,59.1,True,True,D+12,general,https://en.wikipedia.org/wiki/Linda_S%C3%A1nchez
California,California 38,Benjamin Campos,Republican,40.9,False,False,D+12,general,
California,California 39,Ed Royce,Republican,68.5,True,True,R+5,general,https://en.wikipedia.org/wiki/Ed_Royce_(politician)
California,California 39,Peter Anderson,Democratic,31.5,False,False,R+5,general,
California,California 4,Tom McClintock,Republican,60.0,True,True,R+10,general,https://en.wikipedia.org/wiki/Tom_McClintock
California,California 4,Art Moore,Republican,40.0,False,False,R+10,general,
California,California 40,Lucille Roybal-Allard,Democratic,61.2,True,True,D+29,general,https://en.wikipedia.org/wiki/Lucille_Roybal-Allard
California,California 40,David Sanchez,Democratic,38.8,False,False,D+29,general,
California,California 41,Mark Takano,Democratic,56.6,True,True,D+9,general,https://en.wikipedia.org/wiki/Mark_Takano
California,California 41,Steve Adams,Republican,43.4,False,False,D+9,general,
California,California 42,Ken Calvert,Republican,65.7,True,True,R+10,general,https://en.wikipedia.org/wiki/Ken_Calvert
California,California 42,Tim Sheridan,Democratic,34.3,False,False,R+10,general,
California,California 43,Maxine Waters,Democratic,71.0,True,True,D+26,general,https://en.wikipedia.org/wiki/Maxine_Waters
California,California 44,Janice Hahn,Democratic,86.7,True,True,D+32,general,https://en.wikipedia.org/wiki/Janice_Hahn
California,California 44,Peace & Freedom,Peace & Freedom,13.3,False,False,D+32,general,https://en.wikipedia.org/wiki/Peace_and_Freedom_Party
California,California 45,Mimi Walters,Republican,65.1,False,True,R+7,general,https://en.wikipedia.org/wiki/Mimi_Walters
California,California 45,Drew Leavens,Democratic,34.9,False,False,R+7,general,
California,California 46,Loretta Sanchez,Democratic,59.7,True,True,D+9,general,https://en.wikipedia.org/wiki/Loretta_Sanchez
California,California 46,Adam Nick,Republican,40.3,False,False,D+9,general,
California,California 47,Alan Lowenthal,Democratic,56.0,True,True,D+8,general,https://en.wikipedia.org/wiki/Alan_Lowenthal
California,California 47,Andy Whallon,Republican,44.0,False,False,D+8,general,
California,California 48,Dana Rohrabacher,Republican,64.1,True,True,R+7,general,https://en.wikipedia.org/wiki/Dana_Rohrabacher
California,California 48,Suzanne Savary,Democratic,35.9,False,False,R+7,general,
California,California 49,Darrell Issa,Republican,60.2,True,True,R+4,general,https://en.wikipedia.org/wiki/Darrell_Issa
California,California 49,Dave Peiser,Democratic,39.8,False,False,R+4,general,
California,California 5,Mike Thompson,Democratic,75.8,True,True,D+19,general,https://en.wikipedia.org/wiki/Mike_Thompson_(California_politician)
California,California 5,James Hinton,Independent,24.2,False,False,D+19,general,
California,California 50,Duncan D. Hunter,Republican,71.2,True,True,R+14,general,https://en.wikipedia.org/wiki/Duncan_D._Hunter
California,California 50,James Kimber,Democratic,28.8,False,False,R+14,general,
California,California 51,Juan Vargas,Democratic,68.8,True,True,D+16,general,https://en.wikipedia.org/wiki/Juan_Vargas
California,California 51,Stephen Meade,Republican,31.2,False,False,D+16,general,
California,California 52,Scott Peters,Democratic,51.6,True,True,D+2,general,https://en.wikipedia.org/wiki/Scott_Peters_(politician)
California,California 52,Carl DeMaio,Republican,48.4,False,False,D+2,general,https://en.wikipedia.org/wiki/Carl_DeMaio
California,California 53,Susan Davis,Democratic,58.8,True,True,D+10,general,https://en.wikipedia.org/wiki/Susan_Davis_(politician)
California,California 53,Larry Wilske,Republican,41.2,False,False,D+10,general,https://en.wikipedia.org/wiki/Larry_Wilske
California,California 6,Doris Matsui,Democratic,72.7,True,True,D+18,general,https://en.wikipedia.org/wiki/Doris_Matsui
California,California 6,Joseph McCray Sr.,Republican,27.3,False,False,D+18,general,
California,California 7,Ami Bera,Democratic,50.4,True,True,EVEN,general,https://en.wikipedia.org/wiki/Ami_Bera
California,California 7,Doug Ose,Republican,49.6,False,False,EVEN,general,https://en.wikipedia.org/wiki/Doug_Ose
California,California 8,Paul Cook,Republican,67.7,True,True,R+10,general,https://en.wikipedia.org/wiki/Paul_Cook_(politician)
California,California 8,Robert Conaway,Democratic,32.3,False,False,R+10,general,
California,California 9,Jerry McNerney,Democratic,52.4,True,True,D+6,general,https://en.wikipedia.org/wiki/Jerry_McNerney
California,California 9,Tony Amador,Republican,47.6,False,False,D+6,general,
Colorado,Colorado 1,Diana DeGette,Democratic,65.8,True,True,D+18,general,https://en.wikipedia.org/wiki/Diana_DeGette
Colorado,Colorado 1,Martin Walsh,Republican,29.0,False,False,D+18,general,
Colorado,Colorado 1,Frank Atwood,Libertarian,3.3,False,False,D+18,general,
Colorado,Colorado 2,Jared Polis,Democratic,56.7,True,True,D+8,general,https://en.wikipedia.org/wiki/Jared_Polis
Colorado,Colorado 2,George Leing,Republican,43.3,False,False,D+8,general,
Colorado,Colorado 3,Scott Tipton,Republican,58.0,True,True,R+5,general,https://en.wikipedia.org/wiki/Scott_Tipton
Colorado,Colorado 3,Abel Tapia,Democratic,35.7,False,False,R+5,general,https://en.wikipedia.org/wiki/Abel_Tapia
Colorado,Colorado 3,Tisha Casida,Independent,4.0,False,False,R+5,general,
Colorado,Colorado 3,Travis Mero,Libertarian,2.3,False,False,R+5,general,
Colorado,Colorado 4,Ken Buck,Republican,64.7,False,True,R+11,general,https://en.wikipedia.org/wiki/Ken_Buck
Colorado,Colorado 4,Vic Meyers,Democratic,29.2,False,False,R+11,general,
Colorado,Colorado 4,Jess Loban,Libertarian,3.3,False,False,R+11,general,
Colorado,Colorado 5,Doug Lamborn,Republican,59.8,True,True,R+13,general,https://en.wikipedia.org/wiki/Doug_Lamborn
Colorado,Colorado 5,Irv Halter,Democratic,40.2,False,False,R+13,general,https://en.wikipedia.org/wiki/Irv_Halter
Colorado,Colorado 6,Mike Coffman,Republican,51.9,True,True,D+1,general,https://en.wikipedia.org/wiki/Mike_Coffman
Colorado,Colorado 6,Andrew Romanoff,Democratic,43.0,False,False,D+1,general,https://en.wikipedia.org/wiki/Andrew_Romanoff
Colorado,Colorado 6,Norm Olsen,Libertarian,3.1,False,False,D+1,general,
Colorado,Colorado 6,Gary Swing,Green,2.0,False,False,D+1,general,
Colorado,Colorado 7,Ed Perlmutter,Democratic,55.1,True,True,D+5,general,https://en.wikipedia.org/wiki/Ed_Perlmutter
Colorado,Colorado 7,Don Ytterberg,Republican,44.9,False,False,D+5,general,
Connecticut,Connecticut 1,John Larson,Democratic,62.3,False,True,D+13,general,https://en.wikipedia.org/wiki/John_Larson
Connecticut,Connecticut 1,Matthew Corey,Republican,36.1,False,False,D+13,general,
Connecticut,Connecticut 1,Jeff Russell,Green,1.6,False,False,D+13,general,
Connecticut,Connecticut 2,Joe Courtney,Democratic,62.3,True,True,D+5,general,https://en.wikipedia.org/wiki/Joe_Courtney_(politician)
Connecticut,Connecticut 2,Lori Hopkins-Cavanagh,Republican,35.5,False,False,D+5,general,https://en.wikipedia.org/wiki/Lori_Hopkins-Cavanagh
Connecticut,Connecticut 2,Dan Reale,Libertarian,1.1,False,False,D+5,general,
Connecticut,Connecticut 2,William Clyde,Green,1.1,False,False,D+5,general,
Connecticut,Connecticut 3,Rosa DeLauro,Democratic,67.1,True,True,D+11,general,https://en.wikipedia.org/wiki/Rosa_DeLauro
Connecticut,Connecticut 3,James Brown,Republican,32.9,False,False,D+11,general,
Connecticut,Connecticut 4,Jim Himes,Democratic,53.7,True,True,D+5,general,https://en.wikipedia.org/wiki/Jim_Himes
Connecticut,Connecticut 4,Dan Debicella,Republican,46.3,False,False,D+5,general,https://en.wikipedia.org/wiki/Dan_Debicella
Connecticut,Connecticut 5,Elizabeth Esty,Democratic,53.3,True,True,D+3,general,https://en.wikipedia.org/wiki/Elizabeth_Esty
Connecticut,Connecticut 5,Mark Greenberg,Republican,45.8,False,False,D+3,general,
Connecticut,Connecticut 5,John J. Pistone,Independent,0.9,False,False,D+3,general,
Delaware,Delaware at-large,John Carney,Democratic,59.3,True,True,D+8,general,https://en.wikipedia.org/wiki/John_Carney_(Delaware_politician)
Delaware,Delaware at-large,Rose Izzo,Republican,36.8,False,False,D+8,general,
Delaware,Delaware at-large,Bernard August,Green,2.1,False,False,D+8,general,
Delaware,Delaware at-large,Scott Gesty,Libertarian,1.9,False,False,D+8,general,
Florida,Florida 1,Jeff Miller,Republican,70.2,True,True,R+21,general,https://en.wikipedia.org/wiki/Jeff_Miller_(Florida_politician)
Florida,Florida 1,Jim Bryan,Democratic,23.4,False,False,R+21,general,
Florida,Florida 1,Mark Wichern,Independent,6.5,False,False,R+21,general,
Florida,Florida 2,Gwen Graham,Democratic,50.5,False,True,R+6,general,https://en.wikipedia.org/wiki/Gwen_Graham
Florida,Florida 2,Steve Southerland,Republican,49.3,True,False,R+6,general,https://en.wikipedia.org/wiki/Steve_Southerland_(Florida_politician)
Florida,Florida 10,Daniel Webster,Republican,61.5,True,True,R+7,general,https://en.wikipedia.org/wiki/Daniel_Webster_(Florida_politician)
Florida,Florida 10,Michael McKenna,Democratic,38.5,False,False,R+7,general,
Florida,Florida 11,Rich Nugent,Republican,66.7,True,True,R+8,general,https://en.wikipedia.org/wiki/Rich_Nugent
Florida,Florida 11,Dave Koller,Democratic,33.3,False,False,R+8,general,
Florida,Florida 12,Gus Bilirakis,Republican,100.0,True,True,R+6,general,https://en.wikipedia.org/wiki/Gus_Bilirakis
Florida,Florida 13,David Jolly,Republican,75.2,True,True,R+1,general,https://en.wikipedia.org/wiki/David_Jolly
Florida,Florida 13,Lucas Overby,Libertarian,24.8,False,False,R+1,general,
Florida,Florida 13,David Jolly,Republican,48.4,False,True,,special,https://en.wikipedia.org/wiki/David_Jolly
Florida,Florida 13,Alex Sink,Democratic,46.6,False,False,,special,https://en.wikipedia.org/wiki/Alex_Sink
Florida,Florida 13,Lucas Overby,Libertarian,4.8,False,False,,special,
Florida,Florida 14,Kathy Castor,Democratic,100.0,True,True,D+11,general,https://en.wikipedia.org/wiki/Kathy_Castor
Florida,Florida 15,Dennis A. Ross,Republican,60.3,True,True,R+6,general,https://en.wikipedia.org/wiki/Dennis_A._Ross
Florida,Florida 15,Alan Cohn,Democratic,39.7,False,False,R+6,general,https://en.wikipedia.org/wiki/Alan_Cohn
Florida,Florida 16,Vern Buchanan,Republican,61.6,True,True,R+5,general,https://en.wikipedia.org/wiki/Vern_Buchanan
Florida,Florida 16,Henry Lawrence,Democratic,38.4,False,False,R+5,general,
Florida,Florida 17,Tom Rooney,Republican,63.2,True,True,R+10,general,https://en.wikipedia.org/wiki/Tom_Rooney_(Florida_politician)
Florida,Florida 17,Will Bronson,Democratic,36.8,False,False,R+10,general,
Florida,Florida 18,Patrick Murphy,Democratic,59.8,True,True,R+3,general,https://en.wikipedia.org/wiki/Patrick_Murphy_(Florida_politician)
Florida,Florida 18,Carl Domino,Republican,40.2,False,False,R+3,general,https://en.wikipedia.org/wiki/Carl_Domino
Florida,Florida 19,Curt Clawson,Republican,64.6,True,True,R+11,general,https://en.wikipedia.org/wiki/Curt_Clawson
Florida,Florida 19,April Freeman,Democratic,32.7,False,False,R+11,general,
Florida,Florida 19,Ray Netherwood,Libertarian,2.7,False,False,R+11,general,
Florida,Florida 19,Curt Clawson,Republican,66.65,False,True,,special,https://en.wikipedia.org/wiki/Curt_Clawson
Florida,Florida 19,April Freeman,Democratic,29.32,False,False,,special,
Florida,Florida 19,Ray Netherwood,Libertarian,3.73,False,False,,special,
Florida,Florida 20,Alcee Hastings,Democratic,81.6,True,True,D+28,general,https://en.wikipedia.org/wiki/Alcee_Hastings
Florida,Florida 20,Jay Bonner,Republican,18.4,False,False,D+28,general,
Florida,Florida 21,Ted Deutch,Democratic,100.0,True,True,D+12,general,https://en.wikipedia.org/wiki/Ted_Deutch
Florida,Florida 22,Lois Frankel,Democratic,58.0,True,True,D+4,general,https://en.wikipedia.org/wiki/Lois_Frankel
Florida,Florida 22,Paul Spain,Republican,42.0,False,False,D+4,general,
Florida,Florida 23,Debbie Wasserman Schultz,Democratic,62.7,True,True,D+11,general,https://en.wikipedia.org/wiki/Debbie_Wasserman_Schultz
Florida,Florida 23,Joe Kaufman,Republican,37.3,False,False,D+11,general,
Florida,Florida 24,Frederica Wilson,Democratic,86.2,True,True,D+33,general,https://en.wikipedia.org/wiki/Frederica_Wilson
Florida,Florida 24,Dufirstson Neree,Republican,10.2,False,False,D+33,general,
Florida,Florida 24,Luis Fernandez,Independent,3.7,False,False,D+33,general,
Florida,Florida 25,Mario Díaz-Balart,Republican,100.0,True,True,R+6,general,https://en.wikipedia.org/wiki/Mario_D%C3%ADaz-Balart
Florida,Florida 26,Carlos Curbelo,Republican,51.5,False,True,R+4,general,https://en.wikipedia.org/wiki/Carlos_Curbelo
Florida,Florida 26,Joe Garcia,Democratic,48.5,True,False,R+4,general,https://en.wikipedia.org/wiki/Joe_Garcia
Florida,Florida 27,Ileana Ros-Lehtinen,Republican,100.0,True,True,R+2,general,https://en.wikipedia.org/wiki/Ileana_Ros-Lehtinen
Florida,Florida 3,Ted Yoho,Republican,65.0,True,True,R+12,general,https://en.wikipedia.org/wiki/Ted_Yoho
Florida,Florida 3,Marihelen Wheeler,Democratic,32.3,False,False,R+12,general,
Florida,Florida 3,Howard Term Limits Lawson,Independent,2.7,False,False,R+12,general,
Florida,Florida 4,Ander Crenshaw,Republican,78.3,True,True,R+17,general,https://en.wikipedia.org/wiki/Ander_Crenshaw
Florida,Florida 4,Paula Moser-Bartlett,Independent,15.7,False,False,R+17,general,
Florida,Florida 4,Gary Koniz,Independent,6.0,False,False,R+17,general,
Florida,Florida 5,Corrine Brown,Democratic,65.5,True,True,D+16,general,https://en.wikipedia.org/wiki/Corrine_Brown
Florida,Florida 5,Glo Scurry-Smith,Republican,34.5,False,False,D+16,general,
Florida,Florida 6,Ron DeSantis,Republican,62.5,True,True,R+8,general,https://en.wikipedia.org/wiki/Ron_DeSantis
Florida,Florida 6,David Cox,Democratic,37.5,False,False,R+8,general,
Florida,Florida 7,John Mica,Republican,63.6,True,True,R+4,general,https://en.wikipedia.org/wiki/John_Mica
Florida,Florida 7,Wes Neuman,Democratic,32.1,False,False,R+4,general,
Florida,Florida 7,Al Krulick,Independent,4.3,False,False,R+4,general,
Florida,Florida 8,Bill Posey,Republican,65.9,True,True,R+8,general,https://en.wikipedia.org/wiki/Bill_Posey
Florida,Florida 8,Gabriel Rothblatt,Democratic,34.1,False,False,R+8,general,https://en.wikipedia.org/wiki/Gabriel_Rothblatt
Florida,Florida 9,Alan Grayson,Democratic,54.0,True,True,D+4,general,https://en.wikipedia.org/wiki/Alan_Grayson
Florida,Florida 9,Carol Platt,Republican,43.1,False,False,D+4,general,
Florida,Florida 9,Marko Milakovich,Independent,2.9,False,False,D+4,general,
Georgia,Georgia 1,Buddy Carter,Republican,60.9,False,True,R+9,general,https://en.wikipedia.org/wiki/Buddy_Carter
Georgia,Georgia 1,Brian Reese,Democratic,39.1,False,False,R+9,general,
Georgia,Georgia 10,Jody Hice,Republican,66.5,False,True,R+14,general,https://en.wikipedia.org/wiki/Jody_Hice
Georgia,Georgia 10,Ken Dious,Democratic,33.5,False,False,R+14,general,
Georgia,Georgia 11,Barry Loudermilk,Republican,100.0,False,True,R+19,general,https://en.wikipedia.org/wiki/Barry_Loudermilk
Georgia,Georgia 12,Rick Allen,Republican,54.8,False,True,R+9,general,https://en.wikipedia.org/wiki/Rick_Allen_(politician)
Georgia,Georgia 12,John Barrow,Democratic,45.2,True,False,R+9,general,https://en.wikipedia.org/wiki/John_Barrow_(American_politician)
Georgia,Georgia 13,David Scott,Democratic,100.0,True,True,D+16,general,https://en.wikipedia.org/wiki/David_Scott_(Georgia_politician)
Georgia,Georgia 14,Tom Graves,Republican,100.0,True,True,R+26,general,https://en.wikipedia.org/wiki/Tom_Graves
Georgia,Georgia 2,Sanford Bishop,Democratic,59.1,True,True,D+6,general,https://en.wikipedia.org/wiki/Sanford_Bishop
Georgia,Georgia 2,Greg Duke,Republican,40.9,False,False,D+6,general,
Georgia,Georgia 3,Lynn Westmoreland,Republican,100.0,True,True,R+19,general,https://en.wikipedia.org/wiki/Lynn_Westmoreland
Georgia,Georgia 4,Hank Johnson,Democratic,99.9,True,True,D+21,general,https://en.wikipedia.org/wiki/Hank_Johnson
Georgia,Georgia 5,John Lewis,Democratic,100.0,True,True,D+32,general,https://en.wikipedia.org/wiki/John_Lewis
Georgia,Georgia 6,Tom Price,Republican,66.0,True,True,R+14,general,https://en.wikipedia.org/wiki/Tom_Price_(American_politician)
Georgia,Georgia 6,Bob Montigel,Democratic,34.0,False,False,R+14,general,
Georgia,Georgia 7,Rob Woodall,Republican,65.4,True,True,R+14,general,https://en.wikipedia.org/wiki/Rob_Woodall
Georgia,Georgia 7,Thomas Wight,Democratic,34.6,False,False,R+14,general,
Georgia,Georgia 8,Austin Scott,Republican,99.9,True,True,R+15,general,https://en.wikipedia.org/wiki/Austin_Scott_(politician)
Georgia,Georgia 9,Doug Collins,Republican,80.7,True,True,R+30,general,https://en.wikipedia.org/wiki/Doug_Collins_(politician)
Georgia,Georgia 9,David Vogel,Democratic,19.3,False,False,R+30,general,
Hawaii,Hawaii 1,Mark Takai,Democratic,51.9,False,True,D+18,general,https://en.wikipedia.org/wiki/Mark_Takai
Hawaii,Hawaii 1,Charles Djou,Republican,48.1,False,False,D+18,general,https://en.wikipedia.org/wiki/Charles_Djou
Hawaii,Hawaii 2,Tulsi Gabbard,Democratic,78.8,True,True,D+21,general,https://en.wikipedia.org/wiki/Tulsi_Gabbard
Hawaii,Hawaii 2,Kawika Crowley,Republican,18.7,False,False,D+21,general,https://en.wikipedia.org/wiki/Kawika_Crowley
Hawaii,Hawaii 2,Joe Kent,Libertarian,2.5,False,False,D+21,general,
Idaho,Idaho 1,Raúl Labrador,Republican,65.0,True,True,R+18,general,https://en.wikipedia.org/wiki/Ra%C3%BAl_Labrador
Idaho,Idaho 1,Shirley Ringo,Democratic,35.0,False,False,R+18,general,https://en.wikipedia.org/wiki/Shirley_Ringo
Idaho,Idaho 2,Mike Simpson,Republican,61.4,True,True,R+17,general,https://en.wikipedia.org/wiki/Mike_Simpson
Idaho,Idaho 2,Richard H. Stallings,Democratic,38.6,False,False,R+17,general,https://en.wikipedia.org/wiki/Richard_H._Stallings
Illinois,Illinois 1,Bobby Rush,Democratic,73.1,True,True,D+28,general,https://en.wikipedia.org/wiki/Bobby_Rush
Illinois,Illinois 1,Jimmy Lee Tillman,Republican,26.9,False,False,D+28,general,
Illinois,Illinois 10,Bob Dold,Republican,51.3,False,True,D+8,general,https://en.wikipedia.org/wiki/Bob_Dold
Illinois,Illinois 10,Brad Schneider,Democratic,48.7,True,False,D+8,general,https://en.wikipedia.org/wiki/Brad_Schneider
Illinois,Illinois 11,Bill Foster,Democratic,53.5,True,True,D+8,general,https://en.wikipedia.org/wiki/Bill_Foster_(politician)
Illinois,Illinois 11,Darlene Senger,Republican,46.5,False,False,D+8,general,https://en.wikipedia.org/wiki/Darlene_Senger
Illinois,Illinois 12,Mike Bost,Republican,52.5,False,True,EVEN,general,https://en.wikipedia.org/wiki/Mike_Bost
Illinois,Illinois 12,Bill Enyart,Democratic,41.9,False,False,EVEN,general,https://en.wikipedia.org/wiki/William_Enyart
Illinois,Illinois 12,Paula Bradshaw,Green,5.7,False,False,EVEN,general,
Illinois,Illinois 13,Rodney L. Davis,Republican,58.7,True,True,EVEN,general,https://en.wikipedia.org/wiki/Rodney_L._Davis
Illinois,Illinois 13,Ann Callis,Democratic,41.3,False,False,EVEN,general,https://en.wikipedia.org/wiki/Ann_Callis
Illinois,Illinois 14,Randy Hultgren,Republican,65.4,True,True,R+5,general,https://en.wikipedia.org/wiki/Randy_Hultgren
Illinois,Illinois 14,Dennis Anderson,Democratic,34.6,False,False,R+5,general,
Illinois,Illinois 15,John Shimkus,Republican,75.0,True,True,R+14,general,https://en.wikipedia.org/wiki/John_Shimkus
Illinois,Illinois 15,Eric Thorsland,Democratic,25.0,False,False,R+14,general,
Illinois,Illinois 16,Adam Kinzinger,Republican,70.6,True,True,R+4,general,https://en.wikipedia.org/wiki/Adam_Kinzinger
Illinois,Illinois 16,Randall Olsen,Democratic,29.4,False,False,R+4,general,
Illinois,Illinois 17,Cheri Bustos,Democratic,55.5,True,True,D+7,general,https://en.wikipedia.org/wiki/Cheri_Bustos
Illinois,Illinois 17,Bobby Schilling,Republican,44.5,False,False,D+7,general,https://en.wikipedia.org/wiki/Bobby_Schilling
Illinois,Illinois 18,Aaron Schock,Republican,74.7,True,True,R+11,general,https://en.wikipedia.org/wiki/Aaron_Schock
Illinois,Illinois 18,Darrel Miller,Democratic,25.3,False,False,R+11,general,https://en.wikipedia.org/wiki/Darrel_Miller
Illinois,Illinois 2,Robin Kelly,Democratic,78.5,True,True,D+29,general,https://en.wikipedia.org/wiki/Robin_Kelly
Illinois,Illinois 2,Eric Wallace,Republican,21.5,False,False,D+29,general,
Illinois,Illinois 3,Dan Lipinski,Democratic,64.6,True,True,D+5,general,https://en.wikipedia.org/wiki/Dan_Lipinski
Illinois,Illinois 3,Sharon Brannigan,Republican,35.4,False,False,D+5,general,
Illinois,Illinois 4,Luis Gutiérrez,Democratic,78.0,True,True,D+29,general,https://en.wikipedia.org/wiki/Luis_Guti%C3%A9rrez
Illinois,Illinois 4,Hector Concepcion,Republican,22.0,False,False,D+29,general,
Illinois,Illinois 5,Mike Quigley,Democratic,63.2,True,True,D+16,general,https://en.wikipedia.org/wiki/Mike_Quigley
Illinois,Illinois 5,Vince Kolber,Republican,30.6,False,False,D+16,general,
Illinois,Illinois 5,Nancy Wade,Green,6.1,False,False,D+16,general,
Illinois,Illinois 6,Peter Roskam,Republican,67.1,True,True,R+4,general,https://en.wikipedia.org/wiki/Peter_Roskam
Illinois,Illinois 6,Michael Mason,Democratic,32.9,False,False,R+4,general,
Illinois,Illinois 7,Danny Davis,Democratic,85.0,True,True,D+36,general,https://en.wikipedia.org/wiki/Danny_Davis_(Illinois_politician)
Illinois,Illinois 7,Robert Bumpers,Republican,15.0,False,False,D+36,general,
Illinois,Illinois 8,Tammy Duckworth,Democratic,55.7,True,True,D+8,general,https://en.wikipedia.org/wiki/Tammy_Duckworth
Illinois,Illinois 8,Larry Kaifesh,Republican,44.3,False,False,D+8,general,
Illinois,Illinois 9,Jan Schakowsky,Democratic,66.1,True,True,D+15,general,https://en.wikipedia.org/wiki/Jan_Schakowsky
Illinois,Illinois 9,Susanne Atanus,Republican,33.9,False,False,D+15,general,https://en.wikipedia.org/wiki/Susanne_Atanus
Indiana,Indiana 1,Pete Visclosky,Democratic,60.9,True,True,D+10,general,https://en.wikipedia.org/wiki/Pete_Visclosky
Indiana,Indiana 1,Mark Leyva,Republican,35.8,False,False,D+10,general,
Indiana,Indiana 1,Donna Dunn,Libertarian,3.3,False,False,D+10,general,
Indiana,Indiana 2,Jackie Walorski,Republican,58.9,True,True,R+6,general,https://en.wikipedia.org/wiki/Jackie_Walorski
Indiana,Indiana 2,Joe Bock,Democratic,38.3,False,False,R+6,general,https://en.wikipedia.org/wiki/Joe_Bock_(academic)
Indiana,Indiana 2,Jeff Petermann,Libertarian,2.8,False,False,R+6,general,
Indiana,Indiana 3,Marlin Stutzman,Republican,65.8,True,True,R+13,general,https://en.wikipedia.org/wiki/Marlin_Stutzman
Indiana,Indiana 3,Justin Kuhnle,Democratic,26.7,False,False,R+13,general,
Indiana,Indiana 3,Scott Wise,Libertarian,7.5,False,False,R+13,general,
Indiana,Indiana 4,Todd Rokita,Republican,66.9,True,True,R+11,general,https://en.wikipedia.org/wiki/Todd_Rokita
Indiana,Indiana 4,John Dale,Democratic,33.1,False,False,R+11,general,
Indiana,Indiana 5,Susan Brooks,Republican,65.2,True,True,R+9,general,https://en.wikipedia.org/wiki/Susan_Brooks
Indiana,Indiana 5,Shawn Denney,Democratic,30.8,False,False,R+9,general,
Indiana,Indiana 5,John Krom,Libertarian,4.0,False,False,R+9,general,
Indiana,Indiana 6,Luke Messer,Republican,65.9,True,True,R+12,general,https://en.wikipedia.org/wiki/Luke_Messer
Indiana,Indiana 6,Susan Hall Heitzman,Democratic,29.4,False,False,R+12,general,
Indiana,Indiana 6,Eric Miller,Libertarian,4.8,False,False,R+12,general,
Indiana,Indiana 7,André Carson,Democratic,54.7,True,True,D+13,general,https://en.wikipedia.org/wiki/Andr%C3%A9_Carson
Indiana,Indiana 7,Catherine Ping,Republican,41.8,False,False,D+13,general,
Indiana,Indiana 7,Chris Mayo,Libertarian,3.5,False,False,D+13,general,
Indiana,Indiana 8,Larry Bucshon,Republican,60.3,True,True,R+8,general,https://en.wikipedia.org/wiki/Larry_Bucshon
Indiana,Indiana 8,Tom Spangler,Democratic,35.8,False,False,R+8,general,
Indiana,Indiana 8,Andrew Horning,Libertarian,3.8,False,False,R+8,general,
Indiana,Indiana 9,Todd Young,Republican,62.2,True,True,R+9,general,https://en.wikipedia.org/wiki/Todd_Young
Indiana,Indiana 9,Bill Bailey,Democratic,33.7,False,False,R+9,general,https://en.wikipedia.org/wiki/Bill_Bailey_(Indiana_politician)
Indiana,Indiana 9,Mike Frey,Libertarian,4.1,False,False,R+9,general,
Iowa,Iowa 1,Rod Blum,Republican,51.1,False,True,D+5,general,https://en.wikipedia.org/wiki/Rod_Blum
Iowa,Iowa 1,Pat Murphy,Democratic,48.8,False,False,D+5,general,https://en.wikipedia.org/wiki/Pat_Murphy_(Iowa_politician)
Iowa,Iowa 2,Dave Loebsack,Democratic,52.4,True,True,D+4,general,https://en.wikipedia.org/wiki/Dave_Loebsack
Iowa,Iowa 2,Mariannette Miller-Meeks,Republican,47.5,False,False,D+4,general,https://en.wikipedia.org/wiki/Mariannette_Miller-Meeks
Iowa,Iowa 3,David Young,Republican,52.8,False,True,EVEN,general,https://en.wikipedia.org/wiki/David_Young_(Iowa_politician)
Iowa,Iowa 3,Staci Appel,Democratic,42.2,False,False,EVEN,general,https://en.wikipedia.org/wiki/Staci_Appel
Iowa,Iowa 3,Edward Wright,Libertarian,3.2,False,False,EVEN,general,
Iowa,Iowa 3,Bryan Holder,Independent,1.5,False,False,EVEN,general,
Iowa,Iowa 4,Steve King,Republican,61.6,True,True,R+5,general,https://en.wikipedia.org/wiki/Steve_King
Iowa,Iowa 4,Jim Mowrer,Democratic,38.3,False,False,R+5,general,https://en.wikipedia.org/wiki/Jim_Mowrer
Kansas,Kansas 1,Tim Huelskamp,Republican,67.5,True,True,R+23,general,https://en.wikipedia.org/wiki/Tim_Huelskamp
Kansas,Kansas 1,Jim Sherow,Democratic,32.5,False,False,R+23,general,https://en.wikipedia.org/wiki/Jim_Sherow
Kansas,Kansas 2,Lynn Jenkins,Republican,57.2,True,True,R+8,general,https://en.wikipedia.org/wiki/Lynn_Jenkins
Kansas,Kansas 2,Margie Wakefield,Democratic,38.5,False,False,R+8,general,https://en.wikipedia.org/wiki/Margie_Wakefield
Kansas,Kansas 2,Chris Clemmons,Libertarian,4.3,False,False,R+8,general,
Kansas,Kansas 3,Kevin Yoder,Republican,60.0,True,True,R+6,general,https://en.wikipedia.org/wiki/Kevin_Yoder
Kansas,Kansas 3,Kelly Kultala,Democratic,40.0,False,False,R+6,general,https://en.wikipedia.org/wiki/Kelly_Kultala
Kansas,Kansas 4,Mike Pompeo,Republican,66.8,True,True,R+14,general,https://en.wikipedia.org/wiki/Mike_Pompeo
Kansas,Kansas 4,Perry Schuckman,Democratic,33.2,False,False,R+14,general,
Kentucky,Kentucky 1,Ed Whitfield,Republican,73.1,True,True,R+18,general,https://en.wikipedia.org/wiki/Ed_Whitfield
Kentucky,Kentucky 1,Charles Hatchett,Democratic,26.9,False,False,R+18,general,
Kentucky,Kentucky 2,Brett Guthrie,Republican,69.2,True,True,R+16,general,https://en.wikipedia.org/wiki/Brett_Guthrie
Kentucky,Kentucky 2,Ron Leach,Democratic,30.8,False,False,R+16,general,
Kentucky,Kentucky 3,John Yarmuth,Democratic,63.5,True,True,D+4,general,https://en.wikipedia.org/wiki/John_Yarmuth
Kentucky,Kentucky 3,Michael Macfarlane,Republican,35.6,False,False,D+4,general,
Kentucky,Kentucky 3,Gregory Puccetti,Independent,0.9,False,False,D+4,general,
Kentucky,Kentucky 4,Thomas Massie,Republican,67.7,True,True,R+16,general,https://en.wikipedia.org/wiki/Thomas_Massie
Kentucky,Kentucky 4,Peter Newberry,Democratic,32.3,False,False,R+16,general,
Kentucky,Kentucky 5,Hal Rogers,Republican,78.2,True,True,R+25,general,https://en.wikipedia.org/wiki/Hal_Rogers
Kentucky,Kentucky 5,Kenneth Stepp,Democratic,21.8,False,False,R+25,general,
Kentucky,Kentucky 6,Andy Barr,Republican,60.0,True,True,R+9,general,https://en.wikipedia.org/wiki/Andy_Barr_(American_politician)
Kentucky,Kentucky 6,Elisabeth Jensen,Democratic,40.0,False,False,R+9,general,https://en.wikipedia.org/wiki/Elisabeth_Jensen
Louisiana,Louisiana 1,Steve Scalise,Republican,77.5,True,True,R+26,general,https://en.wikipedia.org/wiki/Steve_Scalise
Louisiana,Louisiana 1,Vinny Mendoza,Democratic,10.2,False,False,R+26,general,
Louisiana,Louisiana 1,Lee Dugas,Democratic,8.7,False,False,R+26,general,
Louisiana,Louisiana 1,Jeff Sanford,Libertarian,3.6,False,False,R+26,general,
Louisiana,Louisiana 2,Cedric Richmond,Democratic,68.7,True,True,D+23,general,https://en.wikipedia.org/wiki/Cedric_Richmond
Louisiana,Louisiana 2,Gary Landrieu,Democratic,17.1,False,False,D+23,general,
Louisiana,Louisiana 2,David Brooks,Independent,7.4,False,False,D+23,general,
Louisiana,Louisiana 2,Samuel Davenport,Libertarian,6.9,False,False,D+23,general,
Louisiana,Louisiana 3,Charles Boustany,Republican,78.7,True,True,R+19,general,https://en.wikipedia.org/wiki/Charles_Boustany
Louisiana,Louisiana 3,Russell Richard,Independent,12.0,False,False,R+19,general,
Louisiana,Louisiana 3,Bryan Barrilleaux,Republican,9.3,False,False,R+19,general,
Louisiana,Louisiana 4,John Fleming,Republican,73.4,True,True,R+13,general,https://en.wikipedia.org/wiki/John_Fleming_(American_politician)
Louisiana,Louisiana 4,Randall Lord,Libertarian,26.6,False,False,R+13,general,
Louisiana,Louisiana 5,Ralph Abraham,Republican,64.2,False,True,R+15,general,https://en.wikipedia.org/wiki/Ralph_Abraham_(politician)
Louisiana,Louisiana 5,Jamie Mayo,Democratic,35.8,False,False,R+15,general,
Louisiana,Louisiana 5,Jamie Mayo,Democratic,28.2,False,True,R+15,general,
Louisiana,Louisiana 5,Ralph Abraham,Republican,23.2,False,True,R+15,general,https://en.wikipedia.org/wiki/Ralph_Abraham_(politician)
Louisiana,Louisiana 5,Zach Dasher,Republican,22.4,False,False,R+15,general,
Louisiana,Louisiana 5,Vance McAllister,Republican,11.1,True,False,R+15,general,https://en.wikipedia.org/wiki/Vance_McAllister
Louisiana,Louisiana 5,Clyde Holloway,Republican,7.5,False,False,R+15,general,
Louisiana,Louisiana 5,Harris Brown,Republican,4.1,False,False,R+15,general,
Louisiana,Louisiana 5,Ed Tarpley,Republican,1.9,False,False,R+15,general,
Louisiana,Louisiana 5,Charles Saucier,Libertarian,0.9,False,False,R+15,general,
Louisiana,Louisiana 5,Eliot Barron,Green,0.7,False,False,R+15,general,
Louisiana,Louisiana 6,Garret Graves,Republican,62.5,False,True,R+21,general,https://en.wikipedia.org/wiki/Garret_Graves
Louisiana,Louisiana 6,Edwin Edwards,Democratic,37.5,False,False,R+21,general,https://en.wikipedia.org/wiki/Edwin_Edwards
Louisiana,Louisiana 6,Edwin Edwards,Democratic,30.1,False,True,R+21,general,https://en.wikipedia.org/wiki/Edwin_Edwards
Louisiana,Louisiana 6,Garret Graves,Republican,27.4,False,True,R+21,general,https://en.wikipedia.org/wiki/Garret_Graves
Louisiana,Louisiana 6,Paul Dietzel,Republican,13.5,False,False,R+21,general,
Louisiana,Louisiana 6,Dan Claitor,Republican,10.3,False,False,R+21,general,
Louisiana,Louisiana 6,Lenar Whitney,Republican,7.4,False,False,R+21,general,
Louisiana,Louisiana 6,Richard Lieberman,Democratic,2.8,False,False,R+21,general,
Louisiana,Louisiana 6,Craig McCulloch,Republican,2.2,False,False,R+21,general,
Louisiana,Louisiana 6,Bob Bell,Republican,2.0,False,False,R+21,general,
Louisiana,Louisiana 6,Peter Williams,Democratic,1.6,False,False,R+21,general,
Louisiana,Louisiana 6,Rufus Craig,Libertarian,1.4,False,False,R+21,general,
Louisiana,Louisiana 6,Norm Clark,Republican,0.7,False,False,R+21,general,
Louisiana,Louisiana 6,Trey Thomas,Republican,0.6,False,False,R+21,general,
Maine,Maine 1,Chellie Pingree,Democratic,60.4,True,True,D+9,general,https://en.wikipedia.org/wiki/Chellie_Pingree
Maine,Maine 1,Isaac Misiuk,Republican,30.7,False,False,D+9,general,
Maine,Maine 1,Richard Murphy,Independent,8.5,False,False,D+9,general,
Maine,Maine 2,Bruce Poliquin,Republican,47.1,False,True,D+2,general,https://en.wikipedia.org/wiki/Bruce_Poliquin
Maine,Maine 2,Emily Cain,Democratic,41.8,False,False,D+2,general,https://en.wikipedia.org/wiki/Emily_Cain
Maine,Maine 2,Blaine Richardson,Independent,10.6,False,False,D+2,general,
Maryland,Maryland 1,Andrew P. Harris,Republican,70.5,True,True,R+14,general,https://en.wikipedia.org/wiki/Andrew_P._Harris
Maryland,Maryland 1,Bill Tilghman,Democratic,29.5,False,False,R+14,general,
Maryland,Maryland 2,Dutch Ruppersberger,Democratic,61.3,True,True,D+10,general,https://en.wikipedia.org/wiki/Dutch_Ruppersberger
Maryland,Maryland 2,Dave Banach,Republican,35.9,False,False,D+10,general,
Maryland,Maryland 2,Ian Schlakman,Green,2.8,False,False,D+10,general,
Maryland,Maryland 3,John Sarbanes,Democratic,59.6,True,True,D+9,general,https://en.wikipedia.org/wiki/John_Sarbanes
Maryland,Maryland 3,Charles Long,Republican,40.4,False,False,D+9,general,
Maryland,Maryland 4,Donna Edwards,Democratic,70.2,True,True,D+26,general,https://en.wikipedia.org/wiki/Donna_Edwards
Maryland,Maryland 4,Nancy Hoyt,Republican,28.3,False,False,D+26,general,
Maryland,Maryland 4,Arvin Vohra,Libertarian,1.5,False,False,D+26,general,
Maryland,Maryland 5,Steny Hoyer,Democratic,64.1,True,True,D+14,general,https://en.wikipedia.org/wiki/Steny_Hoyer
Maryland,Maryland 5,Chris Chaffee,Republican,35.9,False,False,D+14,general,https://en.wikipedia.org/wiki/Chris_Chaffee
Maryland,Maryland 6,John K. Delaney,Democratic,49.7,True,True,D+4,general,https://en.wikipedia.org/wiki/John_K._Delaney
Maryland,Maryland 6,Daniel Bongino,Republican,48.3,False,False,D+4,general,https://en.wikipedia.org/wiki/Daniel_Bongino
Maryland,Maryland 6,George Gluck,Green,2.0,False,False,D+4,general,
Maryland,Maryland 7,Elijah Cummings,Democratic,70.0,True,True,D+24,general,https://en.wikipedia.org/wiki/Elijah_Cummings
Maryland,Maryland 7,Corrogan Vaughn,Republican,27.0,False,False,D+24,general,
Maryland,Maryland 7,Scott Soffen,Libertarian,3.0,False,False,D+24,general,
Maryland,Maryland 8,Chris Van Hollen,Democratic,60.9,True,True,D+11,general,https://en.wikipedia.org/wiki/Chris_Van_Hollen
Maryland,Maryland 8,David Wallace,Republican,39.1,False,False,D+11,general,
Massachusetts,Massachusetts 1,Richard Neal,Democratic,,True,True,D+13,general,https://en.wikipedia.org/wiki/Richard_Neal
Massachusetts,Massachusetts 2,Jim McGovern,Democratic,,True,True,D+8,general,https://en.wikipedia.org/wiki/Jim_McGovern_(American_politician)
Massachusetts,Massachusetts 3,Niki Tsongas,Democratic,63.0,True,True,D+6,general,https://en.wikipedia.org/wiki/Niki_Tsongas
Massachusetts,Massachusetts 3,Roseann Wofford,Republican,37.0,False,False,D+6,general,
Massachusetts,Massachusetts 4,Joe Kennedy III,Democratic,,True,True,D+6,general,https://en.wikipedia.org/wiki/Joe_Kennedy_III
Massachusetts,Massachusetts 5,Katherine Clark,Democratic,,True,True,D+14,general,https://en.wikipedia.org/wiki/Katherine_Clark
Massachusetts,Massachusetts 6,Seth Moulton,Democratic,55.0,False,True,D+4,general,https://en.wikipedia.org/wiki/Seth_Moulton
Massachusetts,Massachusetts 6,Richard Tisei,Republican,41.1,False,False,D+4,general,https://en.wikipedia.org/wiki/Richard_Tisei
Massachusetts,Massachusetts 6,Chris Stockwell,Independent,3.9,False,False,D+4,general,
Massachusetts,Massachusetts 7,Mike Capuano,Democratic,,True,True,D+31,general,https://en.wikipedia.org/wiki/Mike_Capuano
Massachusetts,Massachusetts 8,Stephen Lynch,Democratic,,True,True,D+6,general,https://en.wikipedia.org/wiki/Stephen_F._Lynch
Massachusetts,Massachusetts 9,Bill Keating,Democratic,55.0,True,True,D+5,general,https://en.wikipedia.org/wiki/Bill_Keating_(politician)
Massachusetts,Massachusetts 9,John Chapman,Republican,45.0,False,False,D+5,general,
Michigan,Michigan 1,Dan Benishek,Republican,52.1,True,True,R+5,general,https://en.wikipedia.org/wiki/Dan_Benishek
Michigan,Michigan 1,Jerry Cannon,Democratic,45.3,False,False,R+5,general,https://en.wikipedia.org/wiki/Jerry_Cannon
Michigan,Michigan 1,Loel Gnadt,Libertarian,1.5,False,False,R+5,general,
Michigan,Michigan 1,Ellis Boal,Green,1.1,False,False,R+5,general,
Michigan,Michigan 10,Candice Miller,Republican,68.7,True,True,R+6,general,https://en.wikipedia.org/wiki/Candice_Miller
Michigan,Michigan 10,Chuck Stadler,Democratic,29.4,False,False,R+6,general,
Michigan,Michigan 10,Harley Mikkelson,Green,2.0,False,False,R+6,general,
Michigan,Michigan 11,David Trott,Republican,55.9,False,True,R+4,general,https://en.wikipedia.org/wiki/Dave_Trott_(politician)
Michigan,Michigan 11,Bobby McKenzie,Democratic,40.5,False,False,R+4,general,https://en.wikipedia.org/wiki/Bobby_McKenzie
Michigan,Michigan 11,John Tatar,Libertarian,3.1,False,False,R+4,general,
Michigan,Michigan 12,Debbie Dingell,Democratic,65.0,False,True,D+15,general,https://en.wikipedia.org/wiki/Debbie_Dingell
Michigan,Michigan 12,Terry Bowman,Republican,31.3,False,False,D+15,general,
Michigan,Michigan 12,Gary Walkowicz,Independent,2.4,False,False,D+15,general,
Michigan,Michigan 12,Bhagwan Dashairya,Libertarian,1.2,False,False,D+15,general,
Michigan,Michigan 13,John Conyers,Democratic,79.5,True,True,D+34,general,https://en.wikipedia.org/wiki/John_Conyers
Michigan,Michigan 13,Jeff Gorman,Republican,16.3,False,False,D+34,general,
Michigan,Michigan 13,Chris Sharer,Libertarian,2.1,False,False,D+34,general,
Michigan,Michigan 13,Sam Johnson,Independent,2.1,False,False,D+34,general,
Michigan,Michigan 14,Brenda Lawrence,Democratic,77.8,False,True,D+29,general,https://en.wikipedia.org/wiki/Brenda_Lawrence
Michigan,Michigan 14,Christina Barr,Republican,19.7,False,False,D+29,general,
Michigan,Michigan 14,Leonard Schwartz,Libertarian,1.6,False,False,D+29,general,
Michigan,Michigan 14,Stephen Boyle,Green,0.9,False,False,D+29,general,
Michigan,Michigan 2,Bill Huizenga,Republican,63.6,True,True,R+7,general,https://en.wikipedia.org/wiki/Bill_Huizenga
Michigan,Michigan 2,Dean Vanderstelt,Democratic,33.3,False,False,R+7,general,
Michigan,Michigan 2,Ronald Welch,Libertarian,1.8,False,False,R+7,general,
Michigan,Michigan 2,Ronald Graeser,US Taxpayers,1.3,False,False,R+7,general,
Michigan,Michigan 3,Justin Amash,Republican,57.9,True,True,R+4,general,https://en.wikipedia.org/wiki/Justin_Amash
Michigan,Michigan 3,Bob Goodrich,Democratic,39.0,False,False,R+4,general,
Michigan,Michigan 3,Tonya Duncan,Green,3.1,False,False,R+4,general,
Michigan,Michigan 4,John Moolenaar,Republican,56.5,False,True,R+5,general,https://en.wikipedia.org/wiki/John_Moolenaar
Michigan,Michigan 4,Jeff Holmes,Democratic,39.1,False,False,R+5,general,
Michigan,Michigan 4,George Zimmer,US Taxpayers,2.3,False,False,R+5,general,
Michigan,Michigan 4,Will White,Libertarian,2.1,False,False,R+5,general,
Michigan,Michigan 5,Dan Kildee,Democratic,66.7,True,True,D+10,general,https://en.wikipedia.org/wiki/Dan_Kildee
Michigan,Michigan 5,Allen Hardwick,Republican,31.2,False,False,D+10,general,
Michigan,Michigan 5,Hal Jones,Libertarian,2.1,False,False,D+10,general,
Michigan,Michigan 6,Fred Upton,Republican,55.9,True,True,R+1,general,https://en.wikipedia.org/wiki/Fred_Upton
Michigan,Michigan 6,Paul Clements,Democratic,40.4,False,False,R+1,general,https://en.wikipedia.org/wiki/Paul_Clements
Michigan,Michigan 6,Erwin Haas,Libertarian,2.6,False,False,R+1,general,
Michigan,Michigan 6,John Lawrence,Green,1.1,False,False,R+1,general,
Michigan,Michigan 7,Tim Walberg,Republican,53.5,True,True,R+3,general,https://en.wikipedia.org/wiki/Tim_Walberg
Michigan,Michigan 7,Pam Byrnes,Democratic,41.2,False,False,R+3,general,https://en.wikipedia.org/wiki/Pam_Byrnes
Michigan,Michigan 7,Ken Proctor,Libertarian,2.0,False,False,R+3,general,
Michigan,Michigan 7,David Swartout,Independent,2.0,False,False,R+3,general,
Michigan,Michigan 7,Rick Strawcutter,US Taxpayers,1.4,False,False,R+3,general,
Michigan,Michigan 8,Mike Bishop,Republican,54.6,False,True,R+2,general,https://en.wikipedia.org/wiki/Mike_Bishop_(politician)
Michigan,Michigan 8,Eric Schertzing,Democratic,42.1,False,False,R+2,general,https://en.wikipedia.org/wiki/Eric_Schertzing
Michigan,Michigan 8,James Weeks,Libertarian,1.9,False,False,R+2,general,
Michigan,Michigan 8,Jim Casha,Green,0.8,False,False,R+2,general,
Michigan,Michigan 8,Jeremy Burgess,Natural Law,0.7,False,False,R+2,general,
Michigan,Michigan 9,Sander Levin,Democratic,60.4,True,True,D+6,general,https://en.wikipedia.org/wiki/Sander_Levin
Michigan,Michigan 9,George Brikho,Republican,36.1,False,False,D+6,general,
Michigan,Michigan 9,Greg Creswell,Libertarian,2.1,False,False,D+6,general,
Michigan,Michigan 9,John McDermott,Green,1.4,False,False,D+6,general,
Minnesota,Minnesota 1,Tim Walz,DFL,54.3,True,True,R+1,general,https://en.wikipedia.org/wiki/Tim_Walz
Minnesota,Minnesota 1,Jim Hagedorn,Republican,45.7,False,False,R+1,general,https://en.wikipedia.org/wiki/Jim_Hagedorn
Minnesota,Minnesota 2,John Kline,Republican,56.1,True,True,R+2,general,https://en.wikipedia.org/wiki/John_Kline_(politician)
Minnesota,Minnesota 2,Mike Obermueller,DFL,38.9,False,False,R+2,general,https://en.wikipedia.org/wiki/Mike_Obermueller
Minnesota,Minnesota 2,Paula Overby,Independence,5.0,False,False,R+2,general,https://en.wikipedia.org/wiki/Paula_Overby
Minnesota,Minnesota 3,Erik Paulsen,Republican,62.2,True,True,R+2,general,https://en.wikipedia.org/wiki/Erik_Paulsen
Minnesota,Minnesota 3,Sharon Sund,DFL,37.8,False,False,R+2,general,
Minnesota,Minnesota 4,Betty McCollum,DFL,61.2,True,True,D+11,general,https://en.wikipedia.org/wiki/Betty_McCollum
Minnesota,Minnesota 4,Sharna Wahlgren,Republican,32.9,False,False,D+11,general,
Minnesota,Minnesota 4,Dave Thomas,Independence,5.8,False,False,D+11,general,
Minnesota,Minnesota 5,Keith Ellison,DFL,70.9,True,True,D+22,general,https://en.wikipedia.org/wiki/Keith_Ellison
Minnesota,Minnesota 5,Doug Daggett,Republican,24.0,False,False,D+22,general,
Minnesota,Minnesota 5,Lee Bauer,Independence,5.1,False,False,D+22,general,
Minnesota,Minnesota 6,Tom Emmer,Republican,56.3,False,True,R+10,general,https://en.wikipedia.org/wiki/Tom_Emmer
Minnesota,Minnesota 6,Joe Perske,DFL,38.4,False,False,R+10,general,
Minnesota,Minnesota 6,John Denney,Independence,5.3,False,False,R+10,general,
Minnesota,Minnesota 7,Collin Peterson,DFL,54.3,True,True,R+6,general,https://en.wikipedia.org/wiki/Collin_Peterson
Minnesota,Minnesota 7,Torrey Westrom,Republican,45.7,False,False,R+6,general,https://en.wikipedia.org/wiki/Torrey_Westrom
Minnesota,Minnesota 8,Rick Nolan,DFL,48.5,True,True,D+1,general,https://en.wikipedia.org/wiki/Rick_Nolan
Minnesota,Minnesota 8,Stewart Mills III,Republican,47.1,False,False,D+1,general,https://en.wikipedia.org/wiki/Stewart_Mills_III
Minnesota,Minnesota 8,Skip Sandman,Green,4.3,False,False,D+1,general,
Mississippi,Mississippi 1,Alan Nunnelee,Republican,67.9,True,True,R+16,general,https://en.wikipedia.org/wiki/Alan_Nunnelee
Mississippi,Mississippi 1,Ron Dickey,Democratic,28.9,False,False,R+16,general,
Mississippi,Mississippi 1,Danny Bedwell,Libertarian,2.5,False,False,R+16,general,
Mississippi,Mississippi 1,Lajena Walley,Reform,0.6,False,False,R+16,general,
Mississippi,Mississippi 2,Bennie Thompson,Democratic,67.7,True,True,D+13,general,https://en.wikipedia.org/wiki/Bennie_Thompson
Mississippi,Mississippi 2,Troy Ray,Independent,24.5,False,False,D+13,general,
Mississippi,Mississippi 2,Shelley Shoemake,Reform,7.7,False,False,D+13,general,
Mississippi,Mississippi 3,Gregg Harper,Republican,68.9,True,True,R+14,general,https://en.wikipedia.org/wiki/Gregg_Harper
Mississippi,Mississippi 3,Doug Magee,Democratic,27.9,False,False,R+14,general,
Mississippi,Mississippi 3,Roger Gerrard,Independent,2.3,False,False,R+14,general,
Mississippi,Mississippi 3,Barbara Dale Washer,Reform,0.9,False,False,R+14,general,
Mississippi,Mississippi 4,Steven Palazzo,Republican,69.9,True,True,R+21,general,https://en.wikipedia.org/wiki/Steven_Palazzo
Mississippi,Mississippi 4,Matt Moore,Democratic,24.3,False,False,R+21,general,
Mississippi,Mississippi 4,Cindy Burleson,Independent,2.4,False,False,R+21,general,
Mississippi,Mississippi 4,Joey Robinson,Libertarian,2.2,False,False,R+21,general,
Mississippi,Mississippi 4,Eli Jackson,Reform,0.6,False,False,R+21,general,
Mississippi,Mississippi 4,Ed Reich,Independent,0.6,False,False,R+21,general,
Missouri,Missouri 1,Lacy Clay,Democratic,72.9,True,True,D+28,general,https://en.wikipedia.org/wiki/Lacy_Clay
Missouri,Missouri 1,Daniel Elder,Republican,21.6,False,False,D+28,general,
Missouri,Missouri 1,Robb Cunningham,Libertarian,5.5,False,False,D+28,general,https://en.wikipedia.org/wiki/Robb_Cunningham
Missouri,Missouri 2,Ann Wagner,Republican,64.1,True,True,R+8,general,https://en.wikipedia.org/wiki/Ann_Wagner
Missouri,Missouri 2,Arthur Lieber,Democratic,32.6,False,False,R+8,general,https://en.wikipedia.org/wiki/Arthur_Lieber
Missouri,Missouri 2,Bill Slantz,Libertarian,3.3,False,False,R+8,general,https://en.wikipedia.org/wiki/Bill_Slantz
Missouri,Missouri 3,Blaine Luetkemeyer,Republican,68.3,True,True,R+13,general,https://en.wikipedia.org/wiki/Blaine_Luetkemeyer
Missouri,Missouri 3,Courtney Denton,Democratic,27.2,False,False,R+13,general,
Missouri,Missouri 3,Steven Hedrick,Libertarian,4.5,False,False,R+13,general,https://en.wikipedia.org/wiki/Steven_Hedrick
Missouri,Missouri 4,Vicky Hartzler,Republican,68.1,True,True,R+13,general,https://en.wikipedia.org/wiki/Vicky_Hartzler
Missouri,Missouri 4,Nate Irvin,Democratic,26.4,False,False,R+13,general,
Missouri,Missouri 4,Herschel Young,Libertarian,5.6,False,False,R+13,general,
Missouri,Missouri 5,Emanuel Cleaver,Democratic,51.6,True,True,D+9,general,https://en.wikipedia.org/wiki/Emanuel_Cleaver
Missouri,Missouri 5,Jacob Turk,Republican,45.0,False,False,D+9,general,https://en.wikipedia.org/wiki/Jacob_Turk
Missouri,Missouri 5,Roy Welborn,Libertarian,3.5,False,False,D+9,general,
Missouri,Missouri 6,Sam Graves,Republican,66.6,True,True,R+12,general,https://en.wikipedia.org/wiki/Sam_Graves
Missouri,Missouri 6,Bill Hedge,Democratic,29.5,False,False,R+12,general,
Missouri,Missouri 6,Russ Monchil,Libertarian,3.8,False,False,R+12,general,
Missouri,Missouri 7,Billy Long,Republican,63.5,True,True,R+19,general,https://en.wikipedia.org/wiki/Billy_Long
Missouri,Missouri 7,Jim Evans,Democratic,28.8,False,False,R+19,general,https://en.wikipedia.org/wiki/Jim_Evans_(politician)
Missouri,Missouri 7,Kevin Craig,Libertarian,7.7,False,False,R+19,general,
Missouri,Missouri 8,Jason T. Smith,Republican,66.7,True,True,R+17,general,https://en.wikipedia.org/wiki/Jason_T._Smith
Missouri,Missouri 8,Barbara Stocker,Democratic,24.3,False,False,R+17,general,
Missouri,Missouri 8,Terry Hampton,Independent,4.3,False,False,R+17,general,
Missouri,Missouri 8,Doug Enyart,Constitution,2.4,False,False,R+17,general,
Missouri,Missouri 8,Rick Vandeven,Libertarian,2.4,False,False,R+17,general,
Montana,Montana at-large,Ryan Zinke,Republican,55.4,False,True,R+7,general,https://en.wikipedia.org/wiki/Ryan_Zinke
Montana,Montana at-large,John Lewis,Democratic,40.4,False,False,R+7,general,
Montana,Montana at-large,Mike Fellows,Libertarian,4.2,False,False,R+7,general,https://en.wikipedia.org/wiki/Mike_Fellows_(politician)
Nebraska,Nebraska 1,Jeff Fortenberry,Republican,68.8,True,True,R+10,general,https://en.wikipedia.org/wiki/Jeff_Fortenberry
Nebraska,Nebraska 1,Dennis Crawford,Democratic,31.2,False,False,R+10,general,
Nebraska,Nebraska 2,Brad Ashford,Democratic,49.0,False,True,R+4,general,https://en.wikipedia.org/wiki/Brad_Ashford
Nebraska,Nebraska 2,Lee Terry,Republican,45.7,True,False,R+4,general,https://en.wikipedia.org/wiki/Lee_Terry
Nebraska,Nebraska 2,Steven Laird,Libertarian,5.3,False,False,R+4,general,
Nebraska,Nebraska 3,Adrian M. Smith,Republican,75.4,True,True,R+23,general,https://en.wikipedia.org/wiki/Adrian_M._Smith
Nebraska,Nebraska 3,Mark Sullivan,Democratic,24.6,False,False,R+23,general,
Nevada,Nevada 1,Dina Titus,Democratic,56.8,True,True,D+14,general,https://en.wikipedia.org/wiki/Dina_Titus
Nevada,Nevada 1,Annette Teijeiro,Republican,37.9,False,False,D+14,general,https://en.wikipedia.org/wiki/Annette_Teijeiro
Nevada,Nevada 1,Richard Charles,Libertarian,3.3,False,False,D+14,general,
Nevada,Nevada 1,Kamau Bakari,Independent American,2.0,False,False,D+14,general,
Nevada,Nevada 2,Mark Amodei,Republican,65.8,True,True,R+5,general,https://en.wikipedia.org/wiki/Mark_Amodei
Nevada,Nevada 2,Kristen Spees,Democratic,27.9,False,False,R+5,general,
Nevada,Nevada 2,Janine Hansen,Independent American,6.3,False,False,R+5,general,
Nevada,Nevada 3,Joe Heck,Republican,60.8,True,True,EVEN,general,https://en.wikipedia.org/wiki/Joe_Heck
Nevada,Nevada 3,Erin Bilbray,Democratic,36.1,False,False,EVEN,general,
Nevada,Nevada 3,David Goossen,Independent,1.1,False,False,EVEN,general,
Nevada,Nevada 3,Randy Kimmick,Libertarian,1.1,False,False,EVEN,general,
Nevada,Nevada 3,Steven St. John,Independent,0.9,False,False,EVEN,general,
Nevada,Nevada 4,Cresent Hardy,Republican,48.5,False,True,D+4,general,https://en.wikipedia.org/wiki/Cresent_Hardy
Nevada,Nevada 4,Steven Horsford,Democratic,45.8,True,False,D+4,general,https://en.wikipedia.org/wiki/Steven_Horsford
Nevada,Nevada 4,Steve Brown,Libertarian,3.2,False,False,D+4,general,
Nevada,Nevada 4,Russell Best,Independent American,2.6,False,False,D+4,general,
New Hampshire,New Hampshire 1,Frank Guinta,Republican,51.8,False,True,R+1,general,https://en.wikipedia.org/wiki/Frank_Guinta
New Hampshire,New Hampshire 1,Carol Shea-Porter,Democratic,48.2,True,False,R+1,general,https://en.wikipedia.org/wiki/Carol_Shea-Porter
New Hampshire,New Hampshire 2,Ann McLane Kuster,Democratic,55.0,True,True,D+3,general,https://en.wikipedia.org/wiki/Ann_McLane_Kuster
New Hampshire,New Hampshire 2,Marilinda Garcia,Republican,45.0,False,False,D+3,general,https://en.wikipedia.org/wiki/Marilinda_Garcia
New Jersey,New Jersey 1,Donald Norcross,Democratic,57.4,False,True,D+13,general,https://en.wikipedia.org/wiki/Donald_Norcross
New Jersey,New Jersey 1,Garry Cobb,Republican,39.4,False,False,D+13,general,https://en.wikipedia.org/wiki/Garry_Cobb
New Jersey,New Jersey 1,Scot Tomaszewski,Independent,1.1,False,False,D+13,general,
New Jersey,New Jersey 1,Margaret Chapman,Independent,0.7,False,False,D+13,general,
New Jersey,New Jersey 1,Robert Shapiro,Independent,0.7,False,False,D+13,general,
New Jersey,New Jersey 1,Mike Berman,Independent,0.4,False,False,D+13,general,
New Jersey,New Jersey 1,Don Letton,D-R,0.3,False,False,D+13,general,
New Jersey,New Jersey 1,Donald Norcross,Democratic,57.3,False,True,,special,https://en.wikipedia.org/wiki/Donald_Norcross
New Jersey,New Jersey 1,Garry Cobb,Republican,39.5,False,False,,special,https://en.wikipedia.org/wiki/Garry_Cobb
New Jersey,New Jersey 1,Scot John Tomaszewski,Independent,1.1,False,False,,special,
New Jersey,New Jersey 1,Margaret Chapman,Independent,0.7,False,False,,special,
New Jersey,New Jersey 1,Mike Berman,Independent,0.4,False,False,,special,
New Jersey,New Jersey 1,Donald Letton,Independent,0.3,False,False,,special,
New Jersey,New Jersey 1,Robert Shapiro,Independent,,False,False,,special,
New Jersey,New Jersey 10,Donald Payne Jr.,Democratic,85.4,True,True,D+34,general,https://en.wikipedia.org/wiki/Donald_Payne_Jr.
New Jersey,New Jersey 10,olanda Dentley,Republican,12.6,False,True,D+34,general,
New Jersey,New Jersey 10,Gwendolyn Franklin,Independent,1.1,False,False,D+34,general,
New Jersey,New Jersey 10,Dark Angel,Independent,0.9,False,False,D+34,general,
New Jersey,New Jersey 11,Rodney Frelinghuysen,Republican,62.6,True,True,R+6,general,https://en.wikipedia.org/wiki/Rodney_Frelinghuysen
New Jersey,New Jersey 11,Mark Dunec,Democratic,37.4,False,False,R+6,general,
New Jersey,New Jersey 12,Bonnie Watson Coleman,Democratic,61.0,False,True,D+14,general,https://en.wikipedia.org/wiki/Bonnie_Watson_Coleman
New Jersey,New Jersey 12,Alieta Eck,Republican,36.5,False,False,D+14,general,https://en.wikipedia.org/wiki/Alieta_Eck
New Jersey,New Jersey 12,Don DeZarn,Independent,0.9,False,False,D+14,general,
New Jersey,New Jersey 12,Steven Welzer,Green,0.6,False,False,D+14,general,
New Jersey,New Jersey 12,Ken Cody,Independent,0.4,False,False,D+14,general,
New Jersey,New Jersey 12,Jack Freudenheim,Independent,0.4,False,False,D+14,general,
New Jersey,New Jersey 12,Allen Cannon,D-R,0.3,False,False,D+14,general,
New Jersey,New Jersey 2,Frank LoBiondo,Republican,61.4,True,True,D+1,general,https://en.wikipedia.org/wiki/Frank_LoBiondo
New Jersey,New Jersey 2,Bill Hughes Jr.,Democratic,37.3,False,False,D+1,general,
New Jersey,New Jersey 2,Alexander Spano,D-R,0.4,False,False,D+1,general,
New Jersey,New Jersey 2,Constantino Rozzo,American Labor,0.3,False,False,D+1,general,
New Jersey,New Jersey 2,Bayo Olabisi,Independent,0.3,False,False,D+1,general,
New Jersey,New Jersey 2,Gary Stein,Independent,0.3,False,False,D+1,general,
New Jersey,New Jersey 3,Tom MacArthur,Republican,54.0,False,True,R+1,general,https://en.wikipedia.org/wiki/Tom_MacArthur
New Jersey,New Jersey 3,Aimee Belgard,Democratic,44.3,False,False,R+1,general,https://en.wikipedia.org/wiki/Aimee_Belgard
New Jersey,New Jersey 3,Frederick John LaVergne,D-R,1.7,False,False,R+1,general,
New Jersey,New Jersey 4,Chris Smith,Republican,68.0,True,True,R+7,general,https://en.wikipedia.org/wiki/Chris_Smith_(New_Jersey_politician)
New Jersey,New Jersey 4,Ruben Scolavino,Democratic,31.1,False,False,R+7,general,
New Jersey,New Jersey 4,Scott Neuman,Independent,0.9,False,False,R+7,general,
New Jersey,New Jersey 5,Scott Garrett,Republican,55.4,True,True,R+4,general,https://en.wikipedia.org/wiki/Scott_Garrett
New Jersey,New Jersey 5,Roy Cho,Democratic,43.3,False,False,R+4,general,https://en.wikipedia.org/wiki/Roy_Cho
New Jersey,New Jersey 5,Mark Quick,Independent,1.3,False,False,R+4,general,
New Jersey,New Jersey 6,Frank Pallone,Democratic,59.9,True,True,D+8,general,https://en.wikipedia.org/wiki/Frank_Pallone
New Jersey,New Jersey 6,Anthony Wilkinson,Republican,38.9,False,False,D+8,general,
New Jersey,New Jersey 6,Dorit Goikhman,Libertarian,1.2,False,False,D+8,general,
New Jersey,New Jersey 7,Leonard Lance,Republican,59.2,True,True,R+6,general,https://en.wikipedia.org/wiki/Leonard_Lance
New Jersey,New Jersey 7,Janice Kovach,Democratic,38.8,False,False,R+6,general,
New Jersey,New Jersey 7,Jim Gawron,Libertarian,2.0,False,False,R+6,general,
New Jersey,New Jersey 8,Albio Sires,Democratic,77.4,True,True,D+24,general,https://en.wikipedia.org/wiki/Albio_Sires
New Jersey,New Jersey 8,Jude-Anthony Tiscornia,Republican,19.0,False,False,D+24,general,
New Jersey,New Jersey 8,Herbert Shaw,Independent,1.5,False,False,D+24,general,
New Jersey,New Jersey 8,Pablo Olivera,Independent,1.3,False,False,D+24,general,
New Jersey,New Jersey 8,Robert Thorne,Independent,0.8,False,False,D+24,general,
New Jersey,New Jersey 9,Bill Pascrell,Democratic,68.5,True,True,D+14,general,https://en.wikipedia.org/wiki/Bill_Pascrell
New Jersey,New Jersey 9,Dierdre Paul,Republican,30.1,False,False,D+14,general,
New Jersey,New Jersey 9,Nestor Montilla,Independent,1.4,False,False,D+14,general,
New Mexico,New Mexico 1,Michelle Luján Grisham,Democratic,58.6,True,True,D+7,general,https://en.wikipedia.org/wiki/Michelle_Luj%C3%A1n_Grisham
New Mexico,New Mexico 1,Mike Frese,Republican,41.4,False,False,D+7,general,
New Mexico,New Mexico 2,Steve Pearce,Republican,64.5,True,True,R+5,general,https://en.wikipedia.org/wiki/Steve_Pearce_(politician)
New Mexico,New Mexico 2,Rocky Lara,Democratic,35.5,False,False,R+5,general,https://en.wikipedia.org/wiki/Rocky_Lara
New Mexico,New Mexico 3,Ben Ray Luján,Democratic,61.5,True,True,D+8,general,https://en.wikipedia.org/wiki/Ben_Ray_Luj%C3%A1n
New Mexico,New Mexico 3,Jeff Byrd,Republican,38.5,False,False,D+8,general,https://en.wikipedia.org/wiki/Jefferson_Byrd
New York,New York 1,Lee Zeldin,Republican,54.4,False,True,R+2,general,https://en.wikipedia.org/wiki/Lee_Zeldin
New York,New York 1,Tim Bishop,Democratic,45.5,False,False,R+2,general,https://en.wikipedia.org/wiki/Timothy_H._Bishop
New York,New York 10,Jerrold Nadler,Democratic,87.4,True,True,D+23,general,https://en.wikipedia.org/wiki/Jerrold_Nadler
New York,New York 10,Ross Brady,Conservative,11.8,False,False,D+23,general,
New York,New York 10,Michael Dilger,America First,0.5,False,False,D+23,general,
New York,New York 11,Michael Grimm,Republican,54.9,True,True,R+2,general,https://en.wikipedia.org/wiki/Michael_Grimm_(politician)
New York,New York 11,Domenic Recchia,Democratic,42.1,False,False,R+2,general,https://en.wikipedia.org/wiki/Domenic_Recchia
New York,New York 11,Henry Bardel,Green,2.5,False,False,R+2,general,
New York,New York 12,Carolyn Maloney,Democratic,79.9,True,True,D+27,general,https://en.wikipedia.org/wiki/Carolyn_Maloney
New York,New York 12,Nick Di Iorio,Republican,20.0,False,False,D+27,general,https://en.wikipedia.org/wiki/Nick_Di_Iorio
New York,New York 13,Charles Rangel,Democratic,87.3,True,True,D+42,general,https://en.wikipedia.org/wiki/Charles_Rangel
New York,New York 13,Daniel Vila,Green,12.5,False,False,D+42,general,
New York,New York 14,Joe Crowley,Democratic,88.0,True,True,D+26,general,https://en.wikipedia.org/wiki/Joe_Crowley
New York,New York 14,Elizabeth Perri,Conservative,11.8,False,False,D+26,general,
New York,New York 15,José E. Serrano,Democratic,97.1,True,True,D+42,general,https://en.wikipedia.org/wiki/Jos%C3%A9_E._Serrano
New York,New York 15,Eduardo Ramirez,Conservative,1.9,False,False,D+42,general,
New York,New York 15,Bill Edstrom,Green,1.0,False,False,D+42,general,
New York,New York 16,Eliot Engel,Democratic,99.3,True,True,D+21,general,https://en.wikipedia.org/wiki/Eliot_Engel
New York,New York 17,Nita Lowey,Democratic,56.4,True,True,D+5,general,https://en.wikipedia.org/wiki/Nita_Lowey
New York,New York 17,Chris Day,Republican,43.5,False,False,D+5,general,
New York,New York 18,Sean Patrick Maloney,Democratic,49.7,True,True,EVEN,general,https://en.wikipedia.org/wiki/Sean_Patrick_Maloney
New York,New York 18,Nan Hayworth,Republican,47.8,False,False,EVEN,general,https://en.wikipedia.org/wiki/Nan_Hayworth
New York,New York 18,Scott Smith,Independent,2.4,False,False,EVEN,general,
New York,New York 19,Chris Gibson,Republican,64.5,True,True,D+1,general,https://en.wikipedia.org/wiki/Chris_Gibson_(New_York_politician)
New York,New York 19,Sean Eldridge,Democratic,35.5,False,False,D+1,general,https://en.wikipedia.org/wiki/Sean_Eldridge
New York,New York 2,Peter T. King,Republican,68.3,True,True,R+1,general,https://en.wikipedia.org/wiki/Peter_T._King
New York,New York 2,Pat Maher,Democratic,30.0,False,False,R+1,general,
New York,New York 2,Will Stevenson,Green,1.6,False,False,R+1,general,
New York,New York 20,Paul Tonko,Democratic,61.2,True,True,D+7,general,https://en.wikipedia.org/wiki/Paul_Tonko
New York,New York 20,Jim Fischer,Republican,38.7,False,False,D+7,general,https://en.wikipedia.org/wiki/Jim_Fischer
New York,New York 21,Elise Stefanik,Republican,55.1,False,True,EVEN,general,https://en.wikipedia.org/wiki/Elise_Stefanik
New York,New York 21,Aaron Woolf,Democratic,33.8,False,False,EVEN,general,https://en.wikipedia.org/wiki/Aaron_Woolf
New York,New York 21,Matt Funiciello,Green,11.0,False,False,EVEN,general,
New York,New York 22,Richard L. Hanna,Republican,98.4,True,True,R+3,general,https://en.wikipedia.org/wiki/Richard_L._Hanna
New York,New York 23,Tom Reed,Republican,61.7,True,True,R+3,general,https://en.wikipedia.org/wiki/Tom_Reed_(politician)
New York,New York 23,Martha Robertson,Democratic,38.3,False,False,R+3,general,https://en.wikipedia.org/wiki/Martha_Robertson
New York,New York 24,John Katko,Republican,59.5,False,True,D+5,general,https://en.wikipedia.org/wiki/John_Katko
New York,New York 24,Dan Maffei,Democratic,40.3,True,False,D+5,general,https://en.wikipedia.org/wiki/Dan_Maffei
New York,New York 25,Louise Slaughter,Democratic,50.2,True,True,D+7,general,https://en.wikipedia.org/wiki/Louise_Slaughter
New York,New York 25,Mark Assini,Republican,49.7,False,False,D+7,general,https://en.wikipedia.org/wiki/Mark_Assini
New York,New York 26,Brian Higgins,Democratic,68.15,True,True,D+7,general,https://en.wikipedia.org/wiki/Brian_Higgins
New York,New York 26,Kathy Weppner,Republican,31.85,False,False,D+7,general,https://en.wikipedia.org/wiki/Kathy_Weppner
New York,New York 27,Chris Collins,Republican,71.0,True,True,R+8,general,https://en.wikipedia.org/wiki/Chris_Collins_(New_York_politician)
New York,New York 27,James O'Donnell,Democratic,28.9,False,False,R+8,general,https://en.wikipedia.org/wiki/Jim_O%27Donnell
New York,New York 3,Steve Israel,Democratic,54.8,True,True,EVEN,general,https://en.wikipedia.org/wiki/Steve_Israel
New York,New York 3,Grant M. Lally,Republican,45.2,False,False,EVEN,general,https://en.wikipedia.org/wiki/Grant_Lally
New York,New York 4,Kathleen Rice,Democratic,52.8,False,True,D+3,general,https://en.wikipedia.org/wiki/Kathleen_Rice
New York,New York 4,Bruce Blakeman,Republican,47.1,False,False,D+3,general,https://en.wikipedia.org/wiki/Bruce_Blakeman
New York,New York 5,Gregory W. Meeks,Democratic,94.9,True,True,D+35,general,https://en.wikipedia.org/wiki/Gregory_W._Meeks
New York,New York 5,Allen Steinhardt,Independent,4.9,False,False,D+35,general,
New York,New York 6,Grace Meng,Democratic,98.8,True,True,D+13,general,https://en.wikipedia.org/wiki/Grace_Meng
New York,New York 7,Nydia Velázquez,Democratic,88.7,True,True,D+34,general,https://en.wikipedia.org/wiki/Nydia_Vel%C3%A1zquez
New York,New York 7,Jose Luis Fernandez,Republican,9.0,False,False,D+34,general,
New York,New York 7,Allan Romaguera,Conservative,2.2,False,False,D+34,general,
New York,New York 8,Hakeem Jeffries,Democratic,92.0,True,True,D+35,general,https://en.wikipedia.org/wiki/Hakeem_Jeffries
New York,New York 8,Alan Bellone,Conservative,7.9,False,False,D+35,general,
New York,New York 9,Yvette Clarke,Democratic,89.3,True,True,D+32,general,https://en.wikipedia.org/wiki/Yvette_Clarke
New York,New York 9,Daniel Cavanagh,Conservative,10.5,False,False,D+32,general,
North Carolina,North Carolina 1,G. K. Butterfield,Democratic,73.38,True,True,D+19,general,https://en.wikipedia.org/wiki/G._K._Butterfield
North Carolina,North Carolina 1,Arthur Rich,Republican,26.62,False,False,D+19,general,
North Carolina,North Carolina 10,Patrick McHenry,Republican,61.02,True,True,R+11,general,https://en.wikipedia.org/wiki/Patrick_McHenry
North Carolina,North Carolina 10,Tate MacQueen,Democratic,38.98,False,False,R+11,general,
North Carolina,North Carolina 11,Mark Meadows,Republican,62.9,True,True,R+13,general,https://en.wikipedia.org/wiki/Mark_Meadows
North Carolina,North Carolina 11,Thomas Waddell Hill,Democratic,37.1,False,False,R+13,general,
North Carolina,North Carolina 12,Alma Adams,Democratic,75.35,False,True,D+26,general,https://en.wikipedia.org/wiki/Alma_Adams
North Carolina,North Carolina 12,Vince Coakley,Republican,24.65,False,False,D+26,general,
North Carolina,North Carolina 12,Alma Adams,Democratic,75.4,False,True,,special,https://en.wikipedia.org/wiki/Alma_Adams
North Carolina,North Carolina 12,Vince Coakley,Republican,24.6,False,False,,special,
North Carolina,North Carolina 13,George Holding,Republican,57.31,True,True,R+8,general,https://en.wikipedia.org/wiki/George_Holding
North Carolina,North Carolina 13,Brenda Cleary,Democratic,42.69,False,False,R+8,general,
North Carolina,North Carolina 2,Renee Ellmers,Republican,58.83,True,True,R+10,general,https://en.wikipedia.org/wiki/Renee_Ellmers
North Carolina,North Carolina 2,Clay Aiken,Democratic,41.17,False,False,R+10,general,https://en.wikipedia.org/wiki/Clay_Aiken
North Carolina,North Carolina 3,Walter B. Jones Jr.,Republican,67.81,True,True,R+11,general,https://en.wikipedia.org/wiki/Walter_B._Jones_Jr.
North Carolina,North Carolina 3,Marshall Adame,Democratic,32.19,False,False,R+11,general,
North Carolina,North Carolina 4,David E. Price,Democratic,74.75,True,True,D+20,general,https://en.wikipedia.org/wiki/David_E._Price
North Carolina,North Carolina 4,Paul M. Wright,Republican,25.25,False,False,D+20,general,
North Carolina,North Carolina 5,Virginia Foxx,Republican,61.02,True,True,R+11,general,https://en.wikipedia.org/wiki/Virginia_Foxx
North Carolina,North Carolina 5,Josh Brannon,Democratic,38.98,False,False,R+11,general,
North Carolina,North Carolina 6,Mark Walker,Republican,58.67,False,True,R+10,general,https://en.wikipedia.org/wiki/Mark_Walker_(North_Carolina_politician)
North Carolina,North Carolina 6,Laura Fjeld,Democratic,41.33,False,False,R+10,general,
North Carolina,North Carolina 7,David Rouzer,Republican,59.35,False,True,R+12,general,https://en.wikipedia.org/wiki/David_Rouzer
North Carolina,North Carolina 7,Jonathan Barfield,Democratic,37.11,False,False,R+12,general,
North Carolina,North Carolina 7,J. Wesley Casteen,Libertarian,3.47,False,False,R+12,general,
North Carolina,North Carolina 8,Richard Hudson,Republican,64.86,True,True,R+11,general,https://en.wikipedia.org/wiki/Richard_Hudson_(American_politician)
North Carolina,North Carolina 8,Antonio Blue,Democratic,35.14,False,False,R+11,general,
North Carolina,North Carolina 9,Robert Pittenger,Republican,93.9,True,True,R+8,general,https://en.wikipedia.org/wiki/Robert_Pittenger
North Dakota,North Dakota at-large,Kevin Cramer,Republican,55.5,True,True,R+10,general,https://en.wikipedia.org/wiki/Kevin_Cramer
North Dakota,North Dakota at-large,George B. Sinner,Democratic-NPL,38.5,False,False,R+10,general,https://en.wikipedia.org/wiki/George_B._Sinner
North Dakota,North Dakota at-large,Jack Seaman,Libertarian,5.8,False,False,R+10,general,
Ohio,Ohio 1,Steve Chabot,Republican,63.2,True,True,R+6,general,https://en.wikipedia.org/wiki/Steve_Chabot
Ohio,Ohio 1,Fred Kundrata,Democratic,36.8,False,False,R+6,general,
Ohio,Ohio 10,Mike Turner,Republican,65.2,True,True,R+3,general,https://en.wikipedia.org/wiki/Mike_Turner
Ohio,Ohio 10,Robert Klepinger,Democratic,31.5,False,False,R+3,general,
Ohio,Ohio 10,David Harlow,Libertarian,3.3,False,False,R+3,general,
Ohio,Ohio 11,Marcia Fudge,Democratic,79.4,True,True,D+30,general,https://en.wikipedia.org/wiki/Marcia_Fudge
Ohio,Ohio 11,Mark Zetzer,Republican,20.6,False,False,D+30,general,
Ohio,Ohio 12,Pat Tiberi,Republican,68.1,True,True,R+8,general,https://en.wikipedia.org/wiki/Pat_Tiberi
Ohio,Ohio 12,David Tibbs,Democratic,27.8,False,False,R+8,general,
Ohio,Ohio 12,Bob Hart,Green,4.1,False,False,R+8,general,
Ohio,Ohio 13,Tim Ryan,Democratic,68.5,True,True,D+11,general,https://en.wikipedia.org/wiki/Tim_Ryan_(Ohio_politician)
Ohio,Ohio 13,Thomas Pekarek,Republican,31.5,False,False,D+11,general,
Ohio,Ohio 14,David Joyce,Republican,63.3,True,True,R+4,general,https://en.wikipedia.org/wiki/David_Joyce_(politician)
Ohio,Ohio 14,Michael Wager,Democratic,33.0,False,False,R+4,general,https://en.wikipedia.org/wiki/Michael_Wager_(Ohio_politician)
Ohio,Ohio 14,David Macko,Libertarian,3.7,False,False,R+4,general,
Ohio,Ohio 15,Steve Stivers,Republican,66.0,True,True,R+6,general,https://en.wikipedia.org/wiki/Steve_Stivers
Ohio,Ohio 15,Scott Wharton,Democratic,34.0,False,False,R+6,general,https://en.wikipedia.org/wiki/Scott_Wharton
Ohio,Ohio 16,Jim Renacci,Republican,63.7,True,True,R+6,general,https://en.wikipedia.org/wiki/Jim_Renacci
Ohio,Ohio 16,Pete Crossland,Democratic,36.3,False,False,R+6,general,https://en.wikipedia.org/wiki/Pete_Crossland
Ohio,Ohio 2,Brad Wenstrup,Republican,66.0,True,True,R+8,general,https://en.wikipedia.org/wiki/Brad_Wenstrup
Ohio,Ohio 2,Marek Tyszkiewicz,Democratic,34.0,False,False,R+8,general,
Ohio,Ohio 3,Joyce Beatty,Democratic,64.1,True,True,D+17,general,https://en.wikipedia.org/wiki/Joyce_Beatty
Ohio,Ohio 3,Jim Burgess,Republican,35.9,False,False,D+17,general,
Ohio,Ohio 4,Jim Jordan,Republican,67.7,True,True,R+9,general,https://en.wikipedia.org/wiki/Jim_Jordan
Ohio,Ohio 4,Janet Garrett,Democratic,32.3,False,False,R+9,general,https://en.wikipedia.org/wiki/Janet_Garrett
Ohio,Ohio 5,Bob Latta,Republican,66.5,True,True,R+7,general,https://en.wikipedia.org/wiki/Bob_Latta
Ohio,Ohio 5,Robert Fry,Democratic,28.9,False,False,R+7,general,
Ohio,Ohio 5,Eric Eberly,Libertarian,4.6,False,False,R+7,general,
Ohio,Ohio 6,Bill Johnson,Republican,58.2,True,True,R+8,general,https://en.wikipedia.org/wiki/Bill_Johnson_(Ohio_politician)
Ohio,Ohio 6,Jennifer Garrison,Democratic,38.6,False,False,R+8,general,https://en.wikipedia.org/wiki/Jennifer_Garrison
Ohio,Ohio 6,Dennis Lambert,Green,3.2,False,False,R+8,general,
Ohio,Ohio 7,Bob Gibbs,Republican,100.0,True,True,R+6,general,https://en.wikipedia.org/wiki/Bob_Gibbs
Ohio,Ohio 8,John Boehner,Republican,67.2,True,True,R+15,general,https://en.wikipedia.org/wiki/John_Boehner
Ohio,Ohio 8,Tom Poetter,Democratic,27.4,False,False,R+15,general,
Ohio,Ohio 8,Jim Condit Jr.,Constitution,5.4,False,False,R+15,general,
Ohio,Ohio 9,Marcy Kaptur,Democratic,67.7,True,True,D+15,general,https://en.wikipedia.org/wiki/Marcy_Kaptur
Ohio,Ohio 9,Richard May,Republican,32.3,False,False,D+15,general,
Oklahoma,Oklahoma 1,Jim Bridenstine,Republican,,True,True,R+18,general,https://en.wikipedia.org/wiki/Jim_Bridenstine
Oklahoma,Oklahoma 2,Markwayne Mullin,Republican,70.0,True,True,R+20,general,https://en.wikipedia.org/wiki/Markwayne_Mullin
Oklahoma,Oklahoma 2,Earl Everett,Democratic,24.6,False,False,R+20,general,
Oklahoma,Oklahoma 2,Jon Douthitt,Independent,5.4,False,False,R+20,general,
Oklahoma,Oklahoma 3,Frank Lucas,Republican,78.6,True,True,R+26,general,https://en.wikipedia.org/wiki/Frank_Lucas
Oklahoma,Oklahoma 3,Frankie Robbins,Democratic,21.4,False,False,R+26,general,
Oklahoma,Oklahoma 4,Tom Cole,Republican,70.8,True,True,R+19,general,https://en.wikipedia.org/wiki/Tom_Cole
Oklahoma,Oklahoma 4,Bert Smith,Democratic,24.7,False,False,R+19,general,
Oklahoma,Oklahoma 4,Dennis Johnson,Independent,4.5,False,False,R+19,general,
Oklahoma,Oklahoma 5,Steve Russell,Republican,60.1,False,True,R+12,general,https://en.wikipedia.org/wiki/Steve_Russell_(politician)
Oklahoma,Oklahoma 5,Al McAffrey,Democratic,36.3,False,False,R+12,general,https://en.wikipedia.org/wiki/Al_McAffrey
Oklahoma,Oklahoma 5,Robert Murphy,Independent,1.4,False,False,R+12,general,
Oklahoma,Oklahoma 5,Tom Boggs,Independent,1.3,False,False,R+12,general,
Oklahoma,Oklahoma 5,Buddy Ray,Independent,0.9,False,False,R+12,general,
Oregon,Oregon 1,Suzanne Bonamici,Democratic,57.6,True,True,D+7,general,https://en.wikipedia.org/wiki/Suzanne_Bonamici
Oregon,Oregon 1,Jason Yates,Republican,34.6,False,False,D+7,general,
Oregon,Oregon 1,James Foster,Libertarian,3.9,False,False,D+7,general,
Oregon,Oregon 1,Steven Reynolds,Pacific Green,3.8,False,False,D+7,general,
Oregon,Oregon 2,Greg Walden,Republican,70.4,True,True,R+10,general,https://en.wikipedia.org/wiki/Greg_Walden
Oregon,Oregon 2,Aelea Cristofferson,Democratic,25.7,False,False,R+10,general,
Oregon,Oregon 2,Sharon Durbin,Libertarian,3.9,False,False,R+10,general,
Oregon,Oregon 3,Earl Blumenauer,Democratic,73.0,True,True,D+22,general,https://en.wikipedia.org/wiki/Earl_Blumenauer
Oregon,Oregon 3,James Buchal,Republican,19.5,False,False,D+22,general,https://en.wikipedia.org/wiki/James_Buchal
Oregon,Oregon 3,Michael Meo,Pacific Green,4.0,False,False,D+22,general,
Oregon,Oregon 3,Jeffrey Langan,Libertarian,2.1,False,False,D+22,general,
Oregon,Oregon 4,Peter DeFazio,Democratic,58.6,True,True,D+2,general,https://en.wikipedia.org/wiki/Peter_DeFazio
Oregon,Oregon 4,Art Robinson,Republican,37.7,False,False,D+2,general,https://en.wikipedia.org/wiki/Art_Robinson
Oregon,Oregon 4,Mike Beilstein,Pacific Green,2.2,False,False,D+2,general,
Oregon,Oregon 4,David Chester,Libertarian,1.5,False,False,D+2,general,
Oregon,Oregon 5,Kurt Schrader,Democratic,53.9,True,True,EVEN,general,https://en.wikipedia.org/wiki/Kurt_Schrader
Oregon,Oregon 5,Tootie Smith,Republican,39.4,False,False,EVEN,general,https://en.wikipedia.org/wiki/Tootie_Smith
Oregon,Oregon 5,Marvin Sannes,Independent,2.7,False,False,EVEN,general,
Oregon,Oregon 5,Raymond Baldwin,Constitution,2.2,False,False,EVEN,general,
Oregon,Oregon 5,Daniel Souza,Libertarian,1.8,False,False,EVEN,general,
Pennsylvania,Pennsylvania 1,Bob Brady,Democratic,82.8,True,True,D+28,general,https://en.wikipedia.org/wiki/Bob_Brady
Pennsylvania,Pennsylvania 1,Megan Rath,Republican,17.2,False,False,D+28,general,
Pennsylvania,Pennsylvania 10,Tom Marino,Republican,62.6,True,True,R+12,general,https://en.wikipedia.org/wiki/Tom_Marino
Pennsylvania,Pennsylvania 10,Scott Brion,Democratic,24.8,False,False,R+12,general,
Pennsylvania,Pennsylvania 10,Nick Troiano,Independent,12.6,False,False,R+12,general,
Pennsylvania,Pennsylvania 11,Lou Barletta,Republican,66.3,True,True,R+6,general,https://en.wikipedia.org/wiki/Lou_Barletta
Pennsylvania,Pennsylvania 11,Andy Ostrowski,Democratic,33.7,False,False,R+6,general,
Pennsylvania,Pennsylvania 12,Keith Rothfus,Republican,59.3,True,True,R+9,general,https://en.wikipedia.org/wiki/Keith_Rothfus
Pennsylvania,Pennsylvania 12,Erin McClelland,Democratic,40.7,False,False,R+9,general,https://en.wikipedia.org/wiki/Erin_McClelland
Pennsylvania,Pennsylvania 13,Brendan Boyle,Democratic,67.1,False,True,D+13,general,https://en.wikipedia.org/wiki/Brendan_Boyle
Pennsylvania,Pennsylvania 13,Dee Adcock,Republican,32.9,False,False,D+13,general,https://en.wikipedia.org/wiki/Dee_Adcock
Pennsylvania,Pennsylvania 14,Michael F. Doyle,Democratic,100.0,True,True,D+15,general,https://en.wikipedia.org/wiki/Michael_F._Doyle
Pennsylvania,Pennsylvania 15,Charlie Dent,Republican,100.0,True,True,R+2,general,https://en.wikipedia.org/wiki/Charlie_Dent
Pennsylvania,Pennsylvania 16,Joseph R. Pitts,Republican,57.7,True,True,R+4,general,https://en.wikipedia.org/wiki/Joseph_R._Pitts
Pennsylvania,Pennsylvania 16,Tom Houghton,Democratic,42.3,False,False,R+4,general,https://en.wikipedia.org/wiki/Tom_Houghton
Pennsylvania,Pennsylvania 17,Matt Cartwright,Democratic,56.8,True,True,D+4,general,https://en.wikipedia.org/wiki/Matt_Cartwright
Pennsylvania,Pennsylvania 17,David Moylan,Republican,43.2,False,False,D+4,general,
Pennsylvania,Pennsylvania 18,Tim Murphy,Republican,100.0,True,True,R+10,general,https://en.wikipedia.org/wiki/Tim_Murphy_(American_politician)
Pennsylvania,Pennsylvania 2,Chaka Fattah,Democratic,87.7,True,True,D+38,general,https://en.wikipedia.org/wiki/Chaka_Fattah
Pennsylvania,Pennsylvania 2,Armond James,Republican,12.3,False,False,D+38,general,
Pennsylvania,Pennsylvania 3,Mike Kelly,Republican,60.6,True,True,R+8,general,https://en.wikipedia.org/wiki/Mike_Kelly_(Pennsylvania_politician)
Pennsylvania,Pennsylvania 3,Dan LaVallee,Democratic,39.4,False,False,R+8,general,
Pennsylvania,Pennsylvania 4,Scott Perry,Republican,74.5,True,True,R+9,general,https://en.wikipedia.org/wiki/Scott_Perry
Pennsylvania,Pennsylvania 4,Linda D. Thompson,Democratic,25.5,False,False,R+9,general,https://en.wikipedia.org/wiki/Linda_D._Thompson
Pennsylvania,Pennsylvania 5,Glenn Thompson,Republican,63.6,True,True,R+8,general,https://en.wikipedia.org/wiki/Glenn_Thompson_(politician)
Pennsylvania,Pennsylvania 5,Kerith Strano Taylor,Democratic,36.4,False,False,R+8,general,
Pennsylvania,Pennsylvania 6,Ryan Costello,Republican,56.3,False,True,R+2,general,https://en.wikipedia.org/wiki/Ryan_Costello
Pennsylvania,Pennsylvania 6,Manan Trivedi,Democratic,43.7,False,False,R+2,general,https://en.wikipedia.org/wiki/Manan_Trivedi
Pennsylvania,Pennsylvania 7,Pat Meehan,Republican,62.0,True,True,R+2,general,https://en.wikipedia.org/wiki/Pat_Meehan
Pennsylvania,Pennsylvania 7,Mary Ellen Balchunis,Democratic,38.0,False,False,R+2,general,https://en.wikipedia.org/wiki/Mary_Ellen_Balchunis
Pennsylvania,Pennsylvania 8,Mike Fitzpatrick,Republican,61.9,True,True,R+1,general,https://en.wikipedia.org/wiki/Mike_Fitzpatrick
Pennsylvania,Pennsylvania 8,Kevin Strouse,Democratic,38.1,False,False,R+1,general,https://en.wikipedia.org/wiki/Kevin_Strouse
Pennsylvania,Pennsylvania 9,Bill Shuster,Republican,63.5,True,True,R+14,general,https://en.wikipedia.org/wiki/Bill_Shuster
Pennsylvania,Pennsylvania 9,Alanna Hartzok,Democratic,36.5,False,False,R+14,general,
Rhode Island,Rhode Island 1,David Cicilline,Democratic,59.6,True,True,D+15,general,https://en.wikipedia.org/wiki/David_Cicilline
Rhode Island,Rhode Island 1,Cormick Lynch,Republican,40.4,False,False,D+15,general,
Rhode Island,Rhode Island 2,James Langevin,Democratic,62.3,True,True,D+8,general,https://en.wikipedia.org/wiki/James_Langevin
Rhode Island,Rhode Island 2,Rhue Reis,Republican,37.7,False,False,D+8,general,
South Carolina,South Carolina 1,Mark Sanford,Republican,,True,True,R+11,general,https://en.wikipedia.org/wiki/Mark_Sanford
South Carolina,South Carolina 2,Joe Wilson,Republican,62.4,True,True,R+16,general,https://en.wikipedia.org/wiki/Joe_Wilson_(American_politician)
South Carolina,South Carolina 2,Phil Black,Democratic,35.3,False,False,R+16,general,
South Carolina,South Carolina 2,Harold Geddings III,Labor,2.3,False,False,R+16,general,
South Carolina,South Carolina 3,Jeff Duncan,Republican,71.2,True,True,R+18,general,https://en.wikipedia.org/wiki/Jeff_Duncan_(politician)
South Carolina,South Carolina 3,Barbara Jo Mullis,Democratic,28.8,False,False,R+18,general,
South Carolina,South Carolina 4,Trey Gowdy,Republican,84.8,True,True,R+15,general,https://en.wikipedia.org/wiki/Trey_Gowdy
South Carolina,South Carolina 4,Curtis McLaughlin,Libertarian,15.2,False,False,R+15,general,
South Carolina,South Carolina 5,Mick Mulvaney,Republican,58.9,True,True,R+9,general,https://en.wikipedia.org/wiki/Mick_Mulvaney
South Carolina,South Carolina 5,Tom Adams,Democratic,41.1,False,False,R+9,general,
South Carolina,South Carolina 6,Jim Clyburn,Democratic,72.5,True,True,D+21,general,https://en.wikipedia.org/wiki/Jim_Clyburn
South Carolina,South Carolina 6,Anthony Culler,Republican,25.6,False,False,D+21,general,
South Carolina,South Carolina 6,Kevin Umbaugh,Libertarian,1.9,False,False,D+21,general,
South Carolina,South Carolina 7,Tom Rice,Republican,60.0,True,True,R+7,general,https://en.wikipedia.org/wiki/Tom_Rice
South Carolina,South Carolina 7,Gloria Tinubu,Democratic,40.0,False,False,R+7,general,https://en.wikipedia.org/wiki/Gloria_Tinubu
South Dakota,South Dakota at-large,Kristi Noem,Republican,66.5,True,True,R+10,general,https://en.wikipedia.org/wiki/Kristi_Noem
South Dakota,South Dakota at-large,Corinna Robinson,Democratic,33.5,False,False,R+10,general,https://en.wikipedia.org/wiki/Corinna_Robinson
Tennessee,Tennessee 1,Phil Roe,Republican,82.8,True,True,R+25,general,https://en.wikipedia.org/wiki/Phil_Roe_(politician)
Tennessee,Tennessee 1,Bob Smith,Green,7.1,False,False,R+25,general,
Tennessee,Tennessee 1,Robert Franklin,Independent,7.1,False,False,R+25,general,
Tennessee,Tennessee 1,Michael Salyer,Libertarian,3.0,False,False,R+25,general,
Tennessee,Tennessee 2,Jimmy Duncan,Republican,72.5,True,True,R+20,general,https://en.wikipedia.org/wiki/Jimmy_Duncan_(politician)
Tennessee,Tennessee 2,Bob Scott,Democratic,22.6,False,False,R+20,general,
Tennessee,Tennessee 2,Casey Gouge,Independent,2.5,False,False,R+20,general,
Tennessee,Tennessee 2,Norris Dryer,Green,2.4,False,False,R+20,general,
Tennessee,Tennessee 3,Chuck Fleischmann,Republican,62.4,True,True,R+16,general,https://en.wikipedia.org/wiki/Chuck_Fleischmann
Tennessee,Tennessee 3,Mary Headrick,Democratic,34.6,False,False,R+16,general,
Tennessee,Tennessee 3,Cassandra Mitchell,Independent,3.1,False,False,R+16,general,
Tennessee,Tennessee 4,Scott DesJarlais,Republican,58.3,True,True,R+18,general,https://en.wikipedia.org/wiki/Scott_DesJarlais
Tennessee,Tennessee 4,Lenda Sherrell,Democratic,35.3,False,False,R+18,general,
Tennessee,Tennessee 4,Robert Doggart,Independent,6.4,False,False,R+18,general,
Tennessee,Tennessee 5,Jim Cooper,Democratic,62.3,True,True,D+5,general,https://en.wikipedia.org/wiki/Jim_Cooper
Tennessee,Tennessee 5,Bob Ries,Republican,35.7,False,False,D+5,general,
Tennessee,Tennessee 5,Paul Deakin,Independent,2.0,False,False,D+5,general,
Tennessee,Tennessee 6,Diane Black,Republican,71.1,True,True,R+21,general,https://en.wikipedia.org/wiki/Diane_Black
Tennessee,Tennessee 6,Amos Powers,Democratic,23.0,False,False,R+21,general,
Tennessee,Tennessee 6,Mike Winton,Independent,5.9,False,False,R+21,general,
Tennessee,Tennessee 7,Marsha Blackburn,Republican,70.0,True,True,R+18,general,https://en.wikipedia.org/wiki/Marsha_Blackburn
Tennessee,Tennessee 7,Dan Cramer,Democratic,26.8,False,False,R+18,general,
Tennessee,Tennessee 7,Lenny Ladner,Libertarian,3.2,False,False,R+18,general,
Tennessee,Tennessee 8,Stephen Fincher,Republican,70.8,True,True,R+19,general,https://en.wikipedia.org/wiki/Stephen_Fincher
Tennessee,Tennessee 8,Wes Bradley,Democratic,24.6,False,False,R+19,general,
Tennessee,Tennessee 8,Mark Rawles,Constitution,2.6,False,False,R+19,general,
Tennessee,Tennessee 8,James Hart,Independent,2.0,False,False,R+19,general,
Tennessee,Tennessee 9,Steve Cohen,Democratic,75.0,True,True,D+25,general,https://en.wikipedia.org/wiki/Steve_Cohen_(politician)
Tennessee,Tennessee 9,Charlotte Bergmann,Republican,23.3,False,False,D+25,general,
Tennessee,Tennessee 9,Floyd Alberson,Independent,0.7,False,False,D+25,general,
Tennessee,Tennessee 9,Paul Cook,Independent,0.6,False,False,D+25,general,
Tennessee,Tennessee 9,Herbert Bass,Independent,0.4,False,False,D+25,general,
Texas,Texas 1,Louie Gohmert,Republican,77.5,True,True,R+24,general,https://en.wikipedia.org/wiki/Louie_Gohmert
Texas,Texas 1,Shirley McKellar,Democratic,22.5,False,False,R+24,general,
Texas,Texas 10,Michael McCaul,Republican,62.2,True,True,R+11,general,https://en.wikipedia.org/wiki/Michael_McCaul
Texas,Texas 10,Tawana Walter-Cadien,Democratic,34.1,False,False,R+11,general,
Texas,Texas 10,Bill Kelsey,Libertarian,3.7,False,False,R+11,general,
Texas,Texas 11,Mike Conaway,Republican,90.3,True,True,R+31,general,https://en.wikipedia.org/wiki/Mike_Conaway
Texas,Texas 11,Ryan Lange,Libertarian,9.7,False,False,R+31,general,
Texas,Texas 12,Kay Granger,Republican,71.3,True,True,R+19,general,https://en.wikipedia.org/wiki/Kay_Granger
Texas,Texas 12,Mark Greene,Democratic,26.3,False,False,R+19,general,
Texas,Texas 12,Ed Colliver,Libertarian,2.4,False,False,R+19,general,
Texas,Texas 13,Mac Thornberry,Republican,84.3,True,True,R+32,general,https://en.wikipedia.org/wiki/Mac_Thornberry
Texas,Texas 13,Mike Minter,Democratic,12.8,False,False,R+32,general,
Texas,Texas 13,Emily Pivoda,Libertarian,2.2,False,False,R+32,general,
Texas,Texas 13,Don Cook,Green,0.7,False,False,R+32,general,
Texas,Texas 14,Randy Weber,Republican,61.8,True,True,R+12,general,https://en.wikipedia.org/wiki/Randy_Weber
Texas,Texas 14,Donald Brown,Democratic,36.1,False,False,R+12,general,https://en.wikipedia.org/wiki/Don_Brown_(American_politician)
Texas,Texas 14,John Wieder,Libertarian,2.1,False,False,R+12,general,
Texas,Texas 15,Rubén Hinojosa,Democratic,54.0,True,True,D+5,general,https://en.wikipedia.org/wiki/Rub%C3%A9n_Hinojosa
Texas,Texas 15,Eddie Zamora,Republican,43.3,False,False,D+5,general,
Texas,Texas 15,Johnny Partain,Libertarian,2.7,False,False,D+5,general,
Texas,Texas 16,Beto O'Rourke,Democratic,67.5,True,True,D+12,general,https://en.wikipedia.org/wiki/Beto_O%27Rourke
Texas,Texas 16,Corey Roen,Republican,29.2,False,False,D+12,general,
Texas,Texas 16,Jaime O. Perez,Libertarian,3.3,False,False,D+12,general,
Texas,Texas 17,Bill Flores,Republican,64.6,True,True,R+13,general,https://en.wikipedia.org/wiki/Bill_Flores
Texas,Texas 17,Nick Haynes,Democratic,32.4,False,False,R+13,general,
Texas,Texas 17,Shawn Hamilton,Libertarian,3.0,False,False,R+13,general,
Texas,Texas 18,Sheila Jackson Lee,Democratic,71.8,True,True,D+24,general,https://en.wikipedia.org/wiki/Sheila_Jackson_Lee
Texas,Texas 18,Sean Seibert,Republican,24.8,False,False,D+24,general,
Texas,Texas 18,Vince Duncan,Independent,2.2,False,False,D+24,general,
Texas,Texas 18,Remington Alessi,Green,1.2,False,False,D+24,general,
Texas,Texas 19,Randy Neugebauer,Republican,77.2,True,True,R+26,general,https://en.wikipedia.org/wiki/Randy_Neugebauer
Texas,Texas 19,Neal Marchbanks,Democratic,18.4,False,False,R+26,general,
Texas,Texas 19,Chip Peterson,Libertarian,4.4,False,False,R+26,general,
Texas,Texas 2,Ted Poe,Republican,68.0,True,True,R+16,general,https://en.wikipedia.org/wiki/Ted_Poe
Texas,Texas 2,Niko Letsos,Democratic,29.6,False,False,R+16,general,
Texas,Texas 2,James B. Veasaw,Libertarian,1.5,False,False,R+16,general,
Texas,Texas 2,Mark A. Roberts,Green,0.9,False,False,R+16,general,
Texas,Texas 20,Joaquín Castro,Democratic,75.7,True,True,D+6,general,https://en.wikipedia.org/wiki/Joaqu%C3%ADn_Castro
Texas,Texas 20,Jeffrey C. Blunt,Libertarian,24.3,False,False,D+6,general,
Texas,Texas 21,Lamar S. Smith,Republican,71.8,True,True,R+12,general,https://en.wikipedia.org/wiki/Lamar_S._Smith
Texas,Texas 21,Antonio Diaz,Green,14.7,False,False,R+12,general,
Texas,Texas 21,Ryan Shields,Libertarian,13.5,False,False,R+12,general,
Texas,Texas 22,Pete Olson,Republican,66.6,True,True,R+15,general,https://en.wikipedia.org/wiki/Pete_Olson
Texas,Texas 22,Frank Briscoe,Democratic,31.6,False,False,R+15,general,
Texas,Texas 22,Rob Lapham,Libertarian,1.9,False,False,R+15,general,
Texas,Texas 23,Will Hurd,Republican,49.8,False,True,R+3,general,https://en.wikipedia.org/wiki/Will_Hurd
Texas,Texas 23,Pete Gallego,Democratic,47.7,True,False,R+3,general,https://en.wikipedia.org/wiki/Pete_Gallego
Texas,Texas 23,Ruben S. Corvalan,Libertarian,2.5,False,False,R+3,general,
Texas,Texas 24,Kenny Marchant,Republican,65.1,True,True,R+13,general,https://en.wikipedia.org/wiki/Kenny_Marchant
Texas,Texas 24,Patrick McGehearty,Democratic,32.3,False,False,R+13,general,
Texas,Texas 24,Mike Kolls,Libertarian,2.6,False,False,R+13,general,
Texas,Texas 25,Roger Williams,Republican,60.2,True,True,R+12,general,https://en.wikipedia.org/wiki/Roger_Williams_(Texas_politician)
Texas,Texas 25,Marco Montoya,Democratic,36.2,False,False,R+12,general,
Texas,Texas 25,John Betz,Libertarian,3.5,False,False,R+12,general,
Texas,Texas 26,Michael C. Burgess,Republican,82.7,True,True,R+20,general,https://en.wikipedia.org/wiki/Michael_C._Burgess
Texas,Texas 26,Mark Boler,Libertarian,17.3,False,False,R+20,general,
Texas,Texas 27,Blake Farenthold,Republican,63.6,True,True,R+13,general,https://en.wikipedia.org/wiki/Blake_Farenthold
Texas,Texas 27,Wesley Reed,Democratic,33.7,False,False,R+13,general,
Texas,Texas 27,Roxanne Simonson,Libertarian,2.7,False,False,R+13,general,
Texas,Texas 28,Henry Cuellar,Democratic,82.1,True,True,D+7,general,https://en.wikipedia.org/wiki/Henry_Cuellar
Texas,Texas 28,Will Aikens,Libertarian,13.3,False,False,D+7,general,
Texas,Texas 28,Michael D. Cary,Green,4.6,False,False,D+7,general,
Texas,Texas 29,Gene Green,Democratic,89.5,True,True,D+12,general,https://en.wikipedia.org/wiki/Gene_Green
Texas,Texas 29,James Stanczak,Libertarian,10.5,False,False,D+12,general,
Texas,Texas 3,Sam Johnson,Republican,82.0,True,True,R+17,general,https://en.wikipedia.org/wiki/Sam_Johnson
Texas,Texas 3,Paul Blair,Green,18.0,False,False,R+17,general,
Texas,Texas 30,Eddie Bernice Johnson,Democratic,87.9,True,True,D+27,general,https://en.wikipedia.org/wiki/Eddie_Bernice_Johnson
Texas,Texas 30,Max Koch,Libertarian,6.8,False,False,D+27,general,
Texas,Texas 30,Eric Williams,Independent,5.3,False,False,D+27,general,
Texas,Texas 31,John Carter,Republican,64.1,True,True,R+12,general,https://en.wikipedia.org/wiki/John_Carter_(Texas_politician)
Texas,Texas 31,Louie Minor,Democratic,32.0,False,False,R+12,general,
Texas,Texas 31,Scott Ballard,Libertarian,4.0,False,False,R+12,general,
Texas,Texas 32,Pete Sessions,Republican,61.8,True,True,R+10,general,https://en.wikipedia.org/wiki/Pete_Sessions
Texas,Texas 32,Frank Perez,Democratic,35.4,False,False,R+10,general,
Texas,Texas 32,Ed Rankin,Libertarian,2.7,False,False,R+10,general,
Texas,Texas 33,Marc Veasey,Democratic,86.5,True,True,D+18,general,https://en.wikipedia.org/wiki/Marc_Veasey
Texas,Texas 33,Jason Reeves,Libertarian,13.5,False,False,D+18,general,
Texas,Texas 34,Filemon Vela Jr.,Democratic,59.5,True,True,D+8,general,https://en.wikipedia.org/wiki/Filemon_Vela_Jr.
Texas,Texas 34,Larry Smith,Republican,38.5,False,False,D+8,general,
Texas,Texas 34,Ryan Rowley,Libertarian,2.0,False,False,D+8,general,
Texas,Texas 35,Lloyd Doggett,Democratic,62.5,True,True,D+11,general,https://en.wikipedia.org/wiki/Lloyd_Doggett
Texas,Texas 35,Susan Narvaiz,Republican,33.3,False,False,D+11,general,https://en.wikipedia.org/wiki/Susan_Narvaiz
Texas,Texas 35,Cory Bruner,Libertarian,2.9,False,False,D+11,general,
Texas,Texas 35,Kat Swift,Green,1.3,False,False,D+11,general,
Texas,Texas 36,Brian Babin,Republican,76.0,False,True,R+25,general,https://en.wikipedia.org/wiki/Brian_Babin
Texas,Texas 36,Michael Cole,Democratic,22.0,False,False,R+25,general,
Texas,Texas 36,Rodney Veach,Libertarian,1.5,False,False,R+25,general,
Texas,Texas 36,Hal Ridley Jr.,Green,0.5,False,False,R+25,general,
Texas,Texas 4,John Ratcliffe,Republican,,False,True,R+25,general,https://en.wikipedia.org/wiki/John_Ratcliffe_(American_politician)
Texas,Texas 5,Jeb Hensarling,Republican,85.5,True,True,R+17,general,https://en.wikipedia.org/wiki/Jeb_Hensarling
Texas,Texas 5,Ken Ashby,Libertarian,14.5,False,False,R+17,general,
Texas,Texas 6,Joe Barton,Republican,61.2,True,True,R+11,general,https://en.wikipedia.org/wiki/Joe_Barton
Texas,Texas 6,David Cozad,Democratic,36.4,False,False,R+11,general,
Texas,Texas 6,Hugh Chauvin,Libertarian,2.4,False,False,R+11,general,
Texas,Texas 7,John Culberson,Republican,63.3,True,True,R+13,general,https://en.wikipedia.org/wiki/John_Culberson
Texas,Texas 7,James Cargas,Democratic,34.5,False,False,R+13,general,https://en.wikipedia.org/wiki/James_Cargas
Texas,Texas 7,Gerald Fowler,Libertarian,2.2,False,False,R+13,general,
Texas,Texas 8,Kevin Brady,Republican,89.3,True,True,R+29,general,https://en.wikipedia.org/wiki/Kevin_Brady
Texas,Texas 8,Ken Petty,Libertarian,10.7,False,False,R+29,general,
Texas,Texas 9,Al Green,Democratic,90.8,True,True,D+25,general,https://en.wikipedia.org/wiki/Al_Green_(politician)
Texas,Texas 9,Johnny Johnson,Libertarian,9.2,False,False,D+25,general,
Utah,Utah 1,Rob Bishop,Republican,64.2,True,True,R+27,general,https://en.wikipedia.org/wiki/Rob_Bishop
Utah,Utah 1,Donna McAleer,Democratic,29.0,False,False,R+27,general,
Utah,Utah 1,Craig Bowden,Libertarian,3.6,False,False,R+27,general,
Utah,Utah 1,Dwayne Vance,Independent American,3.2,False,False,R+27,general,
Utah,Utah 2,Chris Stewart,Republican,60.4,True,True,R+18,general,https://en.wikipedia.org/wiki/Chris_Stewart_(politician)
Utah,Utah 2,Luz Robles,Democratic,33.2,False,False,R+18,general,https://en.wikipedia.org/wiki/Luz_Robles
Utah,Utah 2,Shaun McCausland,Constitution,3.0,False,False,R+18,general,
Utah,Utah 2,Wayne Hill,Independent American,2.3,False,False,R+18,general,
Utah,Utah 2,Bill Barron,Independent,1.1,False,False,R+18,general,
Utah,Utah 3,Jason Chaffetz,Republican,72.2,True,True,R+28,general,https://en.wikipedia.org/wiki/Jason_Chaffetz
Utah,Utah 3,Brian Wonnacott,Democratic,22.5,False,False,R+28,general,
Utah,Utah 3,Zack Strong,Independent American,2.2,False,False,R+28,general,
Utah,Utah 3,Stephen Tryon,Independent,1.8,False,False,R+28,general,
Utah,Utah 3,Ben Mates,Independent,1.0,False,False,R+28,general,
Utah,Utah 4,Mia Love,Republican,50.9,False,True,R+16,general,https://en.wikipedia.org/wiki/Mia_Love
Utah,Utah 4,Doug Owens,Democratic,45.8,False,False,R+16,general,https://en.wikipedia.org/wiki/Doug_Owens
Utah,Utah 4,Tim Aalders,Independent American,1.4,False,False,R+16,general,
Utah,Utah 4,Jim Vein,Libertarian,0.9,False,False,R+16,general,
Utah,Utah 4,Collin Simonsen,Constitution,0.9,False,False,R+16,general,
Vermont,Vermont at-large,Peter Welch,Democratic,64.4,True,True,D+16,general,https://en.wikipedia.org/wiki/Peter_Welch
Vermont,Vermont at-large,Mark Donka,Republican,31.0,False,False,D+16,general,
Vermont,Vermont at-large,Cris Ericson,Independent,1.4,False,False,D+16,general,
Vermont,Vermont at-large,Matthew Andrews,Liberty Union,1.1,False,False,D+16,general,
Vermont,Vermont at-large,Jerry Trudell,Independent,1.1,False,False,D+16,general,
Vermont,Vermont at-large,Randall Meyer,Independent,0.9,False,False,D+16,general,
Virginia,Virginia 1,Rob Wittman,Republican,62.9,True,True,R+6,general,https://en.wikipedia.org/wiki/Rob_Wittman
Virginia,Virginia 1,Norm Mosher,Democratic,34.4,False,False,R+6,general,
Virginia,Virginia 1,Gail Parker,Independent Green,2.7,False,False,R+6,general,
Virginia,Virginia 10,Barbara Comstock,Republican,56.6,False,True,R+2,general,https://en.wikipedia.org/wiki/Barbara_Comstock
Virginia,Virginia 10,John Foust,Democratic,40.4,False,False,R+2,general,https://en.wikipedia.org/wiki/John_Foust
Virginia,Virginia 10,Bill Redpath,Libertarian,1.5,False,False,R+2,general,https://en.wikipedia.org/wiki/Bill_Redpath
Virginia,Virginia 10,Brad Eickholt,Independent,1.1,False,False,R+2,general,
Virginia,Virginia 10,Dianne Blais,Independent Green,0.4,False,False,R+2,general,
Virginia,Virginia 11,Gerry Connolly,Democratic,56.9,True,True,D+10,general,https://en.wikipedia.org/wiki/Gerry_Connolly
Virginia,Virginia 11,Suzanne Scholte,Republican,40.4,False,False,D+10,general,https://en.wikipedia.org/wiki/Suzanne_Scholte
Virginia,Virginia 11,Marc Harrold,Libertarian,1.7,False,False,D+10,general,
Virginia,Virginia 11,Joe Galdo,Green,0.9,False,False,D+10,general,
Virginia,Virginia 2,Scott Rigell,Republican,58.8,True,True,R+2,general,https://en.wikipedia.org/wiki/Scott_Rigell
Virginia,Virginia 2,Suzanne Patrick,Democratic,41.2,False,False,R+2,general,https://en.wikipedia.org/wiki/Suzanne_Patrick
Virginia,Virginia 3,Bobby Scott,Democratic,94.4,True,True,D+27,general,https://en.wikipedia.org/wiki/Bobby_Scott_(politician)
Virginia,Virginia 4,Randy Forbes,Republican,60.2,True,True,R+4,general,https://en.wikipedia.org/wiki/Randy_Forbes
Virginia,Virginia 4,Elliott Fausz,Democratic,37.5,False,False,R+4,general,
Virginia,Virginia 4,Bo Brown,Libertarian,2.3,False,False,R+4,general,
Virginia,Virginia 5,Robert Hurt,Republican,60.9,True,True,R+5,general,https://en.wikipedia.org/wiki/Robert_Hurt_(politician)
Virginia,Virginia 5,Lawrence Gaughan,Democratic,35.9,False,False,R+5,general,https://en.wikipedia.org/wiki/Lawrence_Gaughan
Virginia,Virginia 5,Paul Jones,Libertarian,2.1,False,False,R+5,general,
Virginia,Virginia 5,Ken Hildebrandt,Independent Green,1.1,False,False,R+5,general,
Virginia,Virginia 6,Bob Goodlatte,Republican,75.5,True,True,R+12,general,https://en.wikipedia.org/wiki/Bob_Goodlatte
Virginia,Virginia 6,Will Hammer,Libertarian,12.5,False,False,R+12,general,
Virginia,Virginia 6,Elaine Hildebrandt,Independent Green,12.0,False,False,R+12,general,
Virginia,Virginia 7,Dave Brat,Republican,60.8,False,True,R+10,general,https://en.wikipedia.org/wiki/Dave_Brat
Virginia,Virginia 7,Jack Trammell,Democratic,37.0,False,False,R+10,general,
Virginia,Virginia 7,James Carr,Libertarian,2.1,False,False,R+10,general,
Virginia,Virginia 7,Dave Brat,Republican,62.0,False,True,,special,https://en.wikipedia.org/wiki/Dave_Brat
Virginia,Virginia 7,Jack Trammell,Democratic,38.0,False,False,,special,
Virginia,Virginia 8,Don Beyer,Democratic,63.1,False,True,D+16,general,https://en.wikipedia.org/wiki/Don_Beyer
Virginia,Virginia 8,Micah Edmond,Republican,31.5,False,False,D+16,general,
Virginia,Virginia 8,Gwendolyn Beck,Independent,2.7,False,False,D+16,general,
Virginia,Virginia 8,Jeffrey Carson,Libertarian,2.2,False,False,D+16,general,
Virginia,Virginia 8,Gerard Blais,Independent Green,0.5,False,False,D+16,general,
Virginia,Virginia 9,Morgan Griffith,Republican,72.2,True,True,R+15,general,https://en.wikipedia.org/wiki/Morgan_Griffith
Virginia,Virginia 9,William Carr,Independent,27.8,False,False,R+15,general,
Washington,Washington 1,Suzan DelBene,Democratic,55.0,True,True,D+4,general,https://en.wikipedia.org/wiki/Suzan_DelBene
Washington,Washington 1,Pedro Celis,Republican,45.0,False,False,D+4,general,https://en.wikipedia.org/wiki/Pedro_Celis
Washington,Washington 10,Dennis Heck,Democratic,54.7,True,True,D+5,general,https://en.wikipedia.org/wiki/Dennis_Heck
Washington,Washington 10,Joyce McDonald,Republican,45.3,False,False,D+5,general,https://en.wikipedia.org/wiki/Joyce_McDonald
Washington,Washington 2,Rick Larsen,Democratic,60.6,True,True,D+8,general,https://en.wikipedia.org/wiki/Rick_Larsen
Washington,Washington 2,B. J. Guillot,Republican,39.4,False,False,D+8,general,
Washington,Washington 3,Jaime Herrera Beutler,Republican,61.5,True,True,R+2,general,https://en.wikipedia.org/wiki/Jaime_Herrera_Beutler
Washington,Washington 3,Bob Dingethal,Democratic,38.5,False,False,R+2,general,https://en.wikipedia.org/wiki/Bob_Dingethal
Washington,Washington 4,Dan Newhouse,Republican,50.9,False,True,R+13,general,https://en.wikipedia.org/wiki/Dan_Newhouse
Washington,Washington 4,Clint Didier,Republican,49.1,False,False,R+13,general,https://en.wikipedia.org/wiki/Clint_Didier
Washington,Washington 5,Cathy McMorris Rodgers,Republican,60.7,True,True,R+7,general,https://en.wikipedia.org/wiki/Cathy_McMorris_Rodgers
Washington,Washington 5,Joe Pakootas,Democratic,39.3,False,False,R+7,general,
Washington,Washington 6,Derek Kilmer,Democratic,63.0,True,True,D+5,general,https://en.wikipedia.org/wiki/Derek_Kilmer
Washington,Washington 6,Marty McClendon,Republican,37.0,False,False,D+5,general,https://en.wikipedia.org/wiki/Marty_McClendon
Washington,Washington 7,Jim McDermott,Democratic,81.0,True,True,D+29,general,https://en.wikipedia.org/wiki/Jim_McDermott
Washington,Washington 7,Craig Keller,Republican,19.0,False,False,D+29,general,https://en.wikipedia.org/wiki/Craig_Keller
Washington,Washington 8,Dave Reichert,Republican,63.3,True,True,R+1,general,https://en.wikipedia.org/wiki/Dave_Reichert
Washington,Washington 8,Jason Ritchie,Democratic,36.7,False,False,R+1,general,https://en.wikipedia.org/wiki/Jason_Ritchie
Washington,Washington 9,Adam Smith,Democratic,70.8,True,True,D+17,general,https://en.wikipedia.org/wiki/Adam_Smith_(Washington_politician)
Washington,Washington 9,Doug Basler,Republican,29.2,False,False,D+17,general,
West Virginia,West Virginia 1,David McKinley,Republican,64.0,True,True,R+14,general,https://en.wikipedia.org/wiki/David_McKinley
West Virginia,West Virginia 1,Glen Gainer,Democratic,36.0,False,False,R+14,general,https://en.wikipedia.org/wiki/Glen_Gainer_III
West Virginia,West Virginia 2,Alex Mooney,Republican,47.1,False,True,R+11,general,https://en.wikipedia.org/wiki/Alex_Mooney
West Virginia,West Virginia 2,Nick Casey,Democratic,43.9,False,False,R+11,general,https://en.wikipedia.org/wiki/Nick_Casey
West Virginia,West Virginia 2,Davy Jones,Libertarian,5.0,False,False,R+11,general,
West Virginia,West Virginia 2,Ed Rabel,Independent,4.0,False,False,R+11,general,
West Virginia,West Virginia 3,Evan Jenkins,Republican,55.3,False,True,R+14,general,https://en.wikipedia.org/wiki/Evan_Jenkins_(politician)
West Virginia,West Virginia 3,Nick Rahall,Democratic,44.7,True,False,R+14,general,https://en.wikipedia.org/wiki/Nick_Rahall
Wisconsin,Wisconsin 1,Paul Ryan,Republican,63.3,True,True,R+3,general,https://en.wikipedia.org/wiki/Paul_Ryan
Wisconsin,Wisconsin 1,Rob Zerban,Democratic,36.7,False,False,R+3,general,
Wisconsin,Wisconsin 2,Mark Pocan,Democratic,68.5,True,True,D+17,general,https://en.wikipedia.org/wiki/Mark_Pocan
Wisconsin,Wisconsin 2,Peter Theron,Republican,31.5,False,False,D+17,general,
Wisconsin,Wisconsin 3,Ron Kind,Democratic,56.5,True,True,D+5,general,https://en.wikipedia.org/wiki/Ron_Kind
Wisconsin,Wisconsin 3,Tony Kurtz,Republican,43.5,False,False,D+5,general,https://en.wikipedia.org/wiki/Tony_Kurtz
Wisconsin,Wisconsin 4,Gwen Moore,Democratic,70.2,True,True,D+23,general,https://en.wikipedia.org/wiki/Gwen_Moore
Wisconsin,Wisconsin 4,Dan Sebring,Republican,26.9,False,False,D+23,general,
Wisconsin,Wisconsin 4,Robert Raymond,Independent,2.9,False,False,D+23,general,
Wisconsin,Wisconsin 5,Jim Sensenbrenner,Republican,69.5,True,True,R+13,general,https://en.wikipedia.org/wiki/Jim_Sensenbrenner
Wisconsin,Wisconsin 5,Chris Rockwood,Democratic,30.5,False,False,R+13,general,
Wisconsin,Wisconsin 6,Glenn Grothman,Republican,56.8,False,True,R+5,general,https://en.wikipedia.org/wiki/Glenn_Grothman
Wisconsin,Wisconsin 6,Mark Harris,Democratic,40.9,False,False,R+5,general,
Wisconsin,Wisconsin 6,Gus Fahrendorf,Libertarian,2.3,False,False,R+5,general,
Wisconsin,Wisconsin 7,Sean Duffy,Republican,59.3,True,True,R+2,general,https://en.wikipedia.org/wiki/Sean_Duffy
Wisconsin,Wisconsin 7,Kelly Westlund,Democratic,39.4,False,False,R+2,general,https://en.wikipedia.org/wiki/Kelly_Westlund
Wisconsin,Wisconsin 7,Lawrence Dale,Green,1.3,False,False,R+2,general,
Wisconsin,Wisconsin 8,Reid Ribble,Republican,65.0,True,True,R+2,general,https://en.wikipedia.org/wiki/Reid_Ribble
Wisconsin,Wisconsin 8,Ron Gruett,Democratic,35.0,False,False,R+2,general,
Wyoming,Wyoming at-large,Cynthia Lummis,Republican,68.5,True,True,R+22,general,https://en.wikipedia.org/wiki/Cynthia_Lummis
Wyoming,Wyoming at-large,Richard Grayson,Democratic,23.0,False,False,R+22,general,
Wyoming,Wyoming at-large,Richard Brubaker,Libertarian,4.3,False,False,R+22,general,
Wyoming,Wyoming at-large,Daniel Cummings,Constitution,4.1,False,False,R+22,general,
