state,district,candidate_name,party,vote_percentage,is_incumbent,is_winner,pvi,election_type,wikipedia_url
Alabama,Alabama 1,Bradley Byrne,Republican,96.4,True,True,R+15,general,
Alabama,Alabama 2,Martha Roby,Republican,48.8,True,True,R+17,general,https://en.wikipedia.org/wiki/Martha_Roby
Alabama,Alabama 2,Nathan Mathis,Democratic,40.5,False,False,R+17,general,https://en.wikipedia.org/wiki/Nathan_Mathis
Alabama,Alabama 3,Mike D. Rogers,Republican,66.9,True,True,R+16,general,https://en.wikipedia.org/wiki/Mike_Rogers_(Alabama_politician)
Alabama,Alabama 3,Jesse Smith,Democratic,32.9,False,False,R+16,general,
Alabama,Alabama 4,Robert Aderholt,Republican,98.5,True,True,R+28,general,
Alabama,Alabama 5,Mo Brooks,Republican,66.7,True,True,R+17,general,https://en.wikipedia.org/wiki/Mo_Brooks
Alabama,Alabama 5,Will Boyd,Democratic,33.2,False,False,R+17,general,
Alabama,Alabama 6,Gary Palmer,Republican,74.5,True,True,R+28,general,https://en.wikipedia.org/wiki/Gary_Palmer_(politician)
Alabama,Alabama 6,David Putman,Democratic,25.4,False,False,R+28,general,
Alabama,Alabama 7,Terri Sewell,Democratic,98.4,True,True,D+20,general,
Alaska,Alaska at-large,Don Young,Republican,50.3,True,True,R+12,general,https://en.wikipedia.org/wiki/Don_Young
Alaska,Alaska at-large,Steve Lindbeck,Democratic,36.0,False,False,R+12,general,
Alaska,Alaska at-large,Jim C. McDermott,Libertarian,10.3,False,False,R+12,general,
Alaska,Alaska at-large,Bernie Souphanavong,Independent,3.0,False,False,R+12,general,
Arizona,Arizona 1,Tom O'Halleran,Democratic,50.7,False,True,R+4,general,https://en.wikipedia.org/wiki/Tom_O%27Halleran
Arizona,Arizona 1,Paul Babeu,Republican,43.4,False,False,R+4,general,https://en.wikipedia.org/wiki/Paul_Babeu
Arizona,Arizona 1,Ray Parrish,Green,6.0,False,False,R+4,general,
Arizona,Arizona 2,Martha McSally,Republican,57.0,True,True,R+3,general,https://en.wikipedia.org/wiki/Martha_McSally
Arizona,Arizona 2,Matt Heinz,Democratic,43.0,False,False,R+3,general,https://en.wikipedia.org/wiki/Matt_Heinz
Arizona,Arizona 3,Raúl Grijalva,Democratic,98.6,True,True,D+8,general,
Arizona,Arizona 4,Paul Gosar,Republican,71.5,True,True,R+20,general,https://en.wikipedia.org/wiki/Paul_Gosar
Arizona,Arizona 4,Mikel Weisser,Democratic,28.5,False,False,R+20,general,https://en.wikipedia.org/wiki/Mikel_Weisser
Arizona,Arizona 5,Andy Biggs,Republican,64.1,False,True,R+17,general,https://en.wikipedia.org/wiki/Andy_Biggs
Arizona,Arizona 5,Talia Fuentes,Democratic,35.9,False,False,R+17,general,https://en.wikipedia.org/wiki/Talia_Fuentes
Arizona,Arizona 6,David Schweikert,Republican,62.1,True,True,R+12,general,https://en.wikipedia.org/wiki/David_Schweikert
Arizona,Arizona 6,John Williamson,Democratic,37.9,False,False,R+12,general,
Arizona,Arizona 7,Ruben Gallego,Democratic,75.2,True,True,D+16,general,https://en.wikipedia.org/wiki/Ruben_Gallego
Arizona,Arizona 7,Eve Nunez,Republican,24.7,False,False,D+16,general,https://en.wikipedia.org/wiki/Eve_Nunez
Arizona,Arizona 8,Trent Franks,Republican,68.5,True,True,R+15,general,https://en.wikipedia.org/wiki/Trent_Franks
Arizona,Arizona 8,Mark Salazar,Green,31.43,False,False,R+15,general,
Arizona,Arizona 9,Kyrsten Sinema,Democratic,60.9,True,True,R+1,general,https://en.wikipedia.org/wiki/Kyrsten_Sinema
Arizona,Arizona 9,Dave Giles,Republican,39.1,False,False,R+1,general,https://en.wikipedia.org/wiki/Dave_Giles
Arkansas,Arkansas 1,Rick Crawford,Republican,76.3,True,True,R+14,general,https://en.wikipedia.org/wiki/Rick_Crawford_(politician)
Arkansas,Arkansas 1,Mark West,Libertarian,23.7,False,False,R+14,general,
Arkansas,Arkansas 2,French Hill,Republican,58.4,True,True,R+8,general,https://en.wikipedia.org/wiki/French_Hill_(politician)
Arkansas,Arkansas 2,Dianne Curry,Democratic,36.8,False,False,R+8,general,
Arkansas,Arkansas 2,Chris Hayes,Libertarian,4.7,False,False,R+8,general,
Arkansas,Arkansas 3,Steve Womack,Republican,77.3,True,True,R+19,general,https://en.wikipedia.org/wiki/Steve_Womack
Arkansas,Arkansas 3,Steve Isaacson,Libertarian,22.7,False,False,R+19,general,
Arkansas,Arkansas 4,Bruce Westerman,Republican,74.9,True,True,R+15,general,https://en.wikipedia.org/wiki/Bruce_Westerman
Arkansas,Arkansas 4,Kerry Hicks,Libertarian,25.1,False,False,R+15,general,
California,California 1,Doug LaMalfa,Republican,59.1,True,True,R+10,general,
California,California 1,Jim Reed,Democratic,40.9,False,False,R+10,general,
California,California 10,Jeff Denham,Republican,51.7,True,True,R+1,general,
California,California 10,Michael Eggman,Democratic,48.3,False,False,R+1,general,
California,California 11,Mark DeSaulnier,Democratic,72.1,True,True,D+17,general,
California,California 11,Roger Allen Petersen,Republican,27.9,False,False,D+17,general,
California,California 12,Nancy Pelosi,Democratic,80.9,True,True,D+34,general,
California,California 12,Preston Picus,No Party Preference,19.1,False,False,D+34,general,
California,California 13,Barbara Lee,Democratic,90.8,True,True,D+37,general,
California,California 13,Sue Caro,Republican,9.2,False,False,D+37,general,
California,California 14,Jackie Speier,Democratic,80.9,True,True,D+23,general,
California,California 14,Angel Cardenas,Republican,19.1,False,False,D+23,general,
California,California 15,Eric Swalwell,Democratic,73.8,True,True,D+16,general,
California,California 15,Danny Turner,Republican,26.2,False,False,D+16,general,
California,California 16,Jim Costa,Democratic,58.0,True,True,D+7,general,
California,California 16,Johnny Tacherra,Republican,42.0,False,False,D+7,general,
California,California 17,Ro Khanna,Democratic,61.0,False,True,D+20,general,
California,California 17,Mike Honda,Democratic,39.0,True,False,D+20,general,
California,California 18,Anna Eshoo,Democratic,71.1,True,True,D+18,general,
California,California 18,Richard B. Fox,Republican,28.9,False,False,D+18,general,
California,California 19,Zoe Lofgren,Democratic,73.9,True,True,D+19,general,
California,California 19,G. Burt Lancaster,Republican,26.1,False,False,D+19,general,
California,California 2,Jared Huffman,Democratic,76.9,True,True,D+20,general,
California,California 2,Dale Mensing,Republican,23.1,False,False,D+20,general,
California,California 20,Jimmy Panetta,Democratic,70.8,False,True,D+21,general,
California,California 20,Casey Lucius,Republican,29.2,False,False,D+21,general,
California,California 21,David Valadao,Republican,56.7,True,True,D+2,general,
California,California 21,Emilio Huerta,Democratic,43.3,False,False,D+2,general,
California,California 22,Devin Nunes,Republican,67.6,True,True,R+10,general,
California,California 22,Louie Campos,Democratic,32.4,False,False,R+10,general,
California,California 23,Kevin McCarthy,Republican,69.2,True,True,R+16,general,
California,California 23,Wendy Reed,Democratic,30.8,False,False,R+16,general,
California,California 24,Salud Carbajal,Democratic,53.4,False,True,D+4,general,
California,California 24,Justin Fareed,Republican,46.6,False,False,D+4,general,
California,California 25,Steve Knight,Republican,53.1,True,True,R+3,general,
California,California 25,Bryan Caforio,Democratic,46.9,False,False,R+3,general,
California,California 26,Julia Brownley,Democratic,60.4,True,True,D+4,general,
California,California 26,Rafael Dagnesses,Republican,39.6,False,False,D+4,general,
California,California 27,Judy Chu,Democratic,67.4,True,True,D+11,general,
California,California 27,Jack Orswell,Republican,32.6,False,False,D+11,general,
California,California 28,Adam Schiff,Democratic,78.0,True,True,D+20,general,
California,California 28,Lenore Solis,Republican,22.0,False,False,D+20,general,
California,California 29,Tony Cárdenas,Democratic,74.7,True,True,D+25,general,
California,California 29,Richard Alarcon,Democratic,25.3,False,False,D+25,general,
California,California 3,John Garamendi,Democratic,59.4,True,True,D+3,general,
California,California 3,Eugene Cleek,Republican,40.6,False,False,D+3,general,
California,California 30,Brad Sherman,Democratic,72.6,True,True,D+14,general,
California,California 30,Mark Reed,Republican,27.4,False,False,D+14,general,
California,California 31,Pete Aguilar,Democratic,56.1,True,True,D+5,general,
California,California 31,Paul Chabot,Republican,43.9,False,False,D+5,general,
California,California 32,Grace Napolitano,Democratic,61.6,True,True,D+12,general,
California,California 32,Roger Hernandez,Democratic,38.4,False,False,D+12,general,
California,California 33,Ted Lieu,Democratic,66.4,True,True,D+11,general,
California,California 33,Kenneth Wright,Republican,33.6,False,False,D+11,general,
California,California 34,Xavier Becerra,Democratic,77.2,True,True,D+30,general,
California,California 34,Adrienne Edwards,Democratic,22.8,False,False,D+30,general,
California,California 35,Norma Torres,Democratic,72.4,True,True,D+15,general,
California,California 35,Tyler Fischella,Republican,27.6,False,False,D+15,general,
California,California 36,Raul Ruiz,Democratic,62.1,True,True,R+1,general,
California,California 36,Jeff Stone,Republican,37.9,False,False,R+1,general,
California,California 37,Karen Bass,Democratic,81.1,True,True,D+34,general,
California,California 37,Chris Wiggins,Democratic,18.9,False,False,D+34,general,
California,California 38,Linda Sánchez,Democratic,70.5,True,True,D+12,general,
California,California 38,Ryan Downing,Republican,29.5,False,False,D+12,general,
California,California 39,Ed Royce,Republican,57.2,True,True,R+5,general,
California,California 39,Brett Murdock,Democratic,42.8,False,False,R+5,general,
California,California 4,Tom McClintock,Republican,62.7,True,True,R+10,general,
California,California 4,Bob Derlet,Democratic,37.3,False,False,R+10,general,
California,California 40,Lucille Roybal-Allard,Democratic,71.4,True,True,D+29,general,
California,California 40,Roman Gabriel Gonzalez,No Party Preference,28.6,False,False,D+29,general,
California,California 41,Mark Takano,Democratic,65.0,True,True,D+9,general,
California,California 41,Doug Shepherd,Republican,35.0,False,False,D+9,general,
California,California 42,Ken Calvert,Republican,58.8,True,True,R+10,general,
California,California 42,Tim Sheridan,Democratic,41.2,False,False,R+10,general,
California,California 43,Maxine Waters,Democratic,76.1,True,True,D+26,general,
California,California 43,Omar Navarro,Republican,23.9,False,False,D+26,general,
California,California 44,Nanette Barragán,Democratic,52.2,False,True,D+32,general,
California,California 44,Isadore Hall III,Democratic,47.8,False,False,D+32,general,
California,California 45,Mimi Walters,Republican,58.6,True,True,R+7,general,
California,California 45,Ron Varasteh,Democratic,41.4,False,False,R+7,general,
California,California 46,Lou Correa,Democratic,70.0,False,True,D+9,general,
California,California 46,Bao Nguyen,Democratic,30.0,False,False,D+9,general,
California,California 47,Alan Lowenthal,Democratic,63.7,True,True,D+8,general,
California,California 47,Andy Whallon,Republican,36.3,False,False,D+8,general,
California,California 48,Dana Rohrabacher,Republican,58.3,True,True,R+7,general,
California,California 48,Suzanne Savary,Democratic,41.7,False,False,R+7,general,
California,California 49,Darrell Issa,Republican,50.3,True,True,R+4,general,
California,California 49,Doug Applegate,Democratic,49.7,False,False,R+4,general,
California,California 5,Mike Thompson,Democratic,76.9,True,True,D+19,general,
California,California 5,Carlos Santamaria,Republican,23.1,False,False,D+19,general,
California,California 50,Duncan D. Hunter,Republican,63.5,True,True,R+14,general,
California,California 50,Patrick Malloy,Democratic,36.5,False,False,R+14,general,
California,California 51,Juan Vargas,Democratic,72.8,True,True,D+16,general,
California,California 51,Juan Hidalgo Jr.,Republican,27.2,False,False,D+16,general,
California,California 52,Scott Peters,Democratic,56.5,True,True,D+2,general,
California,California 52,Denise Gitsham,Republican,43.5,False,False,D+2,general,
California,California 53,Susan Davis,Democratic,67.0,True,True,D+10,general,
California,California 53,James Veltmeyer,Republican,33.0,False,False,D+10,general,
California,California 6,Doris Matsui,Democratic,75.4,True,True,D+18,general,
California,California 6,Bob Evans,Republican,24.6,False,False,D+18,general,
California,California 7,Ami Bera,Democratic,51.2,True,True,EVEN,general,
California,California 7,Scott Jones,Republican,48.8,False,False,EVEN,general,
California,California 8,Paul Cook,Republican,62.3,True,True,R+10,general,
California,California 8,Rita Ramirez,Democratic,37.7,False,False,R+10,general,
California,California 9,Jerry McNerney,Democratic,57.4,True,True,D+6,general,
California,California 9,Tony Amador,Republican,42.6,False,False,D+6,general,
Colorado,Colorado 1,Diana DeGette,Democratic,67.9,True,True,D+18,general,https://en.wikipedia.org/wiki/Diana_DeGette
Colorado,Colorado 1,Casper Stockham,Republican,27.7,False,False,D+18,general,
Colorado,Colorado 1,Darrell Dinges,Libertarian,4.4,False,False,D+18,general,
Colorado,Colorado 2,Jared Polis,Democratic,56.9,True,True,D+8,general,https://en.wikipedia.org/wiki/Jared_Polis
Colorado,Colorado 2,Nic Morse,Republican,37.2,False,False,D+8,general,
Colorado,Colorado 2,Richard Longstreth,Libertarian,5.9,False,False,D+8,general,
Colorado,Colorado 3,Scott Tipton,Republican,54.6,True,True,R+5,general,https://en.wikipedia.org/wiki/Scott_Tipton
Colorado,Colorado 3,Gail Schwartz,Democratic,40.4,False,False,R+5,general,https://en.wikipedia.org/wiki/Gail_Schwartz
Colorado,Colorado 3,Gaylon Kent,Libertarian,5.0,False,False,R+5,general,
Colorado,Colorado 4,Ken Buck,Republican,63.6,True,True,R+11,general,https://en.wikipedia.org/wiki/Ken_Buck
Colorado,Colorado 4,Bob Seay,Democratic,31.5,False,False,R+11,general,
Colorado,Colorado 4,Bruce Griffith,Libertarian,4.8,False,False,R+11,general,
Colorado,Colorado 5,Doug Lamborn,Republican,62.3,True,True,R+13,general,https://en.wikipedia.org/wiki/Doug_Lamborn
Colorado,Colorado 5,Misty Plowright,Democratic,30.8,False,False,R+13,general,https://en.wikipedia.org/wiki/Misty_Plowright
Colorado,Colorado 5,Mike McRedmond,Libertarian,6.9,False,False,R+13,general,
Colorado,Colorado 6,Mike Coffman,Republican,50.9,True,True,D+1,general,https://en.wikipedia.org/wiki/Mike_Coffman
Colorado,Colorado 6,Morgan Carroll,Democratic,42.6,False,False,D+1,general,https://en.wikipedia.org/wiki/Morgan_Carroll
Colorado,Colorado 6,Norm Olsen,Libertarian,5.0,False,False,D+1,general,
Colorado,Colorado 6,Robert Lee Worthey,Green,1.5,False,False,D+1,general,
Colorado,Colorado 7,Ed Perlmutter,Democratic,55.2,True,True,D+5,general,https://en.wikipedia.org/wiki/Ed_Perlmutter
Colorado,Colorado 7,George Athanasopoulos,Republican,39.8,False,False,D+5,general,
Colorado,Colorado 7,Martin Buchanan,Libertarian,5.0,False,False,D+5,general,
Connecticut,Connecticut 1,John B. Larson,Democratic,64.1,True,True,D+13,general,https://en.wikipedia.org/wiki/John_B._Larson
Connecticut,Connecticut 1,Matthew Corey,Republican,33.8,False,False,D+13,general,
Connecticut,Connecticut 1,Mike DeRosa,Green,2.11,False,False,D+13,general,
Connecticut,Connecticut 2,Joe Courtney,Democratic,63.2,True,True,D+5,general,https://en.wikipedia.org/wiki/Joe_Courtney_(politician)
Connecticut,Connecticut 2,Daria Novak,Republican,33.7,False,False,D+5,general,
Connecticut,Connecticut 2,Jonathan Pelto,Green,1.6,False,False,D+5,general,
Connecticut,Connecticut 2,Dan Reale,Libertarian,1.5,False,False,D+5,general,
Connecticut,Connecticut 3,Rosa DeLauro,Democratic,69.0,True,True,D+11,general,https://en.wikipedia.org/wiki/Rosa_DeLauro
Connecticut,Connecticut 3,Angel Cadena,Republican,31.0,False,False,D+11,general,
Connecticut,Connecticut 4,Jim Himes,Democratic,59.9,True,True,D+5,general,https://en.wikipedia.org/wiki/Jim_Himes
Connecticut,Connecticut 4,John Shaban,Republican,40.1,False,False,D+5,general,https://en.wikipedia.org/wiki/John_Shaban
Connecticut,Connecticut 5,Elizabeth Esty,Democratic,58.0,True,True,D+3,general,https://en.wikipedia.org/wiki/Elizabeth_Esty
Connecticut,Connecticut 5,Clay Cope,Republican,42.0,False,False,D+3,general,
Delaware,Delaware at-large,Lisa Blunt Rochester,Democratic,55.5,False,True,D+8,general,https://en.wikipedia.org/wiki/Lisa_Blunt_Rochester
Delaware,Delaware at-large,Hans Reigle,Republican,41.0,False,False,D+8,general,
Delaware,Delaware at-large,Mark Perri,Green,2.0,False,False,D+8,general,
Delaware,Delaware at-large,Scott Gesty,Libertarian,1.5,False,False,D+8,general,
Florida,Florida 1,Matt Gaetz,Republican,69.1,False,True,R+22,general,https://en.wikipedia.org/wiki/Matt_Gaetz
Florida,Florida 1,Steven Specht,Democratic,30.9,False,False,R+22,general,
Florida,Florida 10,Val Demings,Democratic,64.9,False,True,D+9,general,https://en.wikipedia.org/wiki/Val_Demings
Florida,Florida 10,Thuy Lowe,Republican,35.1,False,False,D+9,general,
Florida,Florida 11,Daniel Webster,Republican,65.4,False,True,R+11,general,https://en.wikipedia.org/wiki/Daniel_Webster_(Florida_politician)
Florida,Florida 11,Dave Koller,Democratic,31.6,False,False,R+11,general,
Florida,Florida 11,Bruce Ray Riggs,Independent,3.0,False,False,R+11,general,
Florida,Florida 12,Gus Bilirakis,Republican,68.6,True,True,R+6,general,https://en.wikipedia.org/wiki/Gus_Bilirakis
Florida,Florida 12,Robert Tager,Democratic,31.4,False,False,R+6,general,
Florida,Florida 13,Charlie Crist,Democratic,51.9,False,True,D+3,general,https://en.wikipedia.org/wiki/Charlie_Crist
Florida,Florida 13,David Jolly,Republican,48.1,True,False,D+3,general,https://en.wikipedia.org/wiki/David_Jolly
Florida,Florida 14,Kathy Castor,Democratic,61.8,True,True,D+6,general,https://en.wikipedia.org/wiki/Kathy_Castor
Florida,Florida 14,Christine Quinn,Republican,38.2,False,False,D+6,general,
Florida,Florida 15,Dennis A. Ross,Republican,57.5,True,True,R+6,general,https://en.wikipedia.org/wiki/Dennis_A._Ross
Florida,Florida 15,Jim Lange,Democratic,42.5,False,False,R+6,general,
Florida,Florida 16,Vern Buchanan,Republican,59.8,True,True,R+6,general,https://en.wikipedia.org/wiki/Vern_Buchanan
Florida,Florida 16,Jan Schneider,Democratic,40.2,False,False,R+6,general,
Florida,Florida 17,Tom Rooney,Republican,61.8,True,True,R+10,general,https://en.wikipedia.org/wiki/Tom_Rooney_(Florida_politician)
Florida,Florida 17,April Freeman,Democratic,34.2,False,False,R+10,general,
Florida,Florida 17,John Sawyer,Independent,3.9,False,False,R+10,general,
Florida,Florida 18,Brian Mast,Republican,53.6,False,True,R+3,general,https://en.wikipedia.org/wiki/Brian_Mast
Florida,Florida 18,Randy Perkins,Democratic,43.1,False,False,R+3,general,
Florida,Florida 18,Carla Spalding,Independent,3.3,False,False,R+3,general,
Florida,Florida 19,Francis Rooney,Republican,65.9,False,True,R+12,general,https://en.wikipedia.org/wiki/Francis_Rooney
Florida,Florida 19,Robert Neeld,Democratic,34.1,False,False,R+12,general,
Florida,Florida 2,Neal Dunn,Republican,67.3,False,True,R+18,general,https://en.wikipedia.org/wiki/Neal_Dunn
Florida,Florida 2,Walter Dartland,Democratic,29.9,False,False,R+18,general,
Florida,Florida 2,Rob Lapham,Libertarian,2.7,False,False,R+18,general,
Florida,Florida 20,Alcee Hastings,Democratic,80.3,True,True,D+30,general,https://en.wikipedia.org/wiki/Alcee_Hastings
Florida,Florida 20,Gary Stein,Republican,19.7,False,False,D+30,general,
Florida,Florida 21,Lois Frankel,Democratic,62.7,False,True,D+10,general,https://en.wikipedia.org/wiki/Lois_Frankel
Florida,Florida 21,Paul Spain,Republican,35.1,False,False,D+10,general,
Florida,Florida 21,Mike Trout,Independent,2.2,False,False,D+10,general,
Florida,Florida 22,Ted Deutch,Democratic,58.9,False,True,D+5,general,https://en.wikipedia.org/wiki/Ted_Deutch
Florida,Florida 22,Andrea Leigh McGee,Republican,41.1,False,False,D+5,general,
Florida,Florida 23,Debbie Wasserman Schultz,Democratic,56.7,True,True,D+9,general,https://en.wikipedia.org/wiki/Debbie_Wasserman_Schultz
Florida,Florida 23,Joe Kaufman,Republican,40.5,False,False,D+9,general,
Florida,Florida 23,Don Endriss,Independent,1.6,False,False,D+9,general,
Florida,Florida 23,Lyle Milstein,Independent,1.2,False,False,D+9,general,
Florida,Florida 24,Frederica Wilson,Democratic,100.0,True,True,D+33,general,
Florida,Florida 25,Mario Díaz-Balart,Republican,62.4,True,True,R+10,general,https://en.wikipedia.org/wiki/Mario_D%C3%ADaz-Balart
Florida,Florida 25,Alina Valdes,Democratic,37.6,False,False,R+10,general,
Florida,Florida 26,Carlos Curbelo,Republican,53.0,True,True,EVEN,general,https://en.wikipedia.org/wiki/Carlos_Curbelo
Florida,Florida 26,Joe Garcia,Democratic,41.2,False,False,EVEN,general,https://en.wikipedia.org/wiki/Joe_Garcia
Florida,Florida 26,Jose Peixoto,Independent,5.9,False,False,EVEN,general,
Florida,Florida 27,Ileana Ros-Lehtinen,Republican,54.9,True,True,R+1,general,https://en.wikipedia.org/wiki/Ileana_Ros-Lehtinen
Florida,Florida 27,Scott Fuhrman,Democratic,45.1,False,False,R+1,general,
Florida,Florida 3,Ted Yoho,Republican,56.6,True,True,R+9,general,https://en.wikipedia.org/wiki/Ted_Yoho
Florida,Florida 3,Ken McGurn,Democratic,39.8,False,False,R+9,general,
Florida,Florida 3,Tom Wells,Independent,3.7,False,False,R+9,general,
Florida,Florida 4,John Rutherford,Republican,70.2,False,True,R+19,general,https://en.wikipedia.org/wiki/John_Rutherford_(Florida_politician)
Florida,Florida 4,David E. Bruderly,Democratic,27.6,False,False,R+19,general,
Florida,Florida 4,Gary L. Koniz,Independent,2.2,False,False,R+19,general,
Florida,Florida 5,Al Lawson,Democratic,64.2,False,True,D+12,general,https://en.wikipedia.org/wiki/Al_Lawson
Florida,Florida 5,Glo Smith,Republican,35.8,False,False,D+12,general,
Florida,Florida 6,Ron DeSantis,Republican,58.6,True,True,R+4,general,https://en.wikipedia.org/wiki/Ron_DeSantis
Florida,Florida 6,Bill McCullough,Democratic,41.4,False,False,R+4,general,
Florida,Florida 7,Stephanie Murphy,Democratic,51.5,False,True,R+2,general,https://en.wikipedia.org/wiki/Stephanie_Murphy
Florida,Florida 7,John Mica,Republican,48.5,True,False,R+2,general,https://en.wikipedia.org/wiki/John_Mica
Florida,Florida 8,Bill Posey,Republican,63.1,True,True,R+9,general,https://en.wikipedia.org/wiki/Bill_Posey
Florida,Florida 8,Corry Westbrook,Democratic,32.6,False,False,R+9,general,
Florida,Florida 8,Bill Stinson,Independent,4.3,False,False,R+9,general,
Florida,Florida 9,Darren Soto,Democratic,57.5,False,True,D+3,general,https://en.wikipedia.org/wiki/Darren_Soto
Florida,Florida 9,Wayne Liebnitzky,Republican,42.5,False,False,D+3,general,
Georgia,Georgia 1,Buddy Carter,Republican,99.6,True,True,R+9,general,
Georgia,Georgia 10,Jody Hice,Republican,99.6,True,True,R+14,general,
Georgia,Georgia 11,Barry Loudermilk,Republican,67.4,True,True,R+19,general,https://en.wikipedia.org/wiki/Barry_Loudermilk
Georgia,Georgia 11,Don Wilson,Democratic,32.6,False,False,R+19,general,
Georgia,Georgia 12,Rick Allen,Republican,61.6,True,True,R+9,general,https://en.wikipedia.org/wiki/Rick_Allen_(politician)
Georgia,Georgia 12,Tricia McCracken,Democratic,38.4,False,False,R+9,general,
Georgia,Georgia 13,David Scott,Democratic,100.0,True,True,D+16,general,
Georgia,Georgia 14,Tom Graves,Republican,99.9,True,True,R+26,general,
Georgia,Georgia 2,Sanford Bishop,Democratic,61.2,True,True,D+6,general,https://en.wikipedia.org/wiki/Sanford_Bishop
Georgia,Georgia 2,Greg Duke,Republican,38.8,False,False,D+6,general,
Georgia,Georgia 3,Drew Ferguson,Republican,68.4,False,True,R+19,general,https://en.wikipedia.org/wiki/Drew_Ferguson_(politician)
Georgia,Georgia 3,Angela Pendley,Democratic,31.6,False,False,R+19,general,
Georgia,Georgia 4,Hank Johnson,Democratic,75.7,True,True,D+21,general,https://en.wikipedia.org/wiki/Hank_Johnson
Georgia,Georgia 4,Victor Armendariz,Republican,24.3,False,False,D+21,general,
Georgia,Georgia 5,John Lewis,Democratic,84.4,True,True,D+32,general,https://en.wikipedia.org/wiki/John_Lewis
Georgia,Georgia 5,Douglas Bell,Republican,15.6,False,False,D+32,general,
Georgia,Georgia 6,Tom Price,Republican,61.7,True,True,R+14,general,https://en.wikipedia.org/wiki/Tom_Price_(American_politician)
Georgia,Georgia 6,Rodney Stooksbury,Democratic,38.3,False,False,R+14,general,
Georgia,Georgia 7,Rob Woodall,Republican,60.4,True,True,R+14,general,https://en.wikipedia.org/wiki/Rob_Woodall
Georgia,Georgia 7,Rashid Malik,Democratic,39.6,False,False,R+14,general,
Georgia,Georgia 8,Austin Scott,Republican,67.6,True,True,R+15,general,https://en.wikipedia.org/wiki/Austin_Scott_(politician)
Georgia,Georgia 8,James Harris,Democratic,32.4,False,False,R+15,general,
Georgia,Georgia 9,Doug Collins,Republican,100.0,True,True,R+30,general,
Hawaii,Hawaii 1,Colleen Hanabusa,Democratic,71.9,False,True,D+18,general,https://en.wikipedia.org/wiki/Colleen_Hanabusa
Hawaii,Hawaii 1,Shirlene D. Ostrov,Republican,22.7,False,False,D+18,general,
Hawaii,Hawaii 1,Alan Yim,Libertarian,3.3,False,False,D+18,general,
Hawaii,Hawaii 1,Calvin Griffin,Nonpartisan/Green,2.2,False,False,D+18,general,
Hawaii,Hawaii 1,Colleen Hanabusa,Democratic,60.5,False,True,,special,https://en.wikipedia.org/wiki/Colleen_Hanabusa
Hawaii,Hawaii 1,Shirlene DelaCruz Ostrov,Republican,20.6,False,False,,special,
Hawaii,Hawaii 2,Tulsi Gabbard,Democratic,81.2,True,True,D+21,general,https://en.wikipedia.org/wiki/Tulsi_Gabbard
Hawaii,Hawaii 2,Angela Kaaihue,Republican,18.8,False,False,D+21,general,
Idaho,Idaho 1,Raúl Labrador,Republican,68.2,True,True,R+18,general,https://en.wikipedia.org/wiki/Ra%C3%BAl_Labrador
Idaho,Idaho 1,James Piotrowski,Democratic,31.8,False,False,R+18,general,
Idaho,Idaho 2,Mike Simpson,Republican,62.9,True,True,R+17,general,https://en.wikipedia.org/wiki/Mike_Simpson
Idaho,Idaho 2,Jennifer Martinez,Democratic,29.4,False,False,R+17,general,
Idaho,Idaho 2,Anthony Tomkins,Constitution,7.7,False,False,R+17,general,
Illinois,Illinois 1,Bobby Rush,Democratic,74.1,True,True,D+28,general,https://en.wikipedia.org/wiki/Bobby_Rush
Illinois,Illinois 1,August Deuser,Republican,25.9,False,False,D+28,general,
Illinois,Illinois 10,Brad Schneider,Democratic,52.6,False,True,D+8,general,https://en.wikipedia.org/wiki/Brad_Schneider
Illinois,Illinois 10,Bob Dold,Republican,47.4,True,False,D+8,general,https://en.wikipedia.org/wiki/Bob_Dold
Illinois,Illinois 11,Bill Foster,Democratic,60.4,True,True,D+8,general,https://en.wikipedia.org/wiki/Bill_Foster_(politician)
Illinois,Illinois 11,Tonia Khouri,Republican,39.6,False,False,D+8,general,
Illinois,Illinois 12,Mike Bost,Republican,54.3,True,True,EVEN,general,https://en.wikipedia.org/wiki/Mike_Bost
Illinois,Illinois 12,C. J. Baricevic,Democratic,39.7,False,False,EVEN,general,
Illinois,Illinois 12,Paula Bradshaw,Green,6.0,False,False,EVEN,general,
Illinois,Illinois 13,Rodney Davis,Republican,59.7,True,True,EVEN,general,https://en.wikipedia.org/wiki/Rodney_Davis_(politician)
Illinois,Illinois 13,Mark Wicklund,Democratic,40.3,False,False,EVEN,general,
Illinois,Illinois 14,Randy Hultgren,Republican,59.3,True,True,R+5,general,https://en.wikipedia.org/wiki/Randy_Hultgren
Illinois,Illinois 14,Jim Walz,Democratic,40.7,False,False,R+5,general,
Illinois,Illinois 15,John Shimkus,Republican,100.0,True,True,R+14,general,
Illinois,Illinois 16,Adam Kinzinger,Republican,99.9,True,True,R+4,general,
Illinois,Illinois 17,Cheri Bustos,Democratic,60.3,True,True,D+7,general,https://en.wikipedia.org/wiki/Cheri_Bustos
Illinois,Illinois 17,Patrick Harlan,Republican,39.7,False,False,D+7,general,
Illinois,Illinois 18,Darin LaHood,Republican,72.1,True,True,R+11,general,https://en.wikipedia.org/wiki/Darin_LaHood
Illinois,Illinois 18,Junius Rodriguez,Democratic,27.9,False,False,R+11,general,https://en.wikipedia.org/wiki/Junius_P._Rodriguez
Illinois,Illinois 2,Robin Kelly,Democratic,79.8,True,True,D+29,general,https://en.wikipedia.org/wiki/Robin_Kelly
Illinois,Illinois 2,John Morrow,Republican,20.2,False,False,D+29,general,
Illinois,Illinois 3,Dan Lipinski,Democratic,100.0,True,True,D+5,general,
Illinois,Illinois 4,Luis Gutiérrez,Democratic,100.0,True,True,D+29,general,
Illinois,Illinois 5,Mike Quigley,Democratic,67.8,True,True,D+16,general,https://en.wikipedia.org/wiki/Mike_Quigley
Illinois,Illinois 5,Vince Kolber,Republican,27.5,False,False,D+16,general,
Illinois,Illinois 5,Rob Sherman,Green,4.7,False,False,D+16,general,
Illinois,Illinois 6,Peter Roskam,Republican,59.2,True,True,R+4,general,https://en.wikipedia.org/wiki/Peter_Roskam
Illinois,Illinois 6,Amanda Howland,Democratic,40.8,False,False,R+4,general,
Illinois,Illinois 7,Danny Davis,Democratic,84.2,True,True,D+36,general,https://en.wikipedia.org/wiki/Danny_Davis_(Illinois_politician)
Illinois,Illinois 7,Jeffrey Leef,Republican,15.8,False,False,D+36,general,
Illinois,Illinois 8,Raja Krishnamoorthi,Democratic,58.3,False,True,D+8,general,https://en.wikipedia.org/wiki/Raja_Krishnamoorthi
Illinois,Illinois 8,Pete DiCianni,Republican,41.7,False,False,D+8,general,
Illinois,Illinois 9,Jan Schakowsky,Democratic,66.5,True,True,D+15,general,https://en.wikipedia.org/wiki/Jan_Schakowsky
Illinois,Illinois 9,Joan McCarthy Lasonde,Republican,33.5,False,False,D+15,general,
Indiana,Indiana 1,Pete Visclosky,Democratic,81.5,True,True,D+10,general,https://en.wikipedia.org/wiki/Pete_Visclosky
Indiana,Indiana 1,Donna Dunn,Libertarian,18.5,False,False,D+10,general,
Indiana,Indiana 2,Jackie Walorski,Republican,59.3,True,True,R+6,general,https://en.wikipedia.org/wiki/Jackie_Walorski
Indiana,Indiana 2,Lynn Coleman,Democratic,36.9,False,False,R+6,general,
Indiana,Indiana 2,Ron Chenkush,Libertarian,3.8,False,False,R+6,general,
Indiana,Indiana 3,Jim Banks,Republican,70.1,False,True,R+13,general,https://en.wikipedia.org/wiki/Jim_Banks
Indiana,Indiana 3,Tommy Schrader,Democratic,23.0,False,False,R+13,general,
Indiana,Indiana 3,Pepper Snyder,Libertarian,6.9,False,False,R+13,general,
Indiana,Indiana 4,Todd Rokita,Republican,64.6,True,True,R+11,general,https://en.wikipedia.org/wiki/Todd_Rokita
Indiana,Indiana 4,John Dale,Democratic,30.5,False,False,R+11,general,
Indiana,Indiana 4,Steve Mayoras,Libertarian,4.9,False,False,R+11,general,
Indiana,Indiana 5,Susan Brooks,Republican,61.5,True,True,R+9,general,https://en.wikipedia.org/wiki/Susan_Brooks
Indiana,Indiana 5,Angela Demaree,Democratic,34.3,False,False,R+9,general,
Indiana,Indiana 5,Matt Wittlief,Libertarian,4.2,False,False,R+9,general,
Indiana,Indiana 6,Luke Messer,Republican,69.1,True,True,R+12,general,https://en.wikipedia.org/wiki/Luke_Messer
Indiana,Indiana 6,Barry Welsh,Democratic,26.7,False,False,R+12,general,
Indiana,Indiana 6,Rich Turvey,Libertarian,4.2,False,False,R+12,general,
Indiana,Indiana 7,André Carson,Democratic,60.0,True,True,D+13,general,https://en.wikipedia.org/wiki/Andr%C3%A9_Carson
Indiana,Indiana 7,Cat Ping,Republican,35.7,False,False,D+13,general,
Indiana,Indiana 7,Drew Thompson,Libertarian,4.3,False,False,D+13,general,
Indiana,Indiana 8,Larry Bucshon,Republican,63.7,True,True,R+8,general,https://en.wikipedia.org/wiki/Larry_Bucshon
Indiana,Indiana 8,Ron Drake,Democratic,31.7,False,False,R+8,general,
Indiana,Indiana 8,Andrew Horning,Libertarian,4.6,False,False,R+8,general,
Indiana,Indiana 9,Trey Hollingsworth,Republican,54.1,False,True,R+9,general,https://en.wikipedia.org/wiki/Trey_Hollingsworth
Indiana,Indiana 9,Shelli Yoder,Democratic,40.5,False,False,R+9,general,https://en.wikipedia.org/wiki/Shelli_Yoder
Indiana,Indiana 9,Russell Brooksbank,Libertarian,5.4,False,False,R+9,general,
Iowa,Iowa 1,Rod Blum,Republican,53.8,True,True,D+5,general,https://en.wikipedia.org/wiki/Rod_Blum
Iowa,Iowa 1,Monica Vernon,Democratic,46.2,False,False,D+5,general,https://en.wikipedia.org/wiki/Monica_Vernon
Iowa,Iowa 2,Dave Loebsack,Democratic,53.7,True,True,D+4,general,https://en.wikipedia.org/wiki/Dave_Loebsack
Iowa,Iowa 2,Christopher Peters,Republican,46.3,False,False,D+4,general,
Iowa,Iowa 3,David Young,Republican,53.5,True,True,EVEN,general,https://en.wikipedia.org/wiki/David_Young_(Iowa_politician)
Iowa,Iowa 3,Jim Mowrer,Democratic,39.8,False,False,EVEN,general,
Iowa,Iowa 3,Bryan Jack Holder,Libertarian,3.9,False,False,EVEN,general,
Iowa,Iowa 3,Claudia Addy,Other,1.6,False,False,EVEN,general,
Iowa,Iowa 3,Joe Grandanette,Other,1.2,False,False,EVEN,general,
Iowa,Iowa 4,Steve King,Republican,61.3,True,True,R+5,general,https://en.wikipedia.org/wiki/Steve_King
Iowa,Iowa 4,Kim Weaver,Democratic,38.7,False,False,R+5,general,
Kansas,Kansas 1,Roger Marshall,Republican,66.1,False,True,R+23,general,https://en.wikipedia.org/wiki/Roger_Marshall
Kansas,Kansas 1,Alan LaPolice,Independent,26.3,False,False,R+23,general,
Kansas,Kansas 1,Kerry Burt,Libertarian,7.5,False,False,R+23,general,
Kansas,Kansas 2,Lynn Jenkins,Republican,60.9,True,True,R+8,general,https://en.wikipedia.org/wiki/Lynn_Jenkins
Kansas,Kansas 2,Britani Potter,Democratic,32.6,False,False,R+8,general,
Kansas,Kansas 2,James Bales,Libertarian,6.5,False,False,R+8,general,
Kansas,Kansas 3,Kevin Yoder,Republican,51.3,True,True,R+6,general,https://en.wikipedia.org/wiki/Kevin_Yoder
Kansas,Kansas 3,Jay Sidie,Democratic,40.6,False,False,R+6,general,
Kansas,Kansas 3,Steven Hohe,Libertarian,8.1,False,False,R+6,general,
Kansas,Kansas 4,Mike Pompeo,Republican,60.7,True,True,R+14,general,https://en.wikipedia.org/wiki/Mike_Pompeo
Kansas,Kansas 4,Dan Giroux,Democratic,29.6,False,False,R+14,general,
Kansas,Kansas 4,Miranda Allen,Independent,6.9,False,False,R+14,general,
Kansas,Kansas 4,Gordon Bakken,Libertarian,2.8,False,False,R+14,general,
Kentucky,Kentucky 1,James Comer,Republican,72.6,False,True,R+18,general,https://en.wikipedia.org/wiki/James_Comer_(politician)
Kentucky,Kentucky 1,Sam Gaskins,Democratic,27.4,False,False,R+18,general,
Kentucky,Kentucky 1,James Comer,Republican,72.2,False,True,,special,https://en.wikipedia.org/wiki/James_Comer_(politician)
Kentucky,Kentucky 1,Samuel L. Gaskins,Democratic,27.8,False,False,,special,
Kentucky,Kentucky 2,Brett Guthrie,Republican,100.0,True,True,R+16,general,
Kentucky,Kentucky 3,John Yarmuth,Democratic,63.5,True,True,D+4,general,https://en.wikipedia.org/wiki/John_Yarmuth
Kentucky,Kentucky 3,Harold Bratcher,Republican,36.5,False,False,D+4,general,
Kentucky,Kentucky 4,Thomas Massie,Republican,71.3,True,True,R+16,general,https://en.wikipedia.org/wiki/Thomas_Massie
Kentucky,Kentucky 4,Calvin Sidle,Democratic,28.7,False,False,R+16,general,
Kentucky,Kentucky 5,Hal Rogers,Republican,100.0,True,True,R+25,general,
Kentucky,Kentucky 6,Andy Barr,Republican,61.1,True,True,R+9,general,https://en.wikipedia.org/wiki/Andy_Barr_(American_politician)
Kentucky,Kentucky 6,Nancy Jo Kemper,Democratic,38.9,False,False,R+9,general,
Louisiana,Louisiana 1,Steve Scalise,Republican,74.6,True,True,R+26,general,https://en.wikipedia.org/wiki/Steve_Scalise
Louisiana,Louisiana 1,Lee Ann Dugas,Democratic,12.8,False,False,R+26,general,
Louisiana,Louisiana 1,Danil Faust,Democratic,3.9,False,False,R+26,general,
Louisiana,Louisiana 1,Howard Kearney,Libertarian,2.9,False,False,R+26,general,
Louisiana,Louisiana 1,Joe Swider,Democratic,2.8,False,False,R+26,general,
Louisiana,Louisiana 1,Eliot Barron,Green,2.1,False,False,R+26,general,
Louisiana,Louisiana 1,Chuemai Yang,Independent,1.0,False,False,R+26,general,
Louisiana,Louisiana 2,Cedric Richmond,Democratic,69.8,True,True,D+23,general,https://en.wikipedia.org/wiki/Cedric_Richmond
Louisiana,Louisiana 2,Kip Holden,Democratic,20.1,False,False,D+23,general,https://en.wikipedia.org/wiki/Kip_Holden
Louisiana,Louisiana 2,Kenneth Cutno,Democratic,10.1,False,False,D+23,general,
Louisiana,Louisiana 3,Clay Higgins,Republican,56.1,False,True,R+19,general,https://en.wikipedia.org/wiki/Clay_Higgins
Louisiana,Louisiana 3,Scott Angelle,Republican,43.9,False,False,R+19,general,https://en.wikipedia.org/wiki/Scott_Angelle
Louisiana,Louisiana 3,Scott Angelle,Republican,28.6,False,True,R+19,general,https://en.wikipedia.org/wiki/Scott_Angelle
Louisiana,Louisiana 3,Clay Higgins,Republican,26.5,False,True,R+19,general,https://en.wikipedia.org/wiki/Clay_Higgins
Louisiana,Louisiana 3,Jacob Hebert,Democratic,8.9,False,False,R+19,general,
Louisiana,Louisiana 3,Larry Rader,Democratic,8.7,False,False,R+19,general,
Louisiana,Louisiana 3,Gus Rantz,Republican,8.0,False,False,R+19,general,
Louisiana,Louisiana 3,Greg Ellison,Republican,7.8,False,False,R+19,general,
Louisiana,Louisiana 3,Brett Geymann,Republican,6.7,False,False,R+19,general,
Louisiana,Louisiana 3,Bryan Barrilleaux,Republican,1.9,False,False,R+19,general,
Louisiana,Louisiana 3,Guy McLendon,Libertarian,0.9,False,False,R+19,general,
Louisiana,Louisiana 3,Kenny Scelfo,Independent,0.8,False,False,R+19,general,
Louisiana,Louisiana 3,Grover Rees,Republican,0.8,False,False,R+19,general,
Louisiana,Louisiana 3,Herman Vidrine,Republican,0.4,False,False,R+19,general,
Louisiana,Louisiana 4,Mike Johnson,Republican,65.23,False,True,R+13,general,https://en.wikipedia.org/wiki/Mike_Johnson
Louisiana,Louisiana 4,Marshall Jones,Democratic,34.77,False,False,R+13,general,
Louisiana,Louisiana 4,Marshall Jones,Democratic,28.2,False,True,R+13,general,
Louisiana,Louisiana 4,Mike Johnson,Republican,24.7,False,True,R+13,general,https://en.wikipedia.org/wiki/Mike_Johnson
Louisiana,Louisiana 4,Trey Baucum,Republican,17.6,False,False,R+13,general,
Louisiana,Louisiana 4,Oliver Jenkins,Republican,15.6,False,False,R+13,general,
Louisiana,Louisiana 4,Elbert Guillory,Republican,7.3,False,False,R+13,general,
Louisiana,Louisiana 4,Rick John,Republican,4.6,False,False,R+13,general,
Louisiana,Louisiana 4,Mark Halverson,Independent,1.1,False,False,R+13,general,
Louisiana,Louisiana 4,Kenneth Krefft,Independent,0.9,False,False,R+13,general,
Louisiana,Louisiana 5,Ralph Abraham,Republican,81.6,True,True,R+15,general,https://en.wikipedia.org/wiki/Ralph_Abraham_(politician)
Louisiana,Louisiana 5,Billy Burkette,Republican,18.4,False,False,R+15,general,
Louisiana,Louisiana 6,Garret Graves,Republican,62.7,True,True,R+21,general,https://en.wikipedia.org/wiki/Garret_Graves
Louisiana,Louisiana 6,Richard Lieberman,Democratic,14.9,False,False,R+21,general,
Louisiana,Louisiana 6,Bob Bell,Republican,10.1,False,False,R+21,general,
Louisiana,Louisiana 6,Jermaine Sampson,Democratic,9.0,False,False,R+21,general,
Louisiana,Louisiana 6,Richard Fontanesi,Libertarian,2.3,False,False,R+21,general,
Louisiana,Louisiana 6,Devin Graham,Independent,1.0,False,False,R+21,general,
Maine,Maine 1,Chellie Pingree,Democratic,58.0,True,True,D+9,general,https://en.wikipedia.org/wiki/Chellie_Pingree
Maine,Maine 1,Mark Holbrook,Republican,42.0,False,False,D+9,general,
Maine,Maine 2,Bruce Poliquin,Republican,54.8,True,True,D+2,general,https://en.wikipedia.org/wiki/Bruce_Poliquin
Maine,Maine 2,Emily Cain,Democratic,45.2,False,False,D+2,general,https://en.wikipedia.org/wiki/Emily_Cain
Maryland,Maryland 1,Andy Harris,Republican,67.0,True,True,R+14,general,https://en.wikipedia.org/wiki/Andy_Harris_(politician)
Maryland,Maryland 1,Joe Werner,Democratic,28.6,False,False,R+14,general,
Maryland,Maryland 1,Matt Beers,Libertarian,4.2,False,False,R+14,general,
Maryland,Maryland 2,Dutch Ruppersberger,Democratic,62.1,True,True,D+10,general,https://en.wikipedia.org/wiki/Dutch_Ruppersberger
Maryland,Maryland 2,Pat McDonough,Republican,33.1,False,False,D+10,general,https://en.wikipedia.org/wiki/Pat_McDonough
Maryland,Maryland 2,Kristin Kasprzak,Libertarian,4.6,False,False,D+10,general,
Maryland,Maryland 3,John Sarbanes,Democratic,63.2,True,True,D+9,general,https://en.wikipedia.org/wiki/John_Sarbanes
Maryland,Maryland 3,Mark Plaster,Republican,33.9,False,False,D+9,general,
Maryland,Maryland 3,Eze Nnabu,Green,2.8,False,False,D+9,general,
Maryland,Maryland 4,Anthony Brown,Democratic,74.1,False,True,D+26,general,https://en.wikipedia.org/wiki/Anthony_Brown_(Maryland_politician)
Maryland,Maryland 4,George McDermott,Republican,21.4,False,False,D+26,general,
Maryland,Maryland 4,Kamesha Clark,Green,2.6,False,False,D+26,general,
Maryland,Maryland 4,Ben Krause,Libertarian,1.8,False,False,D+26,general,
Maryland,Maryland 5,Steny Hoyer,Democratic,67.4,True,True,D+14,general,https://en.wikipedia.org/wiki/Steny_Hoyer
Maryland,Maryland 5,Mark Arness,Republican,29.4,False,False,D+14,general,
Maryland,Maryland 5,Jason Summers,Libertarian,3.1,False,False,D+14,general,
Maryland,Maryland 6,John Delaney,Democratic,56.0,True,True,D+4,general,https://en.wikipedia.org/wiki/John_Delaney_(Maryland_politician)
Maryland,Maryland 6,Amie Hoeber,Republican,40.1,False,False,D+4,general,
Maryland,Maryland 6,David Howser,Libertarian,2.1,False,False,D+4,general,
Maryland,Maryland 6,George Gluck,Green,1.8,False,False,D+4,general,
Maryland,Maryland 7,Elijah Cummings,Democratic,74.9,True,True,D+24,general,https://en.wikipedia.org/wiki/Elijah_Cummings
Maryland,Maryland 7,Corrogan Vaughn,Republican,21.8,False,False,D+24,general,
Maryland,Maryland 7,Myles Hoenig,Green,3.0,False,False,D+24,general,
Maryland,Maryland 8,Jamie Raskin,Democratic,60.6,False,True,D+11,general,https://en.wikipedia.org/wiki/Jamie_Raskin
Maryland,Maryland 8,Dan Cox,Republican,34.2,False,False,D+11,general,
Maryland,Maryland 8,Nancy Wallace,Green,3.1,False,False,D+11,general,
Maryland,Maryland 8,Jasen Wunder,Libertarian,2.0,False,False,D+11,general,
Massachusetts,Massachusetts 1,Richard Neal,Democratic,73.3,True,True,D+13,general,https://en.wikipedia.org/wiki/Richard_Neal
Massachusetts,Massachusetts 1,Frederick Mayock,Independent,17.9,False,False,D+13,general,
Massachusetts,Massachusetts 1,Thomas Simmons,Libertarian,8.6,False,False,D+13,general,
Massachusetts,Massachusetts 2,Jim McGovern,Democratic,98.2,True,True,D+8,general,
Massachusetts,Massachusetts 3,Niki Tsongas,Democratic,68.7,True,True,D+6,general,https://en.wikipedia.org/wiki/Niki_Tsongas
Massachusetts,Massachusetts 3,Ann Wofford,Republican,31.2,False,False,D+6,general,
Massachusetts,Massachusetts 4,Joe Kennedy III,Democratic,70.1,True,True,D+6,general,https://en.wikipedia.org/wiki/Joe_Kennedy_III
Massachusetts,Massachusetts 4,David Rosa,Republican,29.8,False,False,D+6,general,
Massachusetts,Massachusetts 5,Katherine Clark,Democratic,98.6,True,True,D+14,general,
Massachusetts,Massachusetts 6,Seth Moulton,Democratic,98.4,True,True,D+4,general,
Massachusetts,Massachusetts 7,Mike Capuano,Democratic,98.6,True,True,D+31,general,
Massachusetts,Massachusetts 8,Stephen Lynch,Democratic,72.4,True,True,D+6,general,https://en.wikipedia.org/wiki/Stephen_Lynch_(politician)
Massachusetts,Massachusetts 8,William Burke,Republican,27.5,False,False,D+6,general,
Massachusetts,Massachusetts 9,Bill Keating,Democratic,55.7,True,True,D+5,general,https://en.wikipedia.org/wiki/Bill_Keating_(politician)
Massachusetts,Massachusetts 9,Mark Alliegro,Republican,33.6,False,False,D+5,general,
Massachusetts,Massachusetts 9,Paul Harrington,Independent,6.9,False,False,D+5,general,
Massachusetts,Massachusetts 9,Chris Cataldo,Unenrolled,2.2,False,False,D+5,general,
Massachusetts,Massachusetts 9,Anna Raduc,Unenrolled,1.4,False,False,D+5,general,
Michigan,Michigan 1,Jack Bergman,Republican,54.9,False,True,R+5,general,https://en.wikipedia.org/wiki/Jack_Bergman
Michigan,Michigan 1,Lon Johnson,Democratic,40.1,False,False,R+5,general,https://en.wikipedia.org/wiki/Lon_Johnson
Michigan,Michigan 1,Diane Bostow,Libertarian,3.7,False,False,R+5,general,
Michigan,Michigan 1,Ellis Boal,Green,1.3,False,False,R+5,general,
Michigan,Michigan 10,Paul Mitchell,Republican,63.1,False,True,R+6,general,https://en.wikipedia.org/wiki/Paul_Mitchell_(politician)
Michigan,Michigan 10,Frank Accavitti,Democratic,32.3,False,False,R+6,general,
Michigan,Michigan 10,Lisa Gioia,Libertarian,3.1,False,False,R+6,general,
Michigan,Michigan 10,Benjamin Nofs,Green,1.5,False,False,R+6,general,
Michigan,Michigan 11,David Trott,Republican,52.9,True,True,R+4,general,https://en.wikipedia.org/wiki/Dave_Trott_(politician)
Michigan,Michigan 11,Anil Kumar,Democratic,40.2,False,False,R+4,general,
Michigan,Michigan 11,Kerry Bentivolio,Independent,4.4,False,False,R+4,general,https://en.wikipedia.org/wiki/Kerry_Bentivolio
Michigan,Michigan 11,Jonathan Osment,Libertarian,2.5,False,False,R+4,general,
Michigan,Michigan 12,Debbie Dingell,Democratic,64.3,True,True,D+15,general,https://en.wikipedia.org/wiki/Debbie_Dingell
Michigan,Michigan 12,Jeff Jones,Republican,29.3,False,False,D+15,general,
Michigan,Michigan 12,Gary Walkowicz,Working Class,2.8,False,False,D+15,general,
Michigan,Michigan 12,Tom Bagwell,Libertarian,2.3,False,False,D+15,general,
Michigan,Michigan 12,Dylan Calewarts,Green,1.3,False,False,D+15,general,
Michigan,Michigan 13,John Conyers,Democratic,77.1,True,True,D+34,general,https://en.wikipedia.org/wiki/John_Conyers
Michigan,Michigan 13,Jeff Gorman,Republican,15.7,False,False,D+34,general,
Michigan,Michigan 13,Tiffany Hayden,Libertarian,3.8,False,False,D+34,general,
Michigan,Michigan 13,Sam Johnson,Working Class,3.4,False,False,D+34,general,
Michigan,Michigan 14,Brenda Lawrence,Democratic,78.5,True,True,D+29,general,https://en.wikipedia.org/wiki/Brenda_Lawrence
Michigan,Michigan 14,Howard Klausner,Republican,18.7,False,False,D+29,general,
Michigan,Michigan 14,Gregory Creswell,Libertarian,1.6,False,False,D+29,general,
Michigan,Michigan 14,Marcia Squier,Green,1.2,False,False,D+29,general,
Michigan,Michigan 2,Bill Huizenga,Republican,62.6,True,True,R+7,general,https://en.wikipedia.org/wiki/Bill_Huizenga
Michigan,Michigan 2,Dennis B. Murphy,Democratic,32.5,False,False,R+7,general,
Michigan,Michigan 2,Erwin J. Haas,Libertarian,2.4,False,False,R+7,general,
Michigan,Michigan 2,Matthew Brady,Green,1.6,False,False,R+7,general,
Michigan,Michigan 2,Ronald Graeser,U.S. Taxpayers,0.9,False,False,R+7,general,
Michigan,Michigan 3,Justin Amash,Republican,59.5,True,True,R+4,general,https://en.wikipedia.org/wiki/Justin_Amash
Michigan,Michigan 3,Douglas Smith,Democratic,37.5,False,False,R+4,general,
Michigan,Michigan 3,Ted Gerrard,U.S. Taxpayers,3.0,False,False,R+4,general,
Michigan,Michigan 4,John Moolenaar,Republican,61.6,True,True,R+5,general,https://en.wikipedia.org/wiki/John_Moolenaar
Michigan,Michigan 4,Debra Wirth,Democratic,32.1,False,False,R+5,general,
Michigan,Michigan 4,Leonard Schwartz,Libertarian,2.7,False,False,R+5,general,
Michigan,Michigan 4,Jordan Salvi,Green,1.3,False,False,R+5,general,
Michigan,Michigan 5,Dan Kildee,Democratic,61.2,True,True,D+10,general,https://en.wikipedia.org/wiki/Dan_Kildee
Michigan,Michigan 5,Allen Hardwick,Republican,35.1,False,False,D+10,general,
Michigan,Michigan 5,Steve Sluka,Libertarian,2.2,False,False,D+10,general,
Michigan,Michigan 5,George Zimmer,U.S. Taxpayers,1.8,False,False,D+10,general,
Michigan,Michigan 5,Harley Mikkelson,Green,1.5,False,False,D+10,general,
Michigan,Michigan 5,Keith Butkovich,Natural Law,0.6,False,False,D+10,general,
Michigan,Michigan 6,Fred Upton,Republican,58.7,True,True,R+1,general,https://en.wikipedia.org/wiki/Fred_Upton
Michigan,Michigan 6,Paul Clements,Democratic,36.4,False,False,R+1,general,https://en.wikipedia.org/wiki/Paul_Clements
Michigan,Michigan 6,Lorence Wenke,Libertarian,4.9,False,False,R+1,general,
Michigan,Michigan 7,Tim Walberg,Republican,55.0,True,True,R+3,general,https://en.wikipedia.org/wiki/Tim_Walberg
Michigan,Michigan 7,Gretchen Driskell,Democratic,40.0,False,False,R+3,general,https://en.wikipedia.org/wiki/Gretchen_Driskell
Michigan,Michigan 7,Ken Proctor,Libertarian,4.9,False,False,R+3,general,
Michigan,Michigan 8,Mike Bishop,Republican,56.0,True,True,R+2,general,https://en.wikipedia.org/wiki/Mike_Bishop_(politician)
Michigan,Michigan 8,Suzanna Shkreli,Democratic,39.2,False,False,R+2,general,
Michigan,Michigan 8,Jeff Wood,Libertarian,2.6,False,False,R+2,general,
Michigan,Michigan 8,Maria Green,Green,1.5,False,False,R+2,general,
Michigan,Michigan 8,Jeremy Burgess,Natural Law,0.6,False,False,R+2,general,
Michigan,Michigan 9,Sander Levin,Democratic,57.9,True,True,D+6,general,https://en.wikipedia.org/wiki/Sander_Levin
Michigan,Michigan 9,Christopher Morse,Republican,37.4,False,False,D+6,general,
Michigan,Michigan 9,Matthew Orlando,Libertarian,2.8,False,False,D+6,general,
Michigan,Michigan 9,John McDermott,Green,1.9,False,False,D+6,general,
Minnesota,Minnesota 1,Tim Walz,DFL,50.3,True,True,R+1,general,https://en.wikipedia.org/wiki/Tim_Walz
Minnesota,Minnesota 1,Jim Hagedorn,Republican,49.6,False,False,R+1,general,https://en.wikipedia.org/wiki/Jim_Hagedorn
Minnesota,Minnesota 2,Jason Lewis,Republican,47.0,False,True,R+2,general,https://en.wikipedia.org/wiki/Jason_Lewis_(Minnesota_politician)
Minnesota,Minnesota 2,Angie Craig,DFL,45.2,False,False,R+2,general,https://en.wikipedia.org/wiki/Angie_Craig
Minnesota,Minnesota 2,Paula Overby,Independence,7.8,False,False,R+2,general,https://en.wikipedia.org/wiki/Paula_Overby
Minnesota,Minnesota 3,Erik Paulsen,Republican,56.7,True,True,R+2,general,https://en.wikipedia.org/wiki/Erik_Paulsen
Minnesota,Minnesota 3,Terri Bonoff,DFL,43.0,False,False,R+2,general,https://en.wikipedia.org/wiki/Terri_Bonoff
Minnesota,Minnesota 4,Betty McCollum,DFL,57.8,True,True,D+11,general,https://en.wikipedia.org/wiki/Betty_McCollum
Minnesota,Minnesota 4,Greg Ryan,Republican,34.4,False,False,D+11,general,
Minnesota,Minnesota 4,Susan Sindt,Legal Marijuana Now,7.7,False,False,D+11,general,
Minnesota,Minnesota 5,Keith Ellison,DFL,69.1,True,True,D+22,general,https://en.wikipedia.org/wiki/Keith_Ellison
Minnesota,Minnesota 5,Frank Drake,Republican,22.3,False,False,D+22,general,
Minnesota,Minnesota 5,Dennis Schuller,Legal Marijuana Now,8.5,False,False,D+22,general,
Minnesota,Minnesota 6,Tom Emmer,Republican,65.6,True,True,R+10,general,https://en.wikipedia.org/wiki/Tom_Emmer
Minnesota,Minnesota 6,David Snyder,DFL,34.3,False,False,R+10,general,
Minnesota,Minnesota 7,Collin Peterson,DFL,52.5,True,True,R+6,general,https://en.wikipedia.org/wiki/Collin_Peterson
Minnesota,Minnesota 7,Dave Hughes,Republican,47.4,False,False,R+6,general,
Minnesota,Minnesota 8,Rick Nolan,DFL,50.2,True,True,D+1,general,https://en.wikipedia.org/wiki/Rick_Nolan
Minnesota,Minnesota 8,Stewart Mills,Republican,49.6,False,False,D+1,general,
Mississippi,Mississippi 1,Trent Kelly,Republican,68.7,True,True,R+16,general,https://en.wikipedia.org/wiki/Trent_Kelly
Mississippi,Mississippi 1,Jacob Owens,Democratic,27.9,False,False,R+16,general,
Mississippi,Mississippi 1,Chase Wilson,Libertarian,2.1,False,False,R+16,general,
Mississippi,Mississippi 1,Cathy Toole,Reform,1.3,False,False,R+16,general,
Mississippi,Mississippi 2,Bennie Thompson,Democratic,67.1,True,True,D+13,general,https://en.wikipedia.org/wiki/Bennie_Thompson
Mississippi,Mississippi 2,John Bouie,Republican,29.1,False,False,D+13,general,
Mississippi,Mississippi 2,Troy Ray,Independent,2.4,False,False,D+13,general,
Mississippi,Mississippi 2,Johnny McLeod,Reform,1.3,False,False,D+13,general,
Mississippi,Mississippi 3,Gregg Harper,Republican,66.2,True,True,R+14,general,https://en.wikipedia.org/wiki/Gregg_Harper
Mississippi,Mississippi 3,Dennis Quinn,Democratic,30.4,False,False,R+14,general,
Mississippi,Mississippi 3,Roger Gerrard,Veterans,2.7,False,False,R+14,general,
Mississippi,Mississippi 3,Lajena Sheets,Reform,0.7,False,False,R+14,general,
Mississippi,Mississippi 4,Steven Palazzo,Republican,65.0,True,True,R+21,general,https://en.wikipedia.org/wiki/Steven_Palazzo
Mississippi,Mississippi 4,Mark Gladney,Democratic,27.8,False,False,R+21,general,
Mississippi,Mississippi 4,Ric McCluskey,Libertarian,5.3,False,False,R+21,general,
Mississippi,Mississippi 4,Shawn O'Hara,Reform,1.9,False,False,R+21,general,
Missouri,Missouri 1,Lacy Clay,Democratic,75.5,True,True,D+28,general,https://en.wikipedia.org/wiki/Lacy_Clay
Missouri,Missouri 1,Steven G. Bailey,Republican,20.0,False,False,D+28,general,
Missouri,Missouri 1,Robb Cunningham,Libertarian,4.6,False,False,D+28,general,
Missouri,Missouri 2,Ann Wagner,Republican,58.5,True,True,R+8,general,https://en.wikipedia.org/wiki/Ann_Wagner
Missouri,Missouri 2,Bill Otto,Democratic,37.7,False,False,R+8,general,
Missouri,Missouri 2,Jim Higgins,Libertarian,2.8,False,False,R+8,general,
Missouri,Missouri 2,David Arnold,Green,0.9,False,False,R+8,general,
Missouri,Missouri 3,Blaine Luetkemeyer,Republican,67.8,True,True,R+13,general,https://en.wikipedia.org/wiki/Blaine_Luetkemeyer
Missouri,Missouri 3,Kevin Miller,Democratic,27.9,False,False,R+13,general,
Missouri,Missouri 3,Dan Hogan,Libertarian,3.3,False,False,R+13,general,
Missouri,Missouri 3,Doanita Simmons,Constitution,1.0,False,False,R+13,general,
Missouri,Missouri 4,Vicky Hartzler,Republican,67.8,True,True,R+13,general,https://en.wikipedia.org/wiki/Vicky_Hartzler
Missouri,Missouri 4,Gordon Christensen,Democratic,27.8,False,False,R+13,general,
Missouri,Missouri 4,Mark Bliss,Libertarian,4.3,False,False,R+13,general,
Missouri,Missouri 5,Emanuel Cleaver,Democratic,58.8,True,True,D+9,general,https://en.wikipedia.org/wiki/Emanuel_Cleaver
Missouri,Missouri 5,Jacob Turk,Republican,38.2,False,False,D+9,general,
Missouri,Missouri 5,Roy Welborn,Libertarian,3.0,False,False,D+9,general,
Missouri,Missouri 6,Sam Graves,Republican,68.0,True,True,R+12,general,https://en.wikipedia.org/wiki/Sam_Graves
Missouri,Missouri 6,David Blackwell,Democratic,28.4,False,False,R+12,general,
Missouri,Missouri 6,Russ Monchil,Libertarian,2.3,False,False,R+12,general,
Missouri,Missouri 6,Mike Diel,Green,1.2,False,False,R+12,general,
Missouri,Missouri 7,Billy Long,Republican,67.5,True,True,R+19,general,https://en.wikipedia.org/wiki/Billy_Long
Missouri,Missouri 7,Genevieve Williams,Democratic,27.4,False,False,R+19,general,
Missouri,Missouri 7,Benjamin Brixey,Libertarian,5.1,False,False,R+19,general,
Missouri,Missouri 8,Jason T. Smith,Republican,74.4,True,True,R+17,general,https://en.wikipedia.org/wiki/Jason_T._Smith
Missouri,Missouri 8,Dave Cowell,Democratic,22.7,False,False,R+17,general,
Missouri,Missouri 8,Jonathan Shell,Libertarian,2.9,False,False,R+17,general,
Montana,Montana at-large,Ryan Zinke,Republican,56.2,True,True,R+7,general,https://en.wikipedia.org/wiki/Ryan_Zinke
Montana,Montana at-large,Denise Juneau,Democratic,40.5,False,False,R+7,general,https://en.wikipedia.org/wiki/Denise_Juneau
Montana,Montana at-large,Rick Breckenridge,Libertarian,3.3,False,False,R+7,general,
Nebraska,Nebraska 1,Jeff Fortenberry,Republican,69.5,True,True,R+10,general,https://en.wikipedia.org/wiki/Jeff_Fortenberry
Nebraska,Nebraska 1,Daniel Wik,Democratic,30.5,False,False,R+10,general,
Nebraska,Nebraska 2,Don Bacon,Republican,48.9,False,True,R+4,general,https://en.wikipedia.org/wiki/Don_Bacon
Nebraska,Nebraska 2,Brad Ashford,Democratic,47.7,True,False,R+4,general,https://en.wikipedia.org/wiki/Brad_Ashford
Nebraska,Nebraska 2,Steven Laird,Libertarian,3.3,False,False,R+4,general,
Nebraska,Nebraska 3,Adrian Smith,Republican,100.0,True,True,R+23,general,
Nevada,Nevada 1,Dina Titus,Democratic,61.9,True,True,D+14,general,https://en.wikipedia.org/wiki/Dina_Titus
Nevada,Nevada 1,Mary Perry,Republican,28.8,False,False,D+14,general,
Nevada,Nevada 1,Reuben D'Silva,Independent,7.3,False,False,D+14,general,https://en.wikipedia.org/wiki/Reuben_D%27Silva
Nevada,Nevada 1,Kamau Bakari,Independent American,2.0,False,False,D+14,general,
Nevada,Nevada 2,Mark Amodei,Republican,58.3,True,True,R+5,general,https://en.wikipedia.org/wiki/Mark_Amodei
Nevada,Nevada 2,Chip Evans,Democratic,36.9,False,False,R+5,general,
Nevada,Nevada 2,John Everhart,Independent American,2.8,False,False,R+5,general,
Nevada,Nevada 2,Drew Knight,Independent,2.0,False,False,R+5,general,
Nevada,Nevada 3,Jacky Rosen,Democratic,47.2,False,True,EVEN,general,https://en.wikipedia.org/wiki/Jacky_Rosen
Nevada,Nevada 3,Danny Tarkanian,Republican,46.0,False,False,EVEN,general,https://en.wikipedia.org/wiki/Danny_Tarkanian
Nevada,Nevada 3,Warren Markowitz,Independent American,3.7,False,False,EVEN,general,
Nevada,Nevada 3,David Goossen,Independent,3.1,False,False,EVEN,general,
Nevada,Nevada 4,Ruben Kihuen,Democratic,48.5,False,True,D+4,general,https://en.wikipedia.org/wiki/Ruben_Kihuen
Nevada,Nevada 4,Cresent Hardy,Republican,44.5,True,False,D+4,general,https://en.wikipedia.org/wiki/Cresent_Hardy
Nevada,Nevada 4,Steve Brown,Libertarian,3.8,False,False,D+4,general,
Nevada,Nevada 4,Mike Little,Independent American,3.1,False,False,D+4,general,
New Hampshire,New Hampshire 1,Carol Shea-Porter,Democratic,44.3,False,True,R+1,general,https://en.wikipedia.org/wiki/Carol_Shea-Porter
New Hampshire,New Hampshire 1,Frank Guinta,Republican,43.0,True,False,R+1,general,https://en.wikipedia.org/wiki/Frank_Guinta
New Hampshire,New Hampshire 1,Shawn O'Connor,Independent,9.5,False,False,R+1,general,
New Hampshire,New Hampshire 1,Brendan Kelly,Independent,1.7,False,False,R+1,general,
New Hampshire,New Hampshire 1,Robert Lombardo,Libertarian,1.5,False,False,R+1,general,
New Hampshire,New Hampshire 2,Annie Kuster,Democratic,49.8,True,True,D+3,general,https://en.wikipedia.org/wiki/Annie_Kuster
New Hampshire,New Hampshire 2,Jim Lawrence,Republican,45.3,False,False,D+3,general,https://en.wikipedia.org/wiki/Jim_Lawrence_(politician)
New Hampshire,New Hampshire 2,John Babiarz,Independent,4.9,False,False,D+3,general,
New Jersey,New Jersey 1,Donald Norcross,Democratic,60.0,True,True,D+13,general,https://en.wikipedia.org/wiki/Donald_Norcross
New Jersey,New Jersey 1,Bob Patterson,Republican,36.8,False,False,D+13,general,
New Jersey,New Jersey 1,Scot Tomaszewski,Independent,1.8,False,False,D+13,general,
New Jersey,New Jersey 1,William Shir,Libertarian,0.8,False,False,D+13,general,
New Jersey,New Jersey 1,Mike Berman,Independent,0.6,False,False,D+13,general,
New Jersey,New Jersey 10,Donald Payne Jr.,Democratic,85.7,True,True,D+34,general,https://en.wikipedia.org/wiki/Donald_Payne_Jr.
New Jersey,New Jersey 10,David Pinckney,Republican,11.9,False,False,D+34,general,
New Jersey,New Jersey 10,Joanne Miller,Independent,1.7,False,False,D+34,general,
New Jersey,New Jersey 10,Aaron Fraser,Independent,0.8,False,False,D+34,general,
New Jersey,New Jersey 11,Rodney Frelinghuysen,Republican,58.0,True,True,R+6,general,https://en.wikipedia.org/wiki/Rodney_Frelinghuysen
New Jersey,New Jersey 11,Joseph Wenzel,Democratic,38.9,False,False,R+6,general,
New Jersey,New Jersey 11,Thomas Depasquale,Independent,2.1,False,False,R+6,general,
New Jersey,New Jersey 11,Jeff Hetrick,Libertarian,1.0,False,False,R+6,general,
New Jersey,New Jersey 12,Bonnie Watson Coleman,Democratic,62.9,True,True,D+14,general,https://en.wikipedia.org/wiki/Bonnie_Watson_Coleman
New Jersey,New Jersey 12,Steven Uccio,Republican,32.0,False,False,D+14,general,
New Jersey,New Jersey 12,Edward Forchion,Independent,2.1,False,False,D+14,general,
New Jersey,New Jersey 12,Robert Shapiro,Independent,1.0,False,False,D+14,general,
New Jersey,New Jersey 12,Thomas Fitzpatrick,Libertarian,0.9,False,False,D+14,general,
New Jersey,New Jersey 12,Steven Welzer,Green,0.7,False,False,D+14,general,
New Jersey,New Jersey 12,Michael Bollentin,Independent,0.5,False,False,D+14,general,
New Jersey,New Jersey 2,Frank LoBiondo,Republican,59.2,True,True,D+1,general,https://en.wikipedia.org/wiki/Frank_LoBiondo
New Jersey,New Jersey 2,David Cole,Democratic,37.2,False,False,D+1,general,
New Jersey,New Jersey 2,John Ordille,Libertarian,1.3,False,False,D+1,general,
New Jersey,New Jersey 2,James Keenan,Independent,0.9,False,False,D+1,general,
New Jersey,New Jersey 2,Steven Fenichel,Independent,0.5,False,False,D+1,general,
New Jersey,New Jersey 2,Eric Beechwood,Independent,0.5,False,False,D+1,general,
New Jersey,New Jersey 2,Gabriel Franco,Independent,0.4,False,False,D+1,general,
New Jersey,New Jersey 3,Tom MacArthur,Republican,59.3,True,True,R+1,general,https://en.wikipedia.org/wiki/Tom_MacArthur
New Jersey,New Jersey 3,Fred LaVergne,Democratic,38.9,False,False,R+1,general,
New Jersey,New Jersey 3,Lawrence Berlinski,Constitution,1.8,False,False,R+1,general,
New Jersey,New Jersey 4,Chris Smith,Republican,63.7,True,True,R+7,general,https://en.wikipedia.org/wiki/Chris_Smith_(New_Jersey_politician)
New Jersey,New Jersey 4,Lorna Phillipson,Democratic,33.5,False,False,R+7,general,
New Jersey,New Jersey 4,Hank Schroeder,Independent,1.8,False,False,R+7,general,
New Jersey,New Jersey 4,Jeremy Marcus,Libertarian,1.0,False,False,R+7,general,
New Jersey,New Jersey 5,Josh Gottheimer,Democratic,51.1,False,True,R+4,general,https://en.wikipedia.org/wiki/Josh_Gottheimer
New Jersey,New Jersey 5,Scott Garrett,Republican,46.7,True,False,R+4,general,https://en.wikipedia.org/wiki/Scott_Garrett
New Jersey,New Jersey 5,Claudio Belusic,Libertarian,2.2,False,False,R+4,general,
New Jersey,New Jersey 6,Frank Pallone,Democratic,63.7,True,True,D+8,general,https://en.wikipedia.org/wiki/Frank_Pallone
New Jersey,New Jersey 6,Brent Sonnek-Schmelz,Republican,34.9,False,False,D+8,general,
New Jersey,New Jersey 6,Rajit Malliah,Green,0.7,False,False,D+8,general,
New Jersey,New Jersey 6,Judith Shamy,Libertarian,0.7,False,False,D+8,general,
New Jersey,New Jersey 7,Leonard Lance,Republican,54.1,True,True,R+6,general,https://en.wikipedia.org/wiki/Leonard_Lance
New Jersey,New Jersey 7,Peter Jacob,Democratic,43.1,False,False,R+6,general,
New Jersey,New Jersey 7,Dan O'Neill,Libertarian,1.6,False,False,R+6,general,
New Jersey,New Jersey 7,Arthur Haussmann,Independent,1.2,False,False,R+6,general,
New Jersey,New Jersey 8,Albio Sires,Democratic,77.0,True,True,D+24,general,https://en.wikipedia.org/wiki/Albio_Sires
New Jersey,New Jersey 8,Agha Khan,Republican,18.5,False,False,D+24,general,
New Jersey,New Jersey 8,Pablo Olivera,Independent,2.5,False,False,D+24,general,
New Jersey,New Jersey 8,Dan Delaney,Libertarian,2.0,False,False,D+24,general,
New Jersey,New Jersey 9,Bill Pascrell,Democratic,69.7,True,True,D+14,general,https://en.wikipedia.org/wiki/Bill_Pascrell
New Jersey,New Jersey 9,Hector Castillo,Republican,28.0,False,False,D+14,general,
New Jersey,New Jersey 9,Diego Rivera,Libertarian,1.4,False,False,D+14,general,
New Jersey,New Jersey 9,Jeff Boss,Independent,0.8,False,False,D+14,general,
New Mexico,New Mexico 1,Michelle Lujan Grisham,Democratic,65.1,True,True,D+7,general,https://en.wikipedia.org/wiki/Michelle_Lujan_Grisham
New Mexico,New Mexico 1,Richard Priem,Republican,34.9,False,False,D+7,general,
New Mexico,New Mexico 2,Steve Pearce,Republican,62.7,True,True,R+5,general,https://en.wikipedia.org/wiki/Steve_Pearce_(politician)
New Mexico,New Mexico 2,Merrie Lee Soules,Democratic,37.3,False,False,R+5,general,
New Mexico,New Mexico 3,Ben Ray Luján,Democratic,62.4,True,True,D+8,general,https://en.wikipedia.org/wiki/Ben_Ray_Luj%C3%A1n
New Mexico,New Mexico 3,Michael Romero,Republican,37.6,False,False,D+8,general,
New York,New York 1,Lee Zeldin,Republican,58.9,True,True,R+2,general,https://en.wikipedia.org/wiki/Lee_Zeldin
New York,New York 1,Anna Throne-Holst,Democratic,41.0,False,False,R+2,general,
New York,New York 10,Jerry Nadler,Democratic,78.0,True,True,D+23,general,https://en.wikipedia.org/wiki/Jerry_Nadler
New York,New York 10,Phillip Rosenthal,Republican,21.9,False,False,D+23,general,
New York,New York 11,Dan Donovan,Republican,61.5,True,True,R+2,general,https://en.wikipedia.org/wiki/Dan_Donovan_(politician)
New York,New York 11,Richard Reichard,Democratic,36.7,False,False,R+2,general,
New York,New York 11,Henry Bardel,Green,1.5,False,False,R+2,general,
New York,New York 12,Carolyn Maloney,Democratic,83.1,True,True,D+27,general,https://en.wikipedia.org/wiki/Carolyn_Maloney
New York,New York 12,Robert Ardini,Republican,16.8,False,False,D+27,general,
New York,New York 13,Adriano Espaillat,Democratic,88.6,False,True,D+42,general,https://en.wikipedia.org/wiki/Adriano_Espaillat
New York,New York 13,Robert Evans,Republican,6.9,False,False,D+42,general,
New York,New York 13,Daniel Rivera,Green,3.2,False,False,D+42,general,
New York,New York 13,Scott Fenstermaker,Independent,0.8,False,False,D+42,general,
New York,New York 14,Joseph Crowley,Democratic,82.8,True,True,D+26,general,https://en.wikipedia.org/wiki/Joseph_Crowley
New York,New York 14,Frank Spotorno,Republican,17.1,False,False,D+26,general,
New York,New York 15,José E. Serrano,Democratic,95.2,True,True,D+42,general,https://en.wikipedia.org/wiki/Jos%C3%A9_E._Serrano
New York,New York 15,Alejandro Vega,Republican,3.5,False,False,D+42,general,
New York,New York 15,Eduardo Ramirez,Conservative,1.2,False,False,D+42,general,
New York,New York 16,Eliot Engel,Democratic,94.4,True,True,D+21,general,https://en.wikipedia.org/wiki/Eliot_Engel
New York,New York 16,Derickson Lawrence,Independent,5.3,False,False,D+21,general,
New York,New York 17,Nita Lowey,Democratic,99.1,True,True,D+5,general,
New York,New York 18,Sean Patrick Maloney,Democratic,55.6,True,True,EVEN,general,https://en.wikipedia.org/wiki/Sean_Patrick_Maloney
New York,New York 18,Phil Oliva,Republican,44.4,False,False,EVEN,general,
New York,New York 19,John Faso,Republican,54.2,False,True,D+1,general,https://en.wikipedia.org/wiki/John_Faso
New York,New York 19,Zephyr Teachout,Democratic,45.7,False,False,D+1,general,https://en.wikipedia.org/wiki/Zephyr_Teachout
New York,New York 2,Peter T. King,Republican,62.4,True,True,R+1,general,https://en.wikipedia.org/wiki/Peter_T._King
New York,New York 2,DuWayne Gregory,Democratic,37.5,False,False,R+1,general,
New York,New York 20,Paul Tonko,Democratic,67.9,True,True,D+7,general,https://en.wikipedia.org/wiki/Paul_Tonko
New York,New York 20,Francis Vitollo,Republican,32.1,False,False,D+7,general,
New York,New York 21,Elise Stefanik,Republican,65.3,True,True,EVEN,general,https://en.wikipedia.org/wiki/Elise_Stefanik
New York,New York 21,Mike Derrick,Democratic,30.1,False,False,EVEN,general,
New York,New York 21,Matthew Funiciello,Green,4.6,False,False,EVEN,general,
New York,New York 22,Claudia Tenney,Republican,46.5,False,True,R+3,general,https://en.wikipedia.org/wiki/Claudia_Tenney
New York,New York 22,Kim Myers,Democratic,41.0,False,False,R+3,general,
New York,New York 22,Martin Babinec,Reform,11.8,False,False,R+3,general,
New York,New York 23,Tom Reed,Republican,57.6,True,True,R+3,general,https://en.wikipedia.org/wiki/Tom_Reed_(politician)
New York,New York 23,John Plumb,Democratic,42.4,False,False,R+3,general,
New York,New York 24,John Katko,Republican,60.5,True,True,D+5,general,https://en.wikipedia.org/wiki/John_Katko
New York,New York 24,Colleen Deacon,Democratic,39.4,False,False,D+5,general,
New York,New York 25,Louise Slaughter,Democratic,56.1,True,True,D+7,general,https://en.wikipedia.org/wiki/Louise_Slaughter
New York,New York 25,Mark Assini,Republican,43.8,False,False,D+7,general,
New York,New York 26,Brian Higgins,Democratic,74.6,True,True,D+13,general,https://en.wikipedia.org/wiki/Brian_Higgins
New York,New York 26,Shelly Shratz,Republican,25.4,False,False,D+13,general,
New York,New York 27,Chris Collins,Republican,67.2,True,True,R+8,general,https://en.wikipedia.org/wiki/Chris_Collins_(New_York_politician)
New York,New York 27,Diana Kastenbaum,Democratic,32.8,False,False,R+8,general,
New York,New York 3,Tom Suozzi,Democratic,53.0,False,True,EVEN,general,https://en.wikipedia.org/wiki/Tom_Suozzi
New York,New York 3,Jack Martins,Republican,47.0,False,False,EVEN,general,https://en.wikipedia.org/wiki/Jack_Martins
New York,New York 4,Kathleen Rice,Democratic,59.5,True,True,D+3,general,https://en.wikipedia.org/wiki/Kathleen_Rice
New York,New York 4,David Gurfein,Republican,40.4,False,False,D+3,general,
New York,New York 5,Gregory Meeks,Democratic,85.4,True,True,D+35,general,https://en.wikipedia.org/wiki/Gregory_Meeks
New York,New York 5,Michael O'Reilly,Republican,13.0,False,False,D+35,general,
New York,New York 5,Frank Francois,Green,1.4,False,False,D+35,general,
New York,New York 6,Grace Meng,Democratic,72.1,True,True,D+13,general,https://en.wikipedia.org/wiki/Grace_Meng
New York,New York 6,Danniel Maio,Republican,26.7,False,False,D+13,general,
New York,New York 6,Haris Bhatti,Independent,1.1,False,False,D+13,general,
New York,New York 7,Nydia Velázquez,Democratic,90.7,True,True,D+34,general,https://en.wikipedia.org/wiki/Nydia_Vel%C3%A1zquez
New York,New York 7,Allan Romaguera,Republican,9.2,False,False,D+34,general,
New York,New York 8,Hakeem Jeffries,Democratic,93.2,True,True,D+35,general,https://en.wikipedia.org/wiki/Hakeem_Jeffries
New York,New York 8,Daniel Cavanagh,Conservative,6.7,False,False,D+35,general,
New York,New York 9,Yvette Clarke,Democratic,92.3,True,True,D+32,general,https://en.wikipedia.org/wiki/Yvette_Clarke
New York,New York 9,Alan Bellone,Conservative,7.6,False,False,D+32,general,
North Carolina,North Carolina 1,G. K. Butterfield,Democratic,68.6,True,True,D+15,general,https://en.wikipedia.org/wiki/G._K._Butterfield
North Carolina,North Carolina 1,H. Powell Dew,Republican,29.0,False,False,D+15,general,
North Carolina,North Carolina 1,J. J. Summerell,Libertarian,2.4,False,False,D+15,general,
North Carolina,North Carolina 10,Patrick McHenry,Republican,63.1,True,True,R+11,general,https://en.wikipedia.org/wiki/Patrick_McHenry
North Carolina,North Carolina 10,Andy Millard,Democratic,36.9,False,False,R+11,general,
North Carolina,North Carolina 11,Mark Meadows,Republican,64.1,True,True,R+12,general,https://en.wikipedia.org/wiki/Mark_Meadows
North Carolina,North Carolina 11,Rick Bryson,Democratic,35.9,False,False,R+12,general,
North Carolina,North Carolina 12,Alma Adams,Democratic,67.0,True,True,D+16,general,https://en.wikipedia.org/wiki/Alma_Adams
North Carolina,North Carolina 12,Leon Threatt,Republican,33.0,False,False,D+16,general,
North Carolina,North Carolina 13,Ted Budd,Republican,56.1,False,True,R+5,general,https://en.wikipedia.org/wiki/Ted_Budd
North Carolina,North Carolina 13,Bruce Davis,Democratic,43.9,False,False,R+5,general,
North Carolina,North Carolina 2,George Holding,Republican,56.7,False,True,R+8,general,https://en.wikipedia.org/wiki/George_Holding
North Carolina,North Carolina 2,John McNeil,Democratic,43.3,False,False,R+8,general,
North Carolina,North Carolina 3,Walter B. Jones Jr.,Republican,67.2,True,True,R+11,general,https://en.wikipedia.org/wiki/Walter_B._Jones_Jr.
North Carolina,North Carolina 3,Ernest Reeves,Democratic,32.8,False,False,R+11,general,
North Carolina,North Carolina 4,David Price,Democratic,68.2,True,True,D+13,general,https://en.wikipedia.org/wiki/David_Price_(American_politician)
North Carolina,North Carolina 4,Sue Googe,Republican,31.8,False,False,D+13,general,
North Carolina,North Carolina 5,Virginia Foxx,Republican,58.4,True,True,R+9,general,https://en.wikipedia.org/wiki/Virginia_Foxx
North Carolina,North Carolina 5,Josh Brannon,Democratic,41.6,False,False,R+9,general,
North Carolina,North Carolina 6,Mark Walker,Republican,59.2,True,True,R+10,general,https://en.wikipedia.org/wiki/Mark_Walker_(North_Carolina_politician)
North Carolina,North Carolina 6,Pete Glidewell,Democratic,40.8,False,False,R+10,general,
North Carolina,North Carolina 7,David Rouzer,Republican,60.9,True,True,R+9,general,https://en.wikipedia.org/wiki/David_Rouzer
North Carolina,North Carolina 7,J. Wesley Casteen,Democratic,39.1,False,False,R+9,general,
North Carolina,North Carolina 8,Richard Hudson,Republican,58.8,True,True,R+8,general,https://en.wikipedia.org/wiki/Richard_Hudson_(American_politician)
North Carolina,North Carolina 8,Thomas Mills,Democratic,41.2,False,False,R+8,general,
North Carolina,North Carolina 9,Robert Pittenger,Republican,58.2,True,True,R+8,general,https://en.wikipedia.org/wiki/Robert_Pittenger
North Carolina,North Carolina 9,Christian Cano,Democratic,41.8,False,False,R+8,general,
North Dakota,North Dakota at-large,Kevin Cramer,Republican,69.1,True,True,R+10,general,https://en.wikipedia.org/wiki/Kevin_Cramer
North Dakota,North Dakota at-large,Chase Iron Eyes,Democratic-NPL,23.8,False,False,R+10,general,https://en.wikipedia.org/wiki/Chase_Iron_Eyes
North Dakota,North Dakota at-large,Jack Seaman,Libertarian,7.0,False,False,R+10,general,
Ohio,Ohio 1,Steve Chabot,Republican,59.2,True,True,R+6,general,https://en.wikipedia.org/wiki/Steve_Chabot
Ohio,Ohio 1,Michele Young,Democratic,40.8,False,False,R+6,general,
Ohio,Ohio 10,Mike Turner,Republican,64.1,True,True,R+3,general,https://en.wikipedia.org/wiki/Mike_Turner
Ohio,Ohio 10,Robert Klepinger,Democratic,32.7,False,False,R+3,general,
Ohio,Ohio 10,Tom McMasters,Independent,3.2,False,False,R+3,general,
Ohio,Ohio 11,Marcia Fudge,Democratic,80.3,True,True,D+30,general,https://en.wikipedia.org/wiki/Marcia_Fudge
Ohio,Ohio 11,Beverly Goldstein,Republican,19.8,False,False,D+30,general,
Ohio,Ohio 12,Pat Tiberi,Republican,66.6,True,True,R+8,general,https://en.wikipedia.org/wiki/Pat_Tiberi
Ohio,Ohio 12,Ed Albertson,Democratic,29.8,False,False,R+8,general,
Ohio,Ohio 12,Joe Manchik,Green,3.6,False,False,R+8,general,
Ohio,Ohio 13,Tim Ryan,Democratic,67.7,True,True,D+11,general,https://en.wikipedia.org/wiki/Tim_Ryan_(Ohio_politician)
Ohio,Ohio 13,Richard Morckel,Republican,32.3,False,False,D+11,general,
Ohio,Ohio 14,David Joyce,Republican,62.6,True,True,R+4,general,https://en.wikipedia.org/wiki/David_Joyce_(politician)
Ohio,Ohio 14,Michael Wager,Democratic,37.4,False,False,R+4,general,https://en.wikipedia.org/wiki/Michael_Wager_(Ohio_politician)
Ohio,Ohio 15,Steve Stivers,Republican,66.2,True,True,R+6,general,https://en.wikipedia.org/wiki/Steve_Stivers
Ohio,Ohio 15,Scott Wharton,Democratic,33.8,False,False,R+6,general,
Ohio,Ohio 16,Jim Renacci,Republican,65.3,True,True,R+6,general,https://en.wikipedia.org/wiki/Jim_Renacci
Ohio,Ohio 16,Keith Mundy,Democratic,34.7,False,False,R+6,general,
Ohio,Ohio 2,Brad Wenstrup,Republican,65.0,True,True,R+8,general,https://en.wikipedia.org/wiki/Brad_Wenstrup
Ohio,Ohio 2,William Smith,Democratic,32.8,False,False,R+8,general,
Ohio,Ohio 3,Joyce Beatty,Democratic,68.6,True,True,D+17,general,https://en.wikipedia.org/wiki/Joyce_Beatty
Ohio,Ohio 3,John Adams,Republican,31.4,False,False,D+17,general,
Ohio,Ohio 4,Jim Jordan,Republican,68.0,True,True,R+9,general,https://en.wikipedia.org/wiki/Jim_Jordan
Ohio,Ohio 4,Janet Garrett,Democratic,32.0,False,False,R+9,general,
Ohio,Ohio 5,Bob Latta,Republican,70.9,True,True,R+7,general,https://en.wikipedia.org/wiki/Bob_Latta
Ohio,Ohio 5,James Neu,Democratic,29.1,False,False,R+7,general,
Ohio,Ohio 6,Bill Johnson,Republican,70.7,True,True,R+8,general,https://en.wikipedia.org/wiki/Bill_Johnson_(Ohio_politician)
Ohio,Ohio 6,Michael Lorentz,Democratic,29.3,False,False,R+8,general,
Ohio,Ohio 7,Bob Gibbs,Republican,64.0,True,True,R+6,general,https://en.wikipedia.org/wiki/Bob_Gibbs
Ohio,Ohio 7,Roy Rich,Democratic,29.0,False,False,R+6,general,
Ohio,Ohio 7,Dan Phillip,Independent,7.0,False,False,R+6,general,
Ohio,Ohio 8,Warren Davidson,Republican,68.8,True,True,R+15,general,https://en.wikipedia.org/wiki/Warren_Davidson
Ohio,Ohio 8,Steven Fought,Democratic,27.0,False,False,R+15,general,
Ohio,Ohio 8,Derrick Hendricks,Green,4.3,False,False,R+15,general,
Ohio,Ohio 8,Warren Davidson,Republican,76.8,False,True,,special,https://en.wikipedia.org/wiki/Warren_Davidson
Ohio,Ohio 8,Corey Foister,Democratic,21.1,False,False,,special,https://en.wikipedia.org/wiki/Corey_Foister
Ohio,Ohio 8,James J. Condit Jr.,Green,2.2,False,False,,special,
Ohio,Ohio 9,Marcy Kaptur,Democratic,68.7,True,True,D+15,general,https://en.wikipedia.org/wiki/Marcy_Kaptur
Ohio,Ohio 9,Donald Larson,Republican,31.3,False,False,D+15,general,
Oklahoma,Oklahoma 1,Jim Bridenstine,Republican,100.0,True,True,R+18,general,
Oklahoma,Oklahoma 2,Markwayne Mullin,Republican,70.6,True,True,R+20,general,https://en.wikipedia.org/wiki/Markwayne_Mullin
Oklahoma,Oklahoma 2,Joshua Harris-Till,Democratic,23.2,False,False,R+20,general,
Oklahoma,Oklahoma 2,John McCarthy,Independent,6.2,False,False,R+20,general,
Oklahoma,Oklahoma 3,Frank Lucas,Republican,78.3,True,True,R+26,general,https://en.wikipedia.org/wiki/Frank_Lucas_(Oklahoma_politician)
Oklahoma,Oklahoma 3,Frankie Robbins,Democratic,21.7,False,False,R+26,general,
Oklahoma,Oklahoma 4,Tom Cole,Republican,69.6,True,True,R+19,general,https://en.wikipedia.org/wiki/Tom_Cole
Oklahoma,Oklahoma 4,Christina Owen,Democratic,26.1,False,False,R+19,general,
Oklahoma,Oklahoma 4,Sevier White,Libertarian,4.3,False,False,R+19,general,
Oklahoma,Oklahoma 5,Steve Russell,Republican,57.1,True,True,R+12,general,https://en.wikipedia.org/wiki/Steve_Russell_(politician)
Oklahoma,Oklahoma 5,Al McAffrey,Democratic,36.8,False,False,R+12,general,https://en.wikipedia.org/wiki/Al_McAffrey
Oklahoma,Oklahoma 5,Zachary Knight,Libertarian,6.1,False,False,R+12,general,
Oregon,Oregon 1,Suzanne Bonamici,Democratic,59.6,True,True,D+7,general,https://en.wikipedia.org/wiki/Suzanne_Bonamici
Oregon,Oregon 1,Brian Heinrich,Republican,37.0,False,False,D+7,general,
Oregon,Oregon 1,Kyle Sheahan,Libertarian,3.2,False,False,D+7,general,
Oregon,Oregon 2,Greg Walden,Republican,71.7,True,True,R+10,general,https://en.wikipedia.org/wiki/Greg_Walden
Oregon,Oregon 2,Jim Crary,Democratic,28.0,False,False,R+10,general,
Oregon,Oregon 3,Earl Blumenauer,Democratic,71.8,True,True,D+22,general,https://en.wikipedia.org/wiki/Earl_Blumenauer
Oregon,Oregon 3,David Walker,Independent Party,20.5,False,False,D+22,general,
Oregon,Oregon 3,David Delk,Progressive,7.3,False,False,D+22,general,
Oregon,Oregon 4,Peter DeFazio,Democratic,55.5,True,True,D+2,general,https://en.wikipedia.org/wiki/Peter_DeFazio
Oregon,Oregon 4,Art Robinson,Republican,39.7,False,False,D+2,general,https://en.wikipedia.org/wiki/Art_Robinson
Oregon,Oregon 4,Mike Beilstein,Pacific Green,3.0,False,False,D+2,general,
Oregon,Oregon 4,Gil Guthrie,Libertarian,1.6,False,False,D+2,general,
Oregon,Oregon 5,Kurt Schrader,Democratic,53.5,True,True,EVEN,general,https://en.wikipedia.org/wiki/Kurt_Schrader
Oregon,Oregon 5,Colm Willis,Republican,43.0,False,False,EVEN,general,
Oregon,Oregon 5,Marvin Sandnes,Pacific Green,3.4,False,False,EVEN,general,
Pennsylvania,Pennsylvania 1,Bob Brady,Democratic,82.2,True,True,D+28,general,https://en.wikipedia.org/wiki/Bob_Brady
Pennsylvania,Pennsylvania 1,Deborah Williams,Republican,17.8,False,False,D+28,general,
Pennsylvania,Pennsylvania 10,Tom Marino,Republican,70.2,True,True,R+12,general,https://en.wikipedia.org/wiki/Tom_Marino
Pennsylvania,Pennsylvania 10,Mike Molesevich,Democratic,29.8,False,False,R+12,general,
Pennsylvania,Pennsylvania 11,Lou Barletta,Republican,63.7,True,True,R+6,general,https://en.wikipedia.org/wiki/Lou_Barletta
Pennsylvania,Pennsylvania 11,Michael Marsicano,Democratic,36.3,False,False,R+6,general,
Pennsylvania,Pennsylvania 12,Keith Rothfus,Republican,61.8,True,True,R+6,general,https://en.wikipedia.org/wiki/Keith_Rothfus
Pennsylvania,Pennsylvania 12,Erin McClelland,Democratic,38.2,False,False,R+6,general,
Pennsylvania,Pennsylvania 13,Brendan Boyle,Democratic,100.0,True,True,D+13,general,
Pennsylvania,Pennsylvania 14,Mike Doyle,Democratic,74.4,True,True,D+15,general,https://en.wikipedia.org/wiki/Mike_Doyle_(American_politician)
Pennsylvania,Pennsylvania 14,Lenny McAllister,Republican,25.6,False,False,D+15,general,https://en.wikipedia.org/wiki/Lenny_McAllister
Pennsylvania,Pennsylvania 15,Charlie Dent,Republican,58.4,True,True,R+2,general,https://en.wikipedia.org/wiki/Charlie_Dent
Pennsylvania,Pennsylvania 15,Rick Daugherty,Democratic,38.0,False,False,R+2,general,
Pennsylvania,Pennsylvania 15,Paul Rizzo,Libertarian,3.6,False,False,R+2,general,
Pennsylvania,Pennsylvania 16,Lloyd Smucker,Republican,53.8,False,True,R+4,general,https://en.wikipedia.org/wiki/Lloyd_Smucker
Pennsylvania,Pennsylvania 16,Christina Hartman,Democratic,42.9,False,False,R+4,general,
Pennsylvania,Pennsylvania 16,Shawn House,Libertarian,3.4,False,False,R+4,general,
Pennsylvania,Pennsylvania 17,Matt Cartwright,Democratic,53.8,True,True,D+4,general,https://en.wikipedia.org/wiki/Matt_Cartwright
Pennsylvania,Pennsylvania 17,Matt Connolly,Republican,46.2,False,False,D+4,general,
Pennsylvania,Pennsylvania 18,Tim Murphy,Republican,100.0,True,True,R+10,general,https://en.wikipedia.org/wiki/Tim_Murphy_(American_politician)
Pennsylvania,Pennsylvania 2,Dwight Evans,Democratic,90.2,False,True,D+38,general,https://en.wikipedia.org/wiki/Dwight_Evans_(politician)
Pennsylvania,Pennsylvania 2,James Jones,Republican,9.8,False,False,D+38,general,
Pennsylvania,Pennsylvania 2,Dwight Evans,Democratic,90.2,False,True,,special,https://en.wikipedia.org/wiki/Dwight_Evans_(politician)
Pennsylvania,Pennsylvania 2,James Jones,Republican,9.8,False,False,,special,
Pennsylvania,Pennsylvania 3,Mike Kelly,Republican,100.0,True,True,R+8,general,
Pennsylvania,Pennsylvania 4,Scott Perry,Republican,66.1,True,True,R+9,general,https://en.wikipedia.org/wiki/Scott_Perry
Pennsylvania,Pennsylvania 4,Joshua Burkholder,Democratic,33.9,False,False,R+9,general,
Pennsylvania,Pennsylvania 5,Glenn Thompson,Republican,67.2,True,True,R+8,general,https://en.wikipedia.org/wiki/Glenn_Thompson_(politician)
Pennsylvania,Pennsylvania 5,Kerith Strano Taylor,Democratic,32.8,False,False,R+8,general,
Pennsylvania,Pennsylvania 6,Ryan Costello,Republican,57.3,True,True,R+2,general,https://en.wikipedia.org/wiki/Ryan_Costello
Pennsylvania,Pennsylvania 6,Mike Parrish,Democratic,42.7,False,False,R+2,general,
Pennsylvania,Pennsylvania 7,Pat Meehan,Republican,59.5,True,True,R+2,general,https://en.wikipedia.org/wiki/Pat_Meehan
Pennsylvania,Pennsylvania 7,Mary Ellen Balchunis,Democratic,40.5,False,False,R+2,general,
Pennsylvania,Pennsylvania 8,Brian Fitzpatrick,Republican,54.4,False,True,R+1,general,https://en.wikipedia.org/wiki/Brian_Fitzpatrick_(American_politician)
Pennsylvania,Pennsylvania 8,Steve Santarsiero,Democratic,45.6,False,False,R+1,general,https://en.wikipedia.org/wiki/Steve_Santarsiero
Pennsylvania,Pennsylvania 9,Bill Shuster,Republican,63.4,True,True,R+14,general,https://en.wikipedia.org/wiki/Bill_Shuster
Pennsylvania,Pennsylvania 9,Art Halvorson,Democratic,36.6,False,False,R+14,general,
Rhode Island,Rhode Island 1,David Cicilline,Democratic,64.5,True,True,D+15,general,https://en.wikipedia.org/wiki/David_Cicilline
Rhode Island,Rhode Island 1,H. Russell Taub,Republican,35.1,False,False,D+15,general,
Rhode Island,Rhode Island 2,James Langevin,Democratic,58.1,True,True,D+8,general,https://en.wikipedia.org/wiki/James_Langevin
Rhode Island,Rhode Island 2,Rhue Reis,Republican,30.7,False,False,D+8,general,
Rhode Island,Rhode Island 2,Jeff Johnson,Independent,7.1,False,False,D+8,general,
Rhode Island,Rhode Island 2,Sal Caiozzo,Independent,3.9,False,False,D+8,general,
South Carolina,South Carolina 1,Mark Sanford,Republican,58.6,True,True,R+11,general,https://en.wikipedia.org/wiki/Mark_Sanford
South Carolina,South Carolina 1,Dimitri Cherny,Democratic,36.8,False,False,R+11,general,
South Carolina,South Carolina 1,Michael Crier,Libertarian,3.6,False,False,R+11,general,
South Carolina,South Carolina 1,Albert Travison,American,0.9,False,False,R+11,general,
South Carolina,South Carolina 2,Joe Wilson,Republican,60.3,True,True,R+16,general,https://en.wikipedia.org/wiki/Joe_Wilson_(American_politician)
South Carolina,South Carolina 2,Arik Bjorn,Democratic,35.9,False,False,R+16,general,
South Carolina,South Carolina 2,Eddie McCain,American,3.8,False,False,R+16,general,
South Carolina,South Carolina 3,Jeff Duncan,Republican,72.8,True,True,R+18,general,https://en.wikipedia.org/wiki/Jeff_Duncan_(politician)
South Carolina,South Carolina 3,Hosea Cleveland,Democratic,27.1,False,False,R+18,general,
South Carolina,South Carolina 4,Trey Gowdy,Republican,67.2,True,True,R+15,general,https://en.wikipedia.org/wiki/Trey_Gowdy
South Carolina,South Carolina 4,Chris Fedalei,Democratic,31.0,False,False,R+15,general,
South Carolina,South Carolina 4,Michael Chandler,Constitution,1.7,False,False,R+15,general,
South Carolina,South Carolina 5,Mick Mulvaney,Republican,59.2,True,True,R+9,general,https://en.wikipedia.org/wiki/Mick_Mulvaney
South Carolina,South Carolina 5,Fran Person,Democratic,38.7,False,False,R+9,general,
South Carolina,South Carolina 5,Rudy Barnes,American,2.0,False,False,R+9,general,
South Carolina,South Carolina 6,Jim Clyburn,Democratic,70.1,True,True,D+21,general,https://en.wikipedia.org/wiki/Jim_Clyburn
South Carolina,South Carolina 6,Laura Sterling,Republican,27.6,False,False,D+21,general,
South Carolina,South Carolina 6,Rich Piotrowski,Libertarian,1.2,False,False,D+21,general,
South Carolina,South Carolina 6,Prince Mallory,Green,1.0,False,False,D+21,general,
South Carolina,South Carolina 7,Tom Rice,Republican,61.0,True,True,R+7,general,https://en.wikipedia.org/wiki/Tom_Rice
South Carolina,South Carolina 7,Mal Hyman,Democratic,39.0,False,False,R+7,general,
South Dakota,South Dakota at-large,Kristi Noem,Republican,64.1,True,True,R+10,general,
South Dakota,South Dakota at-large,Paula Hawks,Democratic,35.9,False,False,R+10,general,
Tennessee,Tennessee 1,Phil Roe,Republican,78.4,True,True,R+25,general,https://en.wikipedia.org/wiki/Phil_Roe_(politician)
Tennessee,Tennessee 1,Alam Bohms,Democratic,15.4,False,False,R+25,general,
Tennessee,Tennessee 1,Robert Franklin,Independent,6.2,False,False,R+25,general,
Tennessee,Tennessee 2,Jimmy Duncan,Republican,75.6,True,True,R+20,general,https://en.wikipedia.org/wiki/Jimmy_Duncan_(politician)
Tennessee,Tennessee 2,Stuart Starr,Democratic,24.4,False,False,R+20,general,
Tennessee,Tennessee 3,Chuck Fleischmann,Republican,66.4,True,True,R+16,general,https://en.wikipedia.org/wiki/Chuck_Fleischmann
Tennessee,Tennessee 3,Melody Shekari,Democratic,28.8,False,False,R+16,general,
Tennessee,Tennessee 3,Rick Tyler,Independent,1.9,False,False,R+16,general,
Tennessee,Tennessee 3,Cassandra Mitchell,Independent,1.9,False,False,R+16,general,
Tennessee,Tennessee 3,Topher Kersting,Independent,0.9,False,False,R+16,general,
Tennessee,Tennessee 4,Scott DesJarlais,Republican,65.0,True,True,R+18,general,https://en.wikipedia.org/wiki/Scott_DesJarlais
Tennessee,Tennessee 4,Steven Reynolds,Democratic,35.0,False,False,R+18,general,
Tennessee,Tennessee 5,Jim Cooper,Democratic,62.6,True,True,D+5,general,https://en.wikipedia.org/wiki/Jim_Cooper
Tennessee,Tennessee 5,Stacy Snyder,Republican,37.4,False,False,D+5,general,
Tennessee,Tennessee 6,Diane Black,Republican,71.1,True,True,R+21,general,https://en.wikipedia.org/wiki/Diane_Black
Tennessee,Tennessee 6,David Kent,Democratic,21.8,False,False,R+21,general,
Tennessee,Tennessee 6,David Ross,Independent,7.1,False,False,R+21,general,
Tennessee,Tennessee 7,Marsha Blackburn,Republican,72.2,True,True,R+18,general,https://en.wikipedia.org/wiki/Marsha_Blackburn
Tennessee,Tennessee 7,Tharon Chandler,Democratic,23.5,False,False,R+18,general,
Tennessee,Tennessee 7,Leonard Ladner,Independent,4.3,False,False,R+18,general,
Tennessee,Tennessee 8,David Kustoff,Republican,68.8,False,True,R+19,general,https://en.wikipedia.org/wiki/David_Kustoff
Tennessee,Tennessee 8,Rickey Hobson,Democratic,25.1,False,False,R+19,general,
Tennessee,Tennessee 8,Shelia Godwin,Independent,2.3,False,False,R+19,general,
Tennessee,Tennessee 8,James Hart,Independent,1.4,False,False,R+19,general,
Tennessee,Tennessee 8,Adrian Montague,Independent,0.9,False,False,R+19,general,
Tennessee,Tennessee 8,Mark Rawles,Independent,0.9,False,False,R+19,general,
Tennessee,Tennessee 8,Karen Talley-Lane,Independent,0.7,False,False,R+19,general,
Tennessee,Tennessee 9,Steve Cohen,Democratic,78.7,True,True,D+25,general,https://en.wikipedia.org/wiki/Steve_Cohen_(politician)
Tennessee,Tennessee 9,Wayne Alberson,Republican,18.9,False,False,D+25,general,
Tennessee,Tennessee 9,Paul Cook,Independent,2.4,False,False,D+25,general,
Texas,Texas 1,Louie Gohmert,Republican,73.9,True,True,R+24,general,https://en.wikipedia.org/wiki/Louie_Gohmert
Texas,Texas 1,Shirley McKellar,Democratic,24.1,False,False,R+24,general,
Texas,Texas 1,Phil Gray,Libertarian,1.9,False,False,R+24,general,
Texas,Texas 10,Michael McCaul,Republican,57.3,True,True,R+11,general,https://en.wikipedia.org/wiki/Michael_McCaul
Texas,Texas 10,Tawana Walter-Cadien,Democratic,38.4,False,False,R+11,general,
Texas,Texas 10,Bill Kelsey,Libertarian,4.2,False,False,R+11,general,
Texas,Texas 11,Mike Conaway,Republican,89.5,True,True,R+31,general,https://en.wikipedia.org/wiki/Mike_Conaway
Texas,Texas 11,Nicholas Landholt,Libertarian,10.5,False,False,R+31,general,
Texas,Texas 12,Kay Granger,Republican,69.4,True,True,R+19,general,https://en.wikipedia.org/wiki/Kay_Granger
Texas,Texas 12,Bill Bradshaw,Democratic,26.9,False,False,R+19,general,
Texas,Texas 12,Ed Colliver,Libertarian,3.8,False,False,R+19,general,
Texas,Texas 13,Mac Thornberry,Republican,90.0,True,True,R+32,general,https://en.wikipedia.org/wiki/Mac_Thornberry
Texas,Texas 13,Calvin DeWeese,Libertarian,6.7,False,False,R+32,general,
Texas,Texas 13,Rusty Tomlinson,Green,3.4,False,False,R+32,general,
Texas,Texas 14,Randy Weber,Republican,61.9,True,True,R+12,general,https://en.wikipedia.org/wiki/Randy_Weber
Texas,Texas 14,Michael Cole,Democratic,38.1,False,False,R+12,general,
Texas,Texas 15,Vicente Gonzalez,Democratic,57.3,False,True,D+5,general,https://en.wikipedia.org/wiki/Vicente_Gonzalez_(American_politician)
Texas,Texas 15,Tim Westley,Republican,37.7,False,False,D+5,general,
Texas,Texas 15,Vanessa Tijerina,Green,3.1,False,False,D+5,general,
Texas,Texas 15,Ross Leone,Libertarian,1.9,False,False,D+5,general,
Texas,Texas 16,Beto O'Rourke,Democratic,85.7,True,True,D+12,general,https://en.wikipedia.org/wiki/Beto_O%27Rourke
Texas,Texas 16,Jaime Perez,Libertarian,10.0,False,False,D+12,general,
Texas,Texas 16,Mary Gourdoux,Green,4.3,False,False,D+12,general,
Texas,Texas 17,Bill Flores,Republican,60.8,True,True,R+13,general,https://en.wikipedia.org/wiki/Bill_Flores
Texas,Texas 17,William Matta,Democratic,35.2,False,False,R+13,general,
Texas,Texas 17,Clark Patterson,Libertarian,4.0,False,False,R+13,general,
Texas,Texas 18,Sheila Jackson Lee,Democratic,73.5,True,True,D+24,general,https://en.wikipedia.org/wiki/Sheila_Jackson_Lee
Texas,Texas 18,Lori Bartley,Republican,23.6,False,False,D+24,general,https://en.wikipedia.org/wiki/Lori_Bartley
Texas,Texas 18,Thomas Kleven,Green,2.9,False,False,D+24,general,
Texas,Texas 19,Jodey Arrington,Republican,86.7,False,True,R+26,general,https://en.wikipedia.org/wiki/Jodey_Arrington
Texas,Texas 19,Troy Bonar,Libertarian,8.5,False,False,R+26,general,
Texas,Texas 19,Mark Lawson,Green,4.8,False,False,R+26,general,
Texas,Texas 2,Ted Poe,Republican,60.6,True,True,R+16,general,https://en.wikipedia.org/wiki/Ted_Poe
Texas,Texas 2,Pat Bryan,Democratic,36.0,False,False,R+16,general,
Texas,Texas 2,James Veasaw,Libertarian,2.3,False,False,R+16,general,
Texas,Texas 2,Joshua Darr,Green,1.0,False,False,R+16,general,
Texas,Texas 20,Joaquin Castro,Democratic,79.7,True,True,D+6,general,https://en.wikipedia.org/wiki/Joaquin_Castro
Texas,Texas 20,Jeffrey Blunt,Libertarian,15.5,False,False,D+6,general,
Texas,Texas 20,Paul Pipkin,Green,4.8,False,False,D+6,general,
Texas,Texas 21,Lamar Smith,Republican,57.0,True,True,R+12,general,https://en.wikipedia.org/wiki/Lamar_Smith
Texas,Texas 21,Tom Wakely,Democratic,36.5,False,False,R+12,general,
Texas,Texas 21,Mark Loewe,Libertarian,4.1,False,False,R+12,general,
Texas,Texas 21,Tony Diaz,Green,2.4,False,False,R+12,general,
Texas,Texas 22,Pete Olson,Republican,59.5,True,True,R+15,general,https://en.wikipedia.org/wiki/Pete_Olson
Texas,Texas 22,Mark Gibson,Democratic,40.5,False,False,R+15,general,
Texas,Texas 23,Will Hurd,Republican,48.3,True,True,R+3,general,https://en.wikipedia.org/wiki/Will_Hurd
Texas,Texas 23,Pete Gallego,Democratic,47.0,False,False,R+3,general,https://en.wikipedia.org/wiki/Pete_Gallego
Texas,Texas 23,Ruben Corvalan,Libertarian,4.7,False,False,R+3,general,
Texas,Texas 24,Kenny Marchant,Republican,56.2,True,True,R+13,general,https://en.wikipedia.org/wiki/Kenny_Marchant
Texas,Texas 24,Jan McDowell,Democratic,39.3,False,False,R+13,general,
Texas,Texas 24,Mike Kolls,Libertarian,3.1,False,False,R+13,general,
Texas,Texas 24,Kevin McCormick,Green,1.4,False,False,R+13,general,
Texas,Texas 25,Roger Williams,Republican,58.4,True,True,R+12,general,https://en.wikipedia.org/wiki/Roger_Williams_(Texas_politician)
Texas,Texas 25,Kathi Thomas,Democratic,37.7,False,False,R+12,general,
Texas,Texas 25,Loren Schneiderman,Libertarian,3.9,False,False,R+12,general,
Texas,Texas 26,Michael C. Burgess,Republican,66.4,True,True,R+20,general,https://en.wikipedia.org/wiki/Michael_C._Burgess
Texas,Texas 26,Eric Mauck,Democratic,29.6,False,False,R+20,general,
Texas,Texas 26,Mark Boler,Libertarian,4.0,False,False,R+20,general,
Texas,Texas 27,Blake Farenthold,Republican,61.7,True,True,R+13,general,https://en.wikipedia.org/wiki/Blake_Farenthold
Texas,Texas 27,Roy Barrera,Democratic,38.3,False,False,R+13,general,
Texas,Texas 28,Henry Cuellar,Democratic,66.2,True,True,D+7,general,https://en.wikipedia.org/wiki/Henry_Cuellar
Texas,Texas 28,Zeffen Hardin,Republican,31.3,False,False,D+7,general,
Texas,Texas 28,Michael Cary,Green,2.5,False,False,D+7,general,
Texas,Texas 29,Gene Green,Democratic,72.5,True,True,D+12,general,https://en.wikipedia.org/wiki/Gene_Green
Texas,Texas 29,Julio Garza,Republican,24.0,False,False,D+12,general,
Texas,Texas 29,Ruben Perez,Libertarian,2.5,False,False,D+12,general,
Texas,Texas 29,James Partsch-Galvan,Green,1.1,False,False,D+12,general,
Texas,Texas 3,Sam Johnson,Republican,61.2,True,True,R+17,general,https://en.wikipedia.org/wiki/Sam_Johnson
Texas,Texas 3,Adam Bell,Democratic,34.6,False,False,R+17,general,
Texas,Texas 3,Scott Jameson,Libertarian,3.3,False,False,R+17,general,
Texas,Texas 3,Paul Blair,Green,0.9,False,False,R+17,general,
Texas,Texas 30,Eddie Bernice Johnson,Democratic,77.9,True,True,D+27,general,https://en.wikipedia.org/wiki/Eddie_Bernice_Johnson
Texas,Texas 30,Charles Lingerfelt,Republican,19.0,False,False,D+27,general,
Texas,Texas 30,Jarrett Woods,Libertarian,2.2,False,False,D+27,general,
Texas,Texas 30,Thom Prentice,Green,0.9,False,False,D+27,general,
Texas,Texas 31,John Carter,Republican,58.4,True,True,R+12,general,https://en.wikipedia.org/wiki/John_Carter_(Texas_politician)
Texas,Texas 31,Mike Clark,Democratic,36.5,False,False,R+12,general,
Texas,Texas 31,Scott Ballard,Libertarian,5.2,False,False,R+12,general,
Texas,Texas 32,Pete Sessions,Republican,71.1,True,True,R+10,general,https://en.wikipedia.org/wiki/Pete_Sessions
Texas,Texas 32,Ed Rankin,Libertarian,19.0,False,False,R+10,general,
Texas,Texas 32,Gary Stuard,Green,10.0,False,False,R+10,general,
Texas,Texas 33,Marc Veasey,Democratic,73.7,True,True,D+18,general,https://en.wikipedia.org/wiki/Marc_Veasey
Texas,Texas 33,Mark Mitchell,Republican,26.3,False,False,D+18,general,
Texas,Texas 34,Filemon Vela Jr.,Democratic,62.7,True,True,D+8,general,https://en.wikipedia.org/wiki/Filemon_Vela_Jr.
Texas,Texas 34,Rey Gonzalez,Republican,37.3,False,False,D+8,general,
Texas,Texas 35,Lloyd Doggett,Democratic,63.1,True,True,D+11,general,https://en.wikipedia.org/wiki/Lloyd_Doggett
Texas,Texas 35,Susan Narvaiz,Republican,31.6,False,False,D+11,general,
Texas,Texas 35,Rhett Smith,Libertarian,3.3,False,False,D+11,general,
Texas,Texas 35,Scott Trimble,Green,2.1,False,False,D+11,general,
Texas,Texas 36,Brian Babin,Republican,88.6,True,True,R+25,general,https://en.wikipedia.org/wiki/Brian_Babin
Texas,Texas 36,Hal Ridley,Green,11.4,False,False,R+25,general,
Texas,Texas 4,John Ratcliffe,Republican,88.0,True,True,R+25,general,https://en.wikipedia.org/wiki/John_Ratcliffe_(American_politician)
Texas,Texas 4,Cody Wommack,Libertarian,12.0,False,False,R+25,general,
Texas,Texas 5,Jeb Hensarling,Republican,80.6,True,True,R+17,general,https://en.wikipedia.org/wiki/Jeb_Hensarling
Texas,Texas 5,Ken Ashby,Libertarian,19.4,False,False,R+17,general,
Texas,Texas 6,Joe Barton,Republican,58.3,True,True,R+11,general,https://en.wikipedia.org/wiki/Joe_Barton
Texas,Texas 6,Ruby Fay Woolridge,Democratic,39.0,False,False,R+11,general,
Texas,Texas 6,Darrel Smith,Green,2.6,False,False,R+11,general,
Texas,Texas 7,John Culberson,Republican,56.2,True,True,R+13,general,https://en.wikipedia.org/wiki/John_Culberson
Texas,Texas 7,James Cargas,Democratic,43.8,False,False,R+13,general,
Texas,Texas 8,Kevin Brady,Republican,100.0,True,True,R+29,general,https://en.wikipedia.org/wiki/Kevin_Brady
Texas,Texas 9,Al Green,Democratic,80.6,True,True,D+25,general,https://en.wikipedia.org/wiki/Al_Green_(politician)
Texas,Texas 9,Jeff Martin,Republican,19.4,False,False,D+25,general,
Utah,Utah 1,Rob Bishop,Republican,65.9,True,True,R+27,general,https://en.wikipedia.org/wiki/Rob_Bishop
Utah,Utah 1,Peter Clemens,Democratic,26.4,False,False,R+27,general,
Utah,Utah 1,Craig Bowden,Libertarian,5.9,False,False,R+27,general,
Utah,Utah 1,Chadwick Fairbanks,Unaffiliated,1.7,False,False,R+27,general,
Utah,Utah 2,Chris Stewart,Republican,61.6,True,True,R+18,general,https://en.wikipedia.org/wiki/Chris_Stewart_(politician)
Utah,Utah 2,Charlene Albarran,Democratic,33.9,False,False,R+18,general,
Utah,Utah 2,Paul McCollaum,Constitution,4.5,False,False,R+18,general,
Utah,Utah 3,Jason Chaffetz,Republican,73.5,True,True,R+28,general,https://en.wikipedia.org/wiki/Jason_Chaffetz
Utah,Utah 3,Stephen Tryon,Democratic,26.5,False,False,R+28,general,
Utah,Utah 4,Mia Love,Republican,53.8,True,True,R+16,general,https://en.wikipedia.org/wiki/Mia_Love
Utah,Utah 4,Doug Owens,Democratic,41.3,False,False,R+16,general,https://en.wikipedia.org/wiki/Doug_Owens
Utah,Utah 4,Collin Simonsen,Constitution,4.9,False,False,R+16,general,
Vermont,Vermont at-large,Peter Welch,Democratic,82.5,True,True,D+16,general,https://en.wikipedia.org/wiki/Peter_Welch
Vermont,Vermont at-large,Erica Clawson,Liberty Union,9.2,False,False,D+16,general,
Virginia,Virginia 1,Rob Wittman,Republican,59.9,True,True,R+8,general,https://en.wikipedia.org/wiki/Rob_Wittman
Virginia,Virginia 1,Matt Rowe,Democratic,36.6,False,False,R+8,general,
Virginia,Virginia 1,Gail Parker,Independent,3.4,False,False,R+8,general,
Virginia,Virginia 10,Barbara Comstock,Republican,52.7,True,True,R+2,general,https://en.wikipedia.org/wiki/Barbara_Comstock
Virginia,Virginia 10,LuAnn Bennett,Democratic,46.9,False,False,R+2,general,https://en.wikipedia.org/wiki/LuAnn_Bennett
Virginia,Virginia 11,Gerry Connolly,Democratic,87.9,True,True,D+10,general,https://en.wikipedia.org/wiki/Gerry_Connolly
Virginia,Virginia 2,Scott Taylor,Republican,61.3,False,True,R+4,general,https://en.wikipedia.org/wiki/Scott_Taylor_(politician)
Virginia,Virginia 2,Shaun Brown,Democratic,38.5,False,False,R+4,general,
Virginia,Virginia 3,Bobby Scott,Democratic,66.7,True,True,D+15,general,https://en.wikipedia.org/wiki/Bobby_Scott_(politician)
Virginia,Virginia 3,Marty Williams,Republican,33.1,False,False,D+15,general,
Virginia,Virginia 4,Donald McEachin,Democratic,57.7,False,True,D+8,general,https://en.wikipedia.org/wiki/Donald_McEachin
Virginia,Virginia 4,Mike Wade,Republican,42.0,False,False,D+8,general,
Virginia,Virginia 5,Tom Garrett,Republican,58.2,False,True,R+5,general,https://en.wikipedia.org/wiki/Tom_Garrett_(Virginia_politician)
Virginia,Virginia 5,Jane Dittmar,Democratic,41.6,False,False,R+5,general,
Virginia,Virginia 6,Bob Goodlatte,Republican,66.6,True,True,R+12,general,https://en.wikipedia.org/wiki/Bob_Goodlatte
Virginia,Virginia 6,Kai Degner,Democratic,33.2,False,False,R+12,general,
Virginia,Virginia 7,Dave Brat,Republican,57.5,True,True,R+8,general,https://en.wikipedia.org/wiki/Dave_Brat
Virginia,Virginia 7,Eileen Bedell,Democratic,42.2,False,False,R+8,general,
Virginia,Virginia 8,Don Beyer,Democratic,68.4,True,True,D+16,general,https://en.wikipedia.org/wiki/Don_Beyer
Virginia,Virginia 8,Charles Hernick,Republican,27.3,False,False,D+16,general,
Virginia,Virginia 8,Julio Gracia,Independent,4.1,False,False,D+16,general,
Virginia,Virginia 9,Morgan Griffith,Republican,68.6,True,True,R+15,general,https://en.wikipedia.org/wiki/Morgan_Griffith
Virginia,Virginia 9,Derek Kitts,Democratic,28.3,False,False,R+15,general,
Virginia,Virginia 9,Janice Boyd,Independent,2.9,False,False,R+15,general,
Washington,Washington 1,Suzan DelBene,Democratic,55.4,True,True,D+4,general,https://en.wikipedia.org/wiki/Suzan_DelBene
Washington,Washington 1,Robert Sutherland,Republican,44.6,False,False,D+4,general,
Washington,Washington 10,Denny Heck,Democratic,58.7,False,True,D+5,general,https://en.wikipedia.org/wiki/Denny_Heck
Washington,Washington 10,Jim Postma,Republican,41.3,False,False,D+5,general,
Washington,Washington 2,Rick Larsen,Democratic,64.0,True,True,D+8,general,https://en.wikipedia.org/wiki/Rick_Larsen
Washington,Washington 2,Marc Hennemann,Republican,36.0,False,False,D+8,general,
Washington,Washington 3,Jaime Herrera Beutler,Republican,61.8,True,True,R+2,general,https://en.wikipedia.org/wiki/Jaime_Herrera_Beutler
Washington,Washington 3,Jim Moeller,Democratic,38.2,False,False,R+2,general,https://en.wikipedia.org/wiki/Jim_Moeller
Washington,Washington 4,Dan Newhouse,Republican,57.6,True,True,R+13,general,https://en.wikipedia.org/wiki/Dan_Newhouse
Washington,Washington 4,Clint Didier,Republican,42.4,False,False,R+13,general,https://en.wikipedia.org/wiki/Clint_Didier
Washington,Washington 5,Cathy McMorris Rodgers,Republican,59.6,True,True,R+7,general,https://en.wikipedia.org/wiki/Cathy_McMorris_Rodgers
Washington,Washington 5,Joe Pakootas,Democratic,40.4,False,False,R+7,general,
Washington,Washington 6,Derek Kilmer,Democratic,61.5,True,True,D+5,general,https://en.wikipedia.org/wiki/Derek_Kilmer
Washington,Washington 6,Todd Bloom,Republican,38.5,False,False,D+5,general,
Washington,Washington 7,Pramila Jayapal,Democratic,56.0,False,True,D+29,general,https://en.wikipedia.org/wiki/Pramila_Jayapal
Washington,Washington 7,Brady Walkinshaw,Democratic,44.0,False,False,D+29,general,https://en.wikipedia.org/wiki/Brady_Walkinshaw
Washington,Washington 8,Dave Reichert,Republican,60.2,True,True,R+1,general,https://en.wikipedia.org/wiki/Dave_Reichert
Washington,Washington 8,Tony Ventrella,Democratic,39.8,False,False,R+1,general,
Washington,Washington 9,Adam Smith,Democratic,72.9,True,True,D+17,general,https://en.wikipedia.org/wiki/Adam_Smith_(Washington_politician)
Washington,Washington 9,Doug Basler,Republican,27.1,False,False,D+17,general,
West Virginia,West Virginia 1,David McKinley,Republican,69.0,True,True,R+14,general,https://en.wikipedia.org/wiki/David_McKinley
West Virginia,West Virginia 1,Mike Manypenny,Democratic,31.0,False,False,R+14,general,https://en.wikipedia.org/wiki/Mike_Manypenny
West Virginia,West Virginia 2,Alex Mooney,Republican,58.2,True,True,R+11,general,https://en.wikipedia.org/wiki/Alex_Mooney
West Virginia,West Virginia 2,Mark Hunt,Democratic,41.8,False,False,R+11,general,https://en.wikipedia.org/wiki/Mark_Hunt_(politician)
West Virginia,West Virginia 3,Evan Jenkins,Republican,67.9,True,True,R+14,general,https://en.wikipedia.org/wiki/Evan_Jenkins_(politician)
West Virginia,West Virginia 3,Matt Detch,Democratic,24.0,False,False,R+14,general,
West Virginia,West Virginia 3,Zane Lawhorn,Libertarian,8.1,False,False,R+14,general,
Wisconsin,Wisconsin 1,Paul Ryan,Republican,65.0,True,True,R+3,general,https://en.wikipedia.org/wiki/Paul_Ryan
Wisconsin,Wisconsin 1,Ryan Solen,Democratic,30.2,False,False,R+3,general,
Wisconsin,Wisconsin 1,Spencer Zimmerman,Independent,2.7,False,False,R+3,general,
Wisconsin,Wisconsin 1,Jason LeBeck,Libertarian,2.1,False,False,R+3,general,
Wisconsin,Wisconsin 2,Mark Pocan,Democratic,68.7,True,True,D+17,general,https://en.wikipedia.org/wiki/Mark_Pocan
Wisconsin,Wisconsin 2,Peter Theron,Republican,31.2,False,False,D+17,general,
Wisconsin,Wisconsin 3,Ron Kind,Democratic,98.9,True,True,D+5,general,https://en.wikipedia.org/wiki/Ron_Kind
Wisconsin,Wisconsin 4,Gwen Moore,Democratic,76.7,True,True,D+23,general,https://en.wikipedia.org/wiki/Gwen_Moore
Wisconsin,Wisconsin 4,Robert Raymond,Independent,11.7,False,False,D+23,general,
Wisconsin,Wisconsin 4,Andy Craig,Libertarian,11.2,False,False,D+23,general,
Wisconsin,Wisconsin 5,Jim Sensenbrenner,Republican,66.7,True,True,R+13,general,https://en.wikipedia.org/wiki/Jim_Sensenbrenner
Wisconsin,Wisconsin 5,Khary Penebaker,Democratic,29.3,False,False,R+13,general,
Wisconsin,Wisconsin 5,John Arndt,Libertarian,3.9,False,False,R+13,general,
Wisconsin,Wisconsin 6,Glenn Grothman,Republican,57.2,True,True,R+5,general,https://en.wikipedia.org/wiki/Glenn_Grothman
Wisconsin,Wisconsin 6,Sarah Lloyd,Democratic,37.3,False,False,R+5,general,
Wisconsin,Wisconsin 6,Jeff Dahlke,Independent,5.5,False,False,R+5,general,
Wisconsin,Wisconsin 7,Sean Duffy,Republican,61.7,True,True,R+2,general,https://en.wikipedia.org/wiki/Sean_Duffy
Wisconsin,Wisconsin 7,Mary Hoeft,Democratic,38.3,False,False,R+2,general,
Wisconsin,Wisconsin 8,Mike Gallagher,Republican,62.7,False,True,R+2,general,https://en.wikipedia.org/wiki/Mike_Gallagher_(American_politician)
Wisconsin,Wisconsin 8,Tom Nelson,Democratic,37.3,False,False,R+2,general,https://en.wikipedia.org/wiki/Tom_Nelson_(Wisconsin_politician)
Wyoming,Wyoming at-large,Liz Cheney,Republican,60.3,False,True,R+22,general,https://en.wikipedia.org/wiki/Liz_Cheney
Wyoming,Wyoming at-large,Ryan Greene,Democratic,29.2,False,False,R+22,general,
Wyoming,Wyoming at-large,Daniel Cummings,Constitution,4.0,False,False,R+22,general,
Wyoming,Wyoming at-large,Lawrence Struempf,Libertarian,3.5,False,False,R+22,general,
