state,district,candidate_name,party,vote_percentage,is_incumbent,is_winner,pvi,election_type,wikipedia_url
Alabama,Alabama 1,Bradley Byrne,Republican,63.2,True,True,R+15,general,https://en.wikipedia.org/wiki/Bradley_Byrne
Alabama,Alabama 1,Robert Kennedy Jr.,Democratic,36.8,False,False,R+15,general,
Alabama,Alabama 2,Martha Roby,Republican,61.5,True,True,R+16,general,https://en.wikipedia.org/wiki/Martha_Roby
Alabama,Alabama 2,Tabitha Isner,Democratic,38.5,False,False,R+16,general,
Alabama,Alabama 3,Mike D. Rogers,Republican,63.8,True,True,R+16,general,https://en.wikipedia.org/wiki/Mike_Rogers_(Alabama_politician)
Alabama,Alabama 3,Mallory Hagan,Democratic,36.2,False,False,R+16,general,https://en.wikipedia.org/wiki/Mallory_Hagan
Alabama,Alabama 4,Robert Aderholt,Republican,79.9,True,True,R+30,general,https://en.wikipedia.org/wiki/Robert_Aderholt
Alabama,Alabama 4,Lee Auman,Democratic,20.1,False,False,R+30,general,
Alabama,Alabama 5,Mo Brooks,Republican,61.1,True,True,R+18,general,https://en.wikipedia.org/wiki/Mo_Brooks
Alabama,Alabama 5,Peter Joffrion,Democratic,38.9,False,False,R+18,general,
Alabama,Alabama 6,Gary Palmer,Republican,69.2,True,True,R+26,general,https://en.wikipedia.org/wiki/Gary_Palmer_(politician)
Alabama,Alabama 6,Danner Kline,Democratic,30.8,False,False,R+26,general,
Alabama,Alabama 7,Terri Sewell,Democratic,,True,True,D+20,general,https://en.wikipedia.org/wiki/Terri_Sewell
Alaska,Alaska at-large,Don Young,Republican,53.3,True,True,R+9,general,https://en.wikipedia.org/wiki/Don_Young
Alaska,Alaska at-large,Alyse Galvin,Undeclared/Democratic,46.7,False,False,R+9,general,https://en.wikipedia.org/wiki/Alyse_Galvin
Arizona,Arizona 1,Tom O'Halleran,Democratic,53.8,True,True,R+2,general,https://en.wikipedia.org/wiki/Tom_O%27Halleran
Arizona,Arizona 1,Wendy Rogers,Republican,46.2,False,False,R+2,general,https://en.wikipedia.org/wiki/Wendy_Rogers_(politician)
Arizona,Arizona 2,Ann Kirkpatrick,Democratic,54.7,False,True,R+1,general,https://en.wikipedia.org/wiki/Ann_Kirkpatrick
Arizona,Arizona 2,Lea Marquez Peterson,Republican,45.3,False,False,R+1,general,https://en.wikipedia.org/wiki/Lea_Marquez_Peterson
Arizona,Arizona 3,Raúl Grijalva,Democratic,63.9,True,True,D+13,general,https://en.wikipedia.org/wiki/Ra%C3%BAl_Grijalva
Arizona,Arizona 3,Nick Pierson,Republican,36.1,False,False,D+13,general,
Arizona,Arizona 4,Paul Gosar,Republican,68.2,True,True,R+21,general,https://en.wikipedia.org/wiki/Paul_Gosar
Arizona,Arizona 4,David Brill,Democratic,30.5,False,False,R+21,general,
Arizona,Arizona 4,Haryaksha Gregor Knauer,Green,1.3,False,False,R+21,general,
Arizona,Arizona 5,Andy Biggs,Republican,59.4,True,True,R+15,general,https://en.wikipedia.org/wiki/Andy_Biggs
Arizona,Arizona 5,Joan Greene,Democratic,40.6,False,False,R+15,general,
Arizona,Arizona 6,David Schweikert,Republican,55.2,True,True,R+9,general,https://en.wikipedia.org/wiki/David_Schweikert
Arizona,Arizona 6,Anita Malik,Democratic,44.8,False,False,R+9,general,https://en.wikipedia.org/wiki/Anita_Malik
Arizona,Arizona 7,Ruben Gallego,Democratic,85.8,True,True,D+23,general,https://en.wikipedia.org/wiki/Ruben_Gallego
Arizona,Arizona 7,Gary Swing,Green,14.2,False,False,D+23,general,
Arizona,Arizona 8,Debbie Lesko,Republican,55.5,True,True,R+13,general,https://en.wikipedia.org/wiki/Debbie_Lesko
Arizona,Arizona 8,Hiral Tipirneni,Democratic,44.5,False,False,R+13,general,https://en.wikipedia.org/wiki/Hiral_Tipirneni
Arizona,Arizona 8,Debbie Lesko,Republican,52.4,False,True,,special,https://en.wikipedia.org/wiki/Debbie_Lesko
Arizona,Arizona 8,Hiral Tipirneni,Democratic,47.6,False,False,,special,https://en.wikipedia.org/wiki/Hiral_Tipirneni
Arizona,Arizona 9,Greg Stanton,Democratic,61.1,False,True,D+4,general,https://en.wikipedia.org/wiki/Greg_Stanton
Arizona,Arizona 9,Steve Ferrara,Republican,38.9,False,False,D+4,general,
Arkansas,Arkansas 1,Rick Crawford,Republican,68.9,True,True,R+17,general,https://en.wikipedia.org/wiki/Rick_Crawford_(politician)
Arkansas,Arkansas 1,Chintan Desai,Democratic,28.8,False,False,R+17,general,
Arkansas,Arkansas 1,Elvis Presley,Libertarian,2.3,False,False,R+17,general,
Arkansas,Arkansas 2,French Hill,Republican,52.1,True,True,R+7,general,https://en.wikipedia.org/wiki/French_Hill_(politician)
Arkansas,Arkansas 2,Clarke Tucker,Democratic,45.8,False,False,R+7,general,https://en.wikipedia.org/wiki/Clarke_Tucker
Arkansas,Arkansas 2,Joe Ryne Swafford,Libertarian,2.0,False,False,R+7,general,
Arkansas,Arkansas 3,Steve Womack,Republican,64.8,True,True,R+19,general,https://en.wikipedia.org/wiki/Steve_Womack
Arkansas,Arkansas 3,Josh Mahony,Democratic,32.6,False,False,R+19,general,
Arkansas,Arkansas 3,Michael Kalagias,Libertarian,2.6,False,False,R+19,general,
Arkansas,Arkansas 4,Bruce Westerman,Republican,66.8,True,True,R+17,general,https://en.wikipedia.org/wiki/Bruce_Westerman
Arkansas,Arkansas 4,Hayden Shamel,Democratic,31.3,False,False,R+17,general,
Arkansas,Arkansas 4,Tom Canada,Libertarian,1.9,False,False,R+17,general,
California,California 1,Doug LaMalfa,Republican,54.9,True,True,R+11,general,https://en.wikipedia.org/wiki/Doug_LaMalfa
California,California 1,Audrey Denney,Democratic,45.1,False,False,R+11,general,
California,California 10,Josh Harder,Democratic,52.3,False,True,Even,general,https://en.wikipedia.org/wiki/Josh_Harder
California,California 10,Jeff Denham,Republican,47.7,True,False,Even,general,https://en.wikipedia.org/wiki/Jeff_Denham
California,California 11,Mark DeSaulnier,Democratic,74.1,True,True,D+21,general,https://en.wikipedia.org/wiki/Mark_DeSaulnier
California,California 11,John Fitzgerald,Republican,25.9,False,False,D+21,general,
California,California 12,Nancy Pelosi,Democratic,86.8,True,True,D+37,general,https://en.wikipedia.org/wiki/Nancy_Pelosi
California,California 12,Lisa Remmer,Republican,13.2,False,False,D+37,general,
California,California 13,Barbara Lee,Democratic,88.4,True,True,D+40,general,https://en.wikipedia.org/wiki/Barbara_Lee
California,California 13,Laura Wells,Green,11.6,False,False,D+40,general,https://en.wikipedia.org/wiki/Laura_Wells
California,California 14,Jackie Speier,Democratic,79.2,True,True,D+27,general,https://en.wikipedia.org/wiki/Jackie_Speier
California,California 14,Cristina Osmeña,Republican,20.8,False,False,D+27,general,
California,California 15,Eric Swalwell,Democratic,73.0,True,True,D+20,general,https://en.wikipedia.org/wiki/Eric_Swalwell
California,California 15,Rudy Peters,Republican,27.0,False,False,D+20,general,
California,California 16,Jim Costa,Democratic,57.5,True,True,D+9,general,https://en.wikipedia.org/wiki/Jim_Costa
California,California 16,Elizabeth Heng,Republican,42.5,False,False,D+9,general,
California,California 17,Ro Khanna,Democratic,75.3,True,True,D+25,general,https://en.wikipedia.org/wiki/Ro_Khanna
California,California 17,Ron Cohen,Republican,24.7,False,False,D+25,general,
California,California 18,Anna Eshoo,Democratic,74.5,True,True,D+23,general,https://en.wikipedia.org/wiki/Anna_Eshoo
California,California 18,Christine Russell,Republican,25.5,False,False,D+23,general,
California,California 19,Zoe Lofgren,Democratic,73.8,True,True,D+24,general,https://en.wikipedia.org/wiki/Zoe_Lofgren
California,California 19,Justin Aguilera,Republican,26.2,False,False,D+24,general,
California,California 2,Jared Huffman,Democratic,77.0,True,True,D+22,general,https://en.wikipedia.org/wiki/Jared_Huffman
California,California 2,Dale Mensing,Republican,23.0,False,False,D+22,general,
California,California 20,Jimmy Panetta,Democratic,81.4,True,True,D+23,general,https://en.wikipedia.org/wiki/Jimmy_Panetta
California,California 20,Ronald Kabat,Independent,18.6,False,False,D+23,general,
California,California 21,TJ Cox,Democratic,50.4,False,True,D+5,general,https://en.wikipedia.org/wiki/TJ_Cox
California,California 21,David Valadao,Republican,49.6,True,False,D+5,general,https://en.wikipedia.org/wiki/David_Valadao
California,California 22,Devin Nunes,Republican,52.7,True,True,R+8,general,https://en.wikipedia.org/wiki/Devin_Nunes
California,California 22,Andrew Janz,Democratic,47.3,False,False,R+8,general,
California,California 23,Kevin McCarthy,Republican,63.7,True,True,R+14,general,https://en.wikipedia.org/wiki/Kevin_McCarthy
California,California 23,Tatiana Matta,Democratic,36.3,False,False,R+14,general,
California,California 24,Salud Carbajal,Democratic,58.6,True,True,D+7,general,https://en.wikipedia.org/wiki/Salud_Carbajal
California,California 24,Justin Fareed,Republican,41.4,False,False,D+7,general,
California,California 25,Katie Hill,Democratic,54.4,False,True,Even,general,https://en.wikipedia.org/wiki/Katie_Hill
California,California 25,Steve Knight,Republican,45.6,True,False,Even,general,https://en.wikipedia.org/wiki/Steve_Knight_(politician)
California,California 26,Julia Brownley,Democratic,61.9,True,True,D+7,general,https://en.wikipedia.org/wiki/Julia_Brownley
California,California 26,Antonio Sabàto Jr.,Republican,38.1,False,False,D+7,general,https://en.wikipedia.org/wiki/Antonio_Sab%C3%A0to_Jr.
California,California 27,Judy Chu,Democratic,79.2,True,True,D+16,general,https://en.wikipedia.org/wiki/Judy_Chu
California,California 27,Bryan Witt,Democratic,20.8,False,False,D+16,general,
California,California 28,Adam Schiff,Democratic,78.4,True,True,D+23,general,https://en.wikipedia.org/wiki/Adam_Schiff
California,California 28,Johnny Nalbandian,Republican,21.6,False,False,D+23,general,
California,California 29,Tony Cárdenas,Democratic,80.6,True,True,D+29,general,https://en.wikipedia.org/wiki/Tony_C%C3%A1rdenas
California,California 29,Benito Bernal,Republican,19.4,False,False,D+29,general,
California,California 3,John Garamendi,Democratic,58.1,True,True,D+5,general,https://en.wikipedia.org/wiki/John_Garamendi
California,California 3,Charlie Schaupp,Republican,41.9,False,False,D+5,general,
California,California 30,Brad Sherman,Democratic,73.4,True,True,D+18,general,https://en.wikipedia.org/wiki/Brad_Sherman
California,California 30,Mark Reed,Republican,26.6,False,False,D+18,general,
California,California 31,Pete Aguilar,Democratic,58.7,True,True,D+8,general,https://en.wikipedia.org/wiki/Pete_Aguilar
California,California 31,Sean Flynn,Republican,41.3,False,False,D+8,general,
California,California 32,Grace Napolitano,Democratic,68.8,True,True,D+17,general,https://en.wikipedia.org/wiki/Grace_Napolitano
California,California 32,Joshua Scott,Republican,31.2,False,False,D+17,general,
California,California 33,Ted Lieu,Democratic,70.0,True,True,D+16,general,https://en.wikipedia.org/wiki/Ted_Lieu
California,California 33,Kenneth Wright,Republican,30.0,False,False,D+16,general,
California,California 34,Jimmy Gomez,Democratic,72.5,True,True,D+35,general,https://en.wikipedia.org/wiki/Jimmy_Gomez
California,California 34,Kenneth Mejia,Green,27.5,False,False,D+35,general,https://en.wikipedia.org/wiki/Kenneth_Mejia
California,California 35,Norma Torres,Democratic,69.4,True,True,D+19,general,https://en.wikipedia.org/wiki/Norma_Torres
California,California 35,Christian Valiente,Republican,30.6,False,False,D+19,general,
California,California 36,Raul Ruiz,Democratic,59.0,True,True,D+2,general,https://en.wikipedia.org/wiki/Raul_Ruiz_(politician)
California,California 36,Kimberlin Brown Pelzer,Republican,41.0,False,False,D+2,general,https://en.wikipedia.org/wiki/Kimberlin_Brown
California,California 37,Karen Bass,Democratic,89.1,True,True,D+37,general,https://en.wikipedia.org/wiki/Karen_Bass
California,California 37,Ron Bassilian,Republican,10.9,False,False,D+37,general,
California,California 38,Linda Sánchez,Democratic,68.9,True,True,D+17,general,https://en.wikipedia.org/wiki/Linda_S%C3%A1nchez
California,California 38,Ryan Downing,Republican,31.1,False,False,D+17,general,
California,California 39,Gil Cisneros,Democratic,51.6,False,True,Even,general,https://en.wikipedia.org/wiki/Gil_Cisneros
California,California 39,Young Kim,Republican,48.4,False,True,Even,general,https://en.wikipedia.org/wiki/Young_Kim_(politician)
California,California 4,Tom McClintock,Republican,54.1,True,True,R+10,general,https://en.wikipedia.org/wiki/Tom_McClintock
California,California 4,Jessica Morse,Democratic,45.9,False,False,R+10,general,https://en.wikipedia.org/wiki/Jessica_Morse
California,California 40,Lucille Roybal-Allard,Democratic,77.3,True,True,D+33,general,https://en.wikipedia.org/wiki/Lucille_Roybal-Allard
California,California 40,Rodolfo Barragan,Green,22.7,False,False,D+33,general,
California,California 41,Mark Takano,Democratic,65.1,True,True,D+12,general,https://en.wikipedia.org/wiki/Mark_Takano
California,California 41,Aja Smith,Republican,34.9,False,False,D+12,general,
California,California 42,Ken Calvert,Republican,56.5,True,True,R+9,general,https://en.wikipedia.org/wiki/Ken_Calvert
California,California 42,Julia Peacock,Democratic,43.5,False,False,R+9,general,
California,California 43,Maxine Waters,Democratic,77.7,True,True,D+29,general,https://en.wikipedia.org/wiki/Maxine_Waters
California,California 43,Omar Navarro,Republican,22.3,False,False,D+29,general,https://en.wikipedia.org/wiki/Omar_Navarro
California,California 44,Nanette Barragán,Democratic,68.3,True,True,D+35,general,https://en.wikipedia.org/wiki/Nanette_Barrag%C3%A1n
California,California 44,Aja Brown,Democratic,31.7,False,False,D+35,general,https://en.wikipedia.org/wiki/Aja_Brown
California,California 45,Katie Porter,Democratic,52.1,False,True,R+3,general,https://en.wikipedia.org/wiki/Katie_Porter
California,California 45,Mimi Walters,Republican,47.9,True,False,R+3,general,https://en.wikipedia.org/wiki/Mimi_Walters
California,California 46,Lou Correa,Democratic,69.1,True,True,D+15,general,https://en.wikipedia.org/wiki/Lou_Correa
California,California 46,Russell Lambert,Republican,30.9,False,False,D+15,general,
California,California 47,Alan Lowenthal,Democratic,64.9,True,True,D+13,general,https://en.wikipedia.org/wiki/Alan_Lowenthal
California,California 47,John Briscoe,Republican,35.1,False,False,D+13,general,
California,California 48,Harley Rouda,Democratic,53.6,False,True,R+4,general,https://en.wikipedia.org/wiki/Harley_Rouda
California,California 48,Dana Rohrabacher,Republican,46.4,True,False,R+4,general,https://en.wikipedia.org/wiki/Dana_Rohrabacher
California,California 49,Mike Levin,Democratic,56.4,False,True,R+1,general,https://en.wikipedia.org/wiki/Mike_Levin
California,California 49,Diane Harkey,Republican,43.6,False,False,R+1,general,https://en.wikipedia.org/wiki/Diane_Harkey
California,California 5,Mike Thompson,Democratic,78.9,True,True,D+21,general,https://en.wikipedia.org/wiki/Mike_Thompson_(California_politician)
California,California 5,Anthony Mills,Independent,21.1,False,False,D+21,general,
California,California 50,Duncan D. Hunter,Republican,51.7,True,True,R+11,general,https://en.wikipedia.org/wiki/Duncan_D._Hunter
California,California 50,Ammar Campa-Najjar,Democratic,48.3,False,False,R+11,general,https://en.wikipedia.org/wiki/Ammar_Campa-Najjar
California,California 51,Juan Vargas,Democratic,71.2,True,True,D+22,general,https://en.wikipedia.org/wiki/Juan_Vargas
California,California 51,Juan Hidalgo,Republican,28.8,False,False,D+22,general,
California,California 52,Scott Peters,Democratic,63.8,True,True,D+6,general,https://en.wikipedia.org/wiki/Scott_Peters_(politician)
California,California 52,Omar Qudrat,Republican,36.2,False,False,D+6,general,
California,California 53,Susan Davis,Democratic,69.1,True,True,D+14,general,https://en.wikipedia.org/wiki/Susan_Davis_(politician)
California,California 53,Morgan Murtaugh,Republican,30.9,False,False,D+14,general,
California,California 6,Doris Matsui,Democratic,80.4,True,True,D+21,general,https://en.wikipedia.org/wiki/Doris_Matsui
California,California 6,Jrmar Jefferson,Democratic,19.6,False,False,D+21,general,
California,California 7,Ami Bera,Democratic,55.0,True,True,D+3,general,https://en.wikipedia.org/wiki/Ami_Bera
California,California 7,Andrew Grant,Republican,45.0,False,False,D+3,general,
California,California 8,Paul Cook,Republican,60.0,True,True,R+9,general,https://en.wikipedia.org/wiki/Paul_Cook_(politician)
California,California 8,Tim Donnelly,Republican,40.0,False,False,R+9,general,https://en.wikipedia.org/wiki/Tim_Donnelly_(politician)
California,California 9,Jerry McNerney,Democratic,56.5,True,True,D+8,general,https://en.wikipedia.org/wiki/Jerry_McNerney
California,California 9,Marla Livengood,Republican,43.5,False,False,D+8,general,
Colorado,Colorado 1,Diana DeGette,Democratic,73.8,True,True,D+21,general,https://en.wikipedia.org/wiki/Diana_DeGette
Colorado,Colorado 1,Casper Stockham,Republican,23.0,False,False,D+21,general,
Colorado,Colorado 2,Joe Neguse,Democratic,60.3,False,True,D+9,general,https://en.wikipedia.org/wiki/Joe_Neguse
Colorado,Colorado 2,Peter Yu,Republican,33.6,False,False,D+9,general,
Colorado,Colorado 3,Scott Tipton,Republican,51.5,True,True,R+6,general,https://en.wikipedia.org/wiki/Scott_Tipton
Colorado,Colorado 3,Diane Mitsch Bush,Democratic,43.6,False,False,R+6,general,https://en.wikipedia.org/wiki/Diane_Mitsch_Bush
Colorado,Colorado 4,Ken Buck,Republican,60.6,True,True,R+13,general,https://en.wikipedia.org/wiki/Ken_Buck
Colorado,Colorado 4,Karen McCormick,Democratic,39.4,False,False,R+13,general,https://en.wikipedia.org/wiki/Karen_McCormick
Colorado,Colorado 5,Doug Lamborn,Republican,57.0,True,True,R+14,general,https://en.wikipedia.org/wiki/Doug_Lamborn
Colorado,Colorado 5,Stephany Rose Spaulding,Democratic,39.3,False,False,R+14,general,
Colorado,Colorado 6,Jason Crow,Democratic,54.1,False,True,D+2,general,https://en.wikipedia.org/wiki/Jason_Crow
Colorado,Colorado 6,Mike Coffman,Republican,42.9,True,False,D+2,general,https://en.wikipedia.org/wiki/Mike_Coffman
Colorado,Colorado 7,Ed Perlmutter,Democratic,60.4,True,True,D+6,general,https://en.wikipedia.org/wiki/Ed_Perlmutter
Colorado,Colorado 7,Mark Barrington,Republican,35.4,False,False,D+6,general,
Connecticut,Connecticut 1,John B. Larson,Democratic,63.9,True,True,D+12,general,https://en.wikipedia.org/wiki/John_B._Larson
Connecticut,Connecticut 1,Jennifer Nye,Republican,35.0,False,False,D+12,general,
Connecticut,Connecticut 1,Thomas McCormick,Green,1.1,False,False,D+12,general,
Connecticut,Connecticut 2,Joe Courtney,Democratic,62.2,True,True,D+3,general,https://en.wikipedia.org/wiki/Joe_Courtney_(politician)
Connecticut,Connecticut 2,Danny Postemski,Republican,35.4,False,False,D+3,general,
Connecticut,Connecticut 2,Michelle Bicking,Green,1.2,False,False,D+3,general,
Connecticut,Connecticut 3,Rosa DeLauro,Democratic,64.6,True,True,D+9,general,https://en.wikipedia.org/wiki/Rosa_DeLauro
Connecticut,Connecticut 3,Angel Cadena,Republican,35.4,False,False,D+9,general,
Connecticut,Connecticut 4,Jim Himes,Democratic,61.2,True,True,D+7,general,https://en.wikipedia.org/wiki/Jim_Himes
Connecticut,Connecticut 4,Harry Arora,Republican,38.8,False,False,D+7,general,https://en.wikipedia.org/wiki/Harry_Arora
Connecticut,Connecticut 5,Jahana Hayes,Democratic,55.9,False,True,D+2,general,https://en.wikipedia.org/wiki/Jahana_Hayes
Connecticut,Connecticut 5,Manny Santos,Republican,44.1,False,False,D+2,general,
Delaware,Delaware at-large,Lisa Blunt Rochester,Democratic,64.5,True,True,D+6,general,https://en.wikipedia.org/wiki/Lisa_Blunt_Rochester
Delaware,Delaware at-large,Scott Walker,Republican,35.5,False,False,D+6,general,
Florida,Florida 1,Matt Gaetz,Republican,67.1,True,True,R+22,general,https://en.wikipedia.org/wiki/Matt_Gaetz
Florida,Florida 1,Jennifer Zimmerman,Democratic,32.9,False,False,R+22,general,
Florida,Florida 10,Val Demings,Democratic,,True,True,D+11,general,https://en.wikipedia.org/wiki/Val_Demings
Florida,Florida 11,Daniel Webster,Republican,65.2,True,True,R+15,general,https://en.wikipedia.org/wiki/Daniel_Webster_(Florida_politician)
Florida,Florida 11,Dana Cottrell,Democratic,34.8,False,False,R+15,general,
Florida,Florida 12,Gus Bilirakis,Republican,58.1,True,True,R+8,general,https://en.wikipedia.org/wiki/Gus_Bilirakis
Florida,Florida 12,Chris Hunter,Democratic,39.7,False,False,R+8,general,
Florida,Florida 12,Angelika Purkis,Independent,2.2,False,False,R+8,general,
Florida,Florida 13,Charlie Crist,Democratic,57.6,True,True,D+2,general,https://en.wikipedia.org/wiki/Charlie_Crist
Florida,Florida 13,George Buck,Republican,42.4,False,False,D+2,general,
Florida,Florida 14,Kathy Castor,Democratic,,True,True,D+7,general,https://en.wikipedia.org/wiki/Kathy_Castor
Florida,Florida 15,Ross Spano,Republican,53.0,False,True,R+6,general,https://en.wikipedia.org/wiki/Ross_Spano
Florida,Florida 15,Kristen Carlson,Democratic,47.0,False,False,R+6,general,
Florida,Florida 16,Vern Buchanan,Republican,54.6,True,True,R+7,general,https://en.wikipedia.org/wiki/Vern_Buchanan
Florida,Florida 16,David Shapiro,Democratic,45.4,False,False,R+7,general,
Florida,Florida 17,Greg Steube,Republican,62.3,False,True,R+13,general,https://en.wikipedia.org/wiki/Greg_Steube
Florida,Florida 17,Allen Ellison,Democratic,37.7,False,False,R+13,general,
Florida,Florida 18,Brian Mast,Republican,54.3,True,True,R+5,general,https://en.wikipedia.org/wiki/Brian_Mast
Florida,Florida 18,Lauren Baer,Democratic,45.7,False,False,R+5,general,
Florida,Florida 19,Francis Rooney,Republican,62.3,True,True,R+13,general,https://en.wikipedia.org/wiki/Francis_Rooney
Florida,Florida 19,David Holden,Democratic,37.7,False,False,R+13,general,
Florida,Florida 2,Neal Dunn,Republican,67.4,True,True,R+18,general,https://en.wikipedia.org/wiki/Neal_Dunn
Florida,Florida 2,Bob Rackleff,Democratic,32.6,False,False,R+18,general,
Florida,Florida 20,Alcee Hastings,Democratic,,True,True,D+31,general,https://en.wikipedia.org/wiki/Alcee_Hastings
Florida,Florida 21,Lois Frankel,Democratic,,True,True,D+9,general,https://en.wikipedia.org/wiki/Lois_Frankel
Florida,Florida 22,Ted Deutch,Democratic,62.0,True,True,D+6,general,https://en.wikipedia.org/wiki/Ted_Deutch
Florida,Florida 22,Nicolas Kimaz,Republican,38.0,False,False,D+6,general,
Florida,Florida 23,Debbie Wasserman Schultz,Democratic,58.5,True,True,D+11,general,https://en.wikipedia.org/wiki/Debbie_Wasserman_Schultz
Florida,Florida 23,Joseph Kaufman,Republican,36.0,False,False,D+11,general,
Florida,Florida 23,Tim Canova,Independent,5.0,False,False,D+11,general,https://en.wikipedia.org/wiki/Tim_Canova
Florida,Florida 23,Don Endriss,Independent,0.6,False,False,D+11,general,
Florida,Florida 24,Frederica Wilson,Democratic,,True,True,D+34,general,https://en.wikipedia.org/wiki/Frederica_Wilson
Florida,Florida 25,Mario Díaz-Balart,Republican,60.5,True,True,R+4,general,https://en.wikipedia.org/wiki/Mario_D%C3%ADaz-Balart
Florida,Florida 25,Mary Barzee Flores,Democratic,39.5,False,False,R+4,general,https://en.wikipedia.org/wiki/Mary_Barzee_Flores
Florida,Florida 26,Debbie Mucarsel-Powell,Democratic,50.9,False,True,D+6,general,https://en.wikipedia.org/wiki/Debbie_Mucarsel-Powell
Florida,Florida 26,Carlos Curbelo,Republican,49.1,True,False,D+6,general,https://en.wikipedia.org/wiki/Carlos_Curbelo
Florida,Florida 27,Donna Shalala,Democratic,51.8,False,True,D+5,general,https://en.wikipedia.org/wiki/Donna_Shalala
Florida,Florida 27,María Elvira Salazar,Republican,45.8,False,False,D+5,general,https://en.wikipedia.org/wiki/Mar%C3%ADa_Elvira_Salazar
Florida,Florida 27,Mayra Joli,Independent,2.5,False,False,D+5,general,
Florida,Florida 3,Ted Yoho,Republican,57.6,True,True,R+9,general,https://en.wikipedia.org/wiki/Ted_Yoho
Florida,Florida 3,Yvonne Hayes Hinson,Democratic,42.4,False,True,R+9,general,https://en.wikipedia.org/wiki/Yvonne_Hayes_Hinson
Florida,Florida 4,John Rutherford,Republican,65.2,True,True,R+17,general,https://en.wikipedia.org/wiki/John_Rutherford_(Florida_politician)
Florida,Florida 4,Ges Selmont,Democratic,32.3,False,False,R+17,general,
Florida,Florida 4,Joceline Berrios,Independent,1.9,False,False,R+17,general,
Florida,Florida 4,Jason Bulger,Independent,0.6,False,False,R+17,general,
Florida,Florida 5,Al Lawson,Democratic,66.8,True,True,D+12,general,https://en.wikipedia.org/wiki/Al_Lawson
Florida,Florida 5,Virginia Fuller,Republican,33.2,False,False,D+12,general,
Florida,Florida 6,Mike Waltz,Republican,56.3,False,True,R+7,general,https://en.wikipedia.org/wiki/Mike_Waltz
Florida,Florida 6,Nancy Soderberg,Democratic,43.7,False,False,R+7,general,https://en.wikipedia.org/wiki/Nancy_Soderberg
Florida,Florida 7,Stephanie Murphy,Democratic,57.7,True,True,Even,general,https://en.wikipedia.org/wiki/Stephanie_Murphy
Florida,Florida 7,Mike Miller,Republican,42.3,False,False,Even,general,https://en.wikipedia.org/wiki/Mike_Miller_(Florida_politician)
Florida,Florida 8,Bill Posey,Republican,60.5,True,True,R+11,general,https://en.wikipedia.org/wiki/Bill_Posey
Florida,Florida 8,Sanjay Patel,Democratic,39.5,False,False,R+11,general,
Florida,Florida 9,Darren Soto,Democratic,58.0,True,True,D+5,general,https://en.wikipedia.org/wiki/Darren_Soto
Florida,Florida 9,Wayne Liebnitzky,Republican,42.0,False,False,D+5,general,
Georgia,Georgia 1,Buddy Carter,Republican,57.7,True,True,R+9,general,https://en.wikipedia.org/wiki/Buddy_Carter
Georgia,Georgia 1,Lisa Ring,Democratic,42.3,False,False,R+9,general,
Georgia,Georgia 10,Jody Hice,Republican,62.9,True,True,R+15,general,https://en.wikipedia.org/wiki/Jody_Hice
Georgia,Georgia 10,Tabitha Johnson-Green,Democratic,37.1,False,False,R+15,general,
Georgia,Georgia 11,Barry Loudermilk,Republican,61.8,True,True,R+17,general,https://en.wikipedia.org/wiki/Barry_Loudermilk
Georgia,Georgia 11,Flynn Broady,Democratic,38.2,False,False,R+17,general,
Georgia,Georgia 12,Rick Allen,Republican,59.5,True,True,R+9,general,https://en.wikipedia.org/wiki/Rick_Allen_(politician)
Georgia,Georgia 12,Francys Johnson,Democratic,40.5,False,False,R+9,general,https://en.wikipedia.org/wiki/Francys_Johnson
Georgia,Georgia 13,David Scott,Democratic,76.2,True,True,D+20,general,https://en.wikipedia.org/wiki/David_Scott_(Georgia_politician)
Georgia,Georgia 13,David Callahan,Republican,23.8,False,False,D+20,general,
Georgia,Georgia 14,Tom Graves,Republican,76.5,True,True,R+27,general,https://en.wikipedia.org/wiki/Tom_Graves
Georgia,Georgia 14,Steve Foster,Democratic,23.5,False,False,R+27,general,
Georgia,Georgia 2,Sanford Bishop,Democratic,59.6,True,True,D+6,general,https://en.wikipedia.org/wiki/Sanford_Bishop
Georgia,Georgia 2,Herman West,Republican,40.4,False,False,D+6,general,
Georgia,Georgia 3,Drew Ferguson,Republican,65.5,True,True,R+18,general,https://en.wikipedia.org/wiki/Drew_Ferguson_(politician)
Georgia,Georgia 3,Chuck Enderlin,Democratic,34.5,False,False,R+18,general,
Georgia,Georgia 4,Hank Johnson,Democratic,78.8,True,True,D+24,general,https://en.wikipedia.org/wiki/Hank_Johnson
Georgia,Georgia 4,Joe Profit,Republican,21.2,False,False,D+24,general,https://en.wikipedia.org/wiki/Joe_Profit
Georgia,Georgia 5,John Lewis,Democratic,100.0,True,True,D+34,general,https://en.wikipedia.org/wiki/John_Lewis
Georgia,Georgia 6,Lucy McBath,Democratic,50.5,False,True,R+8,general,https://en.wikipedia.org/wiki/Lucy_McBath
Georgia,Georgia 6,Karen Handel,Republican,49.5,True,False,R+8,general,https://en.wikipedia.org/wiki/Karen_Handel
Georgia,Georgia 7,Rob Woodall,Republican,50.07,True,True,R+9,general,https://en.wikipedia.org/wiki/Rob_Woodall
Georgia,Georgia 7,Carolyn Bourdeaux,Democratic,49.93,False,False,R+9,general,https://en.wikipedia.org/wiki/Carolyn_Bourdeaux
Georgia,Georgia 8,Austin Scott,Republican,99.7,True,True,R+15,general,https://en.wikipedia.org/wiki/Austin_Scott_(politician)
Georgia,Georgia 9,Doug Collins,Republican,79.5,True,True,R+31,general,https://en.wikipedia.org/wiki/Doug_Collins_(politician)
Georgia,Georgia 9,Josh McCall,Democratic,20.5,False,False,R+31,general,
Hawaii,Hawaii 1,Ed Case,Democratic,73.1,False,True,D+17,general,https://en.wikipedia.org/wiki/Ed_Case
Hawaii,Hawaii 1,Cam Cavasso,Republican,23.1,False,False,D+17,general,https://en.wikipedia.org/wiki/Campbell_Cavasso
Hawaii,Hawaii 1,Michelle Tippens,Libertarian,1.9,False,False,D+17,general,
Hawaii,Hawaii 1,Zachary Burd,Green,1.2,False,False,D+17,general,
Hawaii,Hawaii 1,Calvin Griffin,Nonpartisan,0.7,False,False,D+17,general,
Hawaii,Hawaii 2,Tulsi Gabbard,Democratic,77.4,True,True,D+19,general,https://en.wikipedia.org/wiki/Tulsi_Gabbard
Hawaii,Hawaii 2,Brian Evans,Republican,22.6,False,False,D+19,general,
Idaho,Idaho 1,Russ Fulcher,Republican,62.8,False,True,R+21,general,https://en.wikipedia.org/wiki/Russ_Fulcher
Idaho,Idaho 1,Cristina McNeil,Democratic,30.8,False,False,R+21,general,
Idaho,Idaho 1,Natalie Fleming,Independent,2.0,False,False,R+21,general,
Idaho,Idaho 1,W. Scott Howard,Libertarian,1.7,False,False,R+21,general,
Idaho,Idaho 1,Paul Farmer,Independent,1.4,False,False,R+21,general,
Idaho,Idaho 1,Pro-Life,Constitution,1.0,False,False,R+21,general,https://en.wikipedia.org/wiki/Pro-Life_(politician)
Idaho,Idaho 1,Gordon Counsil,Independent,0.3,False,False,R+21,general,
Idaho,Idaho 2,Mike Simpson,Republican,60.7,True,True,R+17,general,https://en.wikipedia.org/wiki/Mike_Simpson
Idaho,Idaho 2,Aaron Swisher,Democratic,39.3,False,False,R+17,general,
Illinois,Illinois 1,Bobby Rush,Democratic,73.5,True,True,D+27,general,https://en.wikipedia.org/wiki/Bobby_Rush
Illinois,Illinois 1,Jimmy Tillman,Republican,19.8,False,False,D+27,general,
Illinois,Illinois 10,Brad Schneider,Democratic,65.6,True,True,D+10,general,https://en.wikipedia.org/wiki/Brad_Schneider
Illinois,Illinois 10,Douglas Bennett,Republican,34.4,False,False,D+10,general,
Illinois,Illinois 11,Bill Foster,Democratic,63.8,True,True,D+9,general,https://en.wikipedia.org/wiki/Bill_Foster_(politician)
Illinois,Illinois 11,Nick Stella,Republican,36.2,False,False,D+9,general,
Illinois,Illinois 12,Mike Bost,Republican,51.6,True,True,R+5,general,https://en.wikipedia.org/wiki/Mike_Bost
Illinois,Illinois 12,Brendan Kelly,Democratic,45.4,False,False,R+5,general,
Illinois,Illinois 12,Randall Auxier,Green,3.0,False,False,R+5,general,https://en.wikipedia.org/wiki/Randall_Auxier
Illinois,Illinois 13,Rodney Davis,Republican,50.4,True,True,R+3,general,https://en.wikipedia.org/wiki/Rodney_Davis_(politician)
Illinois,Illinois 13,Betsy Dirksen Londrigan,Democratic,49.6,False,False,R+3,general,
Illinois,Illinois 14,Lauren Underwood,Democratic,52.5,False,True,R+5,general,https://en.wikipedia.org/wiki/Lauren_Underwood
Illinois,Illinois 14,Randy Hultgren,Republican,47.5,True,False,R+5,general,https://en.wikipedia.org/wiki/Randy_Hultgren
Illinois,Illinois 15,John Shimkus,Republican,70.9,True,True,R+21,general,https://en.wikipedia.org/wiki/John_Shimkus
Illinois,Illinois 15,Kevin Gaither,Democratic,29.1,False,False,R+21,general,
Illinois,Illinois 16,Adam Kinzinger,Republican,59.1,True,True,R+8,general,https://en.wikipedia.org/wiki/Adam_Kinzinger
Illinois,Illinois 16,Sara Dady,Democratic,40.9,False,False,R+8,general,
Illinois,Illinois 17,Cheri Bustos,Democratic,62.1,True,True,D+3,general,https://en.wikipedia.org/wiki/Cheri_Bustos
Illinois,Illinois 17,Bill Fawell,Republican,37.9,False,False,D+3,general,
Illinois,Illinois 18,Darin LaHood,Republican,67.2,True,True,R+15,general,https://en.wikipedia.org/wiki/Darin_LaHood
Illinois,Illinois 18,Junius Rodriguez,Democratic,32.8,False,False,R+15,general,https://en.wikipedia.org/wiki/Junius_P._Rodriguez
Illinois,Illinois 2,Robin Kelly,Democratic,81.1,True,True,D+29,general,https://en.wikipedia.org/wiki/Robin_Kelly
Illinois,Illinois 2,David Merkle,Republican,18.9,False,False,D+29,general,
Illinois,Illinois 3,Dan Lipinski,Democratic,73.8,True,True,D+6,general,https://en.wikipedia.org/wiki/Dan_Lipinski
Illinois,Illinois 3,Arthur Jones,Republican,26.2,False,False,D+6,general,https://en.wikipedia.org/wiki/Arthur_J._Jones
Illinois,Illinois 4,Chuy García,Democratic,86.6,False,True,D+33,general,https://en.wikipedia.org/wiki/Chuy_Garc%C3%ADa
Illinois,Illinois 4,Mark Lorch,Republican,13.4,False,False,D+33,general,
Illinois,Illinois 5,Mike Quigley,Democratic,76.7,True,True,D+20,general,https://en.wikipedia.org/wiki/Mike_Quigley
Illinois,Illinois 5,Tom Hanson,Republican,23.3,False,False,D+20,general,
Illinois,Illinois 6,Sean Casten,Democratic,53.6,False,True,R+2,general,https://en.wikipedia.org/wiki/Sean_Casten
Illinois,Illinois 6,Peter Roskam,Republican,46.4,True,False,R+2,general,https://en.wikipedia.org/wiki/Peter_Roskam
Illinois,Illinois 7,Danny Davis,Democratic,87.6,True,True,D+38,general,https://en.wikipedia.org/wiki/Danny_Davis_(Illinois_politician)
Illinois,Illinois 7,Craig Cameron,Republican,12.4,False,False,D+38,general,
Illinois,Illinois 8,Raja Krishnamoorthi,Democratic,66.0,True,True,D+8,general,https://en.wikipedia.org/wiki/Raja_Krishnamoorthi
Illinois,Illinois 8,J. D. Diganvker,Republican,34.0,False,False,D+8,general,
Illinois,Illinois 9,Jan Schakowsky,Democratic,73.5,True,True,D+18,general,https://en.wikipedia.org/wiki/Jan_Schakowsky
Illinois,Illinois 9,John Elleson,Republican,26.5,False,False,D+18,general,
Indiana,Indiana 1,Pete Visclosky,Democratic,65.1,True,True,D+8,general,https://en.wikipedia.org/wiki/Pete_Visclosky
Indiana,Indiana 1,Mark Leyva,Republican,34.9,False,False,D+8,general,
Indiana,Indiana 2,Jackie Walorski,Republican,54.8,True,True,R+11,general,https://en.wikipedia.org/wiki/Jackie_Walorski
Indiana,Indiana 2,Mel Hall,Democratic,45.2,False,False,R+11,general,
Indiana,Indiana 3,Jim Banks,Republican,64.7,True,True,R+18,general,https://en.wikipedia.org/wiki/Jim_Banks
Indiana,Indiana 3,Courtney Tritch,Democratic,35.3,False,False,R+18,general,
Indiana,Indiana 4,Jim Baird,Republican,64.1,False,True,R+17,general,https://en.wikipedia.org/wiki/Jim_Baird_(politician)
Indiana,Indiana 4,Tobi Beck,Democratic,35.9,False,False,R+17,general,
Indiana,Indiana 5,Susan Brooks,Republican,56.8,True,True,R+9,general,https://en.wikipedia.org/wiki/Susan_Brooks
Indiana,Indiana 5,Dee Thornton,Democratic,43.2,False,False,R+9,general,
Indiana,Indiana 6,Greg Pence,Republican,63.8,False,True,R+18,general,https://en.wikipedia.org/wiki/Greg_Pence
Indiana,Indiana 6,Jeannine Lake,Democratic,32.9,False,False,R+18,general,
Indiana,Indiana 7,André Carson,Democratic,64.9,True,True,D+11,general,https://en.wikipedia.org/wiki/Andr%C3%A9_Carson
Indiana,Indiana 7,Wayne Harmon,Republican,35.1,False,False,D+11,general,
Indiana,Indiana 8,Larry Bucshon,Republican,64.4,True,True,R+15,general,https://en.wikipedia.org/wiki/Larry_Bucshon
Indiana,Indiana 8,William Tanoos,Democratic,35.6,False,False,R+15,general,
Indiana,Indiana 9,Trey Hollingsworth,Republican,56.5,True,True,R+13,general,https://en.wikipedia.org/wiki/Trey_Hollingsworth
Indiana,Indiana 9,Liz Watson,Democratic,43.5,False,False,R+13,general,https://en.wikipedia.org/wiki/Liz_Watson_(politician)
Iowa,Iowa 1,Abby Finkenauer,Democratic,51.0,False,True,D+1,general,https://en.wikipedia.org/wiki/Abby_Finkenauer
Iowa,Iowa 1,Rod Blum,Republican,45.9,True,False,D+1,general,https://en.wikipedia.org/wiki/Rod_Blum
Iowa,Iowa 1,Troy Hageman,Libertarian,3.1,False,False,D+1,general,
Iowa,Iowa 2,Dave Loebsack,Democratic,54.8,True,True,D+1,general,https://en.wikipedia.org/wiki/Dave_Loebsack
Iowa,Iowa 2,Christopher Peters,Republican,42.6,False,False,D+1,general,
Iowa,Iowa 2,Mike Strauss,Libertarian,2.0,False,False,D+1,general,
Iowa,Iowa 2,Daniel Clark,Independent,0.6,False,False,D+1,general,
Iowa,Iowa 3,Cindy Axne,Democratic,49.3,False,True,R+1,general,https://en.wikipedia.org/wiki/Cindy_Axne
Iowa,Iowa 3,David Young,Republican,47.2,True,False,R+1,general,https://en.wikipedia.org/wiki/David_Young_(Iowa_politician)
Iowa,Iowa 3,Bryan Holder,Libertarian,2.0,False,False,R+1,general,
Iowa,Iowa 3,Mark Elworth,Legal Marijuana Now,0.5,False,False,R+1,general,https://en.wikipedia.org/wiki/Mark_Elworth
Iowa,Iowa 3,Paul Knupp,Green,0.5,False,False,R+1,general,
Iowa,Iowa 3,Joe Grandanette,Independent,0.4,False,False,R+1,general,
Iowa,Iowa 4,Steve King,Republican,50.4,True,True,R+11,general,https://en.wikipedia.org/wiki/Steve_King
Iowa,Iowa 4,J. D. Scholten,Democratic,47.0,False,False,R+11,general,https://en.wikipedia.org/wiki/J._D._Scholten
Iowa,Iowa 4,Charles Aldrich,Libertarian,2.0,False,False,R+11,general,
Iowa,Iowa 4,Edward Peterson,Independent,0.6,False,False,R+11,general,
Kansas,Kansas 1,Roger Marshall,Republican,68.1,True,True,R+24,general,https://en.wikipedia.org/wiki/Roger_Marshall
Kansas,Kansas 1,Alan LaPolice,Democratic,31.9,False,False,R+24,general,
Kansas,Kansas 2,Steve Watkins,Republican,47.6,False,True,R+10,general,https://en.wikipedia.org/wiki/Steve_Watkins
Kansas,Kansas 2,Paul Davis,Democratic,46.8,False,False,R+10,general,https://en.wikipedia.org/wiki/Paul_Davis_(Kansas_politician)
Kansas,Kansas 2,Kelly Standley,Libertarian,5.6,False,False,R+10,general,
Kansas,Kansas 3,Sharice Davids,Democratic,53.6,False,True,R+4,general,https://en.wikipedia.org/wiki/Sharice_Davids
Kansas,Kansas 3,Kevin Yoder,Republican,43.9,True,False,R+4,general,https://en.wikipedia.org/wiki/Kevin_Yoder
Kansas,Kansas 3,Chris Clemmons,Libertarian,2.5,False,False,R+4,general,
Kansas,Kansas 4,Ron Estes,Republican,59.4,True,True,R+15,general,https://en.wikipedia.org/wiki/Ron_Estes
Kansas,Kansas 4,James Thompson,Democratic,40.6,False,False,R+15,general,
Kentucky,Kentucky 1,James Comer,Republican,68.6,True,True,R+23,general,https://en.wikipedia.org/wiki/James_Comer_(politician)
Kentucky,Kentucky 1,Paul Walker,Democratic,31.4,False,False,R+23,general,
Kentucky,Kentucky 2,Brett Guthrie,Republican,66.7,True,True,R+19,general,https://en.wikipedia.org/wiki/Brett_Guthrie
Kentucky,Kentucky 2,Hank Linderman,Democratic,31.1,False,False,R+19,general,
Kentucky,Kentucky 2,Thomas Loecken,Independent,2.2,False,False,R+19,general,
Kentucky,Kentucky 3,John Yarmuth,Democratic,62.1,True,True,D+6,general,https://en.wikipedia.org/wiki/John_Yarmuth
Kentucky,Kentucky 3,Vickie Glisson,Republican,36.6,False,False,D+6,general,
Kentucky,Kentucky 3,Gregory Boles,Libertarian,1.4,False,False,D+6,general,
Kentucky,Kentucky 4,Thomas Massie,Republican,62.2,True,True,R+18,general,https://en.wikipedia.org/wiki/Thomas_Massie
Kentucky,Kentucky 4,Seth Hall,Democratic,34.6,False,False,R+18,general,
Kentucky,Kentucky 4,Mike Moffett,Independent,3.2,False,False,R+18,general,
Kentucky,Kentucky 5,Hal Rogers,Republican,78.9,True,True,R+31,general,https://en.wikipedia.org/wiki/Hal_Rogers
Kentucky,Kentucky 5,Kenneth Stepp,Democratic,21.1,False,False,R+31,general,
Kentucky,Kentucky 6,Andy Barr,Republican,51.0,True,True,R+9,general,https://en.wikipedia.org/wiki/Andy_Barr_(American_politician)
Kentucky,Kentucky 6,Amy McGrath,Democratic,47.8,False,False,R+9,general,https://en.wikipedia.org/wiki/Amy_McGrath
Kentucky,Kentucky 6,Frank Harris,Libertarian,0.7,False,False,R+9,general,
Kentucky,Kentucky 6,Rikka Wallin,Independent,0.3,False,False,R+9,general,
Kentucky,Kentucky 6,James Germalic,Independent,0.2,False,False,R+9,general,
Louisiana,Louisiana 1,Steve Scalise,Republican,71.5,True,True,R+24,general,https://en.wikipedia.org/wiki/Steve_Scalise
Louisiana,Louisiana 1,Tammy Savoie,Democratic,16.4,False,False,R+24,general,
Louisiana,Louisiana 1,Lee Ann Dugas,Democratic,6.9,False,False,R+24,general,
Louisiana,Louisiana 1,Jim Francis,Democratic,3.2,False,False,R+24,general,
Louisiana,Louisiana 1,Howard Kearney,Libertarian,1.0,False,False,R+24,general,
Louisiana,Louisiana 1,Ferd Jones,Independent,0.9,False,False,R+24,general,
Louisiana,Louisiana 2,Cedric Richmond,Democratic,80.6,True,True,D+25,general,https://en.wikipedia.org/wiki/Cedric_Richmond
Louisiana,Louisiana 2,Jesse Schmidt,Independent,8.7,False,False,D+25,general,
Louisiana,Louisiana 2,Belden Batiste,Independent,7.3,False,False,D+25,general,
Louisiana,Louisiana 2,Shawndra Rodriguez,Independent,3.4,False,False,D+25,general,
Louisiana,Louisiana 3,Clay Higgins,Republican,55.7,True,True,R+20,general,https://en.wikipedia.org/wiki/Clay_Higgins
Louisiana,Louisiana 3,Mimi Methvin,Democratic,17.8,False,False,R+20,general,
Louisiana,Louisiana 3,Josh Guillory,Republican,12.8,False,False,R+20,general,
Louisiana,Louisiana 3,Rob Anderson,Democratic,5.5,False,False,R+20,general,
Louisiana,Louisiana 3,Larry Rader,Democratic,3.9,False,False,R+20,general,
Louisiana,Louisiana 3,Verone Thomas,Democratic,3.2,False,False,R+20,general,
Louisiana,Louisiana 3,Aaron Andrus,Libertarian,1.2,False,False,R+20,general,
Louisiana,Louisiana 4,Mike Johnson,Republican,64.2,True,True,R+13,general,https://en.wikipedia.org/wiki/Mike_Johnson
Louisiana,Louisiana 4,Ryan Trundle,Democratic,33.6,False,False,R+13,general,
Louisiana,Louisiana 4,Mark Halverson,Independent,2.1,False,False,R+13,general,
Louisiana,Louisiana 5,Ralph Abraham,Republican,66.5,True,True,R+15,general,https://en.wikipedia.org/wiki/Ralph_Abraham_(politician)
Louisiana,Louisiana 5,Jessee Fleenor,Democratic,30.0,False,False,R+15,general,
Louisiana,Louisiana 5,Billy Burkette,Independent,2.0,False,False,R+15,general,
Louisiana,Louisiana 5,Kyle Randol,Libertarian,1.3,False,False,R+15,general,
Louisiana,Louisiana 6,Garret Graves,Republican,69.5,True,True,R+19,general,https://en.wikipedia.org/wiki/Garret_Graves
Louisiana,Louisiana 6,Justin DeWitt,Democratic,20.5,False,False,R+19,general,
Louisiana,Louisiana 6,Andie Saizan,Democratic,8.1,False,False,R+19,general,
Louisiana,Louisiana 6,Devin Graham,Independent,2.0,False,False,R+19,general,
Maine,Maine 1,Chellie Pingree,Democratic,58.7,True,True,D+8,general,https://en.wikipedia.org/wiki/Chellie_Pingree
Maine,Maine 1,Mark Holbrook,Republican,32.4,False,False,D+8,general,
Maine,Maine 1,Martin Grohman,Independent,8.9,False,False,D+8,general,
Maine,Maine 2,Bruce Poliquin,Republican,46.3,True,True,R+2,general_rcv_round1,https://en.wikipedia.org/wiki/Bruce_Poliquin
Maine,Maine 2,Jared Golden,Democratic,45.6,False,True,R+2,general_rcv_round1,https://en.wikipedia.org/wiki/Jared_Golden
Maine,Maine 2,Tiffany Bond,Independent,5.7,False,False,R+2,general_rcv_round1,
Maine,Maine 2,Will Hoar,Independent,2.4,False,False,R+2,general_rcv_round1,
Maine,Maine 2,Jared Golden,Democratic,50.6,False,True,R+2,general_rcv_runoff,https://en.wikipedia.org/wiki/Jared_Golden
Maine,Maine 2,Bruce Poliquin,Republican,49.4,True,False,R+2,general_rcv_runoff,https://en.wikipedia.org/wiki/Bruce_Poliquin
Maryland,Maryland 1,Andy Harris,Republican,60.0,True,True,R+14,general,https://en.wikipedia.org/wiki/Andy_Harris_(politician)
Maryland,Maryland 1,Jesse Colvin,Democratic,38.1,False,False,R+14,general,
Maryland,Maryland 1,Jenica Martin,Libertarian,1.9,False,False,R+14,general,
Maryland,Maryland 2,Dutch Ruppersberger,Democratic,66.1,True,True,D+11,general,https://en.wikipedia.org/wiki/Dutch_Ruppersberger
Maryland,Maryland 2,Liz Matory,Republican,30.7,False,False,D+11,general,
Maryland,Maryland 2,Guy Mimoun,Green,3.2,False,False,D+11,general,
Maryland,Maryland 3,John Sarbanes,Democratic,69.2,True,True,D+13,general,https://en.wikipedia.org/wiki/John_Sarbanes
Maryland,Maryland 3,Charles Anthony,Republican,28.3,False,False,D+13,general,
Maryland,Maryland 3,David Lashar,Libertarian,2.5,False,False,D+13,general,
Maryland,Maryland 4,Anthony Brown,Democratic,78.1,True,True,D+28,general,https://en.wikipedia.org/wiki/Anthony_Brown_(Maryland_politician)
Maryland,Maryland 4,George McDermott,Republican,19.9,False,False,D+28,general,
Maryland,Maryland 4,David Bishop,Libertarian,2.0,False,False,D+28,general,
Maryland,Maryland 5,Steny Hoyer,Democratic,70.4,True,True,D+16,general,https://en.wikipedia.org/wiki/Steny_Hoyer
Maryland,Maryland 5,William Devine III,Republican,27.1,False,False,D+16,general,
Maryland,Maryland 5,Pat Elder,Green,1.3,False,False,D+16,general,
Maryland,Maryland 5,Jacob Pulcher,Libertarian,1.2,False,False,D+16,general,
Maryland,Maryland 6,David Trone,Democratic,59.0,False,True,D+6,general,https://en.wikipedia.org/wiki/David_Trone
Maryland,Maryland 6,Amie Hoeber,Republican,38.0,False,False,D+6,general,
Maryland,Maryland 6,Kevin Caldwell,Libertarian,1.8,False,False,D+6,general,
Maryland,Maryland 6,George Gluck,Green,1.2,False,False,D+6,general,
Maryland,Maryland 7,Elijah Cummings,Democratic,76.5,True,True,D+26,general,https://en.wikipedia.org/wiki/Elijah_Cummings
Maryland,Maryland 7,Richmond Davis,Republican,21.3,False,False,D+26,general,
Maryland,Maryland 7,Swami Swaminathan,Independent,2.2,False,False,D+26,general,
Maryland,Maryland 8,Jamie Raskin,Democratic,68.2,True,True,D+14,general,https://en.wikipedia.org/wiki/Jamie_Raskin
Maryland,Maryland 8,John Walsh,Republican,30.3,False,False,D+14,general,
Maryland,Maryland 8,Jasen Wunder,Libertarian,1.5,False,False,D+14,general,
Massachusetts,Massachusetts 1,Richard Neal,Democratic,,True,True,D+12,general,https://en.wikipedia.org/wiki/Richard_Neal
Massachusetts,Massachusetts 2,Jim McGovern,Democratic,67.2,True,True,D+9,general,https://en.wikipedia.org/wiki/Jim_McGovern_(American_politician)
Massachusetts,Massachusetts 2,Tracy Lovvorn,Republican,32.8,False,False,D+9,general,
Massachusetts,Massachusetts 3,Lori Trahan,Democratic,62.0,False,True,D+9,general,https://en.wikipedia.org/wiki/Lori_Trahan
Massachusetts,Massachusetts 3,Rick Green,Republican,33.5,False,False,D+9,general,
Massachusetts,Massachusetts 3,Michael Mullen,Independent,4.5,False,False,D+9,general,
Massachusetts,Massachusetts 4,Joe Kennedy III,Democratic,,True,True,D+9,general,https://en.wikipedia.org/wiki/Joe_Kennedy_III
Massachusetts,Massachusetts 5,Katherine Clark,Democratic,75.9,True,True,D+18,general,https://en.wikipedia.org/wiki/Katherine_Clark
Massachusetts,Massachusetts 5,John Hugo,Republican,24.1,False,False,D+18,general,
Massachusetts,Massachusetts 6,Seth Moulton,Democratic,65.2,True,True,D+6,general,https://en.wikipedia.org/wiki/Seth_Moulton
Massachusetts,Massachusetts 6,Joseph Schneider,Republican,31.4,False,False,D+6,general,
Massachusetts,Massachusetts 6,Mary Jean Charbonneau,Independent,3.4,False,False,D+6,general,
Massachusetts,Massachusetts 7,Ayanna Pressley,Democratic,,False,True,D+34,general,https://en.wikipedia.org/wiki/Ayanna_Pressley
Massachusetts,Massachusetts 8,Stephen Lynch,Democratic,,True,True,D+10,general,https://en.wikipedia.org/wiki/Stephen_Lynch_(politician)
Massachusetts,Massachusetts 9,Bill Keating,Democratic,59.4,True,True,D+4,general,https://en.wikipedia.org/wiki/Bill_Keating_(politician)
Massachusetts,Massachusetts 9,Peter Tedeschi,Republican,40.6,False,False,D+4,general,
Michigan,Michigan 1,Jack Bergman,Republican,56.3,True,True,R+9,general,https://en.wikipedia.org/wiki/Jack_Bergman
Michigan,Michigan 1,Matt Morgan,Democratic,43.7,False,False,R+9,general,
Michigan,Michigan 10,Paul Mitchell,Republican,60.3,True,True,R+13,general,https://en.wikipedia.org/wiki/Paul_Mitchell_(politician)
Michigan,Michigan 10,Kimberly Bizon,Democratic,35.0,False,False,R+13,general,
Michigan,Michigan 10,Jeremy Peruski,Independent,3.8,False,False,R+13,general,
Michigan,Michigan 10,Harley Mikkelson,Green,1.0,False,False,R+13,general,
Michigan,Michigan 11,Haley Stevens,Democratic,51.8,False,True,R+4,general,https://en.wikipedia.org/wiki/Haley_Stevens
Michigan,Michigan 11,Lena Epstein,Republican,45.2,False,False,R+4,general,
Michigan,Michigan 11,Leonard Schwartz,Libertarian,1.7,False,False,R+4,general,
Michigan,Michigan 11,Cooper Nye,Independent,1.3,False,False,R+4,general,
Michigan,Michigan 12,Debbie Dingell,Democratic,68.1,True,True,D+14,general,https://en.wikipedia.org/wiki/Debbie_Dingell
Michigan,Michigan 12,Jeff Jones,Republican,28.9,False,False,D+14,general,
Michigan,Michigan 12,Gary Walkowicz,Working Class,2.3,False,False,D+14,general,
Michigan,Michigan 12,Niles Niemuth,Independent,0.8,False,False,D+14,general,
Michigan,Michigan 13,Rashida Tlaib,Democratic,84.6,False,True,D+32,general,https://en.wikipedia.org/wiki/Rashida_Tlaib
Michigan,Michigan 13,Sam Johnson,Working Class,11.3,False,False,D+32,general,
Michigan,Michigan 13,Etta Wilcoxon,Green,4.1,False,False,D+32,general,
Michigan,Michigan 13,Brenda Jones,Democratic,86.9,False,True,,special,https://en.wikipedia.org/wiki/Brenda_Jones_(politician)
Michigan,Michigan 13,Marc Sosnowski,Taxpayers,8.9,False,False,,special,
Michigan,Michigan 13,D. Etta Wilcoxon,Green,4.3,False,False,,special,
Michigan,Michigan 14,Brenda Lawrence,Democratic,80.9,True,True,D+30,general,https://en.wikipedia.org/wiki/Brenda_Lawrence
Michigan,Michigan 14,Marc Herschfus,Republican,17.3,False,False,D+30,general,
Michigan,Michigan 14,Philip Kolody,Working Class,1.4,False,False,D+30,general,
Michigan,Michigan 2,Bill Huizenga,Republican,55.3,True,True,R+9,general,https://en.wikipedia.org/wiki/Bill_Huizenga
Michigan,Michigan 2,Rob Davidson,Democratic,43.0,False,False,R+9,general,
Michigan,Michigan 2,Ronald Graeser,U.S. Taxpayers,1.7,False,False,R+9,general,
Michigan,Michigan 3,Justin Amash,Republican,54.4,True,True,R+6,general,https://en.wikipedia.org/wiki/Justin_Amash
Michigan,Michigan 3,Cathy Albro,Democratic,43.2,False,False,R+6,general,
Michigan,Michigan 3,Ted Gerrard,U.S. Taxpayers,2.4,False,False,R+6,general,
Michigan,Michigan 4,John Moolenaar,Republican,62.6,True,True,R+10,general,https://en.wikipedia.org/wiki/John_Moolenaar
Michigan,Michigan 4,Jerry Hilliard,Democratic,37.4,False,False,R+10,general,
Michigan,Michigan 5,Dan Kildee,Democratic,59.5,True,True,D+5,general,https://en.wikipedia.org/wiki/Dan_Kildee
Michigan,Michigan 5,Travis Wines,Republican,35.9,False,False,D+5,general,
Michigan,Michigan 5,Kathy Goodwin,Working Class,4.6,False,False,D+5,general,
Michigan,Michigan 6,Fred Upton,Republican,50.2,True,True,R+4,general,https://en.wikipedia.org/wiki/Fred_Upton
Michigan,Michigan 6,Matt Longjohn,Democratic,45.7,False,False,R+4,general,https://en.wikipedia.org/wiki/Matt_Longjohn
Michigan,Michigan 6,Stephen Young,U.S. Taxpayers,4.1,False,False,R+4,general,
Michigan,Michigan 7,Tim Walberg,Republican,53.8,True,True,R+7,general,https://en.wikipedia.org/wiki/Tim_Walberg
Michigan,Michigan 7,Gretchen Driskell,Democratic,46.2,False,False,R+7,general,https://en.wikipedia.org/wiki/Gretchen_Driskell
Michigan,Michigan 8,Elissa Slotkin,Democratic,50.6,False,True,R+4,general,https://en.wikipedia.org/wiki/Elissa_Slotkin
Michigan,Michigan 8,Mike Bishop,Republican,46.8,True,False,R+4,general,https://en.wikipedia.org/wiki/Mike_Bishop_(politician)
Michigan,Michigan 8,Brian Ellison,Libertarian,1.8,False,False,R+4,general,
Michigan,Michigan 8,David Lillis,U.S. Taxpayers,0.8,False,False,R+4,general,
Michigan,Michigan 9,Andy Levin,Democratic,59.6,False,True,D+4,general,https://en.wikipedia.org/wiki/Andy_Levin
Michigan,Michigan 9,Candius Stearns,Republican,36.8,False,False,D+4,general,
Michigan,Michigan 9,Andrea Kirby,Working Class,2.2,False,False,D+4,general,
Michigan,Michigan 9,John McDermott,Green,1.3,False,False,D+4,general,
Minnesota,Minnesota 1,Jim Hagedorn,Republican,50.2,False,True,R+5,general,https://en.wikipedia.org/wiki/Jim_Hagedorn
Minnesota,Minnesota 1,Dan Feehan,DFL,49.8,False,False,R+5,general,
Minnesota,Minnesota 2,Angie Craig,DFL,52.8,False,True,R+2,general,https://en.wikipedia.org/wiki/Angie_Craig
Minnesota,Minnesota 2,Jason Lewis,Republican,47.2,True,False,R+2,general,https://en.wikipedia.org/wiki/Jason_Lewis_(Minnesota_politician)
Minnesota,Minnesota 3,Dean Phillips,DFL,55.7,False,True,D+1,general,https://en.wikipedia.org/wiki/Dean_Phillips
Minnesota,Minnesota 3,Erik Paulsen,Republican,44.3,True,False,D+1,general,https://en.wikipedia.org/wiki/Erik_Paulsen
Minnesota,Minnesota 4,Betty McCollum,DFL,66.0,True,True,D+14,general,https://en.wikipedia.org/wiki/Betty_McCollum
Minnesota,Minnesota 4,Greg Ryan,Republican,29.8,False,False,D+14,general,
Minnesota,Minnesota 4,Susan Pendergast Sindt,Legal Marijuana Now,4.2,False,False,D+14,general,
Minnesota,Minnesota 5,Ilhan Omar,DFL,78.2,False,True,D+26,general,https://en.wikipedia.org/wiki/Ilhan_Omar
Minnesota,Minnesota 5,Jennifer Zielinski,Republican,21.8,False,False,D+26,general,
Minnesota,Minnesota 6,Tom Emmer,Republican,61.2,True,True,R+12,general,https://en.wikipedia.org/wiki/Tom_Emmer
Minnesota,Minnesota 6,Ian Todd,DFL,38.8,False,False,R+12,general,
Minnesota,Minnesota 7,Collin Peterson,DFL,52.1,True,True,R+12,general,https://en.wikipedia.org/wiki/Collin_Peterson
Minnesota,Minnesota 7,Dave Hughes,Republican,47.9,False,False,R+12,general,
Minnesota,Minnesota 8,Pete Stauber,Republican,50.7,False,True,R+4,general,https://en.wikipedia.org/wiki/Pete_Stauber
Minnesota,Minnesota 8,Joe Radinovich,DFL,45.2,False,False,R+4,general,https://en.wikipedia.org/wiki/Joe_Radinovich
Minnesota,Minnesota 8,Skip Sandman,Independence,4.1,False,False,R+4,general,
Mississippi,Mississippi 1,Trent Kelly,Republican,66.9,True,True,R+16,general,https://en.wikipedia.org/wiki/Trent_Kelly
Mississippi,Mississippi 1,Randy Wadkins,Democratic,32.4,False,False,R+16,general,
Mississippi,Mississippi 1,Tracella O'Hara Hill,Reform,0.7,False,False,R+16,general,
Mississippi,Mississippi 2,Bennie Thompson,Democratic,71.8,True,True,D+14,general,https://en.wikipedia.org/wiki/Bennie_Thompson
Mississippi,Mississippi 2,Troy Ray,Independent,21.7,False,False,D+14,general,
Mississippi,Mississippi 2,Irving Harris,Reform,6.5,False,False,D+14,general,
Mississippi,Mississippi 3,Michael Guest,Republican,62.3,False,True,R+13,general,https://en.wikipedia.org/wiki/Michael_Guest_(politician)
Mississippi,Mississippi 3,Michael Evans,Democratic,36.7,False,False,R+13,general,https://en.wikipedia.org/wiki/Michael_Evans_(politician)
Mississippi,Mississippi 3,Matthew Holland,Reform,1.0,False,False,R+13,general,
Mississippi,Mississippi 4,Steven Palazzo,Republican,68.2,True,True,R+21,general,https://en.wikipedia.org/wiki/Steven_Palazzo
Mississippi,Mississippi 4,Jeramey Anderson,Democratic,30.7,False,False,R+21,general,https://en.wikipedia.org/wiki/Jeramey_Anderson
Mississippi,Mississippi 4,Lajena Sheets,Reform,1.0,False,False,R+21,general,
Missouri,Missouri 1,Lacy Clay,Democratic,80.1,True,True,D+29,general,https://en.wikipedia.org/wiki/Lacy_Clay
Missouri,Missouri 1,Robert Vroman,Republican,16.7,False,False,D+29,general,
Missouri,Missouri 1,Robb Cunningham,Libertarian,3.2,False,False,D+29,general,
Missouri,Missouri 2,Ann Wagner,Republican,51.2,True,True,R+8,general,https://en.wikipedia.org/wiki/Ann_Wagner
Missouri,Missouri 2,Cort VanOstran,Democratic,47.2,False,False,R+8,general,
Missouri,Missouri 2,Larry Kirk,Libertarian,1.1,False,False,R+8,general,
Missouri,Missouri 2,David Arnold,Green,0.5,False,False,R+8,general,
Missouri,Missouri 3,Blaine Luetkemeyer,Republican,65.1,True,True,R+18,general,https://en.wikipedia.org/wiki/Blaine_Luetkemeyer
Missouri,Missouri 3,Katy Geppert,Democratic,32.8,False,False,R+18,general,
Missouri,Missouri 3,Donald Stolle,Libertarian,2.1,False,False,R+18,general,
Missouri,Missouri 4,Vicky Hartzler,Republican,64.8,True,True,R+17,general,https://en.wikipedia.org/wiki/Vicky_Hartzler
Missouri,Missouri 4,Renee Hoagenson,Democratic,32.7,False,False,R+17,general,
Missouri,Missouri 4,Mark Bliss,Libertarian,2.4,False,False,R+17,general,
Missouri,Missouri 5,Emanuel Cleaver,Democratic,61.7,True,True,D+7,general,https://en.wikipedia.org/wiki/Emanuel_Cleaver
Missouri,Missouri 5,Jacob Turk,Republican,35.5,False,False,D+7,general,
Missouri,Missouri 5,Alexander Howell,Libertarian,1.7,False,False,D+7,general,
Missouri,Missouri 5,Maurice Copeland,Green,0.7,False,False,D+7,general,
Missouri,Missouri 5,E. C. Fredland,Constitution,0.3,False,False,D+7,general,
Missouri,Missouri 6,Sam Graves,Republican,65.4,True,True,R+16,general,https://en.wikipedia.org/wiki/Sam_Graves
Missouri,Missouri 6,Henry Martin,Democratic,32.0,False,False,R+16,general,
Missouri,Missouri 6,Dan Hogan,Libertarian,2.6,False,False,R+16,general,
Missouri,Missouri 7,Billy Long,Republican,66.2,True,True,R+23,general,https://en.wikipedia.org/wiki/Billy_Long
Missouri,Missouri 7,Jamie Schoolcraft,Democratic,30.1,False,False,R+23,general,
Missouri,Missouri 7,Benjamin Brixey,Libertarian,3.7,False,False,R+23,general,
Missouri,Missouri 8,Jason Smith,Republican,73.4,True,True,R+24,general,https://en.wikipedia.org/wiki/Jason_Smith_(American_politician)
Missouri,Missouri 8,Kathy Ellis,Democratic,25.0,False,False,R+24,general,
Missouri,Missouri 8,Jonathan Shell,Libertarian,1.6,False,False,R+24,general,
Montana,Montana at-large,Greg Gianforte,Republican,50.9,True,True,R+11,general,https://en.wikipedia.org/wiki/Greg_Gianforte
Montana,Montana at-large,Kathleen Williams,Democratic,46.2,False,False,R+11,general,https://en.wikipedia.org/wiki/Kathleen_Williams_(politician)
Montana,Montana at-large,Elinor Swanson,Libertarian,2.9,False,False,R+11,general,
Nebraska,Nebraska 1,Jeff Fortenberry,Republican,60.4,True,True,R+11,general,https://en.wikipedia.org/wiki/Jeff_Fortenberry
Nebraska,Nebraska 1,Jessica McClure,Democratic,39.6,False,False,R+11,general,
Nebraska,Nebraska 2,Don Bacon,Republican,51.0,True,True,R+4,general,https://en.wikipedia.org/wiki/Don_Bacon
Nebraska,Nebraska 2,Kara Eastman,Democratic,49.0,False,False,R+4,general,https://en.wikipedia.org/wiki/Kara_H._Eastman
Nebraska,Nebraska 3,Adrian Smith,Republican,76.7,True,True,R+27,general,https://en.wikipedia.org/wiki/Adrian_Smith_(politician)
Nebraska,Nebraska 3,Paul Theobald,Democratic,23.3,False,False,R+27,general,
Nevada,Nevada 1,Dina Titus,Democratic,66.2,True,True,D+15,general,https://en.wikipedia.org/wiki/Dina_Titus
Nevada,Nevada 1,Joyce Bentley,Republican,30.9,False,False,D+15,general,
Nevada,Nevada 1,Dan Garfield,Independent American,1.6,False,False,D+15,general,
Nevada,Nevada 1,Robert Strawder,Libertarian,1.4,False,False,D+15,general,
Nevada,Nevada 2,Mark Amodei,Republican,58.2,True,True,R+7,general,https://en.wikipedia.org/wiki/Mark_Amodei
Nevada,Nevada 2,Clint Koble,Democratic,41.8,False,False,R+7,general,
Nevada,Nevada 3,Susie Lee,Democratic,51.9,False,True,R+2,general,https://en.wikipedia.org/wiki/Susie_Lee
Nevada,Nevada 3,Danny Tarkanian,Republican,42.8,False,False,R+2,general,https://en.wikipedia.org/wiki/Danny_Tarkanian
Nevada,Nevada 3,Steve Brown,Libertarian,1.6,False,False,R+2,general,
Nevada,Nevada 3,David Goossen,Independent,1.3,False,False,R+2,general,
Nevada,Nevada 3,Harry Vickers,Independent American,1.2,False,False,R+2,general,
Nevada,Nevada 3,Gil Eisner,Independent,0.7,False,False,R+2,general,
Nevada,Nevada 3,Tony Gumina,Independent,0.5,False,False,R+2,general,
Nevada,Nevada 4,Steven Horsford,Democratic,51.9,False,True,D+3,general,https://en.wikipedia.org/wiki/Steven_Horsford
Nevada,Nevada 4,Cresent Hardy,Republican,43.7,False,False,D+3,general,https://en.wikipedia.org/wiki/Cresent_Hardy
Nevada,Nevada 4,Warren Markowitz,Independent American,1.4,False,False,D+3,general,
Nevada,Nevada 4,Rodney Smith,Independent,1.2,False,False,D+3,general,
Nevada,Nevada 4,Gregg Luckner,Libertarian,0.9,False,False,D+3,general,
Nevada,Nevada 4,Dean McGonigle,Independent,0.9,False,False,D+3,general,
New Hampshire,New Hampshire 1,Chris Pappas,Democratic,53.6,False,True,R+2,general,https://en.wikipedia.org/wiki/Chris_Pappas_(American_politician)
New Hampshire,New Hampshire 1,Eddie Edwards,Republican,45.0,False,False,R+2,general,
New Hampshire,New Hampshire 1,Dan Belforti,Libertarian,1.4,False,False,R+2,general,
New Hampshire,New Hampshire 2,Annie Kuster,Democratic,55.6,True,True,D+2,general,https://en.wikipedia.org/wiki/Annie_Kuster
New Hampshire,New Hampshire 2,Steve Negron,Republican,42.2,False,False,D+2,general,https://en.wikipedia.org/wiki/Steve_Negron
New Hampshire,New Hampshire 2,Justin O'Donnell,Libertarian,2.2,False,False,D+2,general,
New Jersey,New Jersey 1,Donald Norcross,Democratic,64.4,True,True,D+13,general,https://en.wikipedia.org/wiki/Donald_Norcross
New Jersey,New Jersey 1,Paul Dilks,Republican,33.3,False,False,D+13,general,
New Jersey,New Jersey 1,Robert Shapiro,Independent,1.1,False,False,D+13,general,
New Jersey,New Jersey 1,Paul Hamlin,Independent,0.9,False,False,D+13,general,
New Jersey,New Jersey 1,Mohammad Kabir,Independent,0.4,False,False,D+13,general,
New Jersey,New Jersey 10,Donald Payne Jr.,Democratic,87.6,True,True,D+36,general,https://en.wikipedia.org/wiki/Donald_Payne_Jr.
New Jersey,New Jersey 10,Agha Khan,Republican,10.1,False,False,D+36,general,
New Jersey,New Jersey 10,Cynthia Johnson,Independent,1.0,False,False,D+36,general,
New Jersey,New Jersey 10,Joanne Miller,Independent,1.0,False,False,D+36,general,
New Jersey,New Jersey 10,Scott Dirona,Independent,0.3,False,False,D+36,general,
New Jersey,New Jersey 11,Mikie Sherrill,Democratic,56.8,False,True,R+3,general,https://en.wikipedia.org/wiki/Mikie_Sherrill
New Jersey,New Jersey 11,Jay Webber,Republican,42.1,False,False,R+3,general,https://en.wikipedia.org/wiki/Jay_Webber
New Jersey,New Jersey 11,Robert Crook,Independent,0.7,False,False,R+3,general,
New Jersey,New Jersey 11,Ryan Martinez,Independent,0.4,False,False,R+3,general,
New Jersey,New Jersey 12,Bonnie Watson Coleman,Democratic,68.7,True,True,D+16,general,https://en.wikipedia.org/wiki/Bonnie_Watson_Coleman
New Jersey,New Jersey 12,Daryl Kipnis,Republican,31.3,False,False,D+16,general,
New Jersey,New Jersey 2,Jeff Van Drew,Democratic,52.9,False,True,R+1,general,https://en.wikipedia.org/wiki/Jeff_Van_Drew
New Jersey,New Jersey 2,Seth Grossman,Republican,45.2,False,False,R+1,general,
New Jersey,New Jersey 2,John Ordille,Independent,0.7,False,False,R+1,general,
New Jersey,New Jersey 2,Steven Fenichel,Independent,0.4,False,False,R+1,general,
New Jersey,New Jersey 2,Anthony Sanchez,Independent,0.4,False,False,R+1,general,
New Jersey,New Jersey 2,William Benfer,Independent,0.3,False,False,R+1,general,
New Jersey,New Jersey 3,Andy Kim,Democratic,50.0,False,True,R+2,general,https://en.wikipedia.org/wiki/Andy_Kim_(politician)
New Jersey,New Jersey 3,Tom MacArthur,Republican,48.7,True,False,R+2,general,https://en.wikipedia.org/wiki/Tom_MacArthur
New Jersey,New Jersey 3,Lawrence Berlinski,Independent,1.3,False,False,R+2,general,
New Jersey,New Jersey 4,Chris Smith,Republican,55.4,True,True,R+8,general,https://en.wikipedia.org/wiki/Chris_Smith_(New_Jersey_politician)
New Jersey,New Jersey 4,Josh Welle,Democratic,43.1,False,False,R+8,general,
New Jersey,New Jersey 4,Michael Rufo,Independent,0.5,False,False,R+8,general,
New Jersey,New Jersey 4,Edward Stackhouse,Independent,0.4,False,False,R+8,general,
New Jersey,New Jersey 4,Brian Reynolds,Independent,0.3,False,False,R+8,general,
New Jersey,New Jersey 4,Felicia Stoler,Independent,0.3,False,False,R+8,general,
New Jersey,New Jersey 4,Allen Yusufov,Independent,0.1,False,False,R+8,general,
New Jersey,New Jersey 5,Josh Gottheimer,Democratic,56.2,True,True,R+3,general,https://en.wikipedia.org/wiki/Josh_Gottheimer
New Jersey,New Jersey 5,John McCann,Republican,42.5,False,False,R+3,general,
New Jersey,New Jersey 5,James Tosone,Independent,0.7,False,False,R+3,general,
New Jersey,New Jersey 5,Wendy Goetz,Independent,0.6,False,False,R+3,general,
New Jersey,New Jersey 6,Frank Pallone,Democratic,63.6,True,True,D+9,general,https://en.wikipedia.org/wiki/Frank_Pallone
New Jersey,New Jersey 6,Rich Pezzullo,Republican,36.4,False,False,D+9,general,
New Jersey,New Jersey 7,Tom Malinowski,Democratic,51.7,False,True,R+3,general,https://en.wikipedia.org/wiki/Tom_Malinowski
New Jersey,New Jersey 7,Leonard Lance,Republican,46.7,True,False,R+3,general,https://en.wikipedia.org/wiki/Leonard_Lance
New Jersey,New Jersey 7,Diane Moxley,Green,0.8,False,False,R+3,general,
New Jersey,New Jersey 7,Gregg Mele,Independent,0.7,False,False,R+3,general,
New Jersey,New Jersey 8,Albio Sires,Democratic,78.1,True,True,D+27,general,https://en.wikipedia.org/wiki/Albio_Sires
New Jersey,New Jersey 8,John Muniz,Republican,18.7,False,False,D+27,general,
New Jersey,New Jersey 9,Bill Pascrell,Democratic,70.3,True,True,D+16,general,https://en.wikipedia.org/wiki/Bill_Pascrell
New Jersey,New Jersey 9,Eric Fisher,Republican,28.9,False,False,D+16,general,
New Jersey,New Jersey 9,Claudio Belusic,Independent,0.8,False,False,D+16,general,
New Mexico,New Mexico 1,Deb Haaland,Democratic,59.1,False,True,D+7,general,https://en.wikipedia.org/wiki/Deb_Haaland
New Mexico,New Mexico 1,Janice Arnold-Jones,Republican,36.3,False,False,D+7,general,https://en.wikipedia.org/wiki/Janice_Arnold-Jones
New Mexico,New Mexico 1,Lloyd Princeton,Libertarian,4.6,False,False,D+7,general,
New Mexico,New Mexico 2,Xochitl Torres Small,Democratic,50.9,False,True,R+6,general,https://en.wikipedia.org/wiki/Xochitl_Torres_Small
New Mexico,New Mexico 2,Yvette Herrell,Republican,49.1,False,True,R+6,general,https://en.wikipedia.org/wiki/Yvette_Herrell
New Mexico,New Mexico 3,Ben Ray Luján,Democratic,63.4,True,True,D+8,general,https://en.wikipedia.org/wiki/Ben_Ray_Luj%C3%A1n
New Mexico,New Mexico 3,Jerald Steve McFall,Republican,31.2,False,False,D+8,general,
New Mexico,New Mexico 3,Christopher Manning,Libertarian,5.4,False,False,D+8,general,
New York,New York 1,Lee Zeldin,Republican,51.5,True,True,R+5,general,https://en.wikipedia.org/wiki/Lee_Zeldin
New York,New York 1,Perry Gershon,Democratic,47.4,False,False,R+5,general,
New York,New York 1,Kate Browning,Women's Equality,1.1,False,False,R+5,general,
New York,New York 10,Jerry Nadler,Democratic,82.1,True,True,D+26,general,https://en.wikipedia.org/wiki/Jerry_Nadler
New York,New York 10,Naomi Levin,Republican,17.9,False,False,D+26,general,
New York,New York 11,Max Rose,Democratic,53.0,False,True,R+3,general,https://en.wikipedia.org/wiki/Max_Rose
New York,New York 11,Dan Donovan,Republican,46.6,True,False,R+3,general,https://en.wikipedia.org/wiki/Dan_Donovan_(politician)
New York,New York 11,Henry Bardel,Green,0.4,False,False,R+3,general,
New York,New York 12,Carolyn Maloney,Democratic,86.4,True,True,D+31,general,https://en.wikipedia.org/wiki/Carolyn_Maloney
New York,New York 12,Eliot Rabin,Republican,12.1,False,False,D+31,general,
New York,New York 12,Scott Hutchins,Green,1.5,False,False,D+31,general,
New York,New York 13,Adriano Espaillat,Democratic,94.6,True,True,D+43,general,https://en.wikipedia.org/wiki/Adriano_Espaillat
New York,New York 13,Jineea Butler,Republican,5.4,False,False,D+43,general,
New York,New York 14,Alexandria Ocasio-Cortez,Democratic,78.2,False,True,D+29,general,https://en.wikipedia.org/wiki/Alexandria_Ocasio-Cortez
New York,New York 14,Anthony Pappas,Republican,13.6,False,False,D+29,general,
New York,New York 14,Joe Crowley,Working Families,6.6,True,False,D+29,general,https://en.wikipedia.org/wiki/Joe_Crowley
New York,New York 14,Elizabeth Perri,Conservative,1.6,False,False,D+29,general,
New York,New York 15,José E. Serrano,Democratic,96.0,True,True,D+44,general,https://en.wikipedia.org/wiki/Jos%C3%A9_E._Serrano
New York,New York 15,Jason Gonzalez,Republican,4.0,False,False,D+44,general,
New York,New York 16,Eliot Engel,Democratic,,True,True,D+24,general,https://en.wikipedia.org/wiki/Eliot_Engel
New York,New York 17,Nita Lowey,Democratic,88.0,True,True,D+7,general,https://en.wikipedia.org/wiki/Nita_Lowey
New York,New York 17,Joe Ciardullo,Reform,12.0,False,False,D+7,general,
New York,New York 18,Sean Patrick Maloney,Democratic,55.5,True,True,R+1,general,https://en.wikipedia.org/wiki/Sean_Patrick_Maloney
New York,New York 18,James O'Donnell,Republican,44.5,False,False,R+1,general,
New York,New York 19,Antonio Delgado,Democratic,51.4,False,True,R+2,general,https://en.wikipedia.org/wiki/Antonio_Delgado
New York,New York 19,John Faso,Republican,46.2,True,False,R+2,general,https://en.wikipedia.org/wiki/John_Faso
New York,New York 19,Steven Greenfield,Green,1.5,False,False,R+2,general,
New York,New York 19,Diane Neal,Independent,1.0,False,False,R+2,general,https://en.wikipedia.org/wiki/Diane_Neal
New York,New York 2,Peter King,Republican,53.1,True,True,R+3,general,https://en.wikipedia.org/wiki/Peter_King_(American_politician)
New York,New York 2,Liuba Grechen Shirley,Democratic,46.9,False,False,R+3,general,https://en.wikipedia.org/wiki/Liuba_Grechen_Shirley
New York,New York 20,Paul Tonko,Democratic,66.5,True,True,D+7,general,https://en.wikipedia.org/wiki/Paul_Tonko
New York,New York 20,Joe Vitollo,Republican,33.5,False,False,D+7,general,
New York,New York 21,Elise Stefanik,Republican,56.1,True,True,R+4,general,https://en.wikipedia.org/wiki/Elise_Stefanik
New York,New York 21,Tedra Cobb,Democratic,42.4,False,False,R+4,general,
New York,New York 21,Lynn Kahn,Green,1.5,False,False,R+4,general,
New York,New York 22,Anthony Brindisi,Democratic,50.9,False,True,R+6,general,https://en.wikipedia.org/wiki/Anthony_Brindisi
New York,New York 22,Claudia Tenney,Republican,49.1,True,False,R+6,general,https://en.wikipedia.org/wiki/Claudia_Tenney
New York,New York 23,Tom Reed,Republican,54.2,True,True,R+6,general,https://en.wikipedia.org/wiki/Tom_Reed_(politician)
New York,New York 23,Tracy Mitrano,Democratic,45.8,False,False,R+6,general,
New York,New York 24,John Katko,Republican,52.6,True,True,D+3,general,https://en.wikipedia.org/wiki/John_Katko
New York,New York 24,Dana Balter,Democratic,47.4,False,False,D+3,general,
New York,New York 25,Joseph Morelle,Democratic,59.0,False,True,D+8,general,https://en.wikipedia.org/wiki/Joseph_Morelle
New York,New York 25,Jim Maxwell,Republican,41.0,False,False,D+8,general,
New York,New York 25,Joseph Morelle,Democratic,58.3,False,True,,special,https://en.wikipedia.org/wiki/Joseph_Morelle
New York,New York 25,Jim Maxwell,Republican,41.7,False,False,,special,
New York,New York 26,Brian Higgins,Democratic,73.3,True,True,D+11,general,https://en.wikipedia.org/wiki/Brian_Higgins
New York,New York 26,Renee Zeno,Republican,26.7,False,False,D+11,general,
New York,New York 27,Chris Collins,Republican,49.1,True,True,R+11,general,https://en.wikipedia.org/wiki/Chris_Collins_(New_York_politician)
New York,New York 27,Nate McMurray,Democratic,48.8,False,False,R+11,general,
New York,New York 27,Larry Piegza,Reform,2.1,False,False,R+11,general,
New York,New York 3,Thomas Suozzi,Democratic,59.0,True,True,D+1,general,https://en.wikipedia.org/wiki/Thomas_Suozzi
New York,New York 3,Dan DeBono,Republican,41.0,False,False,D+1,general,
New York,New York 4,Kathleen Rice,Democratic,61.3,True,True,D+4,general,https://en.wikipedia.org/wiki/Kathleen_Rice
New York,New York 4,Ameer Benno,Republican,38.7,False,False,D+4,general,
New York,New York 5,Gregory Meeks,Democratic,,True,True,D+37,general,https://en.wikipedia.org/wiki/Gregory_Meeks
New York,New York 6,Grace Meng,Democratic,90.9,True,True,D+16,general,https://en.wikipedia.org/wiki/Grace_Meng
New York,New York 6,Tom Hillgardner,Green,9.1,False,False,D+16,general,
New York,New York 7,Nydia Velázquez,Democratic,93.4,True,True,D+38,general,https://en.wikipedia.org/wiki/Nydia_Vel%C3%A1zquez
New York,New York 7,Joseph Lieberman,Conservative,5.5,False,False,D+38,general,
New York,New York 7,Jeff Kurzon,Reform,1.1,False,False,D+38,general,https://en.wikipedia.org/wiki/Jeff_Kurzon
New York,New York 8,Hakeem Jeffries,Democratic,94.2,True,True,D+36,general,https://en.wikipedia.org/wiki/Hakeem_Jeffries
New York,New York 8,Ernest Johnson,Conservative,5.2,False,False,D+36,general,
New York,New York 8,Jessica White,Reform,0.5,False,False,D+36,general,
New York,New York 9,Yvette Clarke,Democratic,89.3,True,True,D+34,general,https://en.wikipedia.org/wiki/Yvette_Clarke
New York,New York 9,Lutchi Gayot,Republican,10.3,False,False,D+34,general,
New York,New York 9,Joel Anabilah-Azumah,Reform,0.4,False,False,D+34,general,
North Carolina,North Carolina 1,G. K. Butterfield,Democratic,69.8,True,True,D+17,general,https://en.wikipedia.org/wiki/G._K._Butterfield
North Carolina,North Carolina 1,Roger Allison,Republican,30.2,False,False,D+17,general,
North Carolina,North Carolina 10,Patrick McHenry,Republican,59.3,True,True,R+12,general,https://en.wikipedia.org/wiki/Patrick_McHenry
North Carolina,North Carolina 10,David Brown,Democratic,40.7,False,False,R+12,general,
North Carolina,North Carolina 11,Mark Meadows,Republican,59.2,True,True,R+14,general,https://en.wikipedia.org/wiki/Mark_Meadows
North Carolina,North Carolina 11,Phillip Price,Democratic,38.7,False,False,R+14,general,
North Carolina,North Carolina 11,Clifton Ingram,Libertarian,2.0,False,False,R+14,general,
North Carolina,North Carolina 12,Alma Adams,Democratic,73.1,True,True,D+18,general,https://en.wikipedia.org/wiki/Alma_Adams
North Carolina,North Carolina 12,Paul Wright,Republican,26.9,False,False,D+18,general,
North Carolina,North Carolina 13,Ted Budd,Republican,51.5,True,True,R+6,general,https://en.wikipedia.org/wiki/Ted_Budd
North Carolina,North Carolina 13,Kathy Manning,Democratic,45.5,False,False,R+6,general,https://en.wikipedia.org/wiki/Kathy_Manning
North Carolina,North Carolina 13,Tom Bailey,Libertarian,2.0,False,False,R+6,general,
North Carolina,North Carolina 2,George Holding,Republican,51.3,True,True,R+7,general,https://en.wikipedia.org/wiki/George_Holding
North Carolina,North Carolina 2,Linda Coleman,Democratic,45.8,False,False,R+7,general,https://en.wikipedia.org/wiki/Linda_Coleman_(North_Carolina_politician)
North Carolina,North Carolina 2,Jeff Matemu,Libertarian,2.9,False,False,R+7,general,
North Carolina,North Carolina 3,Walter B. Jones Jr.,Republican,,True,True,R+12,general,https://en.wikipedia.org/wiki/Walter_B._Jones_Jr.
North Carolina,North Carolina 4,David Price,Democratic,72.4,True,True,D+17,general,https://en.wikipedia.org/wiki/David_Price_(American_politician)
North Carolina,North Carolina 4,Steve Von Loor,Republican,24.0,False,False,D+17,general,
North Carolina,North Carolina 4,Barbara Howe,Libertarian,3.6,False,False,D+17,general,
North Carolina,North Carolina 5,Virginia Foxx,Republican,57.0,True,True,R+10,general,https://en.wikipedia.org/wiki/Virginia_Foxx
North Carolina,North Carolina 5,D. D. Adams,Democratic,43.0,False,False,R+10,general,
North Carolina,North Carolina 6,Mark Walker,Republican,56.5,True,True,R+9,general,https://en.wikipedia.org/wiki/Mark_Walker_(North_Carolina_politician)
North Carolina,North Carolina 6,Ryan Watts,Democratic,43.5,False,False,R+9,general,https://en.wikipedia.org/wiki/Ryan_Watts_(politician)
North Carolina,North Carolina 7,David Rouzer,Republican,55.5,True,True,R+9,general,https://en.wikipedia.org/wiki/David_Rouzer
North Carolina,North Carolina 7,Kyle Horton,Democratic,42.8,False,False,R+9,general,
North Carolina,North Carolina 7,David Fallin,Constitution,1.6,False,False,R+9,general,
North Carolina,North Carolina 8,Richard Hudson,Republican,55.3,True,True,R+8,general,https://en.wikipedia.org/wiki/Richard_Hudson_(American_politician)
North Carolina,North Carolina 8,Frank McNeill,Democratic,44.7,False,False,R+8,general,
North Carolina,North Carolina 9,Mark Harris,Republican,49.3,False,False,R+8,general,https://en.wikipedia.org/wiki/Mark_Harris_(North_Carolina_politician)
North Carolina,North Carolina 9,Dan McCready,Democratic,48.9,False,False,R+8,general,https://en.wikipedia.org/wiki/Dan_McCready
North Carolina,North Carolina 9,Jeff Scott,Libertarian,1.8,False,False,R+8,general,
North Dakota,North Dakota at-large,Kelly Armstrong,Republican,60.3,False,True,R+16,general,https://en.wikipedia.org/wiki/Kelly_Armstrong
North Dakota,North Dakota at-large,Mac Schneider,Democratic-NPL,35.6,False,False,R+16,general,https://en.wikipedia.org/wiki/Mac_Schneider
North Dakota,North Dakota at-large,Charles Tuttle,Independent,4.1,False,False,R+16,general,
Ohio,Ohio 1,Steve Chabot,Republican,51.3,True,True,R+5,general,https://en.wikipedia.org/wiki/Steve_Chabot
Ohio,Ohio 1,Aftab Pureval,Democratic,46.9,False,False,R+5,general,https://en.wikipedia.org/wiki/Aftab_Pureval
Ohio,Ohio 1,Dirk Kubala,Libertarian,1.8,False,False,R+5,general,
Ohio,Ohio 10,Mike Turner,Republican,55.9,True,True,R+4,general,https://en.wikipedia.org/wiki/Mike_Turner
Ohio,Ohio 10,Theresa Gasper,Democratic,42.2,False,False,R+4,general,
Ohio,Ohio 10,David Harlow,Libertarian,1.9,False,False,R+4,general,
Ohio,Ohio 11,Marcia Fudge,Democratic,82.2,True,True,D+32,general,https://en.wikipedia.org/wiki/Marcia_Fudge
Ohio,Ohio 11,Beverly Goldstein,Republican,17.8,False,False,D+32,general,
Ohio,Ohio 12,Troy Balderson,Republican,51.4,True,True,R+7,general,https://en.wikipedia.org/wiki/Troy_Balderson
Ohio,Ohio 12,Danny O'Connor,Democratic,47.2,False,False,R+7,general,https://en.wikipedia.org/wiki/Danny_O%27Connor_(Ohio_politician)
Ohio,Ohio 12,Joseph Manchik,Green,1.4,False,False,R+7,general,
Ohio,Ohio 12,Troy Balderson,Republican,50.1,False,True,,special,https://en.wikipedia.org/wiki/Troy_Balderson
Ohio,Ohio 12,Danny O'Connor,Democratic,49.3,False,False,,special,https://en.wikipedia.org/wiki/Danny_O%27Connor_(Ohio_politician)
Ohio,Ohio 13,Tim Ryan,Democratic,61.0,True,True,D+7,general,https://en.wikipedia.org/wiki/Tim_Ryan_(Ohio_politician)
Ohio,Ohio 13,Chris DePizzo,Republican,39.0,False,False,D+7,general,
Ohio,Ohio 14,David Joyce,Republican,55.2,True,True,R+5,general,https://en.wikipedia.org/wiki/David_Joyce_(politician)
Ohio,Ohio 14,Betsy Rader,Democratic,44.8,False,False,R+5,general,
Ohio,Ohio 15,Steve Stivers,Republican,58.3,True,True,R+7,general,https://en.wikipedia.org/wiki/Steve_Stivers
Ohio,Ohio 15,Rick Neal,Democratic,39.7,False,False,R+7,general,
Ohio,Ohio 15,Johnathan Miller,Libertarian,2.0,False,False,R+7,general,
Ohio,Ohio 16,Anthony Gonzalez,Republican,56.7,False,True,R+8,general,https://en.wikipedia.org/wiki/Anthony_Gonzalez_(politician)
Ohio,Ohio 16,Susan Moran Palmer,Democratic,43.3,False,False,R+8,general,
Ohio,Ohio 2,Brad Wenstrup,Republican,57.6,True,True,R+9,general,https://en.wikipedia.org/wiki/Brad_Wenstrup
Ohio,Ohio 2,Jill Schiller,Democratic,41.2,False,False,R+9,general,
Ohio,Ohio 2,James Condit,Green,1.2,False,False,R+9,general,
Ohio,Ohio 3,Joyce Beatty,Democratic,73.6,True,True,D+19,general,https://en.wikipedia.org/wiki/Joyce_Beatty
Ohio,Ohio 3,James Burgess,Republican,26.4,False,False,D+19,general,
Ohio,Ohio 4,Jim Jordan,Republican,65.3,True,True,R+14,general,https://en.wikipedia.org/wiki/Jim_Jordan
Ohio,Ohio 4,Janet Garrett,Democratic,34.7,False,False,R+14,general,
Ohio,Ohio 5,Bob Latta,Republican,62.3,True,True,R+11,general,https://en.wikipedia.org/wiki/Bob_Latta
Ohio,Ohio 5,Michael Galbraith,Democratic,35.1,False,False,R+11,general,
Ohio,Ohio 5,Don Kissick,Libertarian,2.6,False,False,R+11,general,
Ohio,Ohio 6,Bill Johnson,Republican,69.3,True,True,R+16,general,https://en.wikipedia.org/wiki/Bill_Johnson_(Ohio_politician)
Ohio,Ohio 6,Shawna Roberts,Democratic,30.7,False,False,R+16,general,
Ohio,Ohio 7,Bob Gibbs,Republican,58.7,True,True,R+12,general,https://en.wikipedia.org/wiki/Bob_Gibbs
Ohio,Ohio 7,Ken Harbaugh,Democratic,41.3,False,False,R+12,general,https://en.wikipedia.org/wiki/Ken_Harbaugh
Ohio,Ohio 8,Warren Davidson,Republican,66.6,True,True,R+17,general,https://en.wikipedia.org/wiki/Warren_Davidson
Ohio,Ohio 8,Vanessa Enoch,Democratic,33.4,False,False,R+17,general,
Ohio,Ohio 9,Marcy Kaptur,Democratic,67.8,True,True,D+14,general,https://en.wikipedia.org/wiki/Marcy_Kaptur
Ohio,Ohio 9,Steve Kraus,Republican,32.2,False,False,D+14,general,https://en.wikipedia.org/wiki/Steve_Kraus
Oklahoma,Oklahoma 1,Kevin Hern,Republican,59.3,False,True,R+17,general,https://en.wikipedia.org/wiki/Kevin_Hern
Oklahoma,Oklahoma 1,Tim Gilpin,Democratic,40.7,False,False,R+17,general,
Oklahoma,Oklahoma 2,Markwayne Mullin,Republican,65.0,True,True,R+24,general,https://en.wikipedia.org/wiki/Markwayne_Mullin
Oklahoma,Oklahoma 2,Jason Nichols,Democratic,30.1,False,False,R+24,general,
Oklahoma,Oklahoma 2,John Foreman,Independent,3.0,False,False,R+24,general,
Oklahoma,Oklahoma 2,Richard Castaldo,Libertarian,1.9,False,False,R+24,general,
Oklahoma,Oklahoma 3,Frank Lucas,Republican,73.9,True,True,R+27,general,https://en.wikipedia.org/wiki/Frank_Lucas_(Oklahoma_politician)
Oklahoma,Oklahoma 3,Frankie Robbins,Democratic,26.1,False,False,R+27,general,
Oklahoma,Oklahoma 4,Tom Cole,Republican,63.1,True,True,R+20,general,https://en.wikipedia.org/wiki/Tom_Cole
Oklahoma,Oklahoma 4,Mary Brannon,Democratic,33.0,False,False,R+20,general,
Oklahoma,Oklahoma 4,Ruby Peters,Independent,3.9,False,False,R+20,general,
Oklahoma,Oklahoma 5,Kendra Horn,Democratic,50.7,False,True,R+10,general,https://en.wikipedia.org/wiki/Kendra_Horn
Oklahoma,Oklahoma 5,Steve Russell,Republican,49.3,True,False,R+10,general,https://en.wikipedia.org/wiki/Steve_Russell_(politician)
Oregon,Oregon 1,Suzanne Bonamici,Democratic,63.7,True,True,D+9,general,https://en.wikipedia.org/wiki/Suzanne_Bonamici
Oregon,Oregon 1,John Verbeek,Republican,32.1,False,False,D+9,general,
Oregon,Oregon 1,Drew Layda,Pacific Green,4.2,False,False,D+9,general,
Oregon,Oregon 2,Greg Walden,Republican,56.3,True,True,R+11,general,https://en.wikipedia.org/wiki/Greg_Walden
Oregon,Oregon 2,Jamie McLeod-Skinner,Democratic,39.4,False,False,R+11,general,https://en.wikipedia.org/wiki/Jamie_McLeod-Skinner
Oregon,Oregon 2,Mark Roberts,Independent,4.2,False,False,R+11,general,
Oregon,Oregon 3,Earl Blumenauer,Democratic,72.7,True,True,D+24,general,https://en.wikipedia.org/wiki/Earl_Blumenauer
Oregon,Oregon 3,Tom Harrison,Republican,19.9,False,False,D+24,general,
Oregon,Oregon 3,Marc Koller,Independent,5.5,False,False,D+24,general,
Oregon,Oregon 3,Gary Dye,Libertarian,1.5,False,False,D+24,general,
Oregon,Oregon 3,Michael Marsh,Constitution,0.4,False,False,D+24,general,
Oregon,Oregon 4,Peter DeFazio,Democratic,56.0,True,True,EVEN,general,https://en.wikipedia.org/wiki/Peter_DeFazio
Oregon,Oregon 4,Art Robinson,Republican,40.9,False,False,EVEN,general,https://en.wikipedia.org/wiki/Art_Robinson
Oregon,Oregon 4,Mike Beilstein,Pacific Green,1.6,False,False,EVEN,general,
Oregon,Oregon 4,Richard Johnson,Libertarian,1.4,False,False,EVEN,general,
Oregon,Oregon 5,Kurt Schrader,Democratic,55.1,True,True,EVEN,general,https://en.wikipedia.org/wiki/Kurt_Schrader
Oregon,Oregon 5,Mark Callahan,Republican,41.9,False,False,EVEN,general,https://en.wikipedia.org/wiki/Mark_Callahan
Oregon,Oregon 5,Dan Souza,Libertarian,1.7,False,False,EVEN,general,
Oregon,Oregon 5,Marvin Sandnes,Pacific Green,1.3,False,False,EVEN,general,
Pennsylvania,Pennsylvania 1,Brian Fitzpatrick,Republican,51.3,False,True,R+1,general,https://en.wikipedia.org/wiki/Brian_Fitzpatrick_(American_politician)
Pennsylvania,Pennsylvania 1,Scott Wallace,Democratic,48.7,False,False,R+1,general,
Pennsylvania,Pennsylvania 10,Scott Perry,Republican,51.3,False,True,R+6,general,https://en.wikipedia.org/wiki/Scott_Perry
Pennsylvania,Pennsylvania 10,George Scott,Democratic,48.7,False,False,R+6,general,
Pennsylvania,Pennsylvania 11,Lloyd Smucker,Republican,59.0,False,True,R+14,general,https://en.wikipedia.org/wiki/Lloyd_Smucker
Pennsylvania,Pennsylvania 11,Jess King,Democratic,41.0,False,False,R+14,general,
Pennsylvania,Pennsylvania 12,Tom Marino,Republican,66.0,False,True,R+17,general,https://en.wikipedia.org/wiki/Tom_Marino
Pennsylvania,Pennsylvania 12,Marc Friedenberg,Democratic,34.0,False,False,R+17,general,
Pennsylvania,Pennsylvania 13,John Joyce,Republican,70.5,False,True,R+22,general,https://en.wikipedia.org/wiki/John_Joyce_(American_politician)
Pennsylvania,Pennsylvania 13,Brent Ottaway,Democratic,29.5,False,False,R+22,general,
Pennsylvania,Pennsylvania 14,Guy Reschenthaler,Republican,57.9,False,True,R+14,general,https://en.wikipedia.org/wiki/Guy_Reschenthaler
Pennsylvania,Pennsylvania 14,Bibiana Boerio,Democratic,42.1,False,False,R+14,general,https://en.wikipedia.org/wiki/Bibiana_Boerio
Pennsylvania,Pennsylvania 15,Glenn Thompson,Republican,67.8,False,True,R+20,general,https://en.wikipedia.org/wiki/Glenn_Thompson_(politician)
Pennsylvania,Pennsylvania 15,Susan Boser,Democratic,32.2,False,False,R+20,general,
Pennsylvania,Pennsylvania 15,Susan Wild,Democratic,48.5,False,True,,special,https://en.wikipedia.org/wiki/Susan_Wild
Pennsylvania,Pennsylvania 15,Marty Nothstein,Republican,48.3,False,False,,special,https://en.wikipedia.org/wiki/Marty_Nothstein
Pennsylvania,Pennsylvania 15,Tim Silfies,Libertarian,3.2,False,False,,special,
Pennsylvania,Pennsylvania 16,Mike Kelly,Republican,51.6,False,True,R+8,general,https://en.wikipedia.org/wiki/Mike_Kelly_(Pennsylvania_politician)
Pennsylvania,Pennsylvania 16,Ron DiNicola,Democratic,47.3,False,False,R+8,general,
Pennsylvania,Pennsylvania 16,Bill Beeman,Libertarian,1.1,False,False,R+8,general,
Pennsylvania,Pennsylvania 17,Conor Lamb,Democratic,56.3,False,True,R+3,general,https://en.wikipedia.org/wiki/Conor_Lamb
Pennsylvania,Pennsylvania 17,Keith Rothfus,Republican,43.7,False,False,R+3,general,https://en.wikipedia.org/wiki/Keith_Rothfus
Pennsylvania,Pennsylvania 18,Mike Doyle,Democratic,100.0,False,True,D+13,general,https://en.wikipedia.org/wiki/Mike_Doyle_(American_politician)
Pennsylvania,Pennsylvania 18,Conor Lamb,Democratic,49.9,False,True,,special,https://en.wikipedia.org/wiki/Conor_Lamb
Pennsylvania,Pennsylvania 18,Rick Saccone,Republican,49.5,False,False,,special,https://en.wikipedia.org/wiki/Rick_Saccone
Pennsylvania,Pennsylvania 2,Brendan Boyle,Democratic,79.0,False,True,D+25,general,https://en.wikipedia.org/wiki/Brendan_Boyle
Pennsylvania,Pennsylvania 2,David Torres,Republican,21.0,False,False,D+25,general,
Pennsylvania,Pennsylvania 3,Dwight Evans,Democratic,93.4,False,True,D+41,general,https://en.wikipedia.org/wiki/Dwight_Evans_(politician)
Pennsylvania,Pennsylvania 3,Bryan Leib,Republican,6.6,False,False,D+41,general,
Pennsylvania,Pennsylvania 4,Madeleine Dean,Democratic,63.5,False,True,D+7,general,https://en.wikipedia.org/wiki/Madeleine_Dean
Pennsylvania,Pennsylvania 4,Dan David,Republican,36.5,False,False,D+7,general,
Pennsylvania,Pennsylvania 5,Mary Gay Scanlon,Democratic,65.2,False,True,D+13,general,https://en.wikipedia.org/wiki/Mary_Gay_Scanlon
Pennsylvania,Pennsylvania 5,Pearl Kim,Republican,34.8,False,False,D+13,general,
Pennsylvania,Pennsylvania 6,Chrissy Houlahan,Democratic,58.9,False,True,D+2,general,https://en.wikipedia.org/wiki/Chrissy_Houlahan
Pennsylvania,Pennsylvania 6,Greg McCauley,Republican,41.1,False,False,D+2,general,
Pennsylvania,Pennsylvania 7,Susan Wild,Democratic,53.5,False,True,D+1,general,https://en.wikipedia.org/wiki/Susan_Wild
Pennsylvania,Pennsylvania 7,Marty Nothstein,Republican,43.5,False,False,D+1,general,https://en.wikipedia.org/wiki/Marty_Nothstein
Pennsylvania,Pennsylvania 7,Tom Silfies,Libertarian,3.0,False,False,D+1,general,
Pennsylvania,Pennsylvania 7,Mary Gay Scanlon,Democratic,52.3,False,True,,special,https://en.wikipedia.org/wiki/Mary_Gay_Scanlon
Pennsylvania,Pennsylvania 7,Pearl Kim,Republican,46.0,False,False,,special,
Pennsylvania,Pennsylvania 7,Sandra Teresa Salas,Libertarian,1.0,False,False,,special,
Pennsylvania,Pennsylvania 8,Matt Cartwright,Democratic,54.6,False,True,R+1,general,https://en.wikipedia.org/wiki/Matt_Cartwright
Pennsylvania,Pennsylvania 8,John Chrin,Republican,45.4,False,False,R+1,general,
Pennsylvania,Pennsylvania 9,Dan Meuser,Republican,59.7,False,True,R+14,general,https://en.wikipedia.org/wiki/Dan_Meuser
Pennsylvania,Pennsylvania 9,Denny Wolff,Democratic,40.3,False,False,R+14,general,https://en.wikipedia.org/wiki/Dennis_C._Wolff
Rhode Island,Rhode Island 1,David Cicilline,Democratic,66.9,True,True,D+16,general,https://en.wikipedia.org/wiki/David_Cicilline
Rhode Island,Rhode Island 1,Patrick Donovan,Republican,33.1,False,False,D+16,general,
Rhode Island,Rhode Island 2,James Langevin,Democratic,63.6,True,True,D+6,general,https://en.wikipedia.org/wiki/James_Langevin
Rhode Island,Rhode Island 2,Sal Caiozzo,Republican,36.4,False,False,D+6,general,
South Carolina,South Carolina 1,Joe Cunningham,Democratic,50.7,False,True,R+10,general,https://en.wikipedia.org/wiki/Joe_Cunningham_(American_politician)
South Carolina,South Carolina 1,Katie Arrington,Republican,49.3,False,False,R+10,general,https://en.wikipedia.org/wiki/Katie_Arrington
South Carolina,South Carolina 2,Joe Wilson,Republican,56.3,True,True,R+12,general,https://en.wikipedia.org/wiki/Joe_Wilson
South Carolina,South Carolina 2,Sean Carrigan,Democratic,42.5,False,False,R+12,general,
South Carolina,South Carolina 2,Sonny Narang,American,1.2,False,False,R+12,general,
South Carolina,South Carolina 3,Jeff Duncan,Republican,67.8,True,True,R+19,general,https://en.wikipedia.org/wiki/Jeff_Duncan_(politician)
South Carolina,South Carolina 3,Mary Geren,Democratic,31.0,False,False,R+19,general,
South Carolina,South Carolina 3,Dave Moore,American,1.2,False,False,R+19,general,
South Carolina,South Carolina 4,William Timmons,Republican,59.6,False,True,R+15,general,https://en.wikipedia.org/wiki/William_Timmons_(politician)
South Carolina,South Carolina 4,Brandon Brown,Democratic,36.6,False,False,R+15,general,
South Carolina,South Carolina 4,Guy Furay,American,3.8,False,False,R+15,general,
South Carolina,South Carolina 5,Ralph Norman,Republican,57.1,True,True,R+9,general,https://en.wikipedia.org/wiki/Ralph_Norman
South Carolina,South Carolina 5,Archie Parnell,Democratic,41.5,False,False,R+9,general,https://en.wikipedia.org/wiki/Archie_Parnell
South Carolina,South Carolina 5,Michael Chandler,Constitution,1.4,False,False,R+9,general,
South Carolina,South Carolina 6,Jim Clyburn,Democratic,70.2,True,True,D+19,general,https://en.wikipedia.org/wiki/Jim_Clyburn
South Carolina,South Carolina 6,Gerhard Gressmann,Republican,28.3,False,False,D+19,general,
South Carolina,South Carolina 6,Bryan Pugh,Green,1.5,False,False,D+19,general,
South Carolina,South Carolina 7,Tom Rice,Republican,59.6,True,True,R+9,general,https://en.wikipedia.org/wiki/Tom_Rice
South Carolina,South Carolina 7,Robert Williams,Democratic,40.4,False,False,R+9,general,https://en.wikipedia.org/wiki/Robert_Q._Williams
South Dakota,South Dakota at-large,Dusty Johnson,Republican,60.3,False,True,R+14,general,https://en.wikipedia.org/wiki/Dusty_Johnson
South Dakota,South Dakota at-large,Tim Bjorkman,Democratic,36.0,False,False,R+14,general,
South Dakota,South Dakota at-large,Ron Wieczorek,Independent,2.2,False,False,R+14,general,
South Dakota,South Dakota at-large,George Hendrickson,Libertarian,1.5,False,False,R+14,general,
Tennessee,Tennessee 1,Phil Roe,Republican,77.1,True,True,R+28,general,https://en.wikipedia.org/wiki/Phil_Roe_(politician)
Tennessee,Tennessee 1,Marty Olsen,Democratic,21.0,False,False,R+28,general,
Tennessee,Tennessee 1,Michael Salyer,Independent,1.9,False,False,R+28,general,
Tennessee,Tennessee 2,Tim Burchett,Republican,65.9,False,True,R+20,general,https://en.wikipedia.org/wiki/Tim_Burchett
Tennessee,Tennessee 2,Renee Hoyos,Democratic,33.1,False,False,R+20,general,https://en.wikipedia.org/wiki/Renee_Hoyos
Tennessee,Tennessee 2,Greg Samples,Libertarian,0.4,False,False,R+20,general,
Tennessee,Tennessee 2,Jeffrey Grunau,Independent,0.3,False,False,R+20,general,
Tennessee,Tennessee 2,Marc Whitmire,Independent,0.2,False,False,R+20,general,
Tennessee,Tennessee 2,Keith LaTorre,Independent,0.1,False,False,R+20,general,
Tennessee,Tennessee 3,Chuck Fleischmann,Republican,63.7,True,True,R+18,general,https://en.wikipedia.org/wiki/Chuck_Fleischmann
Tennessee,Tennessee 3,Danielle Mitchell,Democratic,34.5,False,False,R+18,general,
Tennessee,Tennessee 3,Rick Tyler,Independent,1.8,False,False,R+18,general,https://en.wikipedia.org/wiki/Rick_Tyler
Tennessee,Tennessee 4,Scott DesJarlais,Republican,63.4,True,True,R+20,general,https://en.wikipedia.org/wiki/Scott_DesJarlais
Tennessee,Tennessee 4,Mariah Phillips,Democratic,33.6,False,False,R+20,general,
Tennessee,Tennessee 4,Michael Shupe,Independent,3.0,False,False,R+20,general,
Tennessee,Tennessee 5,Jim Cooper,Democratic,67.8,True,True,D+7,general,https://en.wikipedia.org/wiki/Jim_Cooper
Tennessee,Tennessee 5,Jody Ball,Republican,32.2,False,False,D+7,general,
Tennessee,Tennessee 6,John Rose,Republican,69.5,False,True,R+24,general,https://en.wikipedia.org/wiki/John_Rose_(Tennessee_politician)
Tennessee,Tennessee 6,Dawn Barlow,Democratic,28.3,False,False,R+24,general,
Tennessee,Tennessee 6,David Ross,Libertarian,1.4,False,False,R+24,general,
Tennessee,Tennessee 6,Lloyd Dunn,Independent,0.9,False,False,R+24,general,
Tennessee,Tennessee 7,Mark Green,Republican,66.9,False,True,R+20,general,https://en.wikipedia.org/wiki/Mark_Green_(Tennessee_politician)
Tennessee,Tennessee 7,Justin Kanew,Democratic,32.1,False,False,R+20,general,https://en.wikipedia.org/wiki/Justin_Kanew
Tennessee,Tennessee 7,Lenny Ladner,Independent,0.6,False,False,R+20,general,
Tennessee,Tennessee 7,Brent Legendre,Independent,0.4,False,False,R+20,general,
Tennessee,Tennessee 8,David Kustoff,Republican,67.7,True,True,R+19,general,https://en.wikipedia.org/wiki/David_Kustoff
Tennessee,Tennessee 8,Erika Stotts Pearson,Democratic,30.1,False,False,R+19,general,
Tennessee,Tennessee 8,James Hart,Independent,2.2,False,False,R+19,general,
Tennessee,Tennessee 9,Steve Cohen,Democratic,80.0,True,True,D+28,general,https://en.wikipedia.org/wiki/Steve_Cohen_(politician)
Tennessee,Tennessee 9,Charlotte Bergmann,Republican,19.2,False,False,D+28,general,
Tennessee,Tennessee 9,Leo AwGoWhat,Independent,0.8,False,False,D+28,general,
Texas,Texas 1,Louie Gohmert,Republican,72.3,True,True,R+25,general,https://en.wikipedia.org/wiki/Louie_Gohmert
Texas,Texas 1,Shirley McKellar,Democratic,26.3,False,False,R+25,general,
Texas,Texas 1,Jeff Callaway,Libertarian,1.4,False,False,R+25,general,
Texas,Texas 10,Michael McCaul,Republican,51.1,True,True,R+9,general,https://en.wikipedia.org/wiki/Michael_McCaul
Texas,Texas 10,Mike Siegel,Democratic,46.8,False,False,R+9,general,
Texas,Texas 10,Mike Ryan,Libertarian,2.1,False,False,R+9,general,
Texas,Texas 11,Mike Conaway,Republican,80.1,True,True,R+32,general,https://en.wikipedia.org/wiki/Mike_Conaway
Texas,Texas 11,Jennie Lou Leeder,Democratic,18.4,False,False,R+32,general,
Texas,Texas 11,Rhett Rosenquest Smith,Libertarian,1.5,False,False,R+32,general,
Texas,Texas 12,Kay Granger,Republican,64.3,True,True,R+18,general,https://en.wikipedia.org/wiki/Kay_Granger
Texas,Texas 12,Vanessa Adia,Democratic,33.9,False,False,R+18,general,
Texas,Texas 12,Jacob Leddy,Libertarian,1.8,False,False,R+18,general,
Texas,Texas 13,Mac Thornberry,Republican,81.5,True,True,R+33,general,https://en.wikipedia.org/wiki/Mac_Thornberry
Texas,Texas 13,Greg Sagan,Democratic,16.9,False,False,R+33,general,
Texas,Texas 13,Calvin DeWeese,Libertarian,1.6,False,False,R+33,general,
Texas,Texas 14,Randy Weber,Republican,59.2,True,True,R+12,general,https://en.wikipedia.org/wiki/Randy_Weber
Texas,Texas 14,Adrienne Bell,Democratic,39.3,False,False,R+12,general,
Texas,Texas 14,Don Conley,Libertarian,1.4,False,False,R+12,general,
Texas,Texas 15,Vicente Gonzalez,Democratic,59.7,True,True,D+7,general,https://en.wikipedia.org/wiki/Vicente_Gonzalez_(American_politician)
Texas,Texas 15,Tim Westley,Republican,38.8,False,False,D+7,general,
Texas,Texas 15,Anthony Cristo,Libertarian,1.5,False,False,D+7,general,
Texas,Texas 16,Veronica Escobar,Democratic,68.5,False,True,D+17,general,https://en.wikipedia.org/wiki/Veronica_Escobar
Texas,Texas 16,Rick Seeberger,Republican,27.0,False,False,D+17,general,
Texas,Texas 16,Ben Mendoza,Independent,1.6,False,False,D+17,general,
Texas,Texas 17,Bill Flores,Republican,56.8,True,True,R+12,general,https://en.wikipedia.org/wiki/Bill_Flores
Texas,Texas 17,Rick Kennedy,Democratic,41.3,False,False,R+12,general,
Texas,Texas 17,Peter Churchman,Libertarian,1.9,False,False,R+12,general,
Texas,Texas 18,Sheila Jackson Lee,Democratic,75.2,True,True,D+27,general,https://en.wikipedia.org/wiki/Sheila_Jackson_Lee
Texas,Texas 18,Ava Pate,Republican,20.8,False,False,D+27,general,
Texas,Texas 18,Luke Spencer,Libertarian,2.2,False,False,D+27,general,
Texas,Texas 19,Jodey Arrington,Republican,75.2,True,True,R+27,general,https://en.wikipedia.org/wiki/Jodey_Arrington
Texas,Texas 19,Miguel Levario,Democratic,24.8,False,False,R+27,general,
Texas,Texas 2,Dan Crenshaw,Republican,52.8,False,True,R+11,general,https://en.wikipedia.org/wiki/Dan_Crenshaw
Texas,Texas 2,Todd Litton,Democratic,45.6,False,False,R+11,general,
Texas,Texas 2,Patrick Gunnels,Libertarian,0.9,False,False,R+11,general,
Texas,Texas 2,Scott Cubbler,Independent,0.7,False,False,R+11,general,
Texas,Texas 20,Joaquin Castro,Democratic,80.9,True,True,D+10,general,https://en.wikipedia.org/wiki/Joaquin_Castro
Texas,Texas 20,Jeffrey C. Blunt,Libertarian,19.1,False,False,D+10,general,
Texas,Texas 21,Chip Roy,Republican,50.2,False,True,R+10,general,https://en.wikipedia.org/wiki/Chip_Roy
Texas,Texas 21,Joseph Kopser,Democratic,47.6,False,False,R+10,general,
Texas,Texas 21,Lee Santos,Libertarian,2.1,False,False,R+10,general,
Texas,Texas 22,Pete Olson,Republican,51.4,True,True,R+10,general,https://en.wikipedia.org/wiki/Pete_Olson
Texas,Texas 22,Sri Preston Kulkarni,Democratic,46.5,False,False,R+10,general,
Texas,Texas 22,John McElligott,Libertarian,1.1,False,False,R+10,general,
Texas,Texas 22,Kellen Sweny,Independent,1.1,False,False,R+10,general,
Texas,Texas 23,Will Hurd,Republican,49.2,True,True,R+1,general,https://en.wikipedia.org/wiki/Will_Hurd
Texas,Texas 23,Gina Ortiz Jones,Democratic,48.7,False,False,R+1,general,https://en.wikipedia.org/wiki/Gina_Ortiz_Jones
Texas,Texas 23,Ruben Corvalan,Libertarian,2.1,False,False,R+1,general,
Texas,Texas 24,Kenny Marchant,Republican,50.6,True,True,R+9,general,https://en.wikipedia.org/wiki/Kenny_Marchant
Texas,Texas 24,Jan McDowell,Democratic,47.5,False,False,R+9,general,
Texas,Texas 24,Mike Kolls,Libertarian,1.8,False,False,R+9,general,
Texas,Texas 25,Roger Williams,Republican,53.5,True,True,R+11,general,https://en.wikipedia.org/wiki/Roger_Williams_(Texas_politician)
Texas,Texas 25,Julie Oliver,Democratic,44.8,False,False,R+11,general,
Texas,Texas 25,Desarae Lindsey,Libertarian,1.7,False,False,R+11,general,
Texas,Texas 26,Michael C. Burgess,Republican,59.4,True,True,R+18,general,https://en.wikipedia.org/wiki/Michael_C._Burgess
Texas,Texas 26,Linsey Fagan,Democratic,39.0,False,False,R+18,general,
Texas,Texas 26,Mark Boler,Libertarian,1.6,False,False,R+18,general,
Texas,Texas 27,Michael Cloud,Republican,60.3,True,True,R+13,general,https://en.wikipedia.org/wiki/Michael_Cloud
Texas,Texas 27,Eric Holguin,Democratic,36.6,False,False,R+13,general,
Texas,Texas 27,James Duerr,Independent,2.1,False,False,R+13,general,
Texas,Texas 27,Daniel Tinus,Libertarian,1.0,False,False,R+13,general,
Texas,Texas 27,Michael Cloud,Republican,54.7,False,True,,special,https://en.wikipedia.org/wiki/Michael_Cloud
Texas,Texas 27,Eric Holguin,Democratic,32.0,False,False,,special,
Texas,Texas 27,Roy Barrera,Democratic,4.8,False,False,,special,
Texas,Texas 27,Bech Bruun,Republican,4.3,False,False,,special,
Texas,Texas 27,Mike Westergren,Democratic,2.4,False,False,,special,
Texas,Texas 28,Henry Cuellar,Democratic,84.4,True,True,D+9,general,https://en.wikipedia.org/wiki/Henry_Cuellar
Texas,Texas 28,Arthur Thomas,Libertarian,15.6,False,False,D+9,general,
Texas,Texas 29,Sylvia Garcia,Democratic,75.1,False,True,D+19,general,https://en.wikipedia.org/wiki/Sylvia_Garcia
Texas,Texas 29,Phillip Aronoff,Republican,23.9,False,False,D+19,general,
Texas,Texas 29,Cullen Burns,Libertarian,1.0,False,False,D+19,general,
Texas,Texas 3,Van Taylor,Republican,54.3,False,True,R+13,general,https://en.wikipedia.org/wiki/Van_Taylor
Texas,Texas 3,Lorie Burch,Democratic,44.3,False,False,R+13,general,
Texas,Texas 3,Christopher Claytor,Libertarian,1.4,False,False,R+13,general,
Texas,Texas 30,Eddie Bernice Johnson,Democratic,91.1,True,True,D+29,general,https://en.wikipedia.org/wiki/Eddie_Bernice_Johnson
Texas,Texas 30,Shawn Jones,Libertarian,8.9,False,False,D+29,general,
Texas,Texas 31,John Carter,Republican,50.6,True,True,R+10,general,https://en.wikipedia.org/wiki/John_Carter_(Texas_politician)
Texas,Texas 31,MJ Hegar,Democratic,47.7,False,False,R+10,general,https://en.wikipedia.org/wiki/MJ_Hegar
Texas,Texas 31,Jason Hope,Libertarian,1.7,False,False,R+10,general,
Texas,Texas 32,Colin Allred,Democratic,52.3,False,True,R+5,general,https://en.wikipedia.org/wiki/Colin_Allred
Texas,Texas 32,Pete Sessions,Republican,45.8,True,False,R+5,general,https://en.wikipedia.org/wiki/Pete_Sessions
Texas,Texas 32,Melina Baker,Libertarian,2.0,False,False,R+5,general,
Texas,Texas 33,Marc Veasey,Democratic,76.2,True,True,D+23,general,https://en.wikipedia.org/wiki/Marc_Veasey
Texas,Texas 33,Willie Billups,Republican,21.9,False,False,D+23,general,
Texas,Texas 33,Jason Reeves,Libertarian,1.9,False,False,D+23,general,
Texas,Texas 34,Filemon Vela Jr.,Democratic,60.0,True,True,D+10,general,https://en.wikipedia.org/wiki/Filemon_Vela_Jr.
Texas,Texas 34,Rey Gonzalez,Republican,40.0,False,False,D+10,general,
Texas,Texas 35,Lloyd Doggett,Democratic,71.3,True,True,D+15,general,https://en.wikipedia.org/wiki/Lloyd_Doggett
Texas,Texas 35,David Smalling,Republican,26.0,False,False,D+15,general,
Texas,Texas 35,Clark Patterson,Libertarian,2.7,False,False,D+15,general,
Texas,Texas 36,Brian Babin,Republican,72.6,True,True,R+26,general,https://en.wikipedia.org/wiki/Brian_Babin
Texas,Texas 36,Dayna Steele,Democratic,27.4,False,False,R+26,general,
Texas,Texas 4,John Ratcliffe,Republican,75.7,True,True,R+28,general,https://en.wikipedia.org/wiki/John_Ratcliffe_(American_politician)
Texas,Texas 4,Catherine Krantz,Democratic,23.0,False,False,R+28,general,
Texas,Texas 4,Ken Ashby,Libertarian,1.3,False,False,R+28,general,
Texas,Texas 5,Lance Gooden,Republican,62.4,False,True,R+16,general,https://en.wikipedia.org/wiki/Lance_Gooden
Texas,Texas 5,Dan Wood,Democratic,37.6,False,False,R+16,general,
Texas,Texas 6,Ron Wright,Republican,53.1,False,True,R+9,general,https://en.wikipedia.org/wiki/Ron_Wright_(politician)
Texas,Texas 6,Jana Lynne Sanchez,Democratic,45.4,False,False,R+9,general,
Texas,Texas 6,Jason Allen Harber,Libertarian,1.5,False,False,R+9,general,
Texas,Texas 7,Lizzie Fletcher,Democratic,52.5,False,True,R+7,general,https://en.wikipedia.org/wiki/Lizzie_Fletcher
Texas,Texas 7,John Culberson,Republican,47.5,True,False,R+7,general,https://en.wikipedia.org/wiki/John_Culberson
Texas,Texas 8,Kevin Brady,Republican,73.4,True,True,R+28,general,https://en.wikipedia.org/wiki/Kevin_Brady
Texas,Texas 8,Steven David,Democratic,24.9,False,False,R+28,general,
Texas,Texas 8,Chris Duncan,Libertarian,1.7,False,False,R+28,general,
Texas,Texas 9,Al Green,Democratic,89.1,True,True,D+29,general,https://en.wikipedia.org/wiki/Al_Green_(politician)
Texas,Texas 9,Phil Kurtz,Libertarian,3.9,False,False,D+29,general,
Texas,Texas 9,Benjamin Hernandez,Independent,3.8,False,False,D+29,general,
Texas,Texas 9,Kesha Rogers,Independent,3.3,False,False,D+29,general,https://en.wikipedia.org/wiki/Kesha_Rogers
Utah,Utah 1,Rob Bishop,Republican,61.6,True,True,R+26,general,https://en.wikipedia.org/wiki/Rob_Bishop
Utah,Utah 1,Lee Castillo,Democratic,24.9,False,False,R+26,general,
Utah,Utah 1,Eric Eliason,United Utah,11.6,False,False,R+26,general,
Utah,Utah 1,Adam Davis,Green,1.9,False,False,R+26,general,
Utah,Utah 2,Chris Stewart,Republican,56.1,True,True,R+16,general,https://en.wikipedia.org/wiki/Chris_Stewart_(politician)
Utah,Utah 2,Shireen Ghorbani,Democratic,38.9,False,False,R+16,general,https://en.wikipedia.org/wiki/Shireen_Ghorbani
Utah,Utah 2,Jeffrey Whipple,Libertarian,4.0,False,False,R+16,general,
Utah,Utah 3,John Curtis,Republican,67.5,True,True,R+25,general,https://en.wikipedia.org/wiki/John_Curtis
Utah,Utah 3,James Singer,Democratic,27.3,False,False,R+25,general,
Utah,Utah 3,Gregory Duerden,Independent American,2.6,False,False,R+25,general,
Utah,Utah 3,Timothy Zeidner,United Utah,2.6,False,False,R+25,general,
Utah,Utah 4,Ben McAdams,Democratic,50.1,False,True,R+13,general,https://en.wikipedia.org/wiki/Ben_McAdams
Utah,Utah 4,Mia Love,Republican,49.9,True,False,R+13,general,https://en.wikipedia.org/wiki/Mia_Love
Vermont,Vermont at-large,Peter Welch,Democratic,69.2,True,True,D+15,general,https://en.wikipedia.org/wiki/Peter_Welch
Vermont,Vermont at-large,Anya Tynio,Republican,26.0,False,False,D+15,general,
Vermont,Vermont at-large,Cris Ericson,Independent,3.3,False,False,D+15,general,https://en.wikipedia.org/wiki/Cris_Ericson
Vermont,Vermont at-large,Laura Potter,Liberty Union,1.4,False,False,D+15,general,
Virginia,Virginia 1,Rob Wittman,Republican,55.2,True,True,R+8,general,https://en.wikipedia.org/wiki/Rob_Wittman
Virginia,Virginia 1,Vangie Williams,Democratic,44.8,False,False,R+8,general,
Virginia,Virginia 10,Jennifer Wexton,Democratic,56.2,False,True,D+1,general,https://en.wikipedia.org/wiki/Jennifer_Wexton
Virginia,Virginia 10,Barbara Comstock,Republican,43.8,True,False,D+1,general,https://en.wikipedia.org/wiki/Barbara_Comstock
Virginia,Virginia 11,Gerry Connolly,Democratic,71.2,True,True,D+15,general,https://en.wikipedia.org/wiki/Gerry_Connolly
Virginia,Virginia 11,Jeff Dove,Republican,27.0,False,False,D+15,general,
Virginia,Virginia 11,Stevan Porter,Libertarian,1.8,False,False,D+15,general,
Virginia,Virginia 2,Elaine Luria,Democratic,51.1,False,True,R+3,general,https://en.wikipedia.org/wiki/Elaine_Luria
Virginia,Virginia 2,Scott Taylor,Republican,48.9,True,False,R+3,general,https://en.wikipedia.org/wiki/Scott_Taylor_(politician)
Virginia,Virginia 3,Bobby Scott,Democratic,91.2,True,True,D+16,general,https://en.wikipedia.org/wiki/Bobby_Scott_(politician)
Virginia,Virginia 4,Donald McEachin,Democratic,62.6,True,True,D+10,general,https://en.wikipedia.org/wiki/Donald_McEachin
Virginia,Virginia 4,Ryan McAdams,Republican,36.0,False,False,D+10,general,
Virginia,Virginia 4,Pete Wells,Libertarian,1.4,False,False,D+10,general,
Virginia,Virginia 5,Denver Riggleman,Republican,53.3,False,True,R+6,general,https://en.wikipedia.org/wiki/Denver_Riggleman
Virginia,Virginia 5,Leslie Cockburn,Democratic,46.7,False,False,R+6,general,https://en.wikipedia.org/wiki/Leslie_Cockburn
Virginia,Virginia 6,Ben Cline,Republican,59.8,False,True,R+13,general,https://en.wikipedia.org/wiki/Ben_Cline
Virginia,Virginia 6,Jennifer Lewis,Democratic,40.2,False,False,R+13,general,
Virginia,Virginia 7,Abigail Spanberger,Democratic,50.4,False,True,R+6,general,https://en.wikipedia.org/wiki/Abigail_Spanberger
Virginia,Virginia 7,Dave Brat,Republican,48.4,True,False,R+6,general,https://en.wikipedia.org/wiki/Dave_Brat
Virginia,Virginia 7,Joe Walton,Libertarian,1.2,False,False,R+6,general,
Virginia,Virginia 8,Don Beyer,Democratic,76.3,True,True,D+21,general,https://en.wikipedia.org/wiki/Don_Beyer
Virginia,Virginia 8,Thomas Oh,Republican,23.7,False,False,D+21,general,
Virginia,Virginia 9,Morgan Griffith,Republican,65.2,True,True,R+19,general,https://en.wikipedia.org/wiki/Morgan_Griffith
Virginia,Virginia 9,Anthony Flaccavento,Democratic,34.8,False,False,R+19,general,
Washington,Washington 1,Suzan DelBene,Democratic,59.3,True,True,D+6,general,https://en.wikipedia.org/wiki/Suzan_DelBene
Washington,Washington 1,Jeffrey Beeler,Republican,40.7,False,False,D+6,general,
Washington,Washington 10,Denny Heck,Democratic,61.5,True,True,D+5,general,https://en.wikipedia.org/wiki/Denny_Heck
Washington,Washington 10,Joseph Brumbles,Republican,38.5,False,False,D+5,general,
Washington,Washington 2,Rick Larsen,Democratic,71.3,True,True,D+10,general,https://en.wikipedia.org/wiki/Rick_Larsen
Washington,Washington 2,Brian Luke,Libertarian,28.7,False,False,D+10,general,
Washington,Washington 3,Jaime Herrera Beutler,Republican,52.7,True,True,R+4,general,https://en.wikipedia.org/wiki/Jaime_Herrera_Beutler
Washington,Washington 3,Carolyn Long,Democratic,47.3,False,False,R+4,general,
Washington,Washington 4,Dan Newhouse,Republican,62.8,True,True,R+13,general,https://en.wikipedia.org/wiki/Dan_Newhouse
Washington,Washington 4,Christine Brown,Democratic,37.2,False,False,R+13,general,
Washington,Washington 5,Cathy McMorris Rodgers,Republican,54.8,True,True,R+8,general,https://en.wikipedia.org/wiki/Cathy_McMorris_Rodgers
Washington,Washington 5,Lisa Brown,Democratic,45.2,False,False,R+8,general,https://en.wikipedia.org/wiki/Lisa_Brown_(Washington_politician)
Washington,Washington 6,Derek Kilmer,Democratic,63.9,True,True,D+6,general,https://en.wikipedia.org/wiki/Derek_Kilmer
Washington,Washington 6,Douglas Dightman,Republican,36.1,False,False,D+6,general,
Washington,Washington 7,Pramila Jayapal,Democratic,83.6,True,True,D+33,general,https://en.wikipedia.org/wiki/Pramila_Jayapal
Washington,Washington 7,Craig Keller,Republican,16.4,False,False,D+33,general,
Washington,Washington 8,Kim Schrier,Democratic,52.4,False,True,EVEN,general,https://en.wikipedia.org/wiki/Kim_Schrier
Washington,Washington 8,Dino Rossi,Republican,47.6,False,False,EVEN,general,https://en.wikipedia.org/wiki/Dino_Rossi
Washington,Washington 9,Adam Smith,Democratic,67.9,True,True,D+21,general,https://en.wikipedia.org/wiki/Adam_Smith_(Washington_politician)
Washington,Washington 9,Sarah Smith,Democratic,32.1,False,False,D+21,general,
West Virginia,West Virginia 1,David McKinley,Republican,64.6,True,True,R+19,general,https://en.wikipedia.org/wiki/David_McKinley
West Virginia,West Virginia 1,Kendra Fershee,Democratic,35.4,False,False,R+19,general,
West Virginia,West Virginia 2,Alex Mooney,Republican,54.0,True,True,R+17,general,https://en.wikipedia.org/wiki/Alex_Mooney
West Virginia,West Virginia 2,Talley Sergent,Democratic,43.0,False,False,R+17,general,
West Virginia,West Virginia 2,Daniel Lutz,Mountain,3.1,False,False,R+17,general,
West Virginia,West Virginia 3,Carol Miller,Republican,56.4,False,True,R+23,general,https://en.wikipedia.org/wiki/Carol_Miller_(politician)
West Virginia,West Virginia 3,Richard Ojeda,Democratic,43.6,False,False,R+23,general,https://en.wikipedia.org/wiki/Richard_Ojeda
Wisconsin,Wisconsin 1,Bryan Steil,Republican,54.6,False,True,R+5,general,https://en.wikipedia.org/wiki/Bryan_Steil
Wisconsin,Wisconsin 1,Randy Bryce,Democratic,42.3,False,False,R+5,general,
Wisconsin,Wisconsin 1,Ken Yorgan,Independent,3.1,False,False,R+5,general,
Wisconsin,Wisconsin 2,Mark Pocan,Democratic,97.4,True,True,D+18,general,https://en.wikipedia.org/wiki/Mark_Pocan
Wisconsin,Wisconsin 3,Ron Kind,Democratic,59.7,True,True,EVEN,general,https://en.wikipedia.org/wiki/Ron_Kind
Wisconsin,Wisconsin 3,Steve Toft,Republican,40.3,False,False,EVEN,general,
Wisconsin,Wisconsin 4,Gwen Moore,Democratic,75.7,True,True,D+25,general,https://en.wikipedia.org/wiki/Gwen_Moore
Wisconsin,Wisconsin 4,Tim Rogers,Republican,21.7,False,False,D+25,general,
Wisconsin,Wisconsin 4,Robert Raymond,Independent,2.6,False,False,D+25,general,
Wisconsin,Wisconsin 5,Jim Sensenbrenner,Republican,62.0,True,True,R+13,general,https://en.wikipedia.org/wiki/Jim_Sensenbrenner
Wisconsin,Wisconsin 5,Tom Palzewicz,Democratic,38.0,False,False,R+13,general,
Wisconsin,Wisconsin 6,Glenn Grothman,Republican,55.5,True,True,R+8,general,https://en.wikipedia.org/wiki/Glenn_Grothman
Wisconsin,Wisconsin 6,Dan Kohl,Democratic,44.5,False,False,R+8,general,
Wisconsin,Wisconsin 7,Sean Duffy,Republican,59.9,True,True,R+8,general,https://en.wikipedia.org/wiki/Sean_Duffy
Wisconsin,Wisconsin 7,Margaret Engebretson,Democratic,38.4,False,False,R+8,general,
Wisconsin,Wisconsin 7,Ken Driessen,Independent,1.7,False,False,R+8,general,
Wisconsin,Wisconsin 8,Mike Gallagher,Republican,63.7,True,True,R+7,general,https://en.wikipedia.org/wiki/Mike_Gallagher_(American_politician)
Wisconsin,Wisconsin 8,Beau Liegeois,Democratic,36.3,False,False,R+7,general,
Wyoming,Wyoming at-large,Liz Cheney,Republican,63.7,True,True,R+25,general,https://en.wikipedia.org/wiki/Liz_Cheney
Wyoming,Wyoming at-large,Greg Hunter,Democratic,29.8,False,False,R+25,general,
Wyoming,Wyoming at-large,Richard Brubaker,Libertarian,3.5,False,False,R+25,general,
Wyoming,Wyoming at-large,Daniel Cummings,Constitution,3.0,False,False,R+25,general,
