state,district,candidate_name,party,vote_percentage,is_incumbent,is_winner,pvi,election_type,wikipedia_url
Alabama,Alabama 1,Jerry Carl,Republican,64.4,False,True,R+15,general,https://en.wikipedia.org/wiki/Jerry_Carl
Alabama,Alabama 1,James Averhart,Democratic,35.5,False,False,R+15,general,
Alabama,Alabama 2,Barry Moore,Republican,65.2,False,True,R+16,general,https://en.wikipedia.org/wiki/Barry_Moore_(American_politician)
Alabama,Alabama 2,Phyllis Harvey-Hall,Democratic,34.7,False,False,R+16,general,
Alabama,Alabama 3,Mike D. Rogers,Republican,67.5,True,True,R+16,general,https://en.wikipedia.org/wiki/Mike_Rogers_(Alabama_politician)
Alabama,Alabama 3,Adia Winfrey,Democratic,32.5,False,False,R+16,general,
Alabama,Alabama 4,Robert Aderholt,Republican,82.2,True,True,R+30,general,https://en.wikipedia.org/wiki/Robert_Aderholt
Alabama,Alabama 4,Rick Neighbors,Democratic,17.7,False,False,R+30,general,
Alabama,Alabama 5,Mo Brooks,Republican,95.8,True,True,R+18,general,
Alabama,Alabama 6,Gary Palmer,Republican,97.1,True,True,R+26,general,
Alabama,Alabama 7,Terri Sewell,Democratic,97.2,True,True,D+20,general,
Alaska,Alaska at-large,Don Young,Republican,54.4,True,True,R+9,general,https://en.wikipedia.org/wiki/Don_Young
Alaska,Alaska at-large,Alyse Galvin,Independent,45.3,False,False,R+9,general,https://en.wikipedia.org/wiki/Alyse_Galvin
Arizona,Arizona 1,Tom O'Halleran,Democratic,51.6,True,True,R+2,general,https://en.wikipedia.org/wiki/Tom_O%27Halleran
Arizona,Arizona 1,Tiffany Shedd,Republican,48.4,False,False,R+2,general,https://en.wikipedia.org/wiki/Tiffany_Shedd
Arizona,Arizona 2,Ann Kirkpatrick,Democratic,55.1,True,True,R+1,general,https://en.wikipedia.org/wiki/Ann_Kirkpatrick
Arizona,Arizona 2,Brandon Martin,Republican,44.9,False,False,R+1,general,https://en.wikipedia.org/wiki/Brandon_Martin
Arizona,Arizona 3,Raúl Grijalva,Democratic,64.6,True,True,D+13,general,https://en.wikipedia.org/wiki/Ra%C3%BAl_Grijalva
Arizona,Arizona 3,Daniel Wood,Republican,35.4,False,False,D+13,general,
Arizona,Arizona 4,Paul Gosar,Republican,69.7,True,True,R+21,general,https://en.wikipedia.org/wiki/Paul_Gosar
Arizona,Arizona 4,Delina DiSanto,Democratic,30.2,False,False,R+21,general,
Arizona,Arizona 5,Andy Biggs,Republican,58.9,True,True,R+15,general,https://en.wikipedia.org/wiki/Andy_Biggs
Arizona,Arizona 5,Joan Greene,Democratic,41.1,False,False,R+15,general,
Arizona,Arizona 6,David Schweikert,Republican,52.2,True,True,R+9,general,https://en.wikipedia.org/wiki/David_Schweikert
Arizona,Arizona 6,Hiral Tipirneni,Democratic,47.8,False,False,R+9,general,https://en.wikipedia.org/wiki/Hiral_Tipirneni
Arizona,Arizona 7,Ruben Gallego,Democratic,76.7,True,True,D+23,general,https://en.wikipedia.org/wiki/Ruben_Gallego
Arizona,Arizona 7,Joshua Barnett,Republican,23.3,False,False,D+23,general,
Arizona,Arizona 8,Debbie Lesko,Republican,59.6,True,True,R+13,general,https://en.wikipedia.org/wiki/Debbie_Lesko
Arizona,Arizona 8,Michael Muscato,Democratic,40.4,False,False,R+13,general,
Arizona,Arizona 9,Greg Stanton,Democratic,61.6,True,True,D+4,general,https://en.wikipedia.org/wiki/Greg_Stanton
Arizona,Arizona 9,Dave Giles,Republican,38.4,False,False,D+4,general,
Arkansas,Arkansas 1,Rick Crawford,Republican,100.0,True,True,R+17,general,https://en.wikipedia.org/wiki/Rick_Crawford_(politician)
Arkansas,Arkansas 2,French Hill,Republican,55.4,True,True,R+7,general,https://en.wikipedia.org/wiki/French_Hill_(politician)
Arkansas,Arkansas 2,Joyce Elliott,Democratic,44.6,False,False,R+7,general,https://en.wikipedia.org/wiki/Joyce_Elliott
Arkansas,Arkansas 3,Steve Womack,Republican,64.3,True,True,R+19,general,https://en.wikipedia.org/wiki/Steve_Womack
Arkansas,Arkansas 3,Celeste Williams,Democratic,31.8,False,False,R+19,general,
Arkansas,Arkansas 3,Michael Kalagias,Libertarian,3.9,False,False,R+19,general,
Arkansas,Arkansas 4,Bruce Westerman,Republican,69.7,True,True,R+17,general,https://en.wikipedia.org/wiki/Bruce_Westerman
Arkansas,Arkansas 4,William Hanson,Democratic,27.5,False,False,R+17,general,
Arkansas,Arkansas 4,Frank Gilbert,Libertarian,2.8,False,False,R+17,general,
California,California 1,Doug LaMalfa,Republican,57.0,True,True,R+11,general,https://en.wikipedia.org/wiki/Doug_LaMalfa
California,California 1,Audrey Denney,Democratic,43.0,False,False,R+11,general,
California,California 10,Josh Harder,Democratic,55.2,True,True,Even,general,https://en.wikipedia.org/wiki/Josh_Harder
California,California 10,Ted Howze,Republican,44.8,False,False,Even,general,
California,California 11,Mark DeSaulnier,Democratic,73.0,True,True,D+21,general,https://en.wikipedia.org/wiki/Mark_DeSaulnier
California,California 11,Nisha Sharma,Republican,27.0,False,False,D+21,general,
California,California 12,Nancy Pelosi,Democratic,77.6,True,True,D+37,general,https://en.wikipedia.org/wiki/Nancy_Pelosi
California,California 12,Shahid Buttar,Democratic,22.4,False,False,D+37,general,
California,California 13,Barbara Lee,Democratic,90.4,True,True,D+40,general,https://en.wikipedia.org/wiki/Barbara_Lee
California,California 13,Nikka Piterman,Republican,9.6,False,False,D+40,general,
California,California 14,Jackie Speier,Democratic,79.3,True,True,D+27,general,https://en.wikipedia.org/wiki/Jackie_Speier
California,California 14,Ran Petel,Republican,20.7,False,False,D+27,general,
California,California 15,Eric Swalwell,Democratic,70.9,True,True,D+20,general,https://en.wikipedia.org/wiki/Eric_Swalwell
California,California 15,Alison Hayden,Republican,29.1,False,False,D+20,general,
California,California 16,Jim Costa,Democratic,59.4,True,True,D+9,general,https://en.wikipedia.org/wiki/Jim_Costa
California,California 16,Kevin Cookingham,Republican,40.6,False,False,D+9,general,
California,California 17,Ro Khanna,Democratic,71.3,True,True,D+25,general,https://en.wikipedia.org/wiki/Ro_Khanna
California,California 17,Ritesh Tandon,Republican,28.7,False,False,D+25,general,
California,California 18,Anna Eshoo,Democratic,63.2,True,True,D+23,general,https://en.wikipedia.org/wiki/Anna_Eshoo
California,California 18,Rishi Kumar,Democratic,36.8,False,False,D+23,general,
California,California 19,Zoe Lofgren,Democratic,71.7,True,True,D+24,general,https://en.wikipedia.org/wiki/Zoe_Lofgren
California,California 19,Justin Aguilera,Republican,28.3,False,False,D+24,general,
California,California 2,Jared Huffman,Democratic,75.7,True,True,D+22,general,https://en.wikipedia.org/wiki/Jared_Huffman
California,California 2,Dale Mensing,Republican,24.3,False,False,D+22,general,
California,California 20,Jimmy Panetta,Democratic,76.8,True,True,D+23,general,https://en.wikipedia.org/wiki/Jimmy_Panetta
California,California 20,Jeff Gorman,Republican,23.2,False,False,D+23,general,
California,California 21,David Valadao,Republican,50.5,False,True,D+5,general,https://en.wikipedia.org/wiki/David_Valadao
California,California 21,T.J. Cox,Democratic,49.5,True,False,D+5,general,https://en.wikipedia.org/wiki/TJ_Cox
California,California 22,Devin Nunes,Republican,54.2,True,True,R+8,general,https://en.wikipedia.org/wiki/Devin_Nunes
California,California 22,Phil Arballo,Democratic,45.8,False,False,R+8,general,
California,California 23,Kevin McCarthy,Republican,62.1,True,True,R+14,general,https://en.wikipedia.org/wiki/Kevin_McCarthy
California,California 23,Kim Mangone,Democratic,37.9,False,False,R+14,general,
California,California 24,Salud Carbajal,Democratic,58.7,True,True,D+7,general,https://en.wikipedia.org/wiki/Salud_Carbajal
California,California 24,Andy Caldwell,Republican,41.3,False,False,D+7,general,
California,California 25,Mike Garcia,Republican,50.1,True,True,D+3,general,https://en.wikipedia.org/wiki/Mike_Garcia_(politician)
California,California 25,Christy Smith,Democratic,49.9,False,False,D+3,general,https://en.wikipedia.org/wiki/Christy_Smith_(politician)
California,California 25,Mike Garcia,Republican,54.9,False,True,,special,https://en.wikipedia.org/wiki/Mike_Garcia_(politician)
California,California 25,Christy Smith,Democratic,45.1,False,False,,special,https://en.wikipedia.org/wiki/Christy_Smith_(politician)
California,California 26,Julia Brownley,Democratic,60.6,True,True,D+7,general,https://en.wikipedia.org/wiki/Julia_Brownley
California,California 26,Ronda Kennedy,Republican,39.4,False,False,D+7,general,
California,California 27,Judy Chu,Democratic,69.8,True,True,D+16,general,https://en.wikipedia.org/wiki/Judy_Chu
California,California 27,Johnny Nalbandian,Republican,30.2,False,False,D+16,general,
California,California 28,Adam Schiff,Democratic,72.7,True,True,D+23,general,https://en.wikipedia.org/wiki/Adam_Schiff
California,California 28,Eric Early,Republican,27.3,False,False,D+23,general,
California,California 29,Tony Cárdenas,Democratic,56.6,True,True,D+29,general,https://en.wikipedia.org/wiki/Tony_C%C3%A1rdenas
California,California 29,Angélica Dueñas,Democratic,43.4,False,False,D+29,general,
California,California 3,John Garamendi,Democratic,54.7,True,True,D+5,general,https://en.wikipedia.org/wiki/John_Garamendi
California,California 3,Tamika Hamilton,Republican,45.3,False,False,D+5,general,
California,California 30,Brad Sherman,Democratic,69.5,True,True,D+18,general,https://en.wikipedia.org/wiki/Brad_Sherman
California,California 30,Mark Reed,Republican,30.5,False,False,D+18,general,
California,California 31,Pete Aguilar,Democratic,61.3,True,True,D+8,general,https://en.wikipedia.org/wiki/Pete_Aguilar
California,California 31,Agnes Gibboney,Republican,38.7,False,False,D+8,general,
California,California 32,Grace Napolitano,Democratic,66.6,True,True,D+17,general,https://en.wikipedia.org/wiki/Grace_Napolitano
California,California 32,Joshua Scott,Republican,33.4,False,False,D+17,general,
California,California 33,Ted Lieu,Democratic,67.6,True,True,D+16,general,https://en.wikipedia.org/wiki/Ted_Lieu
California,California 33,James Bradley,Republican,32.4,False,False,D+16,general,
California,California 34,Jimmy Gomez,Democratic,53.0,True,True,D+35,general,https://en.wikipedia.org/wiki/Jimmy_Gomez
California,California 34,David Kim,Democratic,47.0,False,False,D+35,general,
California,California 35,Norma Torres,Democratic,69.3,True,True,D+19,general,https://en.wikipedia.org/wiki/Norma_Torres
California,California 35,Mike Cargile,Republican,30.7,False,False,D+19,general,
California,California 36,Raul Ruiz,Democratic,60.3,True,True,D+2,general,https://en.wikipedia.org/wiki/Raul_Ruiz_(politician)
California,California 36,Erin Cruz,Republican,39.7,False,False,D+2,general,
California,California 37,Karen Bass,Democratic,85.9,True,True,D+37,general,https://en.wikipedia.org/wiki/Karen_Bass
California,California 37,Errol Webber,Republican,14.1,False,False,D+37,general,
California,California 38,Linda Sánchez,Democratic,74.3,True,True,D+17,general,https://en.wikipedia.org/wiki/Linda_S%C3%A1nchez
California,California 38,Michael Tolar,Democratic,25.7,False,False,D+17,general,
California,California 39,Young Kim,Republican,50.6,False,True,Even,general,https://en.wikipedia.org/wiki/Young_Kim
California,California 39,Gil Cisneros,Democratic,49.4,True,False,Even,general,https://en.wikipedia.org/wiki/Gil_Cisneros
California,California 4,Tom McClintock,Republican,55.9,True,True,R+10,general,https://en.wikipedia.org/wiki/Tom_McClintock
California,California 4,Brynne Kennedy,Democratic,44.1,False,False,R+10,general,
California,California 40,Lucille Roybal-Allard,Democratic,72.7,True,True,D+33,general,https://en.wikipedia.org/wiki/Lucille_Roybal-Allard
California,California 40,Antonio Delgado,Republican,27.3,False,False,D+33,general,
California,California 41,Mark Takano,Democratic,64.0,True,True,D+12,general,https://en.wikipedia.org/wiki/Mark_Takano
California,California 41,Aja Smith,Republican,36.0,False,False,D+12,general,
California,California 42,Ken Calvert,Republican,57.1,True,True,R+9,general,https://en.wikipedia.org/wiki/Ken_Calvert
California,California 42,Liam O'Mara,Democratic,42.9,False,False,R+9,general,
California,California 43,Maxine Waters,Democratic,71.7,True,True,D+29,general,https://en.wikipedia.org/wiki/Maxine_Waters
California,California 43,Joe Collins III,Republican,28.3,False,False,D+29,general,
California,California 44,Nanette Barragán,Democratic,67.8,True,True,D+35,general,https://en.wikipedia.org/wiki/Nanette_Barrag%C3%A1n
California,California 44,Analilia Joya,Democratic,32.2,False,False,D+35,general,
California,California 45,Katie Porter,Democratic,53.5,True,True,R+3,general,https://en.wikipedia.org/wiki/Katie_Porter
California,California 45,Greg Raths,Republican,46.5,False,False,R+3,general,
California,California 46,Lou Correa,Democratic,68.8,True,True,D+15,general,https://en.wikipedia.org/wiki/Lou_Correa
California,California 46,James Waters,Republican,31.2,False,False,D+15,general,
California,California 47,Alan Lowenthal,Democratic,63.3,True,True,D+13,general,https://en.wikipedia.org/wiki/Alan_Lowenthal
California,California 47,John Briscoe,Republican,36.7,False,False,D+13,general,
California,California 48,Michelle Steel,Republican,51.1,False,True,R+4,general,https://en.wikipedia.org/wiki/Michelle_Steel
California,California 48,Harley Rouda,Democratic,48.9,True,False,R+4,general,https://en.wikipedia.org/wiki/Harley_Rouda
California,California 49,Mike Levin,Democratic,53.1,True,True,R+1,general,https://en.wikipedia.org/wiki/Mike_Levin
California,California 49,Brian Maryott,Republican,46.9,False,False,R+1,general,
California,California 5,Mike Thompson,Democratic,76.1,True,True,D+21,general,https://en.wikipedia.org/wiki/Mike_Thompson_(California_politician)
California,California 5,Scott Giblin,Republican,23.9,False,False,D+21,general,
California,California 50,Darrell Issa,Republican,54.0,False,True,R+11,general,https://en.wikipedia.org/wiki/Darrell_Issa
California,California 50,Ammar Campa-Najjar,Democratic,46.0,False,False,R+11,general,https://en.wikipedia.org/wiki/Ammar_Campa-Najjar
California,California 51,Juan Vargas,Democratic,68.3,True,True,D+22,general,https://en.wikipedia.org/wiki/Juan_Vargas
California,California 51,Juan Hidalgo Jr.,Republican,31.7,False,False,D+22,general,
California,California 52,Scott Peters,Democratic,61.6,True,True,D+6,general,https://en.wikipedia.org/wiki/Scott_Peters_(politician)
California,California 52,Jim DeBello,Republican,38.4,False,False,D+6,general,
California,California 53,Sara Jacobs,Democratic,59.5,False,True,D+14,general,https://en.wikipedia.org/wiki/Sara_Jacobs
California,California 53,Georgette Gómez,Democratic,40.5,False,False,D+14,general,https://en.wikipedia.org/wiki/Georgette_G%C3%B3mez
California,California 6,Doris Matsui,Democratic,73.3,True,True,D+21,general,https://en.wikipedia.org/wiki/Doris_Matsui
California,California 6,Chris Bish,Republican,26.7,False,False,D+21,general,
California,California 7,Ami Bera,Democratic,56.6,True,True,D+3,general,https://en.wikipedia.org/wiki/Ami_Bera
California,California 7,Buzz Patterson,Republican,43.4,False,False,D+3,general,
California,California 8,Jay Obernolte,Republican,56.1,False,True,R+9,general,https://en.wikipedia.org/wiki/Jay_Obernolte
California,California 8,Christine Bubser,Democratic,43.9,False,False,R+9,general,
California,California 9,Jerry McNerney,Democratic,57.6,True,True,D+8,general,https://en.wikipedia.org/wiki/Jerry_McNerney
California,California 9,Tony Amador,Republican,42.4,False,False,D+8,general,
Colorado,Colorado 1,Diana DeGette,Democratic,73.6,True,True,D+21,general,https://en.wikipedia.org/wiki/Diana_DeGette
Colorado,Colorado 1,Shane Bolling,Republican,23.5,False,False,D+21,general,
Colorado,Colorado 1,Jan Kok,Approval Voting,1.9,False,False,D+21,general,
Colorado,Colorado 1,Paul N. Fiorino,Unity,0.6,False,False,D+21,general,
Colorado,Colorado 1,Kyle Furey,Libertarian,0.3,False,False,D+21,general,
Colorado,Colorado 2,Joe Neguse,Democratic,61.5,True,True,D+9,general,https://en.wikipedia.org/wiki/Joe_Neguse
Colorado,Colorado 2,Charlie Winn,Republican,35.4,False,False,D+9,general,
Colorado,Colorado 2,Thom Atkinson,Libertarian,2.6,False,False,D+9,general,
Colorado,Colorado 2,Gary Swing,Unity,0.5,False,False,D+9,general,
Colorado,Colorado 3,Lauren Boebert,Republican,51.4,False,True,R+6,general,https://en.wikipedia.org/wiki/Lauren_Boebert
Colorado,Colorado 3,Diane Mitsch Bush,Democratic,45.2,False,False,R+6,general,https://en.wikipedia.org/wiki/Diane_Mitsch_Bush
Colorado,Colorado 3,John Ryan Keil,Libertarian,2.4,False,False,R+6,general,
Colorado,Colorado 3,Critter Milton,Unity,1.0,False,False,R+6,general,
Colorado,Colorado 4,Ken Buck,Republican,60.1,True,True,R+13,general,https://en.wikipedia.org/wiki/Ken_Buck
Colorado,Colorado 4,Ike McCorkle,Democratic,36.6,False,False,R+13,general,
Colorado,Colorado 4,Bruce Griffith,Libertarian,2.3,False,False,R+13,general,
Colorado,Colorado 4,Laura Ireland,Unity,1.0,False,False,R+13,general,
Colorado,Colorado 5,Doug Lamborn,Republican,57.6,True,True,R+14,general,https://en.wikipedia.org/wiki/Doug_Lamborn
Colorado,Colorado 5,Jillian Freeland,Democratic,37.4,False,False,R+14,general,
Colorado,Colorado 5,Ed Duffett,Libertarian,3.4,False,False,R+14,general,
Colorado,Colorado 5,Marcus Murphy,Independent,0.9,False,False,R+14,general,
Colorado,Colorado 5,Rebecca Keltie,Unity,0.8,False,False,R+14,general,
Colorado,Colorado 6,Jason Crow,Democratic,57.1,True,True,D+2,general,https://en.wikipedia.org/wiki/Jason_Crow
Colorado,Colorado 6,Steve House,Republican,40.0,False,False,D+2,general,
Colorado,Colorado 6,Norm Olsen,Libertarian,2.1,False,False,D+2,general,
Colorado,Colorado 6,Jaimie Kulikowski,Unity,0.9,False,False,D+2,general,
Colorado,Colorado 7,Ed Perlmutter,Democratic,59.1,True,True,D+6,general,https://en.wikipedia.org/wiki/Ed_Perlmutter
Colorado,Colorado 7,Casper Stockham,Republican,37.6,False,False,D+6,general,
Colorado,Colorado 7,Ken Biles,Libertarian,2.7,False,False,D+6,general,
Colorado,Colorado 7,David Olszta,Unity,0.6,False,False,D+6,general,
Connecticut,Connecticut 1,John B. Larson,Democratic,63.8,True,True,D+12,general,https://en.wikipedia.org/wiki/John_B._Larson
Connecticut,Connecticut 1,Mary Fay,Republican,35.0,False,False,D+12,general,
Connecticut,Connecticut 1,Thomas McCormick,Green,1.3,False,False,D+12,general,
Connecticut,Connecticut 2,Joe Courtney,Democratic,59.4,True,True,D+3,general,https://en.wikipedia.org/wiki/Joe_Courtney_(politician)
Connecticut,Connecticut 2,Justin Anderson,Republican,38.2,False,False,D+3,general,
Connecticut,Connecticut 2,Cassandra Martineau,Green,1.3,False,False,D+3,general,
Connecticut,Connecticut 2,Daniel Reale,Libertarian,1.1,False,False,D+3,general,
Connecticut,Connecticut 3,Rosa DeLauro,Democratic,58.7,True,True,D+9,general,https://en.wikipedia.org/wiki/Rosa_DeLauro
Connecticut,Connecticut 3,Margaret Streicker,Republican,39.8,False,False,D+9,general,
Connecticut,Connecticut 3,Justin Paglino,Green,1.5,False,False,D+9,general,
Connecticut,Connecticut 4,Jim Himes,Democratic,62.2,True,True,D+7,general,https://en.wikipedia.org/wiki/Jim_Himes
Connecticut,Connecticut 4,Jonathan Riddle,Republican,36.3,False,False,D+7,general,
Connecticut,Connecticut 4,Brian Merlen,Independent,1.6,False,False,D+7,general,
Connecticut,Connecticut 5,Jahana Hayes,Democratic,55.1,True,True,D+2,general,https://en.wikipedia.org/wiki/Jahana_Hayes
Connecticut,Connecticut 5,David Sullivan,Republican,43.5,False,False,D+2,general,
Connecticut,Connecticut 5,Bruce Walczak,Independent,1.4,False,False,D+2,general,
Delaware,Delaware at-large,Lisa Blunt Rochester,Democratic,57.6,True,True,D+6,general,https://en.wikipedia.org/wiki/Lisa_Blunt_Rochester
Delaware,Delaware at-large,Lee Murphy,Republican,40.2,False,False,D+6,general,
Delaware,Delaware at-large,IPoD,IPoD,1.4,False,False,D+6,general,https://en.wikipedia.org/wiki/Independent_Party_of_Delaware
Delaware,Delaware at-large,David Rogers,Libertarian,0.8,False,False,D+6,general,
Florida,Florida 1,Matt Gaetz,Republican,64.6,True,True,R+22,general,https://en.wikipedia.org/wiki/Matt_Gaetz
Florida,Florida 1,Phil Ehr,Democratic,34.0,False,False,R+22,general,
Florida,Florida 1,Albert Oram,Independent,1.4,False,False,R+22,general,
Florida,Florida 10,Val Demings,Democratic,63.6,True,True,D+11,general,https://en.wikipedia.org/wiki/Val_Demings
Florida,Florida 10,Vennia Francois,Republican,36.4,False,False,D+11,general,
Florida,Florida 11,Daniel Webster,Republican,66.7,True,True,R+15,general,https://en.wikipedia.org/wiki/Daniel_Webster_(Florida_politician)
Florida,Florida 11,Dana Cottrell,Democratic,33.3,False,False,R+15,general,
Florida,Florida 12,Gus Bilirakis,Republican,62.9,True,True,R+8,general,https://en.wikipedia.org/wiki/Gus_Bilirakis
Florida,Florida 12,Kimberly Walker,Democratic,37.1,False,False,R+8,general,
Florida,Florida 13,Charlie Crist,Democratic,53.0,True,True,D+2,general,https://en.wikipedia.org/wiki/Charlie_Crist
Florida,Florida 13,Anna Paulina Luna,Republican,47.0,False,False,D+2,general,https://en.wikipedia.org/wiki/Anna_Paulina_Luna
Florida,Florida 14,Kathy Castor,Democratic,60.3,True,True,D+7,general,https://en.wikipedia.org/wiki/Kathy_Castor
Florida,Florida 14,Christine Quinn,Republican,39.7,False,False,D+7,general,
Florida,Florida 15,Scott Franklin,Republican,55.4,False,True,R+6,general,https://en.wikipedia.org/wiki/Scott_Franklin_(politician)
Florida,Florida 15,Alan Cohn,Democratic,44.6,False,False,R+6,general,https://en.wikipedia.org/wiki/Alan_Cohn
Florida,Florida 16,Vern Buchanan,Republican,55.5,True,True,R+7,general,https://en.wikipedia.org/wiki/Vern_Buchanan
Florida,Florida 16,Margaret Good,Democratic,44.5,False,False,R+7,general,https://en.wikipedia.org/wiki/Margaret_Good
Florida,Florida 17,Greg Steube,Republican,64.6,True,True,R+13,general,https://en.wikipedia.org/wiki/Greg_Steube
Florida,Florida 17,Allen Ellison,Democratic,34.1,False,False,R+13,general,
Florida,Florida 17,Theodore Murray,Independent,1.3,False,False,R+13,general,
Florida,Florida 18,Brian Mast,Republican,56.3,True,True,R+5,general,https://en.wikipedia.org/wiki/Brian_Mast
Florida,Florida 18,Pam Keith,Democratic,41.5,False,False,R+5,general,
Florida,Florida 18,K. W. Miller,Independent,2.2,False,False,R+5,general,
Florida,Florida 19,Byron Donalds,Republican,61.3,False,True,R+13,general,https://en.wikipedia.org/wiki/Byron_Donalds
Florida,Florida 19,Cindy Banyai,Democratic,38.7,False,False,R+13,general,
Florida,Florida 2,Neal Dunn,Republican,97.9,True,True,R+18,general,https://en.wikipedia.org/wiki/Neal_Dunn
Florida,Florida 2,Kim O'Connor,write-in,2.1,False,False,R+18,general,
Florida,Florida 20,Alcee Hastings,Democratic,78.7,True,True,D+31,general,https://en.wikipedia.org/wiki/Alcee_Hastings
Florida,Florida 20,Greg Musselwhite,Republican,21.3,False,False,D+31,general,
Florida,Florida 21,Lois Frankel,Democratic,59.0,True,True,D+9,general,https://en.wikipedia.org/wiki/Lois_Frankel
Florida,Florida 21,Laura Loomer,Republican,39.1,False,False,D+9,general,https://en.wikipedia.org/wiki/Laura_Loomer
Florida,Florida 21,Charleston Malkemus,Independent,1.9,False,False,D+9,general,
Florida,Florida 22,Ted Deutch,Democratic,58.6,True,True,D+6,general,https://en.wikipedia.org/wiki/Ted_Deutch
Florida,Florida 22,Jim Pruden,Republican,41.4,False,False,D+6,general,
Florida,Florida 23,Debbie Wasserman Schultz,Democratic,58.2,True,True,D+11,general,https://en.wikipedia.org/wiki/Debbie_Wasserman_Schultz
Florida,Florida 23,Carla Spalding,Republican,41.8,False,False,D+11,general,
Florida,Florida 24,Frederica Wilson,Democratic,75.6,True,True,D+34,general,https://en.wikipedia.org/wiki/Frederica_Wilson
Florida,Florida 24,Lavern Spicer,Republican,20.4,False,False,D+34,general,
Florida,Florida 24,Christine Olivo,Independent,4.0,False,False,D+34,general,
Florida,Florida 25,Mario Díaz-Balart,Republican,100.0,True,True,R+4,general,
Florida,Florida 26,Carlos A. Giménez,Republican,51.7,False,True,D+6,general,https://en.wikipedia.org/wiki/Carlos_A._Gim%C3%A9nez
Florida,Florida 26,Debbie Mucarsel-Powell,Democratic,48.3,True,False,D+6,general,https://en.wikipedia.org/wiki/Debbie_Mucarsel-Powell
Florida,Florida 27,María Elvira Salazar,Republican,51.4,False,True,D+5,general,https://en.wikipedia.org/wiki/Mar%C3%ADa_Elvira_Salazar
Florida,Florida 27,Donna Shalala,Democratic,48.6,True,False,D+5,general,https://en.wikipedia.org/wiki/Donna_Shalala
Florida,Florida 3,Kat Cammack,Republican,57.1,False,True,R+9,general,https://en.wikipedia.org/wiki/Kat_Cammack
Florida,Florida 3,Adam Christensen,Democratic,42.9,False,False,R+9,general,
Florida,Florida 4,John Rutherford,Republican,61.1,True,True,R+17,general,https://en.wikipedia.org/wiki/John_Rutherford_(Florida_politician)
Florida,Florida 4,Donna Deegan,Democratic,38.9,False,False,R+17,general,https://en.wikipedia.org/wiki/Donna_Deegan
Florida,Florida 5,Al Lawson,Democratic,65.1,True,True,D+12,general,https://en.wikipedia.org/wiki/Al_Lawson
Florida,Florida 5,Gary Adler,Republican,34.9,False,False,D+12,general,
Florida,Florida 6,Mike Waltz,Republican,60.6,True,True,R+7,general,https://en.wikipedia.org/wiki/Mike_Waltz
Florida,Florida 6,Clint Curtis,Democratic,39.4,False,False,R+7,general,
Florida,Florida 7,Stephanie Murphy,Democratic,55.3,True,True,Even,general,https://en.wikipedia.org/wiki/Stephanie_Murphy
Florida,Florida 7,Leo Valentín,Republican,43.2,False,False,Even,general,
Florida,Florida 7,William Garlington,Independent,1.4,False,False,Even,general,
Florida,Florida 8,Bill Posey,Republican,61.4,True,True,R+11,general,https://en.wikipedia.org/wiki/Bill_Posey
Florida,Florida 8,Jim Kennedy,Democratic,38.6,False,False,R+11,general,
Florida,Florida 9,Darren Soto,Democratic,56.0,True,True,D+5,general,https://en.wikipedia.org/wiki/Darren_Soto
Florida,Florida 9,Bill Olson,Republican,44.0,False,False,D+5,general,
Georgia,Georgia 1,Buddy Carter,Republican,58.3,True,True,R+9,general,https://en.wikipedia.org/wiki/Buddy_Carter
Georgia,Georgia 1,Joyce Griggs,Democratic,41.7,False,False,R+9,general,
Georgia,Georgia 10,Jody Hice,Republican,62.3,True,True,R+15,general,https://en.wikipedia.org/wiki/Jody_Hice
Georgia,Georgia 10,Tabitha Johnson-Green,Democratic,37.7,False,False,R+15,general,
Georgia,Georgia 11,Barry Loudermilk,Republican,60.4,True,True,R+17,general,https://en.wikipedia.org/wiki/Barry_Loudermilk
Georgia,Georgia 11,Dana Barrett,Democratic,39.6,False,False,R+17,general,
Georgia,Georgia 12,Rick Allen,Republican,58.4,True,True,R+9,general,https://en.wikipedia.org/wiki/Rick_Allen_(politician)
Georgia,Georgia 12,Liz Johnson,Democratic,41.6,False,False,R+9,general,
Georgia,Georgia 13,David Scott,Democratic,77.4,True,True,D+20,general,https://en.wikipedia.org/wiki/David_Scott_(Georgia_politician)
Georgia,Georgia 13,Becky Hites,Republican,22.6,False,False,D+20,general,
Georgia,Georgia 14,Marjorie Taylor Greene,Republican,74.7,False,True,R+27,general,https://en.wikipedia.org/wiki/Marjorie_Taylor_Greene
Georgia,Georgia 14,Kevin Van Ausdal,Democratic,25.3,False,False,R+27,general,
Georgia,Georgia 2,Sanford Bishop,Democratic,59.1,True,True,D+6,general,https://en.wikipedia.org/wiki/Sanford_Bishop
Georgia,Georgia 2,Don Cole,Republican,40.9,False,False,D+6,general,
Georgia,Georgia 3,Drew Ferguson,Republican,65.0,True,True,R+18,general,https://en.wikipedia.org/wiki/Drew_Ferguson_(politician)
Georgia,Georgia 3,Val Almonord,Democratic,35.0,False,False,R+18,general,
Georgia,Georgia 4,Hank Johnson,Democratic,80.1,True,True,D+24,general,https://en.wikipedia.org/wiki/Hank_Johnson
Georgia,Georgia 4,Johsie Cruz,Republican,19.9,False,False,D+24,general,
Georgia,Georgia 5,Nikema Williams,Democratic,85.1,False,True,D+34,general,https://en.wikipedia.org/wiki/Nikema_Williams
Georgia,Georgia 5,Angela Stanton-King,Republican,14.9,False,False,D+34,general,https://en.wikipedia.org/wiki/Angela_Stanton-King
Georgia,Georgia 5,Kwanza Hall,Democratic,54.3,False,True,,special,https://en.wikipedia.org/wiki/Kwanza_Hall
Georgia,Georgia 5,Robert Michael Franklin Jr.,Democratic,45.7,False,False,,special,https://en.wikipedia.org/wiki/Robert_Michael_Franklin_Jr.
Georgia,Georgia 6,Lucy McBath,Democratic,54.6,True,True,R+8,general,https://en.wikipedia.org/wiki/Lucy_McBath
Georgia,Georgia 6,Karen Handel,Republican,45.4,False,False,R+8,general,https://en.wikipedia.org/wiki/Karen_Handel
Georgia,Georgia 7,Carolyn Bourdeaux,Democratic,51.4,False,True,R+9,general,https://en.wikipedia.org/wiki/Carolyn_Bourdeaux
Georgia,Georgia 7,Rich McCormick,Republican,48.6,False,False,R+9,general,https://en.wikipedia.org/wiki/Rich_McCormick
Georgia,Georgia 8,Austin Scott,Republican,64.5,True,True,R+15,general,https://en.wikipedia.org/wiki/Austin_Scott_(politician)
Georgia,Georgia 8,Lindsay Holliday,Democratic,35.5,False,False,R+15,general,
Georgia,Georgia 9,Andrew Clyde,Republican,78.6,False,True,R+31,general,https://en.wikipedia.org/wiki/Andrew_Clyde
Georgia,Georgia 9,Devin Pandy,Democratic,21.4,False,False,R+31,general,
Hawaii,Hawaii 1,Ed Case,Democratic,72.0,True,True,D+17,general,https://en.wikipedia.org/wiki/Ed_Case
Hawaii,Hawaii 1,Ron Curtis,Republican,28.0,False,False,D+17,general,
Hawaii,Hawaii 2,Kai Kahele,Democratic,63.0,False,True,D+19,general,https://en.wikipedia.org/wiki/Kai_Kahele
Hawaii,Hawaii 2,Joe Akana,Republican,30.9,False,False,D+19,general,
Hawaii,Hawaii 2,Michelle Tippens,Libertarian,2.5,False,False,D+19,general,
Hawaii,Hawaii 2,Jonathan Hoomanawanui,Aloha Aina,2.4,False,False,D+19,general,
Hawaii,Hawaii 2,Ron Burrus,Independent,1.0,False,False,D+19,general,
Hawaii,Hawaii 2,John Giuffre,American Shopping,0.2,False,False,D+19,general,
Idaho,Idaho 1,Russ Fulcher,Republican,67.8,True,True,R+21,general,https://en.wikipedia.org/wiki/Russ_Fulcher
Idaho,Idaho 1,Rudy Soto,Democratic,28.6,False,False,R+21,general,
Idaho,Idaho 1,Joe Evans,Libertarian,3.6,False,False,R+21,general,
Idaho,Idaho 2,Mike Simpson,Republican,64.1,True,True,R+17,general,https://en.wikipedia.org/wiki/Mike_Simpson
Idaho,Idaho 2,C. Aaron Swisher,Democratic,31.7,False,False,R+17,general,
Idaho,Idaho 2,Pro-Life,Constitution,2.2,False,False,R+17,general,https://en.wikipedia.org/wiki/Pro-Life_(politician)
Idaho,Idaho 2,Idaho Sierra Law,Libertarian,2.0,False,False,R+17,general,
Illinois,Illinois 1,Bobby Rush,Democratic,73.8,True,True,D+27,general,https://en.wikipedia.org/wiki/Bobby_Rush
Illinois,Illinois 1,Philanise White,Republican,26.2,False,False,D+27,general,
Illinois,Illinois 10,Brad Schneider,Democratic,63.9,True,True,D+10,general,https://en.wikipedia.org/wiki/Brad_Schneider
Illinois,Illinois 10,Valerie Mukherjee,Republican,36.1,False,False,D+10,general,
Illinois,Illinois 11,Bill Foster,Democratic,63.3,True,True,D+9,general,https://en.wikipedia.org/wiki/Bill_Foster_(politician)
Illinois,Illinois 11,Rick Laib,Republican,36.7,False,False,D+9,general,
Illinois,Illinois 12,Mike Bost,Republican,60.4,True,True,R+5,general,https://en.wikipedia.org/wiki/Mike_Bost
Illinois,Illinois 12,Raymond Lenzi,Democratic,39.6,False,False,R+5,general,
Illinois,Illinois 13,Rodney Davis,Republican,54.5,True,True,R+3,general,https://en.wikipedia.org/wiki/Rodney_Davis_(politician)
Illinois,Illinois 13,Betsy Dirksen Londrigan,Democratic,45.5,False,False,R+3,general,
Illinois,Illinois 14,Lauren Underwood,Democratic,50.7,True,True,R+5,general,https://en.wikipedia.org/wiki/Lauren_Underwood
Illinois,Illinois 14,Jim Oberweis,Republican,49.3,False,False,R+5,general,https://en.wikipedia.org/wiki/Jim_Oberweis
Illinois,Illinois 15,Mary Miller,Republican,73.5,False,True,R+21,general,https://en.wikipedia.org/wiki/Mary_Miller_(politician)
Illinois,Illinois 15,Erika Weaver,Democratic,26.5,False,False,R+21,general,
Illinois,Illinois 16,Adam Kinzinger,Republican,64.7,True,True,R+8,general,https://en.wikipedia.org/wiki/Adam_Kinzinger
Illinois,Illinois 16,Dani Brzozowski,Democratic,35.3,False,False,R+8,general,
Illinois,Illinois 17,Cheri Bustos,Democratic,52.0,True,True,D+3,general,https://en.wikipedia.org/wiki/Cheri_Bustos
Illinois,Illinois 17,Esther Joy King,Republican,48.0,False,False,D+3,general,
Illinois,Illinois 18,Darin LaHood,Republican,70.4,True,True,R+15,general,https://en.wikipedia.org/wiki/Darin_LaHood
Illinois,Illinois 18,George Petrilli,Democratic,29.6,False,False,R+15,general,
Illinois,Illinois 2,Robin Kelly,Democratic,78.8,True,True,D+29,general,https://en.wikipedia.org/wiki/Robin_Kelly
Illinois,Illinois 2,Theresa Raborn,Republican,21.2,False,False,D+29,general,
Illinois,Illinois 3,Marie Newman,Democratic,56.4,False,True,D+6,general,https://en.wikipedia.org/wiki/Marie_Newman
Illinois,Illinois 3,Mike Fricilone,Republican,43.6,False,False,D+6,general,
Illinois,Illinois 4,Chuy García,Democratic,84.0,True,True,D+33,general,https://en.wikipedia.org/wiki/Chuy_Garc%C3%ADa
Illinois,Illinois 4,Jesus Solorio,Republican,16.0,False,False,D+33,general,
Illinois,Illinois 5,Mike Quigley,Democratic,70.8,True,True,D+20,general,https://en.wikipedia.org/wiki/Mike_Quigley
Illinois,Illinois 5,Tommy Hanson,Republican,26.6,False,False,D+20,general,
Illinois,Illinois 5,Thomas Wilda,Green,2.6,False,False,D+20,general,
Illinois,Illinois 6,Sean Casten,Democratic,52.8,True,True,R+2,general,https://en.wikipedia.org/wiki/Sean_Casten
Illinois,Illinois 6,Jeanne Ives,Republican,45.4,False,False,R+2,general,https://en.wikipedia.org/wiki/Jeanne_Ives
Illinois,Illinois 6,Bill Redpath,Libertarian,1.8,False,False,R+2,general,https://en.wikipedia.org/wiki/Bill_Redpath
Illinois,Illinois 7,Danny Davis,Democratic,80.4,True,True,D+38,general,https://en.wikipedia.org/wiki/Danny_Davis_(Illinois_politician)
Illinois,Illinois 7,Craig Cameron,Republican,13.4,False,False,D+38,general,
Illinois,Illinois 7,Tracy Jennings,Independent,6.2,False,False,D+38,general,
Illinois,Illinois 8,Raja Krishnamoorthi,Democratic,73.2,True,True,D+8,general,https://en.wikipedia.org/wiki/Raja_Krishnamoorthi
Illinois,Illinois 8,Preston Nelson,Libertarian,26.8,False,False,D+8,general,
Illinois,Illinois 9,Jan Schakowsky,Democratic,71.0,True,True,D+18,general,https://en.wikipedia.org/wiki/Jan_Schakowsky
Illinois,Illinois 9,Sargis Sangari,Republican,29.0,False,False,D+18,general,
Indiana,Indiana 1,Frank J. Mrvan,Democratic,56.6,False,True,D+8,general,https://en.wikipedia.org/wiki/Frank_J._Mrvan
Indiana,Indiana 1,Mark Leyva,Republican,40.5,False,False,D+8,general,
Indiana,Indiana 1,Michael Strauss,Libertarian,2.9,False,False,D+8,general,
Indiana,Indiana 2,Jackie Walorski,Republican,61.5,True,True,R+11,general,https://en.wikipedia.org/wiki/Jackie_Walorski
Indiana,Indiana 2,Pat Hackett,Democratic,38.5,False,False,R+11,general,
Indiana,Indiana 3,Jim Banks,Republican,67.8,True,True,R+18,general,https://en.wikipedia.org/wiki/Jim_Banks
Indiana,Indiana 3,Chip Coldiron,Democratic,32.2,False,False,R+18,general,
Indiana,Indiana 4,Jim Baird,Republican,66.6,True,True,R+17,general,https://en.wikipedia.org/wiki/Jim_Baird_(American_politician)
Indiana,Indiana 4,Joe Mackey,Democratic,33.4,False,False,R+17,general,
Indiana,Indiana 5,Victoria Spartz,Republican,50.0,False,True,R+9,general,https://en.wikipedia.org/wiki/Victoria_Spartz
Indiana,Indiana 5,Christina Hale,Democratic,46.0,False,False,R+9,general,https://en.wikipedia.org/wiki/Christina_Hale
Indiana,Indiana 5,Kenneth Tucker,Libertarian,4.0,False,False,R+9,general,
Indiana,Indiana 6,Greg Pence,Republican,68.6,True,True,R+18,general,https://en.wikipedia.org/wiki/Greg_Pence
Indiana,Indiana 6,Jeannine Lee Lake,Democratic,27.8,False,False,R+18,general,
Indiana,Indiana 6,Tom Ferkinhoff,Libertarian,3.6,False,False,R+18,general,
Indiana,Indiana 7,André Carson,Democratic,62.4,True,True,D+11,general,https://en.wikipedia.org/wiki/Andr%C3%A9_Carson
Indiana,Indiana 7,Susan Marie Smith,Republican,37.6,False,False,D+11,general,
Indiana,Indiana 8,Larry Bucshon,Republican,66.9,True,True,R+15,general,https://en.wikipedia.org/wiki/Larry_Bucshon
Indiana,Indiana 8,E. Thomasina Marsili,Democratic,29.8,False,False,R+15,general,
Indiana,Indiana 8,James Rodenberger,Libertarian,3.2,False,False,R+15,general,
Indiana,Indiana 9,Trey Hollingsworth,Republican,61.8,True,True,R+13,general,https://en.wikipedia.org/wiki/Trey_Hollingsworth
Indiana,Indiana 9,Andy Ruff,Democratic,34.1,False,False,R+13,general,
Indiana,Indiana 9,Tonya Millis,Libertarian,4.0,False,False,R+13,general,
Iowa,Iowa 1,Ashley Hinson,Republican,51.2,False,True,D+1,general,https://en.wikipedia.org/wiki/Ashley_Hinson
Iowa,Iowa 1,Abby Finkenauer,Democratic,48.7,True,False,D+1,general,https://en.wikipedia.org/wiki/Abby_Finkenauer
Iowa,Iowa 2,Mariannette Miller-Meeks,Republican,49.912,False,True,D+1,general,https://en.wikipedia.org/wiki/Mariannette_Miller-Meeks
Iowa,Iowa 2,Rita Hart,Democratic,49.91,False,False,D+1,general,https://en.wikipedia.org/wiki/Rita_Hart
Iowa,Iowa 3,Cindy Axne,Democratic,48.9,True,True,R+1,general,https://en.wikipedia.org/wiki/Cindy_Axne
Iowa,Iowa 3,David Young,Republican,47.6,False,False,R+1,general,https://en.wikipedia.org/wiki/David_Young_(Iowa_politician)
Iowa,Iowa 3,Bryan Holder,Libertarian,3.4,False,False,R+1,general,
Iowa,Iowa 4,Randy Feenstra,Republican,62.0,False,True,R+11,general,https://en.wikipedia.org/wiki/Randy_Feenstra
Iowa,Iowa 4,J. D. Scholten,Democratic,37.8,False,False,R+11,general,https://en.wikipedia.org/wiki/J._D._Scholten
Kansas,Kansas 1,Tracey Mann,Republican,71.2,False,True,R+24,general,https://en.wikipedia.org/wiki/Tracey_Mann
Kansas,Kansas 1,Kali Barnett,Democratic,28.8,False,False,R+24,general,
Kansas,Kansas 2,Jake LaTurner,Republican,55.2,False,True,R+10,general,https://en.wikipedia.org/wiki/Jake_LaTurner
Kansas,Kansas 2,Michelle De La Isla,Democratic,40.6,False,False,R+10,general,https://en.wikipedia.org/wiki/Michelle_De_La_Isla
Kansas,Kansas 2,Robert Garrard,Libertarian,4.2,False,False,R+10,general,
Kansas,Kansas 3,Sharice Davids,Democratic,53.6,True,True,R+4,general,https://en.wikipedia.org/wiki/Sharice_Davids
Kansas,Kansas 3,Amanda Adkins,Republican,43.6,False,False,R+4,general,https://en.wikipedia.org/wiki/Amanda_Adkins_(politician)
Kansas,Kansas 3,Steven Hohe,Libertarian,2.8,False,False,R+4,general,
Kansas,Kansas 4,Ron Estes,Republican,63.7,True,True,R+15,general,https://en.wikipedia.org/wiki/Ron_Estes
Kansas,Kansas 4,Laura Lombard,Democratic,36.3,False,False,R+15,general,
Kentucky,Kentucky 1,James Comer,Republican,75.0,True,True,R+23,general,https://en.wikipedia.org/wiki/James_Comer_(politician)
Kentucky,Kentucky 1,James Rhodes,Democratic,25.0,False,False,R+23,general,
Kentucky,Kentucky 2,Brett Guthrie,Republican,71.0,True,True,R+19,general,https://en.wikipedia.org/wiki/Brett_Guthrie
Kentucky,Kentucky 2,Hank Linderman,Democratic,26.3,False,False,R+19,general,
Kentucky,Kentucky 2,Robert Lee Perry,Libertarian,2.1,False,False,R+19,general,
Kentucky,Kentucky 2,Lewis Carter,Populist,0.7,False,False,R+19,general,
Kentucky,Kentucky 3,John Yarmuth,Democratic,62.7,True,True,D+6,general,https://en.wikipedia.org/wiki/John_Yarmuth
Kentucky,Kentucky 3,Rhonda Palazzo,Republican,37.3,False,False,D+6,general,
Kentucky,Kentucky 4,Thomas Massie,Republican,67.1,True,True,R+18,general,https://en.wikipedia.org/wiki/Thomas_Massie
Kentucky,Kentucky 4,Alexandra Owensby,Democratic,32.9,False,False,R+18,general,
Kentucky,Kentucky 5,Hal Rogers,Republican,84.2,True,True,R+31,general,https://en.wikipedia.org/wiki/Hal_Rogers
Kentucky,Kentucky 5,Matthew Best,Democratic,15.8,False,False,R+31,general,
Kentucky,Kentucky 6,Andy Barr,Republican,57.3,True,True,R+9,general,https://en.wikipedia.org/wiki/Andy_Barr_(American_politician)
Kentucky,Kentucky 6,Josh Hicks,Democratic,41.0,False,False,R+9,general,
Kentucky,Kentucky 6,Frank Harris,Libertarian,1.7,False,False,R+9,general,
Louisiana,Louisiana 1,Steve Scalise,Republican,72.2,True,True,R+24,general,https://en.wikipedia.org/wiki/Steve_Scalise
Louisiana,Louisiana 1,Lee Ann Dugas,Democratic,25.3,False,False,R+24,general,
Louisiana,Louisiana 1,Howard Kearney,Libertarian,2.5,False,False,R+24,general,
Louisiana,Louisiana 2,Cedric Richmond,Democratic,63.6,True,True,D+25,general,https://en.wikipedia.org/wiki/Cedric_Richmond
Louisiana,Louisiana 2,David Schilling,Republican,15.0,False,False,D+25,general,
Louisiana,Louisiana 2,Glenn Harris,Democratic,10.6,False,False,D+25,general,
Louisiana,Louisiana 2,Sheldon Vincent,Republican,4.9,False,False,D+25,general,
Louisiana,Louisiana 2,Belden Batiste,Independent,3.9,False,False,D+25,general,
Louisiana,Louisiana 2,Colby James,Independent,2.0,False,False,D+25,general,
Louisiana,Louisiana 3,Clay Higgins,Republican,67.8,True,True,R+20,general,https://en.wikipedia.org/wiki/Clay_Higgins
Louisiana,Louisiana 3,Braylon Harris,Democratic,17.9,False,False,R+20,general,
Louisiana,Louisiana 3,Rob Anderson,Democratic,11.6,False,False,R+20,general,
Louisiana,Louisiana 3,Brandon Leleux,Libertarian,2.8,False,False,R+20,general,
Louisiana,Louisiana 4,Mike Johnson,Republican,60.4,True,True,R+13,general,https://en.wikipedia.org/wiki/Mike_Johnson
Louisiana,Louisiana 4,Kenny Houston,Democratic,25.5,False,False,R+13,general,
Louisiana,Louisiana 4,Ryan Trundle,Democratic,7.8,False,False,R+13,general,
Louisiana,Louisiana 4,Ben Gibson,Republican,6.3,False,False,R+13,general,
Louisiana,Louisiana 5,Luke Letlow,Republican,62.0,False,True,R+15,general,https://en.wikipedia.org/wiki/Luke_Letlow
Louisiana,Louisiana 5,Lance Harris,Republican,38.0,False,False,R+15,general,https://en.wikipedia.org/wiki/Lance_Harris
Louisiana,Louisiana 6,Garret Graves,Republican,71.0,True,True,R+19,general,https://en.wikipedia.org/wiki/Garret_Graves
Louisiana,Louisiana 6,Dartanyon Williams,Democratic,25.5,False,False,R+19,general,
Louisiana,Louisiana 6,Shannon Sloan,Libertarian,2.6,False,False,R+19,general,
Louisiana,Louisiana 6,Richard Torregano,Independent,0.8,False,False,R+19,general,
Maine,Maine 1,Chellie Pingree,Democratic,62.2,True,True,D+8,general,https://en.wikipedia.org/wiki/Chellie_Pingree
Maine,Maine 1,Jay Allen,Republican,37.8,False,False,D+8,general,
Maine,Maine 2,Jared Golden,Democratic,53.0,True,True,R+2,general,https://en.wikipedia.org/wiki/Jared_Golden
Maine,Maine 2,Dale Crafts,Republican,47.0,False,False,R+2,general,https://en.wikipedia.org/wiki/Dale_Crafts
Maryland,Maryland 1,Andy Harris,Republican,63.4,True,True,R+14,general,https://en.wikipedia.org/wiki/Andy_Harris_(politician)
Maryland,Maryland 1,Mia Mason,Democratic,36.4,False,False,R+14,general,
Maryland,Maryland 2,Dutch Ruppersberger,Democratic,67.7,True,True,D+11,general,https://en.wikipedia.org/wiki/Dutch_Ruppersberger
Maryland,Maryland 2,Johnny Ray Salling,Republican,32.0,False,False,D+11,general,https://en.wikipedia.org/wiki/Johnny_Ray_Salling
Maryland,Maryland 3,John Sarbanes,Democratic,69.8,True,True,D+13,general,https://en.wikipedia.org/wiki/John_Sarbanes
Maryland,Maryland 3,Charles Anthony,Republican,30.0,False,False,D+13,general,
Maryland,Maryland 4,Anthony Brown,Democratic,79.6,True,True,D+28,general,https://en.wikipedia.org/wiki/Anthony_Brown_(Maryland_politician)
Maryland,Maryland 4,George McDermott,Republican,20.2,False,False,D+28,general,
Maryland,Maryland 5,Steny Hoyer,Democratic,68.8,True,True,D+16,general,https://en.wikipedia.org/wiki/Steny_Hoyer
Maryland,Maryland 5,Chris Palombi,Republican,31.0,False,False,D+16,general,
Maryland,Maryland 6,David Trone,Democratic,58.8,True,True,D+6,general,https://en.wikipedia.org/wiki/David_Trone
Maryland,Maryland 6,Neil Parrott,Republican,39.2,False,False,D+6,general,https://en.wikipedia.org/wiki/Neil_Parrott
Maryland,Maryland 6,George Gluck,Green,1.9,False,False,D+6,general,
Maryland,Maryland 7,Kweisi Mfume,Democratic,71.6,True,True,D+26,general,https://en.wikipedia.org/wiki/Kweisi_Mfume
Maryland,Maryland 7,Kimberly Klacik,Republican,28.0,False,False,D+26,general,https://en.wikipedia.org/wiki/Kimberly_Klacik
Maryland,Maryland 7,Kweisi Mfume,Democratic,73.8,False,True,,special,https://en.wikipedia.org/wiki/Kweisi_Mfume
Maryland,Maryland 7,Kimberly Klacik,Republican,25.1,False,False,,special,https://en.wikipedia.org/wiki/Kimberly_Klacik
Maryland,Maryland 8,Jamie Raskin,Democratic,68.2,True,True,D+14,general,https://en.wikipedia.org/wiki/Jamie_Raskin
Maryland,Maryland 8,Gregory Coll,Republican,31.6,False,False,D+14,general,
Massachusetts,Massachusetts 1,Richard Neal,Democratic,96.5,True,True,D+12,general,
Massachusetts,Massachusetts 2,Jim McGovern,Democratic,65.3,True,True,D+9,general,https://en.wikipedia.org/wiki/Jim_McGovern_(American_politician)
Massachusetts,Massachusetts 2,Tracy Lovvorn,Republican,34.6,False,False,D+9,general,
Massachusetts,Massachusetts 3,Lori Trahan,Democratic,97.7,True,True,D+9,general,
Massachusetts,Massachusetts 4,Jake Auchincloss,Democratic,60.8,False,True,D+9,general,https://en.wikipedia.org/wiki/Jake_Auchincloss
Massachusetts,Massachusetts 4,Julie Hall,Republican,38.9,False,False,D+9,general,
Massachusetts,Massachusetts 5,Katherine Clark,Democratic,74.3,True,True,D+18,general,https://en.wikipedia.org/wiki/Katherine_Clark
Massachusetts,Massachusetts 5,Caroline Colarusso,Republican,25.6,False,False,D+18,general,
Massachusetts,Massachusetts 6,Seth Moulton,Democratic,65.4,True,True,D+6,general,https://en.wikipedia.org/wiki/Seth_Moulton
Massachusetts,Massachusetts 6,John Paul Moran,Republican,34.4,False,False,D+6,general,
Massachusetts,Massachusetts 7,Ayanna Pressley,Democratic,86.6,True,True,D+34,general,https://en.wikipedia.org/wiki/Ayanna_Pressley
Massachusetts,Massachusetts 7,Roy Owens Sr.,Independent,12.5,False,False,D+34,general,https://en.wikipedia.org/wiki/Roy_Owens_Sr.
Massachusetts,Massachusetts 8,Stephen Lynch,Democratic,80.7,True,True,D+10,general,https://en.wikipedia.org/wiki/Stephen_Lynch_(politician)
Massachusetts,Massachusetts 8,Jonathan Lott,Independent,18.7,False,False,D+10,general,
Massachusetts,Massachusetts 9,Bill Keating,Democratic,61.3,True,True,D+4,general,https://en.wikipedia.org/wiki/Bill_Keating_(politician)
Massachusetts,Massachusetts 9,Helen Brady,Republican,36.3,False,False,D+4,general,
Massachusetts,Massachusetts 9,Michael Manley,Independent,2.3,False,False,D+4,general,
Michigan,Michigan 1,Jack Bergman,Republican,61.7,True,True,R+9,general,https://en.wikipedia.org/wiki/Jack_Bergman
Michigan,Michigan 1,Dana Ferguson,Democratic,36.8,False,False,R+9,general,
Michigan,Michigan 1,Ben Boren,Libertarian,1.5,False,False,R+9,general,
Michigan,Michigan 10,Lisa McClain,Republican,66.3,False,True,R+13,general,https://en.wikipedia.org/wiki/Lisa_McClain
Michigan,Michigan 10,Kimberly Bizon,Democratic,33.7,False,False,R+13,general,
Michigan,Michigan 11,Haley Stevens,Democratic,50.2,True,True,R+4,general,https://en.wikipedia.org/wiki/Haley_Stevens
Michigan,Michigan 11,Eric Esshaki,Republican,47.8,False,False,R+4,general,
Michigan,Michigan 11,Leonard Schwartz,Libertarian,2.0,False,False,R+4,general,
Michigan,Michigan 12,Debbie Dingell,Democratic,66.4,True,True,D+14,general,https://en.wikipedia.org/wiki/Debbie_Dingell
Michigan,Michigan 12,Jeff Jones,Republican,30.7,False,False,D+14,general,
Michigan,Michigan 12,Gary Walkowicz,Working Class,2.9,False,False,D+14,general,
Michigan,Michigan 13,Rashida Tlaib,Democratic,78.1,True,True,D+32,general,https://en.wikipedia.org/wiki/Rashida_Tlaib
Michigan,Michigan 13,David Dudenhoefer,Republican,18.7,False,False,D+32,general,
Michigan,Michigan 13,Sam Johnson,Working Class,1.8,False,False,D+32,general,
Michigan,Michigan 13,Articia Bomer,U.S. Taxpayers,0.7,False,False,D+32,general,
Michigan,Michigan 13,D. Etta Wilcoxon,Green,0.7,False,False,D+32,general,
Michigan,Michigan 14,Brenda Lawrence,Democratic,79.3,True,True,D+30,general,https://en.wikipedia.org/wiki/Brenda_Lawrence
Michigan,Michigan 14,Robert Patrick,Republican,18.3,False,False,D+30,general,
Michigan,Michigan 14,Lisa Lane Gioia,Libertarian,1.1,False,False,D+30,general,
Michigan,Michigan 14,Philip Kolody,Working Class,0.7,False,False,D+30,general,
Michigan,Michigan 14,Clyde Shabazz,Green,0.6,False,False,D+30,general,
Michigan,Michigan 2,Bill Huizenga,Republican,59.2,True,True,R+9,general,https://en.wikipedia.org/wiki/Bill_Huizenga
Michigan,Michigan 2,Bryan Berghoef,Democratic,38.2,False,False,R+9,general,
Michigan,Michigan 2,Max Riekse,Libertarian,1.3,False,False,R+9,general,
Michigan,Michigan 2,Jean-Michel Creviere,Green,0.7,False,False,R+9,general,
Michigan,Michigan 2,Gerald Van Sickle,U.S. Taxpayers,0.6,False,False,R+9,general,
Michigan,Michigan 3,Peter Meijer,Republican,53.0,False,True,R+6,general,https://en.wikipedia.org/wiki/Peter_Meijer
Michigan,Michigan 3,Hillary Scholten,Democratic,47.0,False,False,R+6,general,https://en.wikipedia.org/wiki/Hillary_Scholten
Michigan,Michigan 4,John Moolenaar,Republican,65.0,True,True,R+10,general,https://en.wikipedia.org/wiki/John_Moolenaar
Michigan,Michigan 4,Jerry Hilliard,Democratic,32.4,False,False,R+10,general,
Michigan,Michigan 4,David Canny,Libertarian,1.4,False,False,R+10,general,
Michigan,Michigan 4,Amy Slepr,Green,1.2,False,False,R+10,general,
Michigan,Michigan 5,Dan Kildee,Democratic,54.4,True,True,D+5,general,https://en.wikipedia.org/wiki/Dan_Kildee
Michigan,Michigan 5,Tim Kelly,Republican,41.8,False,False,D+5,general,https://en.wikipedia.org/wiki/Tim_Kelly_(Michigan_politician)
Michigan,Michigan 5,Kathy Goodwin,Working Class,2.3,False,False,D+5,general,
Michigan,Michigan 5,James Harris,Libertarian,1.5,False,False,D+5,general,
Michigan,Michigan 6,Fred Upton,Republican,55.8,True,True,R+4,general,https://en.wikipedia.org/wiki/Fred_Upton
Michigan,Michigan 6,Jon Hoadley,Democratic,40.1,False,False,R+4,general,https://en.wikipedia.org/wiki/Jon_Hoadley
Michigan,Michigan 6,Jeff DePoy,Libertarian,2.7,False,False,R+4,general,
Michigan,Michigan 6,John Lawrence,Green,1.2,False,False,R+4,general,
Michigan,Michigan 7,Tim Walberg,Republican,58.7,True,True,R+7,general,https://en.wikipedia.org/wiki/Tim_Walberg
Michigan,Michigan 7,Gretchen Driskell,Democratic,41.3,False,False,R+7,general,https://en.wikipedia.org/wiki/Gretchen_Driskell
Michigan,Michigan 8,Elissa Slotkin,Democratic,50.9,True,True,R+4,general,https://en.wikipedia.org/wiki/Elissa_Slotkin
Michigan,Michigan 8,Paul Junge,Republican,47.3,False,False,R+4,general,
Michigan,Michigan 8,Joe Hartman,Libertarian,1.8,False,False,R+4,general,
Michigan,Michigan 9,Andy Levin,Democratic,57.7,True,True,D+4,general,https://en.wikipedia.org/wiki/Andy_Levin
Michigan,Michigan 9,Charles Langworthy,Republican,38.4,False,False,D+4,general,
Michigan,Michigan 9,Andrea Kirby,Working Class,2.3,False,False,D+4,general,
Michigan,Michigan 9,Mike Saliba,Libertarian,1.6,False,False,D+4,general,
Minnesota,Minnesota 1,Jim Hagedorn,Republican,48.6,True,True,R+5,general,https://en.wikipedia.org/wiki/Jim_Hagedorn
Minnesota,Minnesota 1,Dan Feehan,DFL,45.5,False,False,R+5,general,https://en.wikipedia.org/wiki/Dan_Feehan_(politician)
Minnesota,Minnesota 1,Bill Rood,Legalize Cannabis,5.8,False,False,R+5,general,
Minnesota,Minnesota 2,Angie Craig,DFL,48.2,True,True,R+2,general,https://en.wikipedia.org/wiki/Angie_Craig
Minnesota,Minnesota 2,Tyler Kistner,Republican,45.9,False,False,R+2,general,
Minnesota,Minnesota 2,Adam Weeks †,Legal Marijuana,5.8,False,False,R+2,general,
Minnesota,Minnesota 3,Dean Phillips,DFL,55.6,True,True,D+1,general,https://en.wikipedia.org/wiki/Dean_Phillips
Minnesota,Minnesota 3,Kendall Qualls,Republican,44.3,False,False,D+1,general,
Minnesota,Minnesota 4,Betty McCollum,DFL,63.2,True,True,D+14,general,https://en.wikipedia.org/wiki/Betty_McCollum
Minnesota,Minnesota 4,Gene Rechtzigel,Republican,29.0,False,False,D+14,general,
Minnesota,Minnesota 4,Susan Sindt,Legalize Cannabis,7.6,False,False,D+14,general,
Minnesota,Minnesota 5,Ilhan Omar,DFL,64.3,True,True,D+26,general,https://en.wikipedia.org/wiki/Ilhan_Omar
Minnesota,Minnesota 5,Lacy Johnson,Republican,25.8,False,False,D+26,general,
Minnesota,Minnesota 5,Michael Moore,Legal Marijuana,9.5,False,False,D+26,general,
Minnesota,Minnesota 6,Tom Emmer,Republican,65.7,True,True,R+12,general,https://en.wikipedia.org/wiki/Tom_Emmer
Minnesota,Minnesota 6,Tawnja Zahradka,DFL,34.2,False,False,R+12,general,
Minnesota,Minnesota 7,Michelle Fischbach,Republican,53.4,False,True,R+12,general,https://en.wikipedia.org/wiki/Michelle_Fischbach
Minnesota,Minnesota 7,Collin Peterson,DFL,39.8,True,False,R+12,general,https://en.wikipedia.org/wiki/Collin_Peterson
Minnesota,Minnesota 7,Slater Johnson,Legal Marijuana,4.9,False,False,R+12,general,
Minnesota,Minnesota 7,Rae Hart Anderson,Legalize Cannabis,1.8,False,False,R+12,general,
Minnesota,Minnesota 8,Pete Stauber,Republican,56.7,True,True,R+4,general,https://en.wikipedia.org/wiki/Pete_Stauber
Minnesota,Minnesota 8,Quinn Nystrom,DFL,37.6,False,False,R+4,general,
Minnesota,Minnesota 8,Judith Schwartzbacker,Legalize Cannabis,5.6,False,False,R+4,general,
Mississippi,Mississippi 1,Trent Kelly,Republican,68.8,True,True,R+16,general,https://en.wikipedia.org/wiki/Trent_Kelly
Mississippi,Mississippi 1,Antonia Eliason,Democratic,31.2,False,False,R+16,general,
Mississippi,Mississippi 2,Bennie Thompson,Democratic,66.0,True,True,D+14,general,https://en.wikipedia.org/wiki/Bennie_Thompson
Mississippi,Mississippi 2,Brian Flowers,Republican,34.0,False,False,D+14,general,
Mississippi,Mississippi 3,Michael Guest,Republican,64.7,True,True,R+13,general,https://en.wikipedia.org/wiki/Michael_Guest_(politician)
Mississippi,Mississippi 3,Dot Benford,Democratic,35.3,False,False,R+13,general,
Mississippi,Mississippi 4,Steven Palazzo,Republican,100.0,True,True,R+21,general,https://en.wikipedia.org/wiki/Steven_Palazzo
Missouri,Missouri 1,Cori Bush,Democratic,78.8,False,True,D+29,general,https://en.wikipedia.org/wiki/Cori_Bush
Missouri,Missouri 1,Anthony Rogers,Republican,19.0,False,False,D+29,general,
Missouri,Missouri 1,Alex Furman,Libertarian,2.1,False,False,D+29,general,
Missouri,Missouri 2,Ann Wagner,Republican,51.9,True,True,R+8,general,https://en.wikipedia.org/wiki/Ann_Wagner
Missouri,Missouri 2,Jill Schupp,Democratic,45.5,False,False,R+8,general,https://en.wikipedia.org/wiki/Jill_Schupp
Missouri,Missouri 2,Martin Schulte,Libertarian,2.6,False,False,R+8,general,
Missouri,Missouri 3,Blaine Luetkemeyer,Republican,69.4,True,True,R+18,general,https://en.wikipedia.org/wiki/Blaine_Luetkemeyer
Missouri,Missouri 3,Megan Rezabek,Democratic,28.5,False,False,R+18,general,
Missouri,Missouri 3,Leonard J. Steinman II,Libertarian,2.1,False,False,R+18,general,
Missouri,Missouri 4,Vicky Hartzler,Republican,67.6,True,True,R+17,general,https://en.wikipedia.org/wiki/Vicky_Hartzler
Missouri,Missouri 4,Lindsey Simmons,Democratic,29.7,False,False,R+17,general,
Missouri,Missouri 4,Steven K. Koonse,Libertarian,2.7,False,False,R+17,general,
Missouri,Missouri 5,Emanuel Cleaver,Democratic,58.8,True,True,D+7,general,https://en.wikipedia.org/wiki/Emanuel_Cleaver
Missouri,Missouri 5,Ryan Derks,Republican,38.6,False,False,D+7,general,
Missouri,Missouri 5,Robin Dominick,Libertarian,2.6,False,False,D+7,general,
Missouri,Missouri 6,Sam Graves,Republican,67.1,True,True,R+16,general,https://en.wikipedia.org/wiki/Sam_Graves
Missouri,Missouri 6,Gena L. Ross,Democratic,30.8,False,False,R+16,general,
Missouri,Missouri 6,Jim Higgins,Libertarian,2.1,False,False,R+16,general,
Missouri,Missouri 7,Billy Long,Republican,68.9,True,True,R+23,general,https://en.wikipedia.org/wiki/Billy_Long
Missouri,Missouri 7,Teresa Montseny,Democratic,26.6,False,False,R+23,general,
Missouri,Missouri 7,Kevin Craig,Libertarian,4.2,False,False,R+23,general,
Missouri,Missouri 8,Jason Smith,Republican,76.9,True,True,R+24,general,https://en.wikipedia.org/wiki/Jason_Smith_(American_politician)
Missouri,Missouri 8,Kathy Ellis,Democratic,21.4,False,False,R+24,general,
Missouri,Missouri 8,Tom Schmitz,Libertarian,1.8,False,False,R+24,general,
Montana,Montana at-large,Matt Rosendale,Republican,56.4,False,True,R+11,general,https://en.wikipedia.org/wiki/Matt_Rosendale
Montana,Montana at-large,Kathleen Williams,Democratic,43.6,False,False,R+11,general,https://en.wikipedia.org/wiki/Kathleen_Williams_(politician)
Nebraska,Nebraska 1,Jeff Fortenberry,Republican,59.5,True,True,R+11,general,https://en.wikipedia.org/wiki/Jeff_Fortenberry
Nebraska,Nebraska 1,Kate Bolz,Democratic,37.7,False,False,R+11,general,https://en.wikipedia.org/wiki/Kate_Bolz
Nebraska,Nebraska 1,Dennis Grace,Libertarian,2.8,False,False,R+11,general,
Nebraska,Nebraska 2,Don Bacon,Republican,50.8,True,True,R+4,general,https://en.wikipedia.org/wiki/Don_Bacon
Nebraska,Nebraska 2,Kara Eastman,Democratic,46.2,False,False,R+4,general,https://en.wikipedia.org/wiki/Kara_H._Eastman
Nebraska,Nebraska 2,Tyler Schaeffer,Libertarian,3.0,False,False,R+4,general,
Nebraska,Nebraska 3,Adrian Smith,Republican,78.5,True,True,R+27,general,https://en.wikipedia.org/wiki/Adrian_Smith_(politician)
Nebraska,Nebraska 3,Mark Elworth Jr.,Democratic,17.7,False,False,R+27,general,https://en.wikipedia.org/wiki/Mark_Elworth_Jr.
Nebraska,Nebraska 3,Dustin Hobbs,Libertarian,3.8,False,False,R+27,general,
Nevada,Nevada 1,Dina Titus,Democratic,61.8,True,True,D+15,general,https://en.wikipedia.org/wiki/Dina_Titus
Nevada,Nevada 1,Joyce Bentley,Republican,33.4,False,False,D+15,general,
Nevada,Nevada 1,Robert Van Strawder,Libertarian,2.8,False,False,D+15,general,
Nevada,Nevada 1,Kamau Bakari,Independent American,2.1,False,False,D+15,general,
Nevada,Nevada 2,Mark Amodei,Republican,56.5,True,True,R+7,general,https://en.wikipedia.org/wiki/Mark_Amodei
Nevada,Nevada 2,Patricia Ackerman,Democratic,40.7,False,False,R+7,general,
Nevada,Nevada 2,Janine Hansen,Independent American,2.8,False,False,R+7,general,
Nevada,Nevada 3,Susie Lee,Democratic,48.8,True,True,R+2,general,https://en.wikipedia.org/wiki/Susie_Lee
Nevada,Nevada 3,Dan Rodimer,Republican,45.8,False,False,R+2,general,https://en.wikipedia.org/wiki/Daniel_Rodimer
Nevada,Nevada 3,Steve Brown,Libertarian,2.9,False,False,R+2,general,
Nevada,Nevada 3,Edward Bridges,Independent American,2.5,False,False,R+2,general,
Nevada,Nevada 4,Steven Horsford,Democratic,50.7,True,True,D+3,general,https://en.wikipedia.org/wiki/Steven_Horsford
Nevada,Nevada 4,Jim Marchant,Republican,45.8,False,False,D+3,general,https://en.wikipedia.org/wiki/Jim_Marchant
Nevada,Nevada 4,Jonathan Esteban,Libertarian,2.4,False,False,D+3,general,
Nevada,Nevada 4,Barry Rubinson,Independent American,1.1,False,False,D+3,general,
New Hampshire,New Hampshire 1,Chris Pappas,Democratic,51.3,True,True,R+2,general,https://en.wikipedia.org/wiki/Chris_Pappas_(American_politician)
New Hampshire,New Hampshire 1,Matt Mowers,Republican,46.2,False,False,R+2,general,
New Hampshire,New Hampshire 1,Zachary Dumont,Libertarian,2.4,False,False,R+2,general,
New Hampshire,New Hampshire 2,Annie Kuster,Democratic,53.9,True,True,D+2,general,https://en.wikipedia.org/wiki/Annie_Kuster
New Hampshire,New Hampshire 2,Steve Negron,Republican,43.7,False,False,D+2,general,https://en.wikipedia.org/wiki/Steve_Negron
New Hampshire,New Hampshire 2,Andrew Olding,Libertarian,2.4,False,False,D+2,general,
New Jersey,New Jersey 1,Donald Norcross,Democratic,62.5,True,True,D+13,general,https://en.wikipedia.org/wiki/Donald_Norcross
New Jersey,New Jersey 1,Claire Gustafson,Republican,37.5,False,False,D+13,general,
New Jersey,New Jersey 10,Donald Payne Jr.,Democratic,83.3,True,True,D+36,general,https://en.wikipedia.org/wiki/Donald_Payne_Jr.
New Jersey,New Jersey 10,Jennifer Zinone,Republican,13.9,False,False,D+36,general,
New Jersey,New Jersey 10,Khaliah Fitchette,Independent,1.2,False,False,D+36,general,
New Jersey,New Jersey 10,Akil Khalfani,Independent,1.2,False,False,D+36,general,
New Jersey,New Jersey 10,John Mirrione,Libertarian,0.4,False,False,D+36,general,
New Jersey,New Jersey 11,Mikie Sherrill,Democratic,53.3,True,True,R+3,general,https://en.wikipedia.org/wiki/Mikie_Sherrill
New Jersey,New Jersey 11,Rosemary Becchi,Republican,46.7,False,False,R+3,general,
New Jersey,New Jersey 12,Bonnie Watson Coleman,Democratic,65.6,True,True,D+16,general,https://en.wikipedia.org/wiki/Bonnie_Watson_Coleman
New Jersey,New Jersey 12,Mark Razzoli,Republican,32.6,False,False,D+16,general,
New Jersey,New Jersey 12,Ed Forchion,Legalize Marijuana,1.3,False,False,D+16,general,https://en.wikipedia.org/wiki/Ed_Forchion
New Jersey,New Jersey 12,Kenneth Cody,Independent,0.5,False,False,D+16,general,
New Jersey,New Jersey 2,Jeff Van Drew,Republican,51.9,True,True,R+1,general,https://en.wikipedia.org/wiki/Jeff_Van_Drew
New Jersey,New Jersey 2,Amy Kennedy,Democratic,46.2,False,False,R+1,general,https://en.wikipedia.org/wiki/Amy_Kennedy
New Jersey,New Jersey 2,Jenna Harvey,Independent,1.1,False,False,R+1,general,
New Jersey,New Jersey 2,Jesse Ehrnstrom,Libertarian,0.8,False,False,R+1,general,
New Jersey,New Jersey 3,Andy Kim,Democratic,53.2,True,True,R+2,general,https://en.wikipedia.org/wiki/Andy_Kim_(politician)
New Jersey,New Jersey 3,David Richter,Republican,45.5,False,False,R+2,general,
New Jersey,New Jersey 3,Martin Weber,Independent,0.9,False,False,R+2,general,
New Jersey,New Jersey 3,Robert Shapiro,Independent Constitution,0.4,False,False,R+2,general,
New Jersey,New Jersey 4,Chris Smith,Republican,59.9,True,True,R+8,general,https://en.wikipedia.org/wiki/Chris_Smith_(New_Jersey_politician)
New Jersey,New Jersey 4,Stephanie Schmid,Democratic,38.3,False,False,R+8,general,
New Jersey,New Jersey 4,Henry Schroeder,Independent,0.7,False,False,R+8,general,
New Jersey,New Jersey 4,Michael Rufo,Libertarian,0.6,False,False,R+8,general,
New Jersey,New Jersey 4,Andrew Machuta,Independent,0.5,False,False,R+8,general,
New Jersey,New Jersey 5,Josh Gottheimer,Democratic,53.2,True,True,R+3,general,https://en.wikipedia.org/wiki/Josh_Gottheimer
New Jersey,New Jersey 5,Frank Pallotta,Republican,45.6,False,False,R+3,general,
New Jersey,New Jersey 5,Louis Vellucci,Independent,1.2,False,False,R+3,general,
New Jersey,New Jersey 6,Frank Pallone,Democratic,61.2,True,True,D+9,general,https://en.wikipedia.org/wiki/Frank_Pallone
New Jersey,New Jersey 6,Christian Onuoha,Republican,38.8,False,False,D+9,general,
New Jersey,New Jersey 7,Tom Malinowski,Democratic,50.6,True,True,R+3,general,https://en.wikipedia.org/wiki/Tom_Malinowski
New Jersey,New Jersey 7,Thomas Kean Jr.,Republican,49.4,False,False,R+3,general,https://en.wikipedia.org/wiki/Thomas_Kean_Jr.
New Jersey,New Jersey 8,Albio Sires,Democratic,74.0,True,True,D+27,general,https://en.wikipedia.org/wiki/Albio_Sires
New Jersey,New Jersey 8,Jason Mushnick,Republican,24.6,False,False,D+27,general,
New Jersey,New Jersey 8,Dan Delaney,Libertarian,1.4,False,False,D+27,general,
New Jersey,New Jersey 9,Bill Pascrell,Democratic,65.8,True,True,D+16,general,https://en.wikipedia.org/wiki/Bill_Pascrell
New Jersey,New Jersey 9,Billy Prempeh,Republican,31.9,False,False,D+16,general,
New Jersey,New Jersey 9,Chris Auriemma,Independent,2.3,False,False,D+16,general,
New Mexico,New Mexico 1,Deb Haaland,Democratic,58.2,True,True,D+7,general,https://en.wikipedia.org/wiki/Deb_Haaland
New Mexico,New Mexico 1,Michelle Garcia Holmes,Republican,41.8,False,False,D+7,general,
New Mexico,New Mexico 2,Yvette Herrell,Republican,53.7,False,True,R+6,general,https://en.wikipedia.org/wiki/Yvette_Herrell
New Mexico,New Mexico 2,Xochitl Torres Small,Democratic,46.3,True,False,R+6,general,https://en.wikipedia.org/wiki/Xochitl_Torres_Small
New Mexico,New Mexico 3,Teresa Leger Fernandez,Democratic,58.7,False,True,D+8,general,https://en.wikipedia.org/wiki/Teresa_Leger_Fernandez
New Mexico,New Mexico 3,Alexis Johnson,Republican,41.3,False,False,D+8,general,
New York,New York 1,Lee Zeldin,Republican,54.9,True,True,R+5,general,https://en.wikipedia.org/wiki/Lee_Zeldin
New York,New York 1,Nancy Goroff,Democratic,45.1,False,False,R+5,general,https://en.wikipedia.org/wiki/Nancy_Goroff
New York,New York 10,Jerry Nadler,Democratic,74.6,True,True,D+26,general,https://en.wikipedia.org/wiki/Jerry_Nadler
New York,New York 10,Cathy Bernstein,Republican,24.2,False,False,D+26,general,
New York,New York 10,Michael Madrid,Libertarian,1.2,False,False,D+26,general,
New York,New York 11,Nicole Malliotakis,Republican,53.2,False,True,R+3,general,https://en.wikipedia.org/wiki/Nicole_Malliotakis
New York,New York 11,Max Rose,Democratic,46.8,True,False,R+3,general,https://en.wikipedia.org/wiki/Max_Rose
New York,New York 12,Carolyn Maloney,Democratic,82.3,True,True,D+31,general,https://en.wikipedia.org/wiki/Carolyn_Maloney
New York,New York 12,Carlos Santiago-Cano,Republican,16.5,False,False,D+31,general,
New York,New York 12,Steven Kolln,Libertarian,1.2,False,False,D+31,general,
New York,New York 13,Adriano Espaillat,Democratic,90.9,True,True,D+43,general,https://en.wikipedia.org/wiki/Adriano_Espaillat
New York,New York 13,Lovelynn Gwinn,Republican,7.8,False,False,D+43,general,
New York,New York 13,Christopher Morris-Perry,Conservative,1.3,False,False,D+43,general,
New York,New York 14,Alexandria Ocasio-Cortez,Democratic,71.6,True,True,D+29,general,https://en.wikipedia.org/wiki/Alexandria_Ocasio-Cortez
New York,New York 14,John Cummings,Republican,27.4,False,False,D+29,general,
New York,New York 14,Michelle Caruso-Cabrera,Serve America,1.0,False,False,D+29,general,https://en.wikipedia.org/wiki/Michelle_Caruso-Cabrera
New York,New York 15,Ritchie Torres,Democratic,88.9,False,True,D+44,general,https://en.wikipedia.org/wiki/Ritchie_Torres
New York,New York 15,Patrick Delices,Republican,11.1,False,False,D+44,general,
New York,New York 16,Jamaal Bowman,Democratic,84.2,False,True,D+24,general,https://en.wikipedia.org/wiki/Jamaal_Bowman
New York,New York 16,Patrick McManus,Conservative,15.8,False,False,D+24,general,
New York,New York 17,Mondaire Jones,Democratic,59.3,False,True,D+7,general,https://en.wikipedia.org/wiki/Mondaire_Jones
New York,New York 17,Maureen McArdle-Schulman,Republican,35.3,False,False,D+7,general,
New York,New York 17,ehudis Gottesfeld,Conservative,2.7,False,True,D+7,general,
New York,New York 17,Joshua Eisen,Independent,1.9,False,False,D+7,general,
New York,New York 17,Michael Parietti,Serve America,0.8,False,False,D+7,general,
New York,New York 18,Sean Patrick Maloney,Democratic,55.8,True,True,R+1,general,https://en.wikipedia.org/wiki/Sean_Patrick_Maloney
New York,New York 18,Chele Farley,Republican,43.2,False,False,R+1,general,
New York,New York 18,Scott Smith,Libertarian,1.0,False,False,R+1,general,
New York,New York 19,Antonio Delgado,Democratic,54.8,True,True,R+2,general,https://en.wikipedia.org/wiki/Antonio_Delgado
New York,New York 19,Kyle Van De Water,Republican,43.2,False,False,R+2,general,
New York,New York 19,Victoria Alexander,Libertarian,1.2,False,False,R+2,general,
New York,New York 19,Steven Greenfield,Green,0.8,False,False,R+2,general,
New York,New York 2,Andrew Garbarino,Republican,52.9,False,True,R+3,general,https://en.wikipedia.org/wiki/Andrew_Garbarino
New York,New York 2,Jackie Gordon,Democratic,46.0,False,False,R+3,general,
New York,New York 2,Harry Burger,Green,1.1,False,False,R+3,general,
New York,New York 20,Paul Tonko,Democratic,61.2,True,True,D+7,general,https://en.wikipedia.org/wiki/Paul_Tonko
New York,New York 20,Elizabeth Joy,Republican,38.8,False,False,D+7,general,
New York,New York 21,Elise Stefanik,Republican,58.8,True,True,R+4,general,https://en.wikipedia.org/wiki/Elise_Stefanik
New York,New York 21,Tedra Cobb,Democratic,41.2,False,False,R+4,general,https://en.wikipedia.org/wiki/Tedra_Cobb
New York,New York 22,Claudia Tenney,Republican,48.84,False,True,R+6,general,https://en.wikipedia.org/wiki/Claudia_Tenney
New York,New York 22,Anthony Brindisi,Democratic,48.8,True,False,R+6,general,https://en.wikipedia.org/wiki/Anthony_Brindisi
New York,New York 22,Keith Price,Libertarian,2.12,False,False,R+6,general,
New York,New York 23,Tom Reed,Republican,57.7,True,True,R+6,general,https://en.wikipedia.org/wiki/Tom_Reed_(politician)
New York,New York 23,Tracy Mitrano,Democratic,41.1,False,False,R+6,general,
New York,New York 23,Andrew Kolstee,Libertarian,1.2,False,False,R+6,general,
New York,New York 24,John Katko,Republican,53.1,True,True,D+3,general,https://en.wikipedia.org/wiki/John_Katko
New York,New York 24,Dana Balter,Democratic,43.0,False,False,D+3,general,
New York,New York 24,Steven Williams,Working Families,3.9,False,False,D+3,general,
New York,New York 25,Joseph Morelle,Democratic,59.3,True,True,D+8,general,https://en.wikipedia.org/wiki/Joseph_Morelle
New York,New York 25,George Mitris,Republican,39.2,False,False,D+8,general,
New York,New York 25,Kevin Wilson,Libertarian,1.5,False,False,D+8,general,
New York,New York 26,Brian Higgins,Democratic,69.9,True,True,D+11,general,https://en.wikipedia.org/wiki/Brian_Higgins
New York,New York 26,Ricky Donovan,Republican,28.7,False,False,D+11,general,
New York,New York 26,Michael Raleigh,Green,1.4,False,False,D+11,general,
New York,New York 27,Chris Jacobs,Republican,59.7,True,True,R+11,general,https://en.wikipedia.org/wiki/Chris_Jacobs_(politician)
New York,New York 27,Nate McMurray,Democratic,39.0,False,False,R+11,general,
New York,New York 27,Duane Whitmer,Libertarian,1.3,False,False,R+11,general,
New York,New York 27,Chris Jacobs,Republican,51.8,False,True,,special,https://en.wikipedia.org/wiki/Chris_Jacobs_(politician)
New York,New York 27,Nate McMurray,Democratic,46.6,False,False,,special,
New York,New York 3,Thomas Suozzi,Democratic,55.9,True,True,D+1,general,https://en.wikipedia.org/wiki/Thomas_Suozzi
New York,New York 3,George Santos,Republican,43.4,False,False,D+1,general,https://en.wikipedia.org/wiki/George_Santos
New York,New York 3,Howard Rabin,Libertarian,0.5,False,False,D+1,general,
New York,New York 4,Kathleen Rice,Democratic,56.1,True,True,D+4,general,https://en.wikipedia.org/wiki/Kathleen_Rice
New York,New York 4,Douglas Tuman,Republican,43.0,False,False,D+4,general,
New York,New York 4,Joseph Naham,Green,0.9,False,False,D+4,general,
New York,New York 5,Gregory Meeks,Democratic,100.0,True,True,D+37,general,
New York,New York 6,Grace Meng,Democratic,68.0,True,True,D+16,general,https://en.wikipedia.org/wiki/Grace_Meng
New York,New York 6,Thomas Zmich,Republican,32.0,False,False,D+16,general,
New York,New York 7,Nydia Velázquez,Democratic,84.9,True,True,D+38,general,https://en.wikipedia.org/wiki/Nydia_Vel%C3%A1zquez
New York,New York 7,Brian Kelly,Republican,14.4,False,False,D+38,general,
New York,New York 7,Gilbert Midonnet,Libertarian,0.7,False,False,D+38,general,
New York,New York 8,Hakeem Jeffries,Democratic,84.8,True,True,D+36,general,https://en.wikipedia.org/wiki/Hakeem_Jeffries
New York,New York 8,Garfield Wallace,Republican,15.2,False,False,D+36,general,
New York,New York 9,Yvette Clarke,Democratic,83.1,True,True,D+34,general,https://en.wikipedia.org/wiki/Yvette_Clarke
New York,New York 9,Constantin Jean-Pierre,Republican,15.9,False,False,D+34,general,
New York,New York 9,Gary S. Popkin,Libertarian,0.6,False,False,D+34,general,
New York,New York 9,Joel Anabilah-Azumah,Serve America,0.4,False,False,D+34,general,
North Carolina,North Carolina 1,G. K. Butterfield,Democratic,54.2,True,True,D+5,general,https://en.wikipedia.org/wiki/G._K._Butterfield
North Carolina,North Carolina 1,Sandy Smith,Republican,45.8,False,False,D+5,general,
North Carolina,North Carolina 10,Patrick McHenry,Republican,68.9,True,True,R+20,general,https://en.wikipedia.org/wiki/Patrick_McHenry
North Carolina,North Carolina 10,David Parker,Democratic,31.1,False,False,R+20,general,
North Carolina,North Carolina 11,Madison Cawthorn,Republican,54.5,False,True,R+9,general,https://en.wikipedia.org/wiki/Madison_Cawthorn
North Carolina,North Carolina 11,Moe Davis,Democratic,42.4,False,False,R+9,general,https://en.wikipedia.org/wiki/Moe_Davis
North Carolina,North Carolina 11,Tracey DeBruhl,Libertarian,1.9,False,False,R+9,general,
North Carolina,North Carolina 11,Tamara Zwinak,Green,1.2,False,False,R+9,general,
North Carolina,North Carolina 12,Alma Adams,Democratic,100.0,True,True,D+14,general,
North Carolina,North Carolina 13,Ted Budd,Republican,68.2,True,True,R+19,general,https://en.wikipedia.org/wiki/Ted_Budd
North Carolina,North Carolina 13,Scott Huffman,Democratic,31.8,False,False,R+19,general,
North Carolina,North Carolina 2,Deborah Ross,Democratic,63.0,False,True,D+9,general,https://en.wikipedia.org/wiki/Deborah_Ross_(politician)
North Carolina,North Carolina 2,Alan Swain,Republican,34.8,False,False,D+9,general,
North Carolina,North Carolina 2,Jeff Matemu,Libertarian,2.2,False,False,D+9,general,
North Carolina,North Carolina 3,Greg Murphy,Republican,63.4,True,True,R+12,general,https://en.wikipedia.org/wiki/Greg_Murphy_(politician)
North Carolina,North Carolina 3,Daryl Farrow,Democratic,36.6,False,False,R+12,general,
North Carolina,North Carolina 4,David Price,Democratic,67.3,True,True,D+14,general,https://en.wikipedia.org/wiki/David_Price_(American_politician)
North Carolina,North Carolina 4,Robert Thomas,Republican,32.7,False,False,D+14,general,
North Carolina,North Carolina 5,Virginia Foxx,Republican,66.9,True,True,R+18,general,https://en.wikipedia.org/wiki/Virginia_Foxx
North Carolina,North Carolina 5,David Wilson Brown,Democratic,31.1,False,False,R+18,general,
North Carolina,North Carolina 5,Jeff Gregory,Constitution,2.0,False,False,R+18,general,
North Carolina,North Carolina 6,Kathy Manning,Democratic,62.3,False,True,D+9,general,https://en.wikipedia.org/wiki/Kathy_Manning
North Carolina,North Carolina 6,Lee Haywood,Republican,37.7,False,False,D+9,general,
North Carolina,North Carolina 7,David Rouzer,Republican,60.2,True,True,R+11,general,https://en.wikipedia.org/wiki/David_Rouzer
North Carolina,North Carolina 7,Christopher M. Ward,Democratic,39.6,False,False,R+11,general,
North Carolina,North Carolina 8,Richard Hudson,Republican,53.3,True,True,R+5,general,https://en.wikipedia.org/wiki/Richard_Hudson_(American_politician)
North Carolina,North Carolina 8,Patricia Timmons-Goodson,Democratic,46.7,False,False,R+5,general,https://en.wikipedia.org/wiki/Patricia_Timmons-Goodson
North Carolina,North Carolina 9,Dan Bishop,Republican,55.6,True,True,R+7,general,https://en.wikipedia.org/wiki/Dan_Bishop
North Carolina,North Carolina 9,Cynthia Wallace,Democratic,44.4,False,False,R+7,general,
North Dakota,North Dakota at-large,Kelly Armstrong,Republican,69.0,True,True,R+16,general,https://en.wikipedia.org/wiki/Kelly_Armstrong
North Dakota,North Dakota at-large,Zach Raknerud,Democratic-NPL,27.6,False,False,R+16,general,
North Dakota,North Dakota at-large,Steven Peterson,Libertarian,3.4,False,False,R+16,general,
Ohio,Ohio 1,Steve Chabot,Republican,51.8,True,True,R+5,general,https://en.wikipedia.org/wiki/Steve_Chabot
Ohio,Ohio 1,Kate Schroder,Democratic,44.7,False,False,R+5,general,
Ohio,Ohio 1,Kevin David Kahn,Libertarian,3.5,False,False,R+5,general,
Ohio,Ohio 10,Mike Turner,Republican,58.4,True,True,R+4,general,https://en.wikipedia.org/wiki/Mike_Turner
Ohio,Ohio 10,Desiree Tims,Democratic,41.6,False,False,R+4,general,https://en.wikipedia.org/wiki/Desiree_Tims
Ohio,Ohio 11,Marcia Fudge,Democratic,80.1,True,True,D+32,general,https://en.wikipedia.org/wiki/Marcia_Fudge
Ohio,Ohio 11,Laverne Gore,Republican,19.9,False,False,D+32,general,
Ohio,Ohio 12,Troy Balderson,Republican,55.2,True,True,R+7,general,https://en.wikipedia.org/wiki/Troy_Balderson
Ohio,Ohio 12,Alaina Shearer,Democratic,41.8,False,False,R+7,general,
Ohio,Ohio 12,John S. Stewart,Libertarian,3.0,False,False,R+7,general,
Ohio,Ohio 13,Tim Ryan,Democratic,52.5,True,True,D+7,general,https://en.wikipedia.org/wiki/Tim_Ryan_(Ohio_politician)
Ohio,Ohio 13,Christina Hagan,Republican,44.9,False,False,D+7,general,https://en.wikipedia.org/wiki/Christina_Hagan
Ohio,Ohio 13,Michael Fricke,Libertarian,2.6,False,False,D+7,general,
Ohio,Ohio 14,David Joyce,Republican,60.1,True,True,R+5,general,https://en.wikipedia.org/wiki/David_Joyce_(politician)
Ohio,Ohio 14,Hillary O'Connor Mueri,Democratic,39.9,False,False,R+5,general,
Ohio,Ohio 15,Steve Stivers,Republican,63.4,True,True,R+7,general,https://en.wikipedia.org/wiki/Steve_Stivers
Ohio,Ohio 15,Joel Newby,Democratic,36.6,False,False,R+7,general,
Ohio,Ohio 16,Anthony Gonzalez,Republican,63.2,True,True,R+8,general,https://en.wikipedia.org/wiki/Anthony_Gonzalez_(politician)
Ohio,Ohio 16,Aaron Paul Godfrey,Democratic,36.8,False,False,R+8,general,
Ohio,Ohio 2,Brad Wenstrup,Republican,61.1,True,True,R+9,general,https://en.wikipedia.org/wiki/Brad_Wenstrup
Ohio,Ohio 2,Jaime Castle,Democratic,38.9,False,False,R+9,general,
Ohio,Ohio 3,Joyce Beatty,Democratic,70.8,True,True,D+19,general,https://en.wikipedia.org/wiki/Joyce_Beatty
Ohio,Ohio 3,Mark Richardson,Republican,29.2,False,False,D+19,general,
Ohio,Ohio 4,Jim Jordan,Republican,67.9,True,True,R+14,general,https://en.wikipedia.org/wiki/Jim_Jordan
Ohio,Ohio 4,Shannon Freshour,Democratic,29.3,False,False,R+14,general,
Ohio,Ohio 4,Steve Perkins,Libertarian,2.8,False,False,R+14,general,
Ohio,Ohio 5,Bob Latta,Republican,68.0,True,True,R+11,general,https://en.wikipedia.org/wiki/Bob_Latta
Ohio,Ohio 5,Nick Rubando,Democratic,32.0,False,False,R+11,general,
Ohio,Ohio 6,Bill Johnson,Republican,74.4,True,True,R+16,general,https://en.wikipedia.org/wiki/Bill_Johnson_(Ohio_politician)
Ohio,Ohio 6,Shawna Roberts,Democratic,25.6,False,False,R+16,general,
Ohio,Ohio 7,Bob Gibbs,Republican,67.5,True,True,R+12,general,https://en.wikipedia.org/wiki/Bob_Gibbs
Ohio,Ohio 7,Quentin Potter,Democratic,29.2,False,False,R+12,general,
Ohio,Ohio 7,Brandon Lape,Libertarian,3.3,False,False,R+12,general,
Ohio,Ohio 8,Warren Davidson,Republican,69.0,True,True,R+17,general,https://en.wikipedia.org/wiki/Warren_Davidson
Ohio,Ohio 8,Vanessa Enoch,Democratic,31.0,False,False,R+17,general,
Ohio,Ohio 9,Marcy Kaptur,Democratic,63.1,True,True,D+14,general,https://en.wikipedia.org/wiki/Marcy_Kaptur
Ohio,Ohio 9,Rob Weber,Republican,36.9,False,False,D+14,general,
Oklahoma,Oklahoma 1,Kevin Hern,Republican,63.7,True,True,R+17,general,https://en.wikipedia.org/wiki/Kevin_Hern
Oklahoma,Oklahoma 1,Kojo Asamoa-Caesar,Democratic,32.7,False,False,R+17,general,
Oklahoma,Oklahoma 1,Evelyn Rogers,Independent,3.6,False,False,R+17,general,
Oklahoma,Oklahoma 2,Markwayne Mullin,Republican,75.0,True,True,R+24,general,https://en.wikipedia.org/wiki/Markwayne_Mullin
Oklahoma,Oklahoma 2,Danyell Lanier,Democratic,22.0,False,False,R+24,general,
Oklahoma,Oklahoma 2,Richie Castaldo,Libertarian,3.0,False,False,R+24,general,
Oklahoma,Oklahoma 3,Frank Lucas,Republican,78.5,True,True,R+27,general,https://en.wikipedia.org/wiki/Frank_Lucas_(Oklahoma_politician)
Oklahoma,Oklahoma 3,Zoe Midyett,Democratic,21.5,False,False,R+27,general,
Oklahoma,Oklahoma 4,Tom Cole,Republican,67.8,True,True,R+20,general,https://en.wikipedia.org/wiki/Tom_Cole
Oklahoma,Oklahoma 4,Mary Brannon,Democratic,28.8,False,False,R+20,general,
Oklahoma,Oklahoma 4,Bob White,Libertarian,3.4,False,False,R+20,general,
Oklahoma,Oklahoma 5,Stephanie Bice,Republican,52.1,False,True,R+10,general,https://en.wikipedia.org/wiki/Stephanie_Bice
Oklahoma,Oklahoma 5,Kendra Horn,Democratic,47.9,True,False,R+10,general,https://en.wikipedia.org/wiki/Kendra_Horn
Oregon,Oregon 1,Suzanne Bonamici,Democratic,64.6,True,True,D+9,general,https://en.wikipedia.org/wiki/Suzanne_Bonamici
Oregon,Oregon 1,Christopher Christensen,Republican,35.2,False,False,D+9,general,
Oregon,Oregon 2,Cliff Bentz,Republican,59.9,False,True,R+11,general,https://en.wikipedia.org/wiki/Cliff_Bentz
Oregon,Oregon 2,Alex Spenser,Democratic,36.9,False,False,R+11,general,
Oregon,Oregon 2,Robert Werch,Libertarian,3.1,False,False,R+11,general,
Oregon,Oregon 3,Earl Blumenauer,Democratic,73.0,True,True,D+24,general,https://en.wikipedia.org/wiki/Earl_Blumenauer
Oregon,Oregon 3,Joanna Harbour,Republican,23.5,False,False,D+24,general,
Oregon,Oregon 3,Alex DiBlasi,Pacific Green,1.9,False,False,D+24,general,
Oregon,Oregon 3,Josh Solomon,Libertarian,1.5,False,False,D+24,general,
Oregon,Oregon 4,Peter DeFazio,Democratic,51.5,True,True,Even,general,https://en.wikipedia.org/wiki/Peter_DeFazio
Oregon,Oregon 4,Alek Skarlatos,Republican,46.2,False,False,Even,general,https://en.wikipedia.org/wiki/Alek_Skarlatos
Oregon,Oregon 4,Daniel Hoffay,Pacific Green,2.2,False,False,Even,general,
Oregon,Oregon 5,Kurt Schrader,Democratic,51.9,True,True,Even,general,https://en.wikipedia.org/wiki/Kurt_Schrader
Oregon,Oregon 5,Amy Ryan Courser,Republican,45.1,False,False,Even,general,
Oregon,Oregon 5,Matthew James Rix,Libertarian,2.8,False,False,Even,general,
Pennsylvania,Pennsylvania 1,Brian Fitzpatrick,Republican,56.6,True,True,R+1,general,https://en.wikipedia.org/wiki/Brian_Fitzpatrick_(American_politician)
Pennsylvania,Pennsylvania 1,Christina Finello,Democratic,43.4,False,False,R+1,general,
Pennsylvania,Pennsylvania 10,Scott Perry,Republican,53.3,True,True,R+6,general,https://en.wikipedia.org/wiki/Scott_Perry
Pennsylvania,Pennsylvania 10,Eugene DePasquale,Democratic,46.7,False,False,R+6,general,https://en.wikipedia.org/wiki/Eugene_DePasquale
Pennsylvania,Pennsylvania 11,Lloyd Smucker,Republican,63.1,True,True,R+14,general,https://en.wikipedia.org/wiki/Lloyd_Smucker
Pennsylvania,Pennsylvania 11,Sarah Hammond,Democratic,36.9,False,False,R+14,general,
Pennsylvania,Pennsylvania 12,Fred Keller,Republican,70.8,True,True,R+17,general,https://en.wikipedia.org/wiki/Fred_Keller_(politician)
Pennsylvania,Pennsylvania 12,Lee Griffin,Democratic,29.2,False,False,R+17,general,
Pennsylvania,Pennsylvania 13,John Joyce,Republican,73.5,True,True,R+22,general,https://en.wikipedia.org/wiki/John_Joyce_(American_politician)
Pennsylvania,Pennsylvania 13,Todd Rowley,Democratic,26.5,False,False,R+22,general,
Pennsylvania,Pennsylvania 14,Guy Reschenthaler,Republican,64.7,True,True,R+14,general,https://en.wikipedia.org/wiki/Guy_Reschenthaler
Pennsylvania,Pennsylvania 14,Bill Marx,Democratic,35.3,False,False,R+14,general,
Pennsylvania,Pennsylvania 15,Glenn Thompson,Republican,73.5,True,True,R+20,general,https://en.wikipedia.org/wiki/Glenn_Thompson_(politician)
Pennsylvania,Pennsylvania 15,Robert Williams,Democratic,26.5,False,False,R+20,general,
Pennsylvania,Pennsylvania 16,Mike Kelly,Republican,59.3,True,True,R+8,general,https://en.wikipedia.org/wiki/Mike_Kelly_(Pennsylvania_politician)
Pennsylvania,Pennsylvania 16,Kristy Gnibus,Democratic,40.7,False,False,R+8,general,
Pennsylvania,Pennsylvania 17,Conor Lamb,Democratic,51.1,True,True,R+3,general,https://en.wikipedia.org/wiki/Conor_Lamb
Pennsylvania,Pennsylvania 17,Sean Parnell,Republican,48.9,False,False,R+3,general,
Pennsylvania,Pennsylvania 18,Mike Doyle,Democratic,69.3,True,True,D+13,general,https://en.wikipedia.org/wiki/Mike_Doyle_(American_politician)
Pennsylvania,Pennsylvania 18,Luke Negron,Republican,30.7,False,False,D+13,general,
Pennsylvania,Pennsylvania 2,Brendan Boyle,Democratic,72.5,True,True,D+25,general,https://en.wikipedia.org/wiki/Brendan_Boyle
Pennsylvania,Pennsylvania 2,David Torres,Republican,27.5,False,False,D+25,general,
Pennsylvania,Pennsylvania 3,Dwight Evans,Democratic,91.0,True,True,D+41,general,https://en.wikipedia.org/wiki/Dwight_Evans_(politician)
Pennsylvania,Pennsylvania 3,Michael Harvey,Republican,9.0,False,False,D+41,general,
Pennsylvania,Pennsylvania 4,Madeleine Dean,Democratic,59.5,True,True,D+7,general,https://en.wikipedia.org/wiki/Madeleine_Dean
Pennsylvania,Pennsylvania 4,Kathy Barnette,Republican,40.5,False,False,D+7,general,https://en.wikipedia.org/wiki/Kathy_Barnette
Pennsylvania,Pennsylvania 5,Mary Gay Scanlon,Democratic,64.7,True,True,D+13,general,https://en.wikipedia.org/wiki/Mary_Gay_Scanlon
Pennsylvania,Pennsylvania 5,Dasha Pruett,Republican,35.3,False,False,D+13,general,
Pennsylvania,Pennsylvania 6,Chrissy Houlahan,Democratic,56.1,True,True,D+2,general,https://en.wikipedia.org/wiki/Chrissy_Houlahan
Pennsylvania,Pennsylvania 6,John Emmons,Republican,43.9,False,False,D+2,general,
Pennsylvania,Pennsylvania 7,Susan Wild,Democratic,51.9,True,True,D+1,general,https://en.wikipedia.org/wiki/Susan_Wild
Pennsylvania,Pennsylvania 7,Lisa Scheller,Republican,48.1,False,False,D+1,general,
Pennsylvania,Pennsylvania 8,Matt Cartwright,Democratic,51.8,True,True,R+1,general,https://en.wikipedia.org/wiki/Matt_Cartwright
Pennsylvania,Pennsylvania 8,Jim Bognet,Republican,48.2,False,False,R+1,general,
Pennsylvania,Pennsylvania 9,Dan Meuser,Republican,66.3,True,True,R+14,general,https://en.wikipedia.org/wiki/Dan_Meuser
Pennsylvania,Pennsylvania 9,Gary Wegman,Democratic,33.7,False,False,R+14,general,
Rhode Island,Rhode Island 1,David Cicilline,Democratic,70.8,True,True,D+16,general,https://en.wikipedia.org/wiki/David_Cicilline
Rhode Island,Rhode Island 1,Jeffrey Lemire,Independent,15.8,False,False,D+16,general,
Rhode Island,Rhode Island 1,Frederick Wysocki,Independent,12.6,False,False,D+16,general,
Rhode Island,Rhode Island 2,Jim Langevin,Democratic,58.2,True,True,D+6,general,https://en.wikipedia.org/wiki/James_Langevin
Rhode Island,Rhode Island 2,Robert Lancia,Republican,41.5,False,False,D+6,general,https://en.wikipedia.org/wiki/Robert_Lancia
South Carolina,South Carolina 1,Nancy Mace,Republican,50.6,False,True,R+10,general,https://en.wikipedia.org/wiki/Nancy_Mace
South Carolina,South Carolina 1,Joe Cunningham,Democratic,49.3,True,False,R+10,general,https://en.wikipedia.org/wiki/Joe_Cunningham_(American_politician)
South Carolina,South Carolina 2,Joe Wilson,Republican,55.7,True,True,R+12,general,https://en.wikipedia.org/wiki/Joe_Wilson_(American_politician)
South Carolina,South Carolina 2,Adair Boroughs,Democratic,42.6,False,False,R+12,general,
South Carolina,South Carolina 2,Kathleen Wright,Constitution,1.7,False,False,R+12,general,
South Carolina,South Carolina 3,Jeff Duncan,Republican,71.2,True,True,R+19,general,https://en.wikipedia.org/wiki/Jeff_Duncan_(politician)
South Carolina,South Carolina 3,Hosea Cleveland,Democratic,28.7,False,False,R+19,general,
South Carolina,South Carolina 4,William Timmons,Republican,61.6,True,True,R+15,general,https://en.wikipedia.org/wiki/William_Timmons_(politician)
South Carolina,South Carolina 4,Kim Nelson,Democratic,36.9,False,False,R+15,general,
South Carolina,South Carolina 4,Michael Chandler,Constitution,1.4,False,False,R+15,general,
South Carolina,South Carolina 5,Ralph Norman,Republican,60.1,True,True,R+9,general,https://en.wikipedia.org/wiki/Ralph_Norman
South Carolina,South Carolina 5,Moe Brown,Democratic,39.9,False,False,R+9,general,
South Carolina,South Carolina 6,Jim Clyburn,Democratic,68.2,True,True,D+19,general,https://en.wikipedia.org/wiki/Jim_Clyburn
South Carolina,South Carolina 6,John McCollum,Republican,30.8,False,False,D+19,general,
South Carolina,South Carolina 6,Mark Hackett,Constitution,0.9,False,False,D+19,general,
South Carolina,South Carolina 7,Tom Rice,Republican,61.8,True,True,R+9,general,https://en.wikipedia.org/wiki/Tom_Rice
South Carolina,South Carolina 7,Melissa Watson,Democratic,38.1,False,False,R+9,general,
South Dakota,South Dakota at-large,Dusty Johnson,Republican,81.0,True,True,R+14,general,https://en.wikipedia.org/wiki/Dusty_Johnson
South Dakota,South Dakota at-large,Randy Luallin,Libertarian,19.0,False,False,R+14,general,
Tennessee,Tennessee 1,Diana Harshbarger,Republican,74.7,False,True,R+28,general,https://en.wikipedia.org/wiki/Diana_Harshbarger
Tennessee,Tennessee 1,Blair Walsingham,Democratic,22.5,False,False,R+28,general,
Tennessee,Tennessee 1,Steve Holder,Independent,2.8,False,False,R+28,general,
Tennessee,Tennessee 2,Tim Burchett,Republican,67.6,True,True,R+20,general,https://en.wikipedia.org/wiki/Tim_Burchett
Tennessee,Tennessee 2,Renee Hoyos,Democratic,31.1,False,False,R+20,general,
Tennessee,Tennessee 2,Matthew Campbell,Independent,1.3,False,False,R+20,general,
Tennessee,Tennessee 3,Chuck Fleischmann,Republican,67.3,True,True,R+18,general,https://en.wikipedia.org/wiki/Chuck_Fleischmann
Tennessee,Tennessee 3,Meg Gorman,Democratic,30.5,False,False,R+18,general,
Tennessee,Tennessee 3,Amber Hysell,Independent,1.6,False,False,R+18,general,
Tennessee,Tennessee 3,Keith Sweitzer,Independent,0.6,False,False,R+18,general,
Tennessee,Tennessee 4,Scott DesJarlais,Republican,66.7,True,True,R+20,general,https://en.wikipedia.org/wiki/Scott_DesJarlais
Tennessee,Tennessee 4,Christopher J. Hale,Democratic,33.3,False,False,R+20,general,
Tennessee,Tennessee 5,Jim Cooper,Democratic,100.0,True,True,D+7,general,
Tennessee,Tennessee 6,John Rose,Republican,73.7,True,True,R+24,general,https://en.wikipedia.org/wiki/John_Rose_(Tennessee_politician)
Tennessee,Tennessee 6,Christopher Finley,Democratic,24.0,False,False,R+24,general,
Tennessee,Tennessee 6,Christopher Monday,Independent,2.3,False,False,R+24,general,
Tennessee,Tennessee 7,Mark Green,Republican,69.9,True,True,R+20,general,https://en.wikipedia.org/wiki/Mark_Green_(Tennessee_politician)
Tennessee,Tennessee 7,Kiran Sreepada,Democratic,27.3,False,False,R+20,general,
Tennessee,Tennessee 7,Ronald Brown,Independent,2.2,False,False,R+20,general,
Tennessee,Tennessee 7,Scott Vieira Jr.,Independent,0.6,False,False,R+20,general,
Tennessee,Tennessee 8,David Kustoff,Republican,68.5,True,True,R+19,general,https://en.wikipedia.org/wiki/David_Kustoff
Tennessee,Tennessee 8,Erika Stotts Pearson,Democratic,29.5,False,False,R+19,general,
Tennessee,Tennessee 8,James Hart,Independent,1.1,False,False,R+19,general,
Tennessee,Tennessee 8,Jon Dillard,Independent,0.9,False,False,R+19,general,
Tennessee,Tennessee 9,Steve Cohen,Democratic,77.4,True,True,D+28,general,https://en.wikipedia.org/wiki/Steve_Cohen_(politician)
Tennessee,Tennessee 9,Charlotte Bergmann,Republican,20.1,False,False,D+28,general,
Tennessee,Tennessee 9,Dennis Clark,Independent,1.6,False,False,D+28,general,
Tennessee,Tennessee 9,Bobby Lyons,Independent,0.9,False,False,D+28,general,
Texas,Texas 1,Louie Gohmert,Republican,72.6,True,True,R+25,general,https://en.wikipedia.org/wiki/Louie_Gohmert
Texas,Texas 1,Hank Gilbert,Democratic,27.4,False,False,R+25,general,
Texas,Texas 10,Michael McCaul,Republican,52.5,True,True,R+9,general,https://en.wikipedia.org/wiki/Michael_McCaul
Texas,Texas 10,Mike Siegel,Democratic,45.3,False,False,R+9,general,
Texas,Texas 10,Roy Eriksen,Libertarian,2.2,False,False,R+9,general,
Texas,Texas 11,August Pfluger,Republican,79.7,False,True,R+32,general,https://en.wikipedia.org/wiki/August_Pfluger
Texas,Texas 11,Jon Mark Hogg,Democratic,18.3,False,False,R+32,general,
Texas,Texas 11,Wacey Alpha Cody,Libertarian,2.0,False,False,R+32,general,
Texas,Texas 12,Kay Granger,Republican,63.7,True,True,R+18,general,https://en.wikipedia.org/wiki/Kay_Granger
Texas,Texas 12,Lisa Welch,Democratic,33.0,False,False,R+18,general,
Texas,Texas 12,Trey Holcomb,Libertarian,3.3,False,False,R+18,general,
Texas,Texas 13,Ronny Jackson,Republican,79.4,False,True,R+33,general,https://en.wikipedia.org/wiki/Ronny_Jackson
Texas,Texas 13,Gus Trujillo,Democratic,18.5,False,False,R+33,general,
Texas,Texas 13,Jack Westbrook,Libertarian,2.1,False,False,R+33,general,
Texas,Texas 14,Randy Weber,Republican,61.6,True,True,R+12,general,https://en.wikipedia.org/wiki/Randy_Weber
Texas,Texas 14,Adrienne Bell,Democratic,38.4,False,False,R+12,general,
Texas,Texas 15,Vicente González,Democratic,50.5,True,True,D+7,general,https://en.wikipedia.org/wiki/Vicente_Gonzalez_(American_politician)
Texas,Texas 15,Monica De La Cruz,Republican,47.6,False,False,D+7,general,https://en.wikipedia.org/wiki/Monica_De_La_Cruz
Texas,Texas 15,Ross Lynn Leone,Libertarian,1.9,False,False,D+7,general,
Texas,Texas 16,Veronica Escobar,Democratic,64.7,True,True,D+17,general,https://en.wikipedia.org/wiki/Veronica_Escobar
Texas,Texas 16,Irene Armendariz-Jackson,Republican,35.3,False,False,D+17,general,
Texas,Texas 17,Pete Sessions,Republican,55.9,False,True,R+12,general,https://en.wikipedia.org/wiki/Pete_Sessions
Texas,Texas 17,Rick Kennedy,Democratic,40.9,False,False,R+12,general,
Texas,Texas 17,Ted Brown,Libertarian,3.2,False,False,R+12,general,
Texas,Texas 18,Sheila Jackson Lee,Democratic,73.3,True,True,D+27,general,https://en.wikipedia.org/wiki/Sheila_Jackson_Lee
Texas,Texas 18,Wendell Champion,Republican,23.5,False,False,D+27,general,
Texas,Texas 18,Luke Spencer,Libertarian,1.8,False,False,D+27,general,
Texas,Texas 18,Vince Duncan,Independent,1.4,False,False,D+27,general,
Texas,Texas 19,Jodey Arrington,Republican,74.8,True,True,R+27,general,https://en.wikipedia.org/wiki/Jodey_Arrington
Texas,Texas 19,Tom Watson,Democratic,22.9,False,False,R+27,general,
Texas,Texas 19,Joe Burnes,Libertarian,2.4,False,False,R+27,general,
Texas,Texas 2,Dan Crenshaw,Republican,55.6,True,True,R+11,general,https://en.wikipedia.org/wiki/Dan_Crenshaw
Texas,Texas 2,Sima Ladjevardian,Democratic,42.8,False,False,R+11,general,
Texas,Texas 2,Elliott Scheirman,Libertarian,1.6,False,False,R+11,general,
Texas,Texas 20,Joaquin Castro,Democratic,64.7,True,True,D+10,general,https://en.wikipedia.org/wiki/Joaquin_Castro
Texas,Texas 20,Mauro Garza,Republican,33.1,False,False,D+10,general,
Texas,Texas 20,Jeffrey C. Blunt,Libertarian,2.2,False,False,D+10,general,
Texas,Texas 21,Chip Roy,Republican,52.0,True,True,R+10,general,https://en.wikipedia.org/wiki/Chip_Roy
Texas,Texas 21,Wendy Davis,Democratic,45.3,False,False,R+10,general,https://en.wikipedia.org/wiki/Wendy_Davis_(politician)
Texas,Texas 21,Arthur DiBianca,Libertarian,1.9,False,False,R+10,general,
Texas,Texas 21,Tommy Wakely,Green,0.8,False,False,R+10,general,
Texas,Texas 22,Troy Nehls,Republican,51.5,False,True,R+10,general,https://en.wikipedia.org/wiki/Troy_Nehls
Texas,Texas 22,Sri Preston Kulkarni,Democratic,44.6,False,False,R+10,general,
Texas,Texas 22,Joseph LeBlanc Jr.,Libertarian,3.9,False,False,R+10,general,
Texas,Texas 23,Tony Gonzales,Republican,50.6,False,True,R+1,general,https://en.wikipedia.org/wiki/Tony_Gonzales
Texas,Texas 23,Gina Ortiz Jones,Democratic,46.6,False,False,R+1,general,https://en.wikipedia.org/wiki/Gina_Ortiz_Jones
Texas,Texas 23,Beto Villela,Libertarian,2.8,False,False,R+1,general,
Texas,Texas 24,Beth Van Duyne,Republican,48.8,False,True,R+9,general,https://en.wikipedia.org/wiki/Beth_Van_Duyne
Texas,Texas 24,Candace Valenzuela,Democratic,47.5,False,False,R+9,general,https://en.wikipedia.org/wiki/Candace_Valenzuela
Texas,Texas 24,Darren Hamilton,Libertarian,1.6,False,False,R+9,general,
Texas,Texas 24,Steve Kuzmich,Independent,1.2,False,False,R+9,general,
Texas,Texas 24,Mark Bauer,Independent,0.9,False,False,R+9,general,
Texas,Texas 25,Roger Williams,Republican,55.9,True,True,R+11,general,https://en.wikipedia.org/wiki/Roger_Williams_(Texas_politician)
Texas,Texas 25,Julie Oliver,Democratic,42.1,False,False,R+11,general,
Texas,Texas 25,Bill Kelsey,Libertarian,2.0,False,False,R+11,general,
Texas,Texas 26,Michael C. Burgess,Republican,60.6,True,True,R+18,general,https://en.wikipedia.org/wiki/Michael_C._Burgess
Texas,Texas 26,Carol Iannuzzi,Democratic,37.3,False,False,R+18,general,
Texas,Texas 26,Mark Boler,Libertarian,2.1,False,False,R+18,general,
Texas,Texas 27,Michael Cloud,Republican,63.1,True,True,R+13,general,https://en.wikipedia.org/wiki/Michael_Cloud
Texas,Texas 27,Ricardo de la Fuente,Democratic,34.9,False,False,R+13,general,
Texas,Texas 27,Phil Gray,Libertarian,2.0,False,False,R+13,general,
Texas,Texas 28,Henry Cuellar,Democratic,58.3,True,True,D+9,general,https://en.wikipedia.org/wiki/Henry_Cuellar
Texas,Texas 28,Sandra Whitten,Republican,39.0,False,False,D+9,general,
Texas,Texas 28,Bekah Congdon,Libertarian,2.7,False,False,D+9,general,
Texas,Texas 29,Sylvia Garcia,Democratic,71.1,True,True,D+19,general,https://en.wikipedia.org/wiki/Sylvia_Garcia
Texas,Texas 29,Jaimy Blanco,Republican,27.4,False,False,D+19,general,
Texas,Texas 29,Phil Kurtz,Libertarian,1.5,False,False,D+19,general,
Texas,Texas 3,Van Taylor,Republican,55.1,True,True,R+13,general,https://en.wikipedia.org/wiki/Van_Taylor
Texas,Texas 3,Lulu Seikaly,Democratic,42.9,False,False,R+13,general,
Texas,Texas 3,Christopher J. Claytor,Libertarian,2.1,False,False,R+13,general,
Texas,Texas 30,Eddie Bernice Johnson,Democratic,77.5,True,True,D+18,general,https://en.wikipedia.org/wiki/Eddie_Bernice_Johnson
Texas,Texas 30,Tre Pennie,Republican,18.4,False,False,D+18,general,
Texas,Texas 30,Eric Williams,Independent,4.1,False,False,D+18,general,
Texas,Texas 31,John Carter,Republican,53.4,True,True,R+10,general,https://en.wikipedia.org/wiki/John_Carter_(Texas_politician)
Texas,Texas 31,Donna Imam,Democratic,44.3,False,False,R+10,general,
Texas,Texas 31,Clark Patterson,Libertarian,2.2,False,False,R+10,general,
Texas,Texas 32,Colin Allred,Democratic,52.0,True,True,R+5,general,https://en.wikipedia.org/wiki/Colin_Allred
Texas,Texas 32,Genevieve Collins,Republican,45.9,False,False,R+5,general,
Texas,Texas 32,Christy Mowrey Peterson,Libertarian,1.4,False,False,R+5,general,
Texas,Texas 32,Jason Sigmon,Independent,0.7,False,False,R+5,general,
Texas,Texas 33,Marc Veasey,Democratic,66.8,True,True,D+23,general,https://en.wikipedia.org/wiki/Marc_Veasey
Texas,Texas 33,Fabian Vasquez,Republican,25.2,False,False,D+23,general,
Texas,Texas 33,Carlos Quintanilla,Independent,5.1,False,False,D+23,general,
Texas,Texas 33,Jason Reeves,Libertarian,1.6,False,False,D+23,general,
Texas,Texas 33,Renedria Welton,Independent,1.3,False,False,D+23,general,
Texas,Texas 34,Filemon Vela Jr.,Democratic,55.4,True,True,D+10,general,https://en.wikipedia.org/wiki/Filemon_Vela_Jr.
Texas,Texas 34,Rey Gonzalez,Republican,41.9,False,False,D+10,general,
Texas,Texas 34,Anthony Cristo,Libertarian,1.6,False,False,D+10,general,
Texas,Texas 34,Chris Royal,Independent,1.1,False,False,D+10,general,
Texas,Texas 35,Lloyd Doggett,Democratic,65.4,True,True,D+15,general,https://en.wikipedia.org/wiki/Lloyd_Doggett
Texas,Texas 35,Jenny Garcia Sharon,Republican,30.0,False,False,D+15,general,
Texas,Texas 35,Mark Loewe,Libertarian,2.7,False,False,D+15,general,
Texas,Texas 35,Jason Mata Sr.,Independent,1.9,False,False,D+15,general,
Texas,Texas 36,Brian Babin,Republican,73.6,True,True,R+26,general,https://en.wikipedia.org/wiki/Brian_Babin
Texas,Texas 36,Rashad Lewis,Democratic,24.3,False,False,R+26,general,
Texas,Texas 36,Chad Abbey,Libertarian,1.6,False,False,R+26,general,
Texas,Texas 36,Hal Ridley Jr.,Green,0.5,False,False,R+26,general,
Texas,Texas 4,Pat Fallon,Republican,75.1,False,True,R+28,general,https://en.wikipedia.org/wiki/Pat_Fallon
Texas,Texas 4,Russell Foster,Democratic,22.6,False,False,R+28,general,
Texas,Texas 4,Lou Antonelli,Libertarian,1.9,False,False,R+28,general,https://en.wikipedia.org/wiki/Lou_Antonelli
Texas,Texas 5,Lance Gooden,Republican,62.0,True,True,R+16,general,https://en.wikipedia.org/wiki/Lance_Gooden
Texas,Texas 5,Carolyn Salter,Democratic,35.9,False,False,R+16,general,
Texas,Texas 5,Kevin Hale,Libertarian,2.1,False,False,R+16,general,
Texas,Texas 6,Ron Wright,Republican,52.8,True,True,R+9,general,https://en.wikipedia.org/wiki/Ron_Wright_(politician)
Texas,Texas 6,Stephen Daniel,Democratic,44.0,False,False,R+9,general,
Texas,Texas 6,Melanie Black,Libertarian,3.2,False,False,R+9,general,
Texas,Texas 7,Lizzie Fletcher,Democratic,50.8,True,True,R+7,general,https://en.wikipedia.org/wiki/Lizzie_Fletcher
Texas,Texas 7,Wesley Hunt,Republican,47.4,False,False,R+7,general,https://en.wikipedia.org/wiki/Wesley_Hunt
Texas,Texas 7,Shawn Kelly,Libertarian,1.8,False,False,R+7,general,
Texas,Texas 8,Kevin Brady,Republican,72.5,True,True,R+28,general,https://en.wikipedia.org/wiki/Kevin_Brady
Texas,Texas 8,Elizabeth Hernandez,Democratic,25.5,False,False,R+28,general,
Texas,Texas 8,Chris Duncan,Libertarian,2.0,False,False,R+28,general,
Texas,Texas 9,Al Green,Democratic,75.5,True,True,D+29,general,https://en.wikipedia.org/wiki/Al_Green_(politician)
Texas,Texas 9,Johnny Teague,Republican,21.6,False,False,D+29,general,
Texas,Texas 9,José Sosa,Libertarian,2.9,False,False,D+29,general,
Utah,Utah 1,Blake Moore,Republican,69.5,False,True,R+26,general,https://en.wikipedia.org/wiki/Blake_Moore
Utah,Utah 1,Darren Parry,Democratic,30.4,False,False,R+26,general,
Utah,Utah 2,Chris Stewart,Republican,59.0,True,True,R+16,general,https://en.wikipedia.org/wiki/Chris_Stewart_(politician)
Utah,Utah 2,Kael Weston,Democratic,36.6,False,False,R+16,general,https://en.wikipedia.org/wiki/Kael_Weston
Utah,Utah 2,J. Robert Latham,Libertarian,4.4,False,False,R+16,general,
Utah,Utah 3,John Curtis,Republican,68.7,True,True,R+25,general,https://en.wikipedia.org/wiki/John_Curtis
Utah,Utah 3,Devin Thorpe,Democratic,26.8,False,False,R+25,general,
Utah,Utah 3,Daniel Cummings,Constitution,2.5,False,False,R+25,general,
Utah,Utah 3,Thomas McNeill,United Utah,2.0,False,False,R+25,general,
Utah,Utah 4,Burgess Owens,Republican,47.7,False,True,R+13,general,https://en.wikipedia.org/wiki/Burgess_Owens
Utah,Utah 4,Ben McAdams,Democratic,46.7,True,False,R+13,general,https://en.wikipedia.org/wiki/Ben_McAdams
Utah,Utah 4,John Molnar,Libertarian,3.5,False,False,R+13,general,
Utah,Utah 4,Jonia Broderick,United Utah,2.1,False,False,R+13,general,
Vermont,Vermont at-large,Peter Welch,Democratic,67.3,True,True,D+15,general,https://en.wikipedia.org/wiki/Peter_Welch
Vermont,Vermont at-large,Miriam Berry,Republican,27.0,False,False,D+15,general,
Vermont,Vermont at-large,Peter Becker,Independent,2.3,False,False,D+15,general,
Vermont,Vermont at-large,Marcia Horne,Independent,1.2,False,False,D+15,general,
Vermont,Vermont at-large,Christopher Helali,Communist,1.0,False,False,D+15,general,
Vermont,Vermont at-large,Shawn Orr,Independent,0.5,False,False,D+15,general,
Vermont,Vermont at-large,Jerry Trudell,Independent,0.5,False,False,D+15,general,
Virginia,Virginia 1,Rob Wittman,Republican,58.2,True,True,R+8,general,https://en.wikipedia.org/wiki/Rob_Wittman
Virginia,Virginia 1,Qasim Rashid,Democratic,41.7,False,False,R+8,general,https://en.wikipedia.org/wiki/Qasim_Rashid
Virginia,Virginia 10,Jennifer Wexton,Democratic,56.5,True,True,D+1,general,https://en.wikipedia.org/wiki/Jennifer_Wexton
Virginia,Virginia 10,Aliscia Andrews,Republican,43.4,False,False,D+1,general,
Virginia,Virginia 11,Gerry Connolly,Democratic,71.4,True,True,D+15,general,https://en.wikipedia.org/wiki/Gerry_Connolly
Virginia,Virginia 11,Manga Anantatmula,Republican,28.3,False,False,D+15,general,
Virginia,Virginia 2,Elaine Luria,Democratic,51.6,True,True,R+3,general,https://en.wikipedia.org/wiki/Elaine_Luria
Virginia,Virginia 2,Scott Taylor,Republican,45.8,False,False,R+3,general,https://en.wikipedia.org/wiki/Scott_Taylor_(politician)
Virginia,Virginia 2,David Foster,Independent,2.5,False,False,R+3,general,
Virginia,Virginia 3,Bobby Scott,Democratic,68.4,True,True,D+16,general,https://en.wikipedia.org/wiki/Bobby_Scott_(politician)
Virginia,Virginia 3,John Collick,Republican,31.4,False,False,D+16,general,
Virginia,Virginia 4,Donald McEachin,Democratic,61.6,True,True,D+10,general,https://en.wikipedia.org/wiki/Donald_McEachin
Virginia,Virginia 4,Leon Benjamin,Republican,38.2,False,False,D+10,general,
Virginia,Virginia 5,Bob Good,Republican,52.4,False,True,R+6,general,https://en.wikipedia.org/wiki/Bob_Good
Virginia,Virginia 5,Cameron Webb,Democratic,47.3,False,False,R+6,general,https://en.wikipedia.org/wiki/Cameron_Webb
Virginia,Virginia 6,Ben Cline,Republican,64.6,True,True,R+13,general,https://en.wikipedia.org/wiki/Ben_Cline
Virginia,Virginia 6,Nicholas Betts,Democratic,35.3,False,False,R+13,general,
Virginia,Virginia 7,Abigail Spanberger,Democratic,50.8,True,True,R+6,general,https://en.wikipedia.org/wiki/Abigail_Spanberger
Virginia,Virginia 7,Nick Freitas,Republican,49.0,False,False,R+6,general,https://en.wikipedia.org/wiki/Nick_Freitas
Virginia,Virginia 8,Don Beyer,Democratic,75.8,True,True,D+21,general,https://en.wikipedia.org/wiki/Don_Beyer
Virginia,Virginia 8,Jeff Jordan,Republican,24.0,False,False,D+21,general,
Virginia,Virginia 9,Morgan Griffith,Republican,94.0,True,True,R+19,general,
Washington,Washington 1,Suzan DelBene,Democratic,58.6,True,True,D+6,general,https://en.wikipedia.org/wiki/Suzan_DelBene
Washington,Washington 1,Jeffrey Beeler,Republican,41.3,False,False,D+6,general,
Washington,Washington 10,Marilyn Strickland,Democratic,49.3,False,True,D+5,general,https://en.wikipedia.org/wiki/Marilyn_Strickland
Washington,Washington 10,Beth Doglio,Democratic,35.6,False,False,D+5,general,https://en.wikipedia.org/wiki/Beth_Doglio
Washington,Washington 2,Rick Larsen,Democratic,63.1,True,True,D+10,general,https://en.wikipedia.org/wiki/Rick_Larsen
Washington,Washington 2,Tim Hazelo,Republican,36.7,False,False,D+10,general,
Washington,Washington 3,Jaime Herrera Beutler,Republican,56.4,True,True,R+4,general,https://en.wikipedia.org/wiki/Jaime_Herrera_Beutler
Washington,Washington 3,Carolyn Long,Democratic,43.4,False,False,R+4,general,
Washington,Washington 4,Dan Newhouse,Republican,66.2,True,True,R+13,general,https://en.wikipedia.org/wiki/Dan_Newhouse
Washington,Washington 4,Douglas McKinley,Democratic,33.6,False,False,R+13,general,
Washington,Washington 5,Cathy McMorris Rodgers,Republican,61.3,True,True,R+8,general,https://en.wikipedia.org/wiki/Cathy_McMorris_Rodgers
Washington,Washington 5,Dave Wilson,Democratic,38.5,False,False,R+8,general,
Washington,Washington 6,Derek Kilmer,Democratic,59.3,True,True,D+6,general,https://en.wikipedia.org/wiki/Derek_Kilmer
Washington,Washington 6,Elizabeth Kreiselmaier,Republican,40.5,False,False,D+6,general,
Washington,Washington 7,Pramila Jayapal,Democratic,83.0,True,True,D+33,general,https://en.wikipedia.org/wiki/Pramila_Jayapal
Washington,Washington 7,Craig Keller,Republican,16.8,False,False,D+33,general,
Washington,Washington 8,Kim Schrier,Democratic,51.7,True,True,Even,general,https://en.wikipedia.org/wiki/Kim_Schrier
Washington,Washington 8,Jesse Jensen,Republican,48.2,False,False,Even,general,
Washington,Washington 9,Adam Smith,Democratic,74.1,True,True,D+21,general,https://en.wikipedia.org/wiki/Adam_Smith_(Washington_politician)
Washington,Washington 9,Doug Basler,Republican,25.7,False,False,D+21,general,
West Virginia,West Virginia 1,David McKinley,Republican,69.0,True,True,R+19,general,https://en.wikipedia.org/wiki/David_McKinley
West Virginia,West Virginia 1,Natalie Cline,Democratic,31.0,False,False,R+19,general,
West Virginia,West Virginia 2,Alex Mooney,Republican,63.1,True,True,R+17,general,https://en.wikipedia.org/wiki/Alex_Mooney
West Virginia,West Virginia 2,Cathy Kunkel,Democratic,36.9,False,False,R+17,general,
West Virginia,West Virginia 3,Carol Miller,Republican,71.3,True,True,R+23,general,https://en.wikipedia.org/wiki/Carol_Miller_(politician)
West Virginia,West Virginia 3,Hilary Turner,Democratic,28.7,False,False,R+23,general,
Wisconsin,Wisconsin 1,Bryan Steil,Republican,59.3,True,True,R+5,general,https://en.wikipedia.org/wiki/Bryan_Steil
Wisconsin,Wisconsin 1,Roger Polack,Democratic,40.6,False,False,R+5,general,
Wisconsin,Wisconsin 2,Mark Pocan,Democratic,69.7,True,True,D+18,general,https://en.wikipedia.org/wiki/Mark_Pocan
Wisconsin,Wisconsin 2,Peter Theron,Republican,30.2,False,False,D+18,general,
Wisconsin,Wisconsin 3,Ron Kind,Democratic,51.3,True,True,Even,general,https://en.wikipedia.org/wiki/Ron_Kind
Wisconsin,Wisconsin 3,Derrick Van Orden,Republican,48.6,False,False,Even,general,https://en.wikipedia.org/wiki/Derrick_Van_Orden
Wisconsin,Wisconsin 4,Gwen Moore,Democratic,74.7,True,True,D+25,general,https://en.wikipedia.org/wiki/Gwen_Moore
Wisconsin,Wisconsin 4,Tim Rogers,Republican,22.7,False,False,D+25,general,
Wisconsin,Wisconsin 4,Robert Raymond,Independent,2.5,False,False,D+25,general,
Wisconsin,Wisconsin 5,Scott Fitzgerald,Republican,60.1,False,True,R+13,general,https://en.wikipedia.org/wiki/Scott_Fitzgerald_(politician)
Wisconsin,Wisconsin 5,Tom Palzewicz,Democratic,39.8,False,False,R+13,general,
Wisconsin,Wisconsin 6,Glenn Grothman,Republican,59.2,True,True,R+8,general,https://en.wikipedia.org/wiki/Glenn_Grothman
Wisconsin,Wisconsin 6,Jessica King,Democratic,40.7,False,False,R+8,general,https://en.wikipedia.org/wiki/Jessica_King
Wisconsin,Wisconsin 7,Tom Tiffany,Republican,60.7,True,True,R+8,general,https://en.wikipedia.org/wiki/Tom_Tiffany
Wisconsin,Wisconsin 7,Tricia Zunker,Democratic,39.2,False,False,R+8,general,
Wisconsin,Wisconsin 7,Tom Tiffany,Republican,57.2,False,True,,special,https://en.wikipedia.org/wiki/Tom_Tiffany
Wisconsin,Wisconsin 7,Tricia Zunker,Democratic,42.8,False,False,,special,
Wisconsin,Wisconsin 8,Mike Gallagher,Republican,64.2,True,True,R+7,general,https://en.wikipedia.org/wiki/Mike_Gallagher_(American_politician)
Wisconsin,Wisconsin 8,Amanda Stuck,Democratic,35.8,False,False,R+7,general,https://en.wikipedia.org/wiki/Amanda_Stuck
Wyoming,Wyoming at-large,Liz Cheney,Republican,68.6,True,True,R+25,general,https://en.wikipedia.org/wiki/Liz_Cheney
Wyoming,Wyoming at-large,Lynnette Grey Bull,Democratic,24.6,False,False,R+25,general,
Wyoming,Wyoming at-large,Richard Brubaker,Libertarian,3.8,False,False,R+25,general,
Wyoming,Wyoming at-large,Jeff Haggit,Constitution,2.9,False,False,R+25,general,
