state,district,candidate_name,party,vote_percentage,is_incumbent,is_winner,pvi,election_type,wikipedia_url
Alabama,Alabama 1,Jerry Carl,Republican,84.2,True,True,R+16,general,https://en.wikipedia.org/wiki/Jerry_Carl
Alabama,Alabama 1,Alexander Remrey,Libertarian,15.8,False,False,R+16,general,
Alabama,Alabama 2,Barry Moore,Republican,69.1,True,True,R+17,general,https://en.wikipedia.org/wiki/Barry_Moore_(American_politician)
Alabama,Alabama 2,Phyllis Harvey-Hall,Democratic,29.2,False,False,R+17,general,
Alabama,Alabama 2,Jonathan Realz,Libertarian,1.7,False,False,R+17,general,
Alabama,Alabama 3,Mike Rogers,Republican,71.2,True,True,R+19,general,https://en.wikipedia.org/wiki/Mike_Rogers_(Alabama_politician)
Alabama,Alabama 3,Lin Veasey,Democratic,25.1,False,False,R+19,general,
Alabama,Alabama 3,Douglas Bell,Independent,2.0,False,False,R+19,general,
Alabama,Alabama 3,Thomas Casson,Libertarian,1.6,False,False,R+19,general,
Alabama,Alabama 4,Robert Aderholt,Republican,84.2,True,True,R+33,general,https://en.wikipedia.org/wiki/Robert_Aderholt
Alabama,Alabama 4,Rick Neighbors,Democratic,13.6,False,False,R+33,general,
Alabama,Alabama 4,Johnny Cochran,Libertarian,2.2,False,False,R+33,general,
Alabama,Alabama 5,Dale Strong,Republican,67.2,False,True,R+17,general,https://en.wikipedia.org/wiki/Dale_Strong
Alabama,Alabama 5,Kathy Warner-Stanton,Democratic,29.6,False,False,R+17,general,
Alabama,Alabama 5,Phillip Greer,Libertarian,3.2,False,False,R+17,general,
Alabama,Alabama 6,Gary Palmer,Republican,84.7,True,True,R+18,general,https://en.wikipedia.org/wiki/Gary_Palmer_(politician)
Alabama,Alabama 6,Andria Chieffo,Libertarian,15.3,False,False,R+18,general,
Alabama,Alabama 7,Terri Sewell,Democratic,63.6,True,True,D+14,general,https://en.wikipedia.org/wiki/Terri_Sewell
Alabama,Alabama 7,Beatrice Nichols,Republican,34.8,False,False,D+14,general,
Alabama,Alabama 7,Gavin Goodman,Libertarian,1.7,False,False,D+14,general,
Alaska,Alaska at-large,Mary Peltola,Democratic,48.8,True,False,R+8,general_rcv_round1,https://en.wikipedia.org/wiki/Mary_Peltola
Alaska,Alaska at-large,Sarah Palin,Republican,25.7,False,False,R+8,general_rcv_round1,https://en.wikipedia.org/wiki/Sarah_Palin
Alaska,Alaska at-large,Nick Begich III,Republican,23.3,False,False,R+8,general_rcv_round1,https://en.wikipedia.org/wiki/Nick_Begich_III
Alaska,Alaska at-large,Chris Bye,Libertarian,1.7,False,False,R+8,general_rcv_round1,
Alaska,Alaska at-large,Mary Peltola,Democratic,55.0,True,True,R+8,general_rcv_runoff,https://en.wikipedia.org/wiki/Mary_Peltola
Alaska,Alaska at-large,Sarah Palin,Republican,45.0,False,False,R+8,general_rcv_runoff,https://en.wikipedia.org/wiki/Sarah_Palin
Alaska,Alaska at-large,Mary Peltola,Democratic,39.6,False,False,,special_rcv_round1,https://en.wikipedia.org/wiki/Mary_Peltola
Alaska,Alaska at-large,Sarah Palin,Republican,30.8,False,False,,special_rcv_round1,https://en.wikipedia.org/wiki/Sarah_Palin
Alaska,Alaska at-large,Nick Begich III,Republican,28.1,False,False,,special_rcv_round1,https://en.wikipedia.org/wiki/Nick_Begich_III
Alaska,Alaska at-large,Mary Peltola,Democratic,51.5,False,True,,special_rcv_runoff,https://en.wikipedia.org/wiki/Mary_Peltola
Alaska,Alaska at-large,Sarah Palin,Republican,48.5,False,False,,special_rcv_runoff,https://en.wikipedia.org/wiki/Sarah_Palin
Arizona,Arizona 1,David Schweikert,Republican,50.4,False,True,R+2,general,https://en.wikipedia.org/wiki/David_Schweikert
Arizona,Arizona 1,Jevin Hodge,Democratic,49.6,False,False,R+2,general,https://en.wikipedia.org/wiki/Jevin_Hodge
Arizona,Arizona 2,Eli Crane,Republican,53.9,False,True,R+6,general,https://en.wikipedia.org/wiki/Eli_Crane
Arizona,Arizona 2,Tom O'Halleran,Democratic,46.1,False,False,R+6,general,https://en.wikipedia.org/wiki/Tom_O%27Halleran
Arizona,Arizona 3,Ruben Gallego,Democratic,77.0,False,True,D+24,general,https://en.wikipedia.org/wiki/Ruben_Gallego
Arizona,Arizona 3,Jeff Zink,Republican,23.0,False,False,D+24,general,
Arizona,Arizona 4,Greg Stanton,Democratic,56.1,False,True,D+2,general,https://en.wikipedia.org/wiki/Greg_Stanton
Arizona,Arizona 4,Kelly Cooper,Republican,43.9,False,False,D+2,general,
Arizona,Arizona 5,Andy Biggs,Republican,56.7,True,True,R+11,general,https://en.wikipedia.org/wiki/Andy_Biggs
Arizona,Arizona 5,Javier Ramos,Democratic,37.4,False,False,R+11,general,
Arizona,Arizona 5,Clint Smith,Independent,5.9,False,False,R+11,general,
Arizona,Arizona 6,Juan Ciscomani,Republican,50.7,False,True,R+3,general,https://en.wikipedia.org/wiki/Juan_Ciscomani
Arizona,Arizona 6,Kirsten Engel,Democratic,49.3,False,False,R+3,general,https://en.wikipedia.org/wiki/Kirsten_Engel
Arizona,Arizona 7,Raúl Grijalva,Democratic,64.5,False,True,D+15,general,https://en.wikipedia.org/wiki/Ra%C3%BAl_Grijalva
Arizona,Arizona 7,Luis Pozzolo,Republican,35.5,False,False,D+15,general,
Arizona,Arizona 8,Debbie Lesko,Republican,100.0,True,True,R+10,general,
Arizona,Arizona 9,Paul Gosar,Republican,100.0,False,True,R+16,general,
Arkansas,Arkansas 1,Rick Crawford,Republican,73.8,True,True,R+22,general,https://en.wikipedia.org/wiki/Rick_Crawford_(politician)
Arkansas,Arkansas 1,Monte Hodges,Democratic,26.2,False,False,R+22,general,https://en.wikipedia.org/wiki/Monte_Hodges
Arkansas,Arkansas 2,French Hill,Republican,60.0,True,True,R+9,general,https://en.wikipedia.org/wiki/French_Hill_(politician)
Arkansas,Arkansas 2,Quintessa Hathaway,Democratic,35.3,False,False,R+9,general,
Arkansas,Arkansas 2,Michael White,Libertarian,4.7,False,False,R+9,general,
Arkansas,Arkansas 3,Steve Womack,Republican,63.7,True,True,R+15,general,https://en.wikipedia.org/wiki/Steve_Womack
Arkansas,Arkansas 3,Lauren Mallett-Hays,Democratic,32.9,False,False,R+15,general,
Arkansas,Arkansas 3,Michael Kalagias,Libertarian,3.4,False,False,R+15,general,
Arkansas,Arkansas 4,Bruce Westerman,Republican,71.0,True,True,R+20,general,https://en.wikipedia.org/wiki/Bruce_Westerman
Arkansas,Arkansas 4,John White,Democratic,26.2,False,False,R+20,general,
Arkansas,Arkansas 4,Gregory Maxwell,Libertarian,2.8,False,False,R+20,general,
California,California 1,Doug LaMalfa,Republican,62.1,True,True,R+12,general,https://en.wikipedia.org/wiki/Doug_LaMalfa
California,California 1,Max Steiner,Democratic,37.9,False,False,R+12,general,
California,California 10,Mark DeSaulnier,Democratic,78.9,False,True,D+18,general,https://en.wikipedia.org/wiki/Mark_DeSaulnier
California,California 10,Green,Green,21.1,False,False,D+18,general,https://en.wikipedia.org/wiki/Green_Party_(United_States)
California,California 11,Nancy Pelosi,Democratic,84.0,False,True,D+37,general,https://en.wikipedia.org/wiki/Nancy_Pelosi
California,California 11,John Dennis,Republican,16.0,False,False,D+37,general,
California,California 12,Barbara Lee,Democratic,90.5,False,True,D+40,general,https://en.wikipedia.org/wiki/Barbara_Lee
California,California 12,Stephen Slauson,Republican,9.5,False,False,D+40,general,
California,California 13,John Duarte,Republican,50.2,False,True,D+4,general,https://en.wikipedia.org/wiki/John_Duarte_(politician)
California,California 13,Adam Gray,Democratic,49.8,False,False,D+4,general,https://en.wikipedia.org/wiki/Adam_Gray
California,California 14,Eric Swalwell,Democratic,69.3,False,True,D+22,general,https://en.wikipedia.org/wiki/Eric_Swalwell
California,California 14,Alison Hayden,Republican,30.7,False,False,D+22,general,
California,California 15,Kevin Mullin,Democratic,55.5,False,True,D+28,general,https://en.wikipedia.org/wiki/Kevin_Mullin
California,California 15,David Canepa,Democratic,44.5,False,False,D+28,general,
California,California 16,Anna Eshoo,Democratic,57.8,False,True,D+26,general,https://en.wikipedia.org/wiki/Anna_Eshoo
California,California 16,Rishi Kumar,Democratic,42.2,False,False,D+26,general,
California,California 17,Ro Khanna,Democratic,70.9,True,True,D+23,general,https://en.wikipedia.org/wiki/Ro_Khanna
California,California 17,Ritesh Tandon,Republican,29.1,False,False,D+23,general,
California,California 18,Zoe Lofgren,Democratic,65.9,False,True,D+21,general,https://en.wikipedia.org/wiki/Zoe_Lofgren
California,California 18,Peter Hernandez,Republican,34.1,False,False,D+21,general,
California,California 19,Jimmy Panetta,Democratic,68.7,False,True,D+18,general,https://en.wikipedia.org/wiki/Jimmy_Panetta
California,California 19,Jeff Gorman,Republican,31.3,False,False,D+18,general,
California,California 2,Jared Huffman,Democratic,74.4,True,True,D+23,general,https://en.wikipedia.org/wiki/Jared_Huffman
California,California 2,Douglas Brower,Republican,25.6,False,False,D+23,general,
California,California 20,Kevin McCarthy,Republican,67.2,False,True,R+16,general,https://en.wikipedia.org/wiki/Kevin_McCarthy
California,California 20,Marisa Wood,Democratic,32.8,False,False,R+16,general,
California,California 21,Jim Costa,Democratic,54.2,False,True,D+9,general,https://en.wikipedia.org/wiki/Jim_Costa
California,California 21,Michael Maher,Republican,45.8,False,False,D+9,general,
California,California 22,David Valadao,Republican,51.5,False,True,D+5,general,https://en.wikipedia.org/wiki/David_Valadao
California,California 22,Rudy Salas,Democratic,48.5,False,False,D+5,general,https://en.wikipedia.org/wiki/Rudy_Salas
California,California 22,Connie Conway,Republican,62.1,False,True,,special,https://en.wikipedia.org/wiki/Connie_Conway
California,California 22,Lourin Hubbard,Democratic,37.9,False,False,,special,
California,California 23,Jay Obernolte,Republican,61.0,False,True,R+8,general,https://en.wikipedia.org/wiki/Jay_Obernolte
California,California 23,Derek Marshall,Democratic,39.0,False,False,R+8,general,
California,California 24,Salud Carbajal,Democratic,60.6,True,True,D+13,general,https://en.wikipedia.org/wiki/Salud_Carbajal
California,California 24,Brad Allen,Republican,39.4,False,False,D+13,general,
California,California 25,Raul Ruiz,Democratic,57.4,False,True,D+6,general,https://en.wikipedia.org/wiki/Raul_Ruiz_(politician)
California,California 25,Brian Hawkins,Republican,42.6,False,False,D+6,general,
California,California 26,Julia Brownley,Democratic,54.5,True,True,D+8,general,https://en.wikipedia.org/wiki/Julia_Brownley
California,California 26,Matt Jacobs,Republican,45.5,False,False,D+8,general,
California,California 27,Mike Garcia,Republican,53.2,False,True,D+4,general,https://en.wikipedia.org/wiki/Mike_Garcia_(politician)
California,California 27,Christy Smith,Democratic,46.8,False,False,D+4,general,https://en.wikipedia.org/wiki/Christy_Smith_(politician)
California,California 28,Judy Chu,Democratic,66.2,False,True,D+16,general,https://en.wikipedia.org/wiki/Judy_Chu
California,California 28,Wes Hallman,Republican,33.8,False,False,D+16,general,
California,California 29,Tony Cárdenas,Democratic,58.5,True,True,D+26,general,https://en.wikipedia.org/wiki/Tony_C%C3%A1rdenas
California,California 29,Angelica Dueñas,Democratic,41.5,False,False,D+26,general,
California,California 3,Kevin Kiley,Republican,53.6,False,True,R+4,general,https://en.wikipedia.org/wiki/Kevin_Kiley_(politician)
California,California 3,Kermit Jones,Democratic,46.4,False,False,R+4,general,
California,California 30,Adam Schiff,Democratic,71.1,False,True,D+23,general,https://en.wikipedia.org/wiki/Adam_Schiff
California,California 30,Maebe A. Girl,Democratic,28.9,False,False,D+23,general,https://en.wikipedia.org/wiki/Maebe_A._Girl
California,California 31,Grace Napolitano,Democratic,59.5,False,True,D+15,general,https://en.wikipedia.org/wiki/Grace_Napolitano
California,California 31,Daniel Martinez,Republican,40.5,False,False,D+15,general,
California,California 32,Brad Sherman,Democratic,69.2,False,True,D+20,general,https://en.wikipedia.org/wiki/Brad_Sherman
California,California 32,Lucie Volotzky,Republican,30.8,False,False,D+20,general,
California,California 33,Pete Aguilar,Democratic,57.7,False,True,D+12,general,https://en.wikipedia.org/wiki/Pete_Aguilar
California,California 33,John Porter,Republican,42.3,False,False,D+12,general,
California,California 34,Jimmy Gomez,Democratic,51.2,True,True,D+32,general,https://en.wikipedia.org/wiki/Jimmy_Gomez
California,California 34,David Kim,Democratic,48.8,False,False,D+32,general,
California,California 35,Norma Torres,Democratic,57.4,True,True,D+13,general,https://en.wikipedia.org/wiki/Norma_Torres
California,California 35,Mike Cargile,Republican,42.6,False,False,D+13,general,
California,California 36,Ted Lieu,Democratic,69.8,False,True,D+21,general,https://en.wikipedia.org/wiki/Ted_Lieu
California,California 36,Joe Collins III,Republican,30.2,False,False,D+21,general,
California,California 37,Sydney Kamlager-Dove,Democratic,64.0,False,True,D+37,general,https://en.wikipedia.org/wiki/Sydney_Kamlager-Dove
California,California 37,Jan Perry,Democratic,36.0,False,False,D+37,general,https://en.wikipedia.org/wiki/Jan_Perry
California,California 38,Linda Sánchez,Democratic,58.1,True,True,D+14,general,https://en.wikipedia.org/wiki/Linda_S%C3%A1nchez
California,California 38,Eric Ching,Republican,41.9,False,False,D+14,general,https://en.wikipedia.org/wiki/Eric_Ching
California,California 39,Mark Takano,Democratic,57.7,False,True,D+12,general,https://en.wikipedia.org/wiki/Mark_Takano
California,California 39,Aja Smith,Republican,42.3,False,False,D+12,general,
California,California 4,Mike Thompson,Democratic,67.8,False,True,D+17,general,https://en.wikipedia.org/wiki/Mike_Thompson_(California_politician)
California,California 4,Matt Brock,Republican,32.2,False,False,D+17,general,
California,California 40,Young Kim,Republican,56.8,False,True,R+2,general,https://en.wikipedia.org/wiki/Young_Kim
California,California 40,Asif Mahmood,Democratic,43.2,False,False,R+2,general,
California,California 41,Ken Calvert,Republican,52.3,False,True,R+3,general,https://en.wikipedia.org/wiki/Ken_Calvert
California,California 41,Will Rollins,Democratic,47.7,False,False,R+3,general,
California,California 42,Robert Garcia,Democratic,68.4,False,True,D+22,general,https://en.wikipedia.org/wiki/Robert_Garcia_(California_congressman)
California,California 42,John Briscoe,Republican,31.6,False,False,D+22,general,
California,California 43,Maxine Waters,Democratic,77.3,True,True,D+32,general,https://en.wikipedia.org/wiki/Maxine_Waters
California,California 43,Omar Navarro,Republican,22.7,False,False,D+32,general,https://en.wikipedia.org/wiki/Omar_Navarro
California,California 44,Nanette Barragán,Democratic,72.2,True,True,D+24,general,https://en.wikipedia.org/wiki/Nanette_Barrag%C3%A1n
California,California 44,Paul Jones,Republican,27.8,False,False,D+24,general,
California,California 45,Michelle Steel,Republican,52.4,False,True,D+2,general,https://en.wikipedia.org/wiki/Michelle_Steel
California,California 45,Jay Chen,Democratic,47.6,False,False,D+2,general,
California,California 46,Lou Correa,Democratic,61.8,True,True,D+15,general,https://en.wikipedia.org/wiki/Lou_Correa
California,California 46,Christopher Gonzales,Republican,38.2,False,False,D+15,general,
California,California 47,Katie Porter,Democratic,51.7,False,True,D+3,general,https://en.wikipedia.org/wiki/Katie_Porter
California,California 47,Scott Baugh,Republican,48.3,False,False,D+3,general,https://en.wikipedia.org/wiki/Scott_Baugh
California,California 48,Darrell Issa,Republican,60.4,False,True,R+9,general,https://en.wikipedia.org/wiki/Darrell_Issa
California,California 48,Stephen Houlahan,Democratic,39.6,False,False,R+9,general,
California,California 49,Mike Levin,Democratic,52.6,True,True,D+3,general,https://en.wikipedia.org/wiki/Mike_Levin
California,California 49,Brian Maryott,Republican,47.4,False,False,D+3,general,
California,California 5,Tom McClintock,Republican,61.3,False,True,R+9,general,https://en.wikipedia.org/wiki/Tom_McClintock
California,California 5,Mike Barkley,Democratic,38.7,False,False,R+9,general,
California,California 50,Scott Peters,Democratic,62.8,False,True,D+14,general,https://en.wikipedia.org/wiki/Scott_Peters_(politician)
California,California 50,Corey Gustafson,Republican,37.2,False,False,D+14,general,
California,California 51,Sara Jacobs,Democratic,61.9,False,True,D+12,general,https://en.wikipedia.org/wiki/Sara_Jacobs
California,California 51,Stan Caplan,Republican,38.1,False,False,D+12,general,
California,California 52,Juan Vargas,Democratic,66.7,False,True,D+18,general,https://en.wikipedia.org/wiki/Juan_Vargas
California,California 52,Tyler Geffeney,Republican,33.3,False,False,D+18,general,
California,California 6,Ami Bera,Democratic,55.9,False,True,D+7,general,https://en.wikipedia.org/wiki/Ami_Bera
California,California 6,Tamika Hamilton,Republican,44.1,False,False,D+7,general,
California,California 7,Doris Matsui,Democratic,68.3,False,True,D+17,general,https://en.wikipedia.org/wiki/Doris_Matsui
California,California 7,Max Semenenko,Republican,31.7,False,False,D+17,general,
California,California 8,John Garamendi,Democratic,75.7,False,True,D+26,general,https://en.wikipedia.org/wiki/John_Garamendi
California,California 8,Rudy Recile,Republican,24.3,False,False,D+26,general,
California,California 9,Josh Harder,Democratic,54.8,False,True,D+5,general,https://en.wikipedia.org/wiki/Josh_Harder
California,California 9,Tom Patti,Republican,45.2,False,False,D+5,general,https://en.wikipedia.org/wiki/Tom_Patti
Colorado,Colorado 1,Diana DeGette,Democratic,80.3,True,True,D+29,general,https://en.wikipedia.org/wiki/Diana_DeGette
Colorado,Colorado 1,Jennifer Qualteri,Republican,17.5,False,False,D+29,general,
Colorado,Colorado 1,John Kittleson,Libertarian,2.2,False,False,D+29,general,
Colorado,Colorado 2,Joe Neguse,Democratic,70.0,True,True,D+17,general,https://en.wikipedia.org/wiki/Joe_Neguse
Colorado,Colorado 2,Marshall Dawson,Republican,28.0,False,False,D+17,general,
Colorado,Colorado 2,Steve Yurash,Center,0.8,False,False,D+17,general,
Colorado,Colorado 2,Gary Nation,Constitution,0.6,False,False,D+17,general,
Colorado,Colorado 2,Unity,Unity,0.6,False,False,D+17,general,https://en.wikipedia.org/wiki/Unity_Party_of_America
Colorado,Colorado 3,Lauren Boebert,Republican,50.1,True,True,R+7,general,https://en.wikipedia.org/wiki/Lauren_Boebert
Colorado,Colorado 3,Adam Frisch,Democratic,49.9,False,False,R+7,general,https://en.wikipedia.org/wiki/Adam_Frisch
Colorado,Colorado 4,Ken Buck,Republican,60.9,True,True,R+13,general,https://en.wikipedia.org/wiki/Ken_Buck
Colorado,Colorado 4,Ike McCorkle,Democratic,36.6,False,False,R+13,general,
Colorado,Colorado 4,Ryan McGonigal,Constitution,2.5,False,False,R+13,general,
Colorado,Colorado 5,Doug Lamborn,Republican,56.0,True,True,R+9,general,https://en.wikipedia.org/wiki/Doug_Lamborn
Colorado,Colorado 5,David Torres,Democratic,40.3,False,False,R+9,general,
Colorado,Colorado 5,Brian Flanagan,Libertarian,2.5,False,False,R+9,general,
Colorado,Colorado 5,Christopher Mitchell,Constitution,1.2,False,False,R+9,general,
Colorado,Colorado 6,Jason Crow,Democratic,60.6,True,True,D+9,general,https://en.wikipedia.org/wiki/Jason_Crow
Colorado,Colorado 6,Steven Monahan,Republican,37.4,False,False,D+9,general,
Colorado,Colorado 6,Eric Mulder,Libertarian,2.0,False,False,D+9,general,
Colorado,Colorado 7,Brittany Pettersen,Democratic,56.4,False,True,D+4,general,https://en.wikipedia.org/wiki/Brittany_Pettersen
Colorado,Colorado 7,Erik Aadland,Republican,41.4,False,False,D+4,general,
Colorado,Colorado 7,Ross Klopf,Libertarian,1.7,False,False,D+4,general,
Colorado,Colorado 7,Critter Milton,Unity,0.5,False,False,D+4,general,
Colorado,Colorado 8,Yadira Caraveo,Democratic,48.4,False,True,EVEN,general,https://en.wikipedia.org/wiki/Yadira_Caraveo
Colorado,Colorado 8,Barbara Kirkmeyer,Republican,47.7,False,False,EVEN,general,https://en.wikipedia.org/wiki/Barbara_Kirkmeyer
Colorado,Colorado 8,Richard Ward,Libertarian,3.9,False,False,EVEN,general,
Connecticut,Connecticut 1,John B. Larson,Democratic,61.3,True,True,D+12,general,https://en.wikipedia.org/wiki/John_B._Larson
Connecticut,Connecticut 1,Larry Lazor,Republican,37.5,False,False,D+12,general,
Connecticut,Connecticut 1,Mary Sanders,Green,1.2,False,False,D+12,general,
Connecticut,Connecticut 2,Joe Courtney,Democratic,58.2,True,True,D+3,general,https://en.wikipedia.org/wiki/Joe_Courtney_(politician)
Connecticut,Connecticut 2,Mike France,Republican,40.2,False,False,D+3,general,https://en.wikipedia.org/wiki/Mike_France_(politician)
Connecticut,Connecticut 2,Kevin Blacker,Green,0.9,False,False,D+3,general,
Connecticut,Connecticut 2,William Hall,Libertarian,0.8,False,False,D+3,general,
Connecticut,Connecticut 3,Rosa DeLauro,Democratic,56.8,True,True,D+7,general,https://en.wikipedia.org/wiki/Rosa_DeLauro
Connecticut,Connecticut 3,Lesley DeNardis,Republican,40.7,False,False,D+7,general,
Connecticut,Connecticut 3,Amy Chai,Independent,1.7,False,False,D+7,general,
Connecticut,Connecticut 3,Justin Paglino,Green,0.8,False,False,D+7,general,
Connecticut,Connecticut 4,Jim Himes,Democratic,59.4,True,True,D+13,general,https://en.wikipedia.org/wiki/Jim_Himes
Connecticut,Connecticut 4,Jayme Stevenson,Republican,40.6,False,False,D+13,general,
Connecticut,Connecticut 5,Jahana Hayes,Democratic,50.4,True,True,D+3,general,https://en.wikipedia.org/wiki/Jahana_Hayes
Connecticut,Connecticut 5,George Logan,Republican,49.6,False,False,D+3,general,https://en.wikipedia.org/wiki/George_Logan_(Connecticut_politician)
Delaware,Delaware at-large,Lisa Blunt Rochester,Democratic,55.5,True,True,D+7,general,https://en.wikipedia.org/wiki/Lisa_Blunt_Rochester
Delaware,Delaware at-large,Lee Murphy,Republican,43.0,False,False,D+7,general,
Delaware,Delaware at-large,Cody McNutt,Libertarian,1.0,False,False,D+7,general,
Delaware,Delaware at-large,David Rogers,Independent,0.6,False,False,D+7,general,
Florida,Florida 1,Matt Gaetz,Republican,67.9,True,True,R+19,general,https://en.wikipedia.org/wiki/Matt_Gaetz
Florida,Florida 1,Rebekah Jones,Democratic,32.1,False,False,R+19,general,https://en.wikipedia.org/wiki/Rebekah_Jones
Florida,Florida 10,Maxwell Frost,Democratic,59.0,False,True,D+14,general,https://en.wikipedia.org/wiki/Maxwell_Frost
Florida,Florida 10,Calvin Wimbish,Republican,39.4,False,False,D+14,general,
Florida,Florida 10,Jason Holic,Independent,1.0,False,False,D+14,general,
Florida,Florida 10,Usha Jain,Independent,0.6,False,False,D+14,general,
Florida,Florida 11,Daniel Webster,Republican,63.1,True,True,R+8,general,https://en.wikipedia.org/wiki/Daniel_Webster_(Florida_politician)
Florida,Florida 11,Shante Munns,Democratic,35.4,False,False,R+8,general,
Florida,Florida 11,Kevin Porter,Independent,1.5,False,False,R+8,general,
Florida,Florida 12,Gus Bilirakis,Republican,70.4,True,True,R+17,general,https://en.wikipedia.org/wiki/Gus_Bilirakis
Florida,Florida 12,Kimberly Walker,Democratic,29.6,False,False,R+17,general,
Florida,Florida 13,Anna Paulina Luna,Republican,53.1,False,True,R+6,general,https://en.wikipedia.org/wiki/Anna_Paulina_Luna
Florida,Florida 13,Eric Lynn,Democratic,45.1,False,False,R+6,general,
Florida,Florida 13,Frank Craft,Libertarian,1.8,False,False,R+6,general,
Florida,Florida 14,Kathy Castor,Democratic,56.9,True,True,D+8,general,https://en.wikipedia.org/wiki/Kathy_Castor
Florida,Florida 14,James Judge,Republican,43.1,False,False,D+8,general,
Florida,Florida 15,Laurel Lee,Republican,58.5,False,True,R+4,general,https://en.wikipedia.org/wiki/Laurel_Lee
Florida,Florida 15,Alan Cohn,Democratic,41.5,False,False,R+4,general,https://en.wikipedia.org/wiki/Alan_Cohn
Florida,Florida 16,Vern Buchanan,Republican,62.2,True,True,R+7,general,https://en.wikipedia.org/wiki/Vern_Buchanan
Florida,Florida 16,Jan Schneider,Democratic,37.8,False,False,R+7,general,
Florida,Florida 17,Greg Steube,Republican,63.8,True,True,R+10,general,https://en.wikipedia.org/wiki/Greg_Steube
Florida,Florida 17,Andrea Kale,Democratic,35.5,False,False,R+10,general,
Florida,Florida 17,Theodore Murray,Independent,0.6,False,False,R+10,general,
Florida,Florida 18,Scott Franklin,Republican,74.7,False,True,R+13,general,https://en.wikipedia.org/wiki/Scott_Franklin_(politician)
Florida,Florida 18,Keith Hayden,Independent,25.3,False,False,R+13,general,
Florida,Florida 19,Byron Donalds,Republican,68.0,True,True,R+13,general,https://en.wikipedia.org/wiki/Byron_Donalds
Florida,Florida 19,Cindy Banyai,Democratic,32.0,False,False,R+13,general,
Florida,Florida 2,Neal Dunn,Republican,59.8,True,True,R+8,general,https://en.wikipedia.org/wiki/Neal_Dunn
Florida,Florida 2,Al Lawson,Democratic,40.2,False,False,R+8,general,https://en.wikipedia.org/wiki/Al_Lawson
Florida,Florida 20,Sheila Cherfilus-McCormick,Democratic,72.3,True,True,D+25,general,https://en.wikipedia.org/wiki/Sheila_Cherfilus-McCormick
Florida,Florida 20,Drew-Montez Clark,Republican,27.7,False,False,D+25,general,
Florida,Florida 20,Sheila Cherfilus-McCormick,Democratic,79.0,False,True,,special,https://en.wikipedia.org/wiki/Sheila_Cherfilus-McCormick
Florida,Florida 20,Jason Mariner,Republican,19.4,False,False,,special,
Florida,Florida 20,Mike ter Maat,Libertarian,0.7,False,False,,special,https://en.wikipedia.org/wiki/Mike_ter_Maat
Florida,Florida 20,Jim Flynn,Independent,0.5,False,False,,special,
Florida,Florida 20,Leonard Serratore,Independent,0.5,False,False,,special,
Florida,Florida 21,Brian Mast,Republican,63.5,False,True,R+7,general,https://en.wikipedia.org/wiki/Brian_Mast
Florida,Florida 21,Corinna Balderramos Robinson,Democratic,36.5,False,False,R+7,general,
Florida,Florida 22,Lois Frankel,Democratic,55.1,False,True,D+7,general,https://en.wikipedia.org/wiki/Lois_Frankel
Florida,Florida 22,Daniel Franzese,Republican,44.9,False,False,D+7,general,
Florida,Florida 23,Jared Moskowitz,Democratic,51.6,False,True,D+5,general,https://en.wikipedia.org/wiki/Jared_Moskowitz
Florida,Florida 23,Joe Budd,Republican,46.8,False,False,D+5,general,
Florida,Florida 23,Christine Scott,Independent,1.1,False,False,D+5,general,
Florida,Florida 23,Mark Napier,Independent,0.5,False,False,D+5,general,
Florida,Florida 24,Frederica Wilson,Democratic,71.8,True,True,D+25,general,https://en.wikipedia.org/wiki/Frederica_Wilson
Florida,Florida 24,Jesus Navarro,Republican,28.2,False,False,D+25,general,
Florida,Florida 25,Debbie Wasserman Schultz,Democratic,55.1,False,True,D+9,general,https://en.wikipedia.org/wiki/Debbie_Wasserman_Schultz
Florida,Florida 25,Carla Spalding,Republican,44.9,False,False,D+9,general,
Florida,Florida 26,Mario Díaz-Balart,Republican,70.9,False,True,R+8,general,https://en.wikipedia.org/wiki/Mario_D%C3%ADaz-Balart
Florida,Florida 26,Christine Olivo,Democratic,29.1,False,False,R+8,general,
Florida,Florida 27,María Elvira Salazar,Republican,57.3,True,True,EVEN,general,https://en.wikipedia.org/wiki/Mar%C3%ADa_Elvira_Salazar
Florida,Florida 27,Annette Taddeo,Democratic,42.7,False,False,EVEN,general,https://en.wikipedia.org/wiki/Annette_Taddeo
Florida,Florida 28,Carlos A. Giménez,Republican,63.7,False,True,R+2,general,https://en.wikipedia.org/wiki/Carlos_A._Gim%C3%A9nez
Florida,Florida 28,Robert Asencio,Democratic,36.3,False,False,R+2,general,https://en.wikipedia.org/wiki/Robert_Asencio
Florida,Florida 3,Kat Cammack,Republican,62.5,True,True,R+9,general,https://en.wikipedia.org/wiki/Kat_Cammack
Florida,Florida 3,Danielle Hawk,Democratic,36.3,False,False,R+9,general,
Florida,Florida 3,Linda Brooks,Independent,1.2,False,False,R+9,general,
Florida,Florida 4,Aaron Bean,Republican,60.5,False,True,R+6,general,https://en.wikipedia.org/wiki/Aaron_Bean
Florida,Florida 4,LaShonda Holloway,Democratic,39.5,False,False,R+6,general,
Florida,Florida 5,John Rutherford,Republican,100.0,False,True,R+11,general,
Florida,Florida 6,Mike Waltz,Republican,75.3,True,True,R+14,general,https://en.wikipedia.org/wiki/Mike_Waltz
Florida,Florida 6,Joe Hannoush,Libertarian,24.7,False,False,R+14,general,
Florida,Florida 7,Cory Mills,Republican,58.5,False,True,R+5,general,https://en.wikipedia.org/wiki/Cory_Mills
Florida,Florida 7,Karen Green,Democratic,41.5,False,False,R+5,general,
Florida,Florida 8,Bill Posey,Republican,64.9,True,True,R+11,general,https://en.wikipedia.org/wiki/Bill_Posey
Florida,Florida 8,Joanne Terry,Democratic,35.1,False,False,R+11,general,
Florida,Florida 9,Darren Soto,Democratic,53.6,True,True,D+8,general,https://en.wikipedia.org/wiki/Darren_Soto
Florida,Florida 9,Scotty Moore,Republican,46.4,False,False,D+8,general,
Georgia,Georgia 1,Buddy Carter,Republican,59.1,True,True,R+9,general,https://en.wikipedia.org/wiki/Buddy_Carter
Georgia,Georgia 1,Wade Herring,Democratic,40.9,False,False,R+9,general,
Georgia,Georgia 10,Mike Collins,Republican,64.5,False,True,R+15,general,https://en.wikipedia.org/wiki/Mike_Collins_(politician)
Georgia,Georgia 10,Tabitha Johnson-Green,Democratic,35.5,False,False,R+15,general,
Georgia,Georgia 11,Barry Loudermilk,Republican,62.6,True,True,R+11,general,https://en.wikipedia.org/wiki/Barry_Loudermilk
Georgia,Georgia 11,Antonio Daza,Democratic,37.4,False,False,R+11,general,
Georgia,Georgia 12,Rick Allen,Republican,59.6,True,True,R+8,general,https://en.wikipedia.org/wiki/Rick_Allen_(politician)
Georgia,Georgia 12,Liz Johnson,Democratic,40.4,False,False,R+8,general,
Georgia,Georgia 13,David Scott,Democratic,81.8,True,True,D+28,general,https://en.wikipedia.org/wiki/David_Scott_(Georgia_politician)
Georgia,Georgia 13,Caesar Gonzales,Republican,18.2,False,False,D+28,general,
Georgia,Georgia 14,Marjorie Taylor Greene,Republican,65.9,True,True,R+22,general,https://en.wikipedia.org/wiki/Marjorie_Taylor_Greene
Georgia,Georgia 14,Marcus Flowers,Democratic,34.1,False,False,R+22,general,
Georgia,Georgia 2,Sanford Bishop,Democratic,55.0,True,True,D+3,general,https://en.wikipedia.org/wiki/Sanford_Bishop
Georgia,Georgia 2,Chris West,Republican,45.0,False,False,D+3,general,
Georgia,Georgia 3,Drew Ferguson,Republican,68.7,True,True,R+18,general,https://en.wikipedia.org/wiki/Drew_Ferguson_(politician)
Georgia,Georgia 3,Val Almonord,Democratic,31.3,False,False,R+18,general,
Georgia,Georgia 4,Hank Johnson,Democratic,78.5,True,True,D+27,general,https://en.wikipedia.org/wiki/Hank_Johnson
Georgia,Georgia 4,Jonathan Chavez,Republican,21.5,False,False,D+27,general,
Georgia,Georgia 5,Nikema Williams,Democratic,82.5,True,True,D+32,general,https://en.wikipedia.org/wiki/Nikema_Williams
Georgia,Georgia 5,Christian Zimm,Republican,17.5,False,False,D+32,general,
Georgia,Georgia 6,Rich McCormick,Republican,62.2,False,True,R+11,general,https://en.wikipedia.org/wiki/Rich_McCormick
Georgia,Georgia 6,Bob Christian,Democratic,37.8,False,False,R+11,general,
Georgia,Georgia 7,Lucy McBath,Democratic,61.1,False,True,D+10,general,https://en.wikipedia.org/wiki/Lucy_McBath
Georgia,Georgia 7,Mark Gonsalves,Republican,38.9,False,False,D+10,general,
Georgia,Georgia 8,Austin Scott,Republican,68.6,True,True,R+16,general,https://en.wikipedia.org/wiki/Austin_Scott_(politician)
Georgia,Georgia 8,Darrius Butler,Democratic,31.4,False,False,R+16,general,
Georgia,Georgia 9,Andrew Clyde,Republican,72.4,True,True,R+22,general,https://en.wikipedia.org/wiki/Andrew_Clyde
Georgia,Georgia 9,Mike Ford,Democratic,27.6,False,False,R+22,general,
Hawaii,Hawaii 1,Ed Case,Democratic,73.7,True,True,D+14,general,https://en.wikipedia.org/wiki/Ed_Case
Hawaii,Hawaii 1,Conrad Kress,Republican,26.3,False,False,D+14,general,
Hawaii,Hawaii 2,Jill Tokuda,Democratic,62.2,False,True,D+14,general,https://en.wikipedia.org/wiki/Jill_Tokuda
Hawaii,Hawaii 2,Joe Akana,Republican,35.3,False,False,D+14,general,
Hawaii,Hawaii 2,Michelle Tippens,Libertarian,2.5,False,False,D+14,general,
Idaho,Idaho 1,Russ Fulcher,Republican,71.3,True,True,R+22,general,https://en.wikipedia.org/wiki/Russ_Fulcher
Idaho,Idaho 1,Kaylee Peterson,Democratic,26.3,False,False,R+22,general,
Idaho,Idaho 1,Darian Drake,Libertarian,2.3,False,False,R+22,general,
Idaho,Idaho 2,Mike Simpson,Republican,63.6,True,True,R+14,general,https://en.wikipedia.org/wiki/Mike_Simpson
Idaho,Idaho 2,Wendy Norman,Democratic,36.4,False,False,R+14,general,
Illinois,Illinois 1,Jonathan Jackson,Democratic,67.0,False,True,D+20,general,https://en.wikipedia.org/wiki/Jonathan_Jackson_(Illinois_politician)
Illinois,Illinois 1,Eric Carlson,Republican,33.0,False,False,D+20,general,
Illinois,Illinois 10,Brad Schneider,Democratic,63.0,True,True,D+11,general,https://en.wikipedia.org/wiki/Brad_Schneider
Illinois,Illinois 10,Joseph Severino,Republican,37.0,False,False,D+11,general,
Illinois,Illinois 11,Bill Foster,Democratic,56.5,True,True,D+5,general,https://en.wikipedia.org/wiki/Bill_Foster_(politician)
Illinois,Illinois 11,Catalina Lauf,Republican,43.5,False,False,D+5,general,
Illinois,Illinois 12,Mike Bost,Republican,75.0,True,True,R+24,general,https://en.wikipedia.org/wiki/Mike_Bost
Illinois,Illinois 12,Chip Markel,Democratic,25.0,False,False,R+24,general,
Illinois,Illinois 13,Nikki Budzinski,Democratic,56.6,False,True,D+3,general,https://en.wikipedia.org/wiki/Nikki_Budzinski
Illinois,Illinois 13,Regan Deering,Republican,43.4,False,False,D+3,general,
Illinois,Illinois 14,Lauren Underwood,Democratic,54.2,True,True,D+4,general,https://en.wikipedia.org/wiki/Lauren_Underwood
Illinois,Illinois 14,Scott Gryder,Republican,45.8,False,False,D+4,general,
Illinois,Illinois 15,Mary Miller,Republican,71.1,True,True,R+22,general,https://en.wikipedia.org/wiki/Mary_Miller_(politician)
Illinois,Illinois 15,Paul Lange,Democratic,28.9,False,False,R+22,general,
Illinois,Illinois 16,Darin LaHood,Republican,66.3,False,True,R+13,general,https://en.wikipedia.org/wiki/Darin_LaHood
Illinois,Illinois 16,Elizabeth Haderlein,Democratic,33.7,False,False,R+13,general,
Illinois,Illinois 17,Eric Sorensen,Democratic,52.0,False,True,D+2,general,https://en.wikipedia.org/wiki/Eric_Sorensen_(politician)
Illinois,Illinois 17,Esther Joy King,Republican,48.0,False,False,D+2,general,
Illinois,Illinois 2,Robin Kelly,Democratic,67.1,True,True,D+19,general,https://en.wikipedia.org/wiki/Robin_Kelly
Illinois,Illinois 2,Thomas Lynch,Republican,32.9,False,False,D+19,general,
Illinois,Illinois 3,Delia Ramirez,Democratic,68.5,False,True,D+20,general,https://en.wikipedia.org/wiki/Delia_Ramirez
Illinois,Illinois 3,Justin Burau,Republican,31.5,False,False,D+20,general,
Illinois,Illinois 4,Chuy García,Democratic,68.4,True,True,D+22,general,https://en.wikipedia.org/wiki/Chuy_Garc%C3%ADa
Illinois,Illinois 4,James Falakos,Republican,28.1,False,False,D+22,general,
Illinois,Illinois 4,Working Class,Working Class,3.5,False,False,D+22,general,https://en.wikipedia.org/wiki/Working_Class_Party
Illinois,Illinois 5,Mike Quigley,Democratic,69.6,True,True,D+18,general,https://en.wikipedia.org/wiki/Mike_Quigley
Illinois,Illinois 5,Tommy Hanson,Republican,28.8,False,False,D+18,general,
Illinois,Illinois 5,Jerico Cruz,Independent,1.6,False,False,D+18,general,
Illinois,Illinois 6,Sean Casten,Democratic,54.4,True,True,D+3,general,https://en.wikipedia.org/wiki/Sean_Casten
Illinois,Illinois 6,Keith Pekau,Republican,45.6,False,False,D+3,general,https://en.wikipedia.org/wiki/Keith_Pekau
Illinois,Illinois 7,Danny Davis,Democratic,100.0,True,True,D+36,general,https://en.wikipedia.org/wiki/Danny_Davis_(Illinois_politician)
Illinois,Illinois 8,Raja Krishnamoorthi,Democratic,56.9,True,True,D+6,general,https://en.wikipedia.org/wiki/Raja_Krishnamoorthi
Illinois,Illinois 8,Chris Dargis,Republican,43.1,False,False,D+6,general,
Illinois,Illinois 9,Jan Schakowsky,Democratic,71.7,True,True,D+19,general,https://en.wikipedia.org/wiki/Jan_Schakowsky
Illinois,Illinois 9,Max Rice,Republican,28.3,False,False,D+19,general,
Indiana,Indiana 1,Frank J. Mrvan,Democratic,52.8,True,True,D+3,general,https://en.wikipedia.org/wiki/Frank_J._Mrvan
Indiana,Indiana 1,Jennifer-Ruth Green,Republican,47.2,False,False,D+3,general,
Indiana,Indiana 2,Rudy Yakym,Republican,64.6,False,True,R+14,general,https://en.wikipedia.org/wiki/Rudy_Yakym
Indiana,Indiana 2,Paul Steury,Democratic,32.4,False,False,R+14,general,
Indiana,Indiana 2,William Henry,Libertarian,3.0,False,False,R+14,general,
Indiana,Indiana 2,Rudy Yakym,Republican,63.3,False,True,,special,https://en.wikipedia.org/wiki/Rudy_Yakym
Indiana,Indiana 2,Paul Steury,Democratic,33.4,False,False,,special,
Indiana,Indiana 2,William Henry,Libertarian,3.3,False,False,,special,
Indiana,Indiana 3,Jim Banks,Republican,65.3,True,True,R+18,general,https://en.wikipedia.org/wiki/Jim_Banks
Indiana,Indiana 3,Gary Snyder,Democratic,30.1,False,False,R+18,general,
Indiana,Indiana 3,Nathan Gotsch,Independent,4.7,False,False,R+18,general,
Indiana,Indiana 4,Jim Baird,Republican,68.2,True,True,R+18,general,https://en.wikipedia.org/wiki/Jim_Baird_(politician)
Indiana,Indiana 4,Roger Day,Democratic,31.8,False,False,R+18,general,
Indiana,Indiana 5,Victoria Spartz,Republican,61.1,True,True,R+11,general,https://en.wikipedia.org/wiki/Victoria_Spartz
Indiana,Indiana 5,Jeannine Lee Lake,Democratic,38.9,False,False,R+11,general,
Indiana,Indiana 6,Greg Pence,Republican,67.5,True,True,R+19,general,https://en.wikipedia.org/wiki/Greg_Pence
Indiana,Indiana 6,Cinde Wirth,Democratic,32.5,False,False,R+19,general,
Indiana,Indiana 7,André Carson,Democratic,67.0,True,True,D+19,general,https://en.wikipedia.org/wiki/Andr%C3%A9_Carson
Indiana,Indiana 7,Angela Grabovsky,Republican,30.6,False,False,D+19,general,
Indiana,Indiana 7,Gavin Maple,Libertarian,2.4,False,False,D+19,general,
Indiana,Indiana 8,Larry Bucshon,Republican,65.7,True,True,R+19,general,https://en.wikipedia.org/wiki/Larry_Bucshon
Indiana,Indiana 8,Ray McCormick,Democratic,31.5,False,False,R+19,general,
Indiana,Indiana 8,Andrew Horning,Libertarian,2.7,False,False,R+19,general,
Indiana,Indiana 9,Erin Houchin,Republican,63.6,False,True,R+16,general,https://en.wikipedia.org/wiki/Erin_Houchin
Indiana,Indiana 9,Matthew Fyfe,Democratic,33.6,False,False,R+16,general,
Indiana,Indiana 9,Tonya Millis,Libertarian,2.8,False,False,R+16,general,
Iowa,Iowa 1,Mariannette Miller-Meeks,Republican,53.4,False,True,R+3,general,https://en.wikipedia.org/wiki/Mariannette_Miller-Meeks
Iowa,Iowa 1,Christina Bohannan,Democratic,46.6,False,False,R+3,general,https://en.wikipedia.org/wiki/Christina_Bohannan
Iowa,Iowa 2,Ashley Hinson,Republican,54.1,False,True,R+4,general,https://en.wikipedia.org/wiki/Ashley_Hinson
Iowa,Iowa 2,Liz Mathis,Democratic,45.9,False,False,R+4,general,https://en.wikipedia.org/wiki/Liz_Mathis
Iowa,Iowa 3,Zach Nunn,Republican,50.3,False,True,R+3,general,https://en.wikipedia.org/wiki/Zach_Nunn
Iowa,Iowa 3,Cindy Axne,Democratic,49.6,True,False,R+3,general,https://en.wikipedia.org/wiki/Cindy_Axne
Iowa,Iowa 4,Randy Feenstra,Republican,67.4,True,True,R+16,general,https://en.wikipedia.org/wiki/Randy_Feenstra
Iowa,Iowa 4,Ryan Melton,Democratic,30.4,False,False,R+16,general,
Iowa,Iowa 4,Bryan Holder,Liberty,2.2,False,False,R+16,general,
Kansas,Kansas 1,Tracey Mann,Republican,67.7,True,True,R+18,general,https://en.wikipedia.org/wiki/Tracey_Mann
Kansas,Kansas 1,Jimmy Beard,Democratic,32.3,False,False,R+18,general,
Kansas,Kansas 2,Jake LaTurner,Republican,57.6,True,True,R+11,general,https://en.wikipedia.org/wiki/Jake_LaTurner
Kansas,Kansas 2,Patrick Schmidt,Democratic,42.4,False,False,R+11,general,https://en.wikipedia.org/wiki/Patrick_Schmidt_(politician)
Kansas,Kansas 3,Sharice Davids,Democratic,54.9,True,True,R+1,general,https://en.wikipedia.org/wiki/Sharice_Davids
Kansas,Kansas 3,Amanda Adkins,Republican,42.8,False,False,R+1,general,https://en.wikipedia.org/wiki/Amanda_Adkins_(politician)
Kansas,Kansas 3,Steven Hohe,Libertarian,2.3,False,False,R+1,general,
Kansas,Kansas 4,Ron Estes,Republican,63.3,True,True,R+14,general,https://en.wikipedia.org/wiki/Ron_Estes
Kansas,Kansas 4,Bob Hernandez,Democratic,36.7,False,False,R+14,general,
Kentucky,Kentucky 1,James Comer,Republican,74.9,True,True,R+24,general,https://en.wikipedia.org/wiki/James_Comer
Kentucky,Kentucky 1,Jimmy Ausbrooks,Democratic,25.1,False,False,R+24,general,
Kentucky,Kentucky 2,Brett Guthrie,Republican,71.9,True,True,R+21,general,https://en.wikipedia.org/wiki/Brett_Guthrie
Kentucky,Kentucky 2,Hank Linderman,Democratic,28.1,False,False,R+21,general,
Kentucky,Kentucky 3,Morgan McGarvey,Democratic,62.0,False,True,D+9,general,https://en.wikipedia.org/wiki/Morgan_McGarvey
Kentucky,Kentucky 3,Stuart Ray,Republican,38.0,False,False,D+9,general,
Kentucky,Kentucky 4,Thomas Massie,Republican,65.0,True,True,R+19,general,https://en.wikipedia.org/wiki/Thomas_Massie
Kentucky,Kentucky 4,Matt Lehman,Democratic,31.0,False,False,R+19,general,https://en.wikipedia.org/wiki/Matt_Lehman_(Kentucky_politician)
Kentucky,Kentucky 4,Ethan Osborne,Pirate,3.9,False,False,R+19,general,
Kentucky,Kentucky 5,Hal Rogers,Republican,82.2,True,True,R+32,general,https://en.wikipedia.org/wiki/Hal_Rogers
Kentucky,Kentucky 5,Conor Halbleib,Democratic,17.8,False,False,R+32,general,
Kentucky,Kentucky 6,Andy Barr,Republican,65.1,True,True,R+9,general,https://en.wikipedia.org/wiki/Andy_Barr
Kentucky,Kentucky 6,Geoff Young,Democratic,34.9,False,False,R+9,general,https://en.wikipedia.org/wiki/Geoff_Young
Louisiana,Louisiana 1,Steve Scalise,Republican,72.8,True,True,R+23,general,https://en.wikipedia.org/wiki/Steve_Scalise
Louisiana,Louisiana 1,Katie Darling,Democratic,25.2,False,False,R+23,general,
Louisiana,Louisiana 1,Howard Kearney,Libertarian,2.0,False,False,R+23,general,
Louisiana,Louisiana 2,Troy Carter,Democratic,77.1,True,True,D+25,general,https://en.wikipedia.org/wiki/Troy_Carter_(politician)
Louisiana,Louisiana 2,Dan Lux,Republican,22.9,False,False,D+25,general,
Louisiana,Louisiana 3,Clay Higgins,Republican,64.3,True,True,R+21,general,https://en.wikipedia.org/wiki/Clay_Higgins
Louisiana,Louisiana 3,Holden Hoggatt,Republican,10.9,False,False,R+21,general,
Louisiana,Louisiana 3,Lessie LeBlanc,Democratic,10.5,False,False,R+21,general,
Louisiana,Louisiana 3,Tia LeBrun,Democratic,9.4,False,False,R+21,general,
Louisiana,Louisiana 3,Thomas Payne,Republican,1.8,False,False,R+21,general,
Louisiana,Louisiana 3,Gloria Wiggins,Independent,1.4,False,False,R+21,general,
Louisiana,Louisiana 3,Jake Shaheen,Republican,0.9,False,False,R+21,general,
Louisiana,Louisiana 3,Guy McLendon,Libertarian,0.7,False,False,R+21,general,
Louisiana,Louisiana 4,Mike Johnson,Republican,100.0,True,True,R+14,general,
Louisiana,Louisiana 5,Julia Letlow,Republican,67.6,True,True,R+17,general,https://en.wikipedia.org/wiki/Julia_Letlow
Louisiana,Louisiana 5,Oscar Dantzler,Democratic,15.7,False,False,R+17,general,
Louisiana,Louisiana 5,Walter Huff,Democratic,8.7,False,False,R+17,general,
Louisiana,Louisiana 5,Allen Guillory,Republican,5.4,False,False,R+17,general,
Louisiana,Louisiana 5,Hunter Pullen,Republican,2.6,False,False,R+17,general,
Louisiana,Louisiana 6,Garret Graves,Republican,80.4,True,True,R+19,general,https://en.wikipedia.org/wiki/Garret_Graves
Louisiana,Louisiana 6,Rufus Craig,Libertarian,13.0,False,False,R+19,general,
Louisiana,Louisiana 6,Brian Belzer,Republican,6.6,False,False,R+19,general,
Maine,Maine 1,Chellie Pingree,Democratic,62.9,True,True,D+9,general,https://en.wikipedia.org/wiki/Chellie_Pingree
Maine,Maine 1,Ed Thelander,Republican,37.0,False,False,D+9,general,
Maine,Maine 2,Jared Golden,Democratic,48.4,True,True,R+6,general_rcv_round1,https://en.wikipedia.org/wiki/Jared_Golden
Maine,Maine 2,Bruce Poliquin,Republican,44.6,False,True,R+6,general_rcv_round1,https://en.wikipedia.org/wiki/Bruce_Poliquin
Maine,Maine 2,Tiffany Bond,Independent,6.8,False,False,R+6,general_rcv_round1,
Maine,Maine 2,Jared Golden,Democratic,53.1,True,True,R+6,general_rcv_runoff,https://en.wikipedia.org/wiki/Jared_Golden
Maine,Maine 2,Bruce Poliquin,Republican,46.9,False,False,R+6,general_rcv_runoff,https://en.wikipedia.org/wiki/Bruce_Poliquin
Maryland,Maryland 1,Andy Harris,Republican,54.4,True,True,R+11,general,https://en.wikipedia.org/wiki/Andy_Harris_(politician)
Maryland,Maryland 1,Heather Mizeur,Democratic,43.1,False,False,R+11,general,https://en.wikipedia.org/wiki/Heather_Mizeur
Maryland,Maryland 1,Daniel Thibeault,Libertarian,2.4,False,False,R+11,general,
Maryland,Maryland 2,Dutch Ruppersberger,Democratic,59.2,True,True,D+7,general,https://en.wikipedia.org/wiki/Dutch_Ruppersberger
Maryland,Maryland 2,Nicolee Ambrose,Republican,40.6,False,False,D+7,general,
Maryland,Maryland 3,John Sarbanes,Democratic,60.2,True,True,D+10,general,https://en.wikipedia.org/wiki/John_Sarbanes
Maryland,Maryland 3,uripzy Morgan,Republican,39.7,False,True,D+10,general,
Maryland,Maryland 4,Glenn Ivey,Democratic,90.1,False,True,D+40,general,https://en.wikipedia.org/wiki/Glenn_Ivey
Maryland,Maryland 4,Jeff Warner,Republican,9.7,False,False,D+40,general,
Maryland,Maryland 5,Steny Hoyer,Democratic,65.9,True,True,D+15,general,https://en.wikipedia.org/wiki/Steny_Hoyer
Maryland,Maryland 5,Chris Palombi,Republican,33.9,False,False,D+15,general,
Maryland,Maryland 6,David Trone,Democratic,54.7,True,True,D+2,general,https://en.wikipedia.org/wiki/David_Trone
Maryland,Maryland 6,Neil Parrott,Republican,45.2,False,False,D+2,general,https://en.wikipedia.org/wiki/Neil_Parrott
Maryland,Maryland 7,Kweisi Mfume,Democratic,82.1,True,True,D+30,general,https://en.wikipedia.org/wiki/Kweisi_Mfume
Maryland,Maryland 7,Scott Collier,Republican,17.7,False,False,D+30,general,
Maryland,Maryland 8,Jamie Raskin,Democratic,80.2,True,True,D+29,general,https://en.wikipedia.org/wiki/Jamie_Raskin
Maryland,Maryland 8,Gregory Coll,Republican,18.2,False,False,D+29,general,
Maryland,Maryland 8,Andres Garcia,Libertarian,1.6,False,False,D+29,general,
Massachusetts,Massachusetts 1,Richard Neal,Democratic,61.6,True,True,D+9,general,https://en.wikipedia.org/wiki/Richard_Neal
Massachusetts,Massachusetts 1,Dean Martilli,Republican,38.4,False,False,D+9,general,
Massachusetts,Massachusetts 2,Jim McGovern,Democratic,66.3,True,True,D+13,general,https://en.wikipedia.org/wiki/Jim_McGovern_(American_politician)
Massachusetts,Massachusetts 2,Jeffrey Sossa-Paquette,Republican,33.7,False,False,D+13,general,
Massachusetts,Massachusetts 3,Lori Trahan,Democratic,63.6,True,True,D+11,general,https://en.wikipedia.org/wiki/Lori_Trahan
Massachusetts,Massachusetts 3,Dean Tran,Republican,36.4,False,False,D+11,general,https://en.wikipedia.org/wiki/Dean_Tran
Massachusetts,Massachusetts 4,Jake Auchincloss,Democratic,100.0,True,True,D+12,general,https://en.wikipedia.org/wiki/Jake_Auchincloss
Massachusetts,Massachusetts 5,Katherine Clark,Democratic,73.8,True,True,D+23,general,https://en.wikipedia.org/wiki/Katherine_Clark
Massachusetts,Massachusetts 5,Caroline Colarusso,Republican,26.2,False,False,D+23,general,
Massachusetts,Massachusetts 6,Seth Moulton,Democratic,62.9,True,True,D+11,general,https://en.wikipedia.org/wiki/Seth_Moulton
Massachusetts,Massachusetts 6,Bob May,Republican,35.2,False,False,D+11,general,
Massachusetts,Massachusetts 6,Mark Tashjian,Libertarian,1.9,False,False,D+11,general,
Massachusetts,Massachusetts 7,Ayanna Pressley,Democratic,84.8,True,True,D+35,general,https://en.wikipedia.org/wiki/Ayanna_Pressley
Massachusetts,Massachusetts 7,Donnie Palmer Jr.,Republican,15.2,False,False,D+35,general,
Massachusetts,Massachusetts 8,Stephen Lynch,Democratic,69.8,True,True,D+15,general,https://en.wikipedia.org/wiki/Stephen_Lynch_(politician)
Massachusetts,Massachusetts 8,Robert Burke,Republican,30.2,False,False,D+15,general,
Massachusetts,Massachusetts 9,Bill Keating,Democratic,59.2,True,True,D+6,general,https://en.wikipedia.org/wiki/Bill_Keating_(politician)
Massachusetts,Massachusetts 9,Jesse Brown,Republican,40.8,False,False,D+6,general,
Michigan,Michigan 1,Jack Bergman,Republican,60.0,True,True,R+13,general,https://en.wikipedia.org/wiki/Jack_Bergman
Michigan,Michigan 1,Bob Lorinser,Democratic,37.4,False,False,R+13,general,
Michigan,Michigan 1,Liz Hakola,Working Class,1.4,False,False,R+13,general,
Michigan,Michigan 1,Andrew Gale,Libertarian,1.2,False,False,R+13,general,
Michigan,Michigan 10,John James,Republican,48.8,False,True,R+3,general,https://en.wikipedia.org/wiki/John_E._James
Michigan,Michigan 10,Carl Marlinga,Democratic,48.3,False,False,R+3,general,
Michigan,Michigan 10,Andrea Kirby,Working Class,1.8,False,False,R+3,general,
Michigan,Michigan 10,Mike Saliba,Libertarian,1.1,False,False,R+3,general,
Michigan,Michigan 11,Haley Stevens,Democratic,61.3,True,True,D+7,general,https://en.wikipedia.org/wiki/Haley_Stevens
Michigan,Michigan 11,Mark Ambrose,Republican,38.7,False,False,D+7,general,
Michigan,Michigan 12,Rashida Tlaib,Democratic,70.8,False,True,D+23,general,https://en.wikipedia.org/wiki/Rashida_Tlaib
Michigan,Michigan 12,Steven Elliott,Republican,26.3,False,False,D+23,general,
Michigan,Michigan 12,Gary Walkowicz,Working Class,2.9,False,False,D+23,general,
Michigan,Michigan 13,Shri Thanedar,Democratic,71.1,False,True,D+23,general,https://en.wikipedia.org/wiki/Shri_Thanedar
Michigan,Michigan 13,Martell Bivings,Republican,24.0,False,False,D+23,general,
Michigan,Michigan 13,Simone Coleman,Working Class,3.8,False,False,D+23,general,
Michigan,Michigan 13,Chris Dardzinski,U.S. Taxpayers,1.2,False,False,D+23,general,
Michigan,Michigan 2,John Moolenaar,Republican,63.7,False,True,R+16,general,https://en.wikipedia.org/wiki/John_Moolenaar
Michigan,Michigan 2,Jerry Hilliard,Democratic,34.3,False,False,R+16,general,
Michigan,Michigan 2,Nathan Hewer,Libertarian,2.0,False,False,R+16,general,
Michigan,Michigan 3,Hillary Scholten,Democratic,54.9,False,True,D+1,general,https://en.wikipedia.org/wiki/Hillary_Scholten
Michigan,Michigan 3,John Gibbs,Republican,42.0,False,False,D+1,general,https://en.wikipedia.org/wiki/John_Gibbs_(government_official)
Michigan,Michigan 3,Jamie Lewis,Libertarian,2.0,False,False,D+1,general,
Michigan,Michigan 3,Louis Palus,Working Class,1.2,False,False,D+1,general,
Michigan,Michigan 4,Bill Huizenga,Republican,54.4,False,True,R+5,general,https://en.wikipedia.org/wiki/Bill_Huizenga
Michigan,Michigan 4,Joseph Alfonso,Democratic,42.5,False,False,R+5,general,
Michigan,Michigan 4,Lorence Wenke,Libertarian,2.5,False,False,R+5,general,https://en.wikipedia.org/wiki/Lorence_Wenke
Michigan,Michigan 4,Curtis Clark,U.S. Taxpayers,0.7,False,False,R+5,general,
Michigan,Michigan 5,Tim Walberg,Republican,62.4,False,True,R+15,general,https://en.wikipedia.org/wiki/Tim_Walberg
Michigan,Michigan 5,Bart Goldberg,Democratic,35.0,False,False,R+15,general,
Michigan,Michigan 5,Norm Peterson,Libertarian,1.6,False,False,R+15,general,
Michigan,Michigan 5,Ezra Scott,U.S. Taxpayers,1.0,False,False,R+15,general,
Michigan,Michigan 6,Debbie Dingell,Democratic,65.9,False,True,D+11,general,https://en.wikipedia.org/wiki/Debbie_Dingell
Michigan,Michigan 6,Whittney Williams,Republican,34.1,False,False,D+11,general,
Michigan,Michigan 7,Elissa Slotkin,Democratic,51.7,False,True,R+2,general,https://en.wikipedia.org/wiki/Elissa_Slotkin
Michigan,Michigan 7,Tom Barrett,Republican,46.3,False,False,R+2,general,https://en.wikipedia.org/wiki/Tom_Barrett_(Michigan_politician)
Michigan,Michigan 7,Leah Dailey,Libertarian,2.0,False,False,R+2,general,
Michigan,Michigan 8,Dan Kildee,Democratic,53.1,False,True,R+1,general,https://en.wikipedia.org/wiki/Dan_Kildee
Michigan,Michigan 8,Paul Junge,Republican,42.8,False,False,R+1,general,
Michigan,Michigan 8,Kathy Goodwin,Working Class,2.7,False,False,R+1,general,
Michigan,Michigan 8,David Canny,Libertarian,1.4,False,False,R+1,general,
Michigan,Michigan 9,Lisa McClain,Republican,63.9,False,True,R+18,general,https://en.wikipedia.org/wiki/Lisa_McClain
Michigan,Michigan 9,Brian Jaye,Democratic,33.2,False,False,R+18,general,
Michigan,Michigan 9,Jim Walkowicz,Working Class,1.8,False,False,R+18,general,
Michigan,Michigan 9,Jake Kelts,Libertarian,1.2,False,False,R+18,general,
Minnesota,Minnesota 1,Brad Finstad,Republican,53.9,True,True,R+7,general,https://en.wikipedia.org/wiki/Brad_Finstad
Minnesota,Minnesota 1,Jeff Ettinger,DFL,42.3,False,False,R+7,general,https://en.wikipedia.org/wiki/Jeff_Ettinger
Minnesota,Minnesota 1,Richard Reisdorf,Legal Marijuana Now,2.2,False,False,R+7,general,
Minnesota,Minnesota 1,Brian Abrahamson,Grassroots–LC,1.7,False,False,R+7,general,
Minnesota,Minnesota 1,Brad Finstad,Republican,50.7,False,True,,special,https://en.wikipedia.org/wiki/Brad_Finstad
Minnesota,Minnesota 1,Jeff Ettinger,DFL,46.8,False,False,,special,https://en.wikipedia.org/wiki/Jeff_Ettinger
Minnesota,Minnesota 1,Legal Marijuana Now,Legal Marijuana Now,1.3,False,False,,special,https://en.wikipedia.org/wiki/Legal_Marijuana_Now_Party
Minnesota,Minnesota 1,Grassroots–LC,Grassroots–LC,0.7,False,False,,special,https://en.wikipedia.org/wiki/Grassroots%E2%80%93Legalize_Cannabis_Party
Minnesota,Minnesota 2,Angie Craig,DFL,51.0,True,True,D+1,general,https://en.wikipedia.org/wiki/Angie_Craig
Minnesota,Minnesota 2,Tyler Kistner,Republican,45.7,False,False,D+1,general,https://en.wikipedia.org/wiki/Tyler_Kistner
Minnesota,Minnesota 2,Paula Overby,Legal Marijuana Now,3.3,False,False,D+1,general,https://en.wikipedia.org/wiki/Paula_Overby
Minnesota,Minnesota 3,Dean Phillips,DFL,59.6,True,True,D+8,general,https://en.wikipedia.org/wiki/Dean_Phillips
Minnesota,Minnesota 3,Tom Weiler,Republican,40.4,False,False,D+8,general,
Minnesota,Minnesota 4,Betty McCollum,DFL,67.7,True,True,D+17,general,https://en.wikipedia.org/wiki/Betty_McCollum
Minnesota,Minnesota 4,May Lor Xiong,Republican,32.3,False,False,D+17,general,
Minnesota,Minnesota 5,Ilhan Omar,DFL,75.2,True,True,D+30,general,https://en.wikipedia.org/wiki/Ilhan_Omar
Minnesota,Minnesota 5,Cicely Davis,Republican,24.8,False,False,D+30,general,
Minnesota,Minnesota 6,Tom Emmer,Republican,62.1,True,True,R+12,general,https://en.wikipedia.org/wiki/Tom_Emmer
Minnesota,Minnesota 6,Jeanne Hendricks,DFL,37.9,False,False,R+12,general,
Minnesota,Minnesota 7,Michelle Fischbach,Republican,67.0,True,True,R+19,general,https://en.wikipedia.org/wiki/Michelle_Fischbach
Minnesota,Minnesota 7,Jill Abahsain,DFL,27.6,False,False,R+19,general,
Minnesota,Minnesota 7,Travis Johnson,Legal Marijuana Now,5.4,False,False,R+19,general,
Minnesota,Minnesota 8,Pete Stauber,Republican,57.2,True,True,R+8,general,https://en.wikipedia.org/wiki/Pete_Stauber
Minnesota,Minnesota 8,Jennifer Schultz,DFL,42.8,False,False,R+8,general,https://en.wikipedia.org/wiki/Jennifer_Schultz
Mississippi,Mississippi 1,Trent Kelly,Republican,73.0,True,True,R+18,general,https://en.wikipedia.org/wiki/Trent_Kelly
Mississippi,Mississippi 1,Dianne Black,Democratic,27.0,False,False,R+18,general,
Mississippi,Mississippi 2,Bennie Thompson,Democratic,60.1,True,True,D+11,general,https://en.wikipedia.org/wiki/Bennie_Thompson
Mississippi,Mississippi 2,Brian Flowers,Republican,39.9,False,False,D+11,general,
Mississippi,Mississippi 3,Michael Guest,Republican,70.7,True,True,R+15,general,https://en.wikipedia.org/wiki/Michael_Guest_(politician)
Mississippi,Mississippi 3,Shuwaski Young,Democratic,29.3,False,False,R+15,general,
Mississippi,Mississippi 4,Mike Ezell,Republican,73.3,False,True,R+22,general,https://en.wikipedia.org/wiki/Mike_Ezell
Mississippi,Mississippi 4,Johnny DuPree,Democratic,24.6,False,False,R+22,general,https://en.wikipedia.org/wiki/Johnny_DuPree
Mississippi,Mississippi 4,Alden Johnson,Libertarian,2.0,False,False,R+22,general,
Missouri,Missouri 1,Cori Bush,Democratic,72.9,True,True,D+27,general,https://en.wikipedia.org/wiki/Cori_Bush
Missouri,Missouri 1,Andrew Jones,Republican,24.3,False,False,D+27,general,
Missouri,Missouri 1,George Zsidisin,Libertarian,2.8,False,False,D+27,general,
Missouri,Missouri 2,Ann Wagner,Republican,54.9,True,True,R+7,general,https://en.wikipedia.org/wiki/Ann_Wagner
Missouri,Missouri 2,Trish Gunby,Democratic,43.1,False,False,R+7,general,https://en.wikipedia.org/wiki/Trish_Gunby
Missouri,Missouri 2,Bill Slantz,Libertarian,2.1,False,False,R+7,general,
Missouri,Missouri 3,Blaine Luetkemeyer,Republican,65.1,True,True,R+16,general,https://en.wikipedia.org/wiki/Blaine_Luetkemeyer
Missouri,Missouri 3,Bethany Mann,Democratic,34.9,False,False,R+16,general,
Missouri,Missouri 4,Mark Alford,Republican,71.3,False,True,R+23,general,https://en.wikipedia.org/wiki/Mark_Alford_(politician)
Missouri,Missouri 4,Jack Truman,Democratic,26.3,False,False,R+23,general,
Missouri,Missouri 4,Randy Langkraehr,Libertarian,2.4,False,False,R+23,general,
Missouri,Missouri 5,Emanuel Cleaver,Democratic,61.0,True,True,D+11,general,https://en.wikipedia.org/wiki/Emanuel_Cleaver
Missouri,Missouri 5,Jacob Turk,Republican,36.4,False,False,D+11,general,
Missouri,Missouri 5,Robin Dominick,Libertarian,2.5,False,False,D+11,general,
Missouri,Missouri 6,Sam Graves,Republican,70.3,True,True,R+21,general,https://en.wikipedia.org/wiki/Sam_Graves
Missouri,Missouri 6,Henry Martin,Democratic,27.5,False,False,R+21,general,
Missouri,Missouri 6,Andy Maidment,Libertarian,2.2,False,False,R+21,general,
Missouri,Missouri 7,Eric Burlison,Republican,70.9,False,True,R+24,general,https://en.wikipedia.org/wiki/Eric_Burlison
Missouri,Missouri 7,Kristen Radaker-Sheafer,Democratic,26.8,False,False,R+24,general,
Missouri,Missouri 7,Kevin Craig,Libertarian,2.3,False,False,R+24,general,
Missouri,Missouri 8,Jason Smith,Republican,76.0,True,True,R+28,general,https://en.wikipedia.org/wiki/Jason_Smith_(American_politician)
Missouri,Missouri 8,Randi McCallian,Democratic,21.9,False,False,R+28,general,
Missouri,Missouri 8,Jim Higgins,Libertarian,2.1,False,False,R+28,general,
Montana,Montana 1,Ryan Zinke,Republican,49.6,False,True,R+6,general,https://en.wikipedia.org/wiki/Ryan_Zinke
Montana,Montana 1,Monica Tranel,Democratic,46.5,False,False,R+6,general,https://en.wikipedia.org/wiki/Monica_Tranel
Montana,Montana 1,John Lamb,Libertarian,3.8,False,False,R+6,general,
Montana,Montana 2,Matt Rosendale,Republican,56.6,False,True,R+16,general,https://en.wikipedia.org/wiki/Matt_Rosendale
Montana,Montana 2,Gary Buchanan,Independent,21.9,False,False,R+16,general,
Montana,Montana 2,Penny Ronning,Democratic,20.2,False,False,R+16,general,
Montana,Montana 2,Sam Rankin,Libertarian,1.4,False,False,R+16,general,
Nebraska,Nebraska 1,Mike Flood,Republican,58.1,True,True,R+9,general,https://en.wikipedia.org/wiki/Mike_Flood_(politician)
Nebraska,Nebraska 1,Patty Pansing Brooks,Democratic,41.9,False,False,R+9,general,https://en.wikipedia.org/wiki/Patty_Pansing_Brooks
Nebraska,Nebraska 1,Mike Flood,Republican,52.7,False,True,,special,https://en.wikipedia.org/wiki/Mike_Flood_(politician)
Nebraska,Nebraska 1,Patty Pansing Brooks,Democratic,47.3,False,False,,special,https://en.wikipedia.org/wiki/Patty_Pansing_Brooks
Nebraska,Nebraska 2,Don Bacon,Republican,51.5,True,True,EVEN,general,https://en.wikipedia.org/wiki/Don_Bacon
Nebraska,Nebraska 2,Tony Vargas,Democratic,48.5,False,False,EVEN,general,https://en.wikipedia.org/wiki/Tony_Vargas
Nebraska,Nebraska 3,Adrian Smith,Republican,78.3,True,True,R+29,general,https://en.wikipedia.org/wiki/Adrian_Smith_(politician)
Nebraska,Nebraska 3,David Else,Democratic,15.8,False,False,R+29,general,
Nebraska,Nebraska 3,Mark Elworth Jr.,Legal Marijuana Now,5.9,False,False,R+29,general,https://en.wikipedia.org/wiki/Mark_Elworth_Jr.
Nevada,Nevada 1,Dina Titus,Democratic,51.6,True,True,D+3,general,https://en.wikipedia.org/wiki/Dina_Titus
Nevada,Nevada 1,Mark Robertson,Republican,46.0,False,False,D+3,general,https://en.wikipedia.org/wiki/Mark_Robertson_(politician)
Nevada,Nevada 1,Ken Cavanaugh,Libertarian,2.5,False,False,D+3,general,
Nevada,Nevada 2,Mark Amodei,Republican,59.7,True,True,R+8,general,https://en.wikipedia.org/wiki/Mark_Amodei
Nevada,Nevada 2,Elizabeth Krause,Democratic,37.8,False,False,R+8,general,
Nevada,Nevada 2,Independent American,Independent American,1.4,False,False,R+8,general,https://en.wikipedia.org/wiki/Independent_American_Party_of_Nevada
Nevada,Nevada 2,Darryl Baber,Libertarian,1.1,False,False,R+8,general,
Nevada,Nevada 3,Susie Lee,Democratic,52.0,True,True,D+1,general,https://en.wikipedia.org/wiki/Susie_Lee
Nevada,Nevada 3,April Becker,Republican,48.0,False,False,D+1,general,https://en.wikipedia.org/wiki/April_Becker
Nevada,Nevada 4,Steven Horsford,Democratic,52.4,True,True,D+3,general,https://en.wikipedia.org/wiki/Steven_Horsford
Nevada,Nevada 4,Sam Peters,Republican,47.6,False,False,D+3,general,https://en.wikipedia.org/wiki/Sam_Peters
New Hampshire,New Hampshire 1,Chris Pappas,Democratic,54.0,True,True,EVEN,general,https://en.wikipedia.org/wiki/Chris_Pappas_(American_politician)
New Hampshire,New Hampshire 1,Karoline Leavitt,Republican,45.9,False,False,EVEN,general,https://en.wikipedia.org/wiki/Karoline_Leavitt
New Hampshire,New Hampshire 2,Annie Kuster,Democratic,55.8,True,True,D+2,general,https://en.wikipedia.org/wiki/Annie_Kuster
New Hampshire,New Hampshire 2,Robert Burns,Republican,44.1,False,False,D+2,general,
New Jersey,New Jersey 1,Donald Norcross,Democratic,62.3,True,True,D+10,general,https://en.wikipedia.org/wiki/Donald_Norcross
New Jersey,New Jersey 1,Claire Gustafson,Republican,35.2,False,False,D+10,general,
New Jersey,New Jersey 1,Patricia Kline,Independent,1.5,False,False,D+10,general,
New Jersey,New Jersey 1,Isaiah Fletcher,Libertarian,0.7,False,False,D+10,general,
New Jersey,New Jersey 1,Allen Cannon,Independent,0.3,False,False,D+10,general,
New Jersey,New Jersey 10,Donald Payne Jr.,Democratic,77.6,True,True,D+30,general,https://en.wikipedia.org/wiki/Donald_Payne_Jr.
New Jersey,New Jersey 10,David Pinckney,Republican,20.1,False,False,D+30,general,
New Jersey,New Jersey 10,Cynthia Johnson,Independent,1.5,False,False,D+30,general,
New Jersey,New Jersey 10,Kendal Ludden,Libertarian,0.5,False,False,D+30,general,
New Jersey,New Jersey 10,Clenard Childress,Mahali,0.3,False,False,D+30,general,
New Jersey,New Jersey 11,Mikie Sherrill,Democratic,59.0,True,True,D+6,general,https://en.wikipedia.org/wiki/Mikie_Sherrill
New Jersey,New Jersey 11,Paul DeGroot,Republican,40.2,False,False,D+6,general,
New Jersey,New Jersey 11,Joseph Biasco,Libertarian,0.8,False,False,D+6,general,
New Jersey,New Jersey 12,Bonnie Watson Coleman,Democratic,63.1,True,True,D+12,general,https://en.wikipedia.org/wiki/Bonnie_Watson_Coleman
New Jersey,New Jersey 12,Darius Mayfield,Republican,35.9,False,False,D+12,general,
New Jersey,New Jersey 12,Lynn Genrich,Libertarian,1.0,False,False,D+12,general,
New Jersey,New Jersey 2,Jeff Van Drew,Republican,58.9,True,True,R+5,general,https://en.wikipedia.org/wiki/Jeff_Van_Drew
New Jersey,New Jersey 2,Tim Alexander,Democratic,40.0,False,False,R+5,general,
New Jersey,New Jersey 2,Michael Gallo,Libertarian,0.8,False,False,R+5,general,
New Jersey,New Jersey 2,Anthony Sanchez,Independent,0.4,False,False,R+5,general,
New Jersey,New Jersey 3,Andy Kim,Democratic,55.5,True,True,D+5,general,https://en.wikipedia.org/wiki/Andy_Kim_(politician)
New Jersey,New Jersey 3,Bob Healey Jr.,Republican,43.6,False,False,D+5,general,
New Jersey,New Jersey 3,Christopher Russomanno,Libertarian,0.5,False,False,D+5,general,
New Jersey,New Jersey 3,Gregory Sobocinski,Independent,0.4,False,False,D+5,general,
New Jersey,New Jersey 4,Chris Smith,Republican,66.9,True,True,R+14,general,https://en.wikipedia.org/wiki/Chris_Smith_(New_Jersey_politician)
New Jersey,New Jersey 4,Matthew Jenkins,Democratic,31.4,False,False,R+14,general,
New Jersey,New Jersey 4,Jason Cullen,Libertarian,0.7,False,False,R+14,general,
New Jersey,New Jersey 4,David Schmidt,Independent,0.5,False,False,R+14,general,
New Jersey,New Jersey 4,Hank Schroeder,Independent,0.3,False,False,R+14,general,
New Jersey,New Jersey 4,Pam Daniels,Independent,0.2,False,False,R+14,general,
New Jersey,New Jersey 5,Josh Gottheimer,Democratic,54.7,True,True,D+4,general,https://en.wikipedia.org/wiki/Josh_Gottheimer
New Jersey,New Jersey 5,Frank Pallotta,Republican,44.3,False,False,D+4,general,
New Jersey,New Jersey 5,Jeremy Marcus,Libertarian,0.4,False,False,D+4,general,
New Jersey,New Jersey 5,Trevor Ferrigno,Independent,0.3,False,False,D+4,general,
New Jersey,New Jersey 5,Louis Vellucci,Independent,0.2,False,False,D+4,general,
New Jersey,New Jersey 6,Frank Pallone,Democratic,57.5,True,True,D+8,general,https://en.wikipedia.org/wiki/Frank_Pallone
New Jersey,New Jersey 6,Sue Kiley,Republican,41.0,False,False,D+8,general,
New Jersey,New Jersey 6,Tara Fisher,Libertarian,0.7,False,False,D+8,general,
New Jersey,New Jersey 6,Inder Soni,Independent,0.5,False,False,D+8,general,
New Jersey,New Jersey 6,Eric Antisell,Independent,0.3,False,False,D+8,general,
New Jersey,New Jersey 7,Thomas Kean Jr.,Republican,51.4,False,True,R+1,general,https://en.wikipedia.org/wiki/Thomas_Kean_Jr.
New Jersey,New Jersey 7,Tom Malinowski,Democratic,48.6,True,False,R+1,general,https://en.wikipedia.org/wiki/Tom_Malinowski
New Jersey,New Jersey 8,Rob Menendez,Democratic,72.9,False,True,D+22,general,https://en.wikipedia.org/wiki/Rob_Menendez
New Jersey,New Jersey 8,Marcos Arroyo,Republican,24.2,False,False,D+22,general,
New Jersey,New Jersey 8,Socialist Workers,Socialist Workers,0.9,False,False,D+22,general,https://en.wikipedia.org/wiki/Socialist_Workers_Party_(United_States)
New Jersey,New Jersey 8,Dan Delaney,Libertarian,0.7,False,False,D+22,general,
New Jersey,New Jersey 8,David Cook,Independent,0.7,False,False,D+22,general,
New Jersey,New Jersey 8,Pablo Olivera,Labor,0.4,False,False,D+22,general,
New Jersey,New Jersey 8,John Salierno,Independent,0.2,False,False,D+22,general,
New Jersey,New Jersey 9,Bill Pascrell,Democratic,54.9,True,True,D+8,general,https://en.wikipedia.org/wiki/Bill_Pascrell
New Jersey,New Jersey 9,Billy Prempeh,Republican,43.6,False,False,D+8,general,
New Jersey,New Jersey 9,Lea Sherman,Socialist Workers,0.7,False,False,D+8,general,
New Jersey,New Jersey 9,Sean Armstrong,Libertarian,0.7,False,False,D+8,general,
New Mexico,New Mexico 1,Melanie Stansbury,Democratic,55.8,True,True,D+5,general,https://en.wikipedia.org/wiki/Melanie_Stansbury
New Mexico,New Mexico 1,Michelle Garcia Holmes,Republican,44.2,False,False,D+5,general,
New Mexico,New Mexico 2,Gabe Vasquez,Democratic,50.3,False,True,D+1,general,https://en.wikipedia.org/wiki/Gabe_Vasquez
New Mexico,New Mexico 2,Yvette Herrell,Republican,49.7,True,True,D+1,general,https://en.wikipedia.org/wiki/Yvette_Herrell
New Mexico,New Mexico 3,Teresa Leger Fernandez,Democratic,58.2,True,True,D+4,general,https://en.wikipedia.org/wiki/Teresa_Leger_Fernandez
New Mexico,New Mexico 3,Alexis Martinez Johnson,Republican,41.8,False,False,D+4,general,
New York,New York 1,Nick LaLota,Republican,55.5,False,True,R+3,general,https://en.wikipedia.org/wiki/Nick_LaLota
New York,New York 1,Bridget Fleming,Democratic,44.5,False,False,R+3,general,
New York,New York 10,Dan Goldman,Democratic,84.0,False,True,D+35,general,https://en.wikipedia.org/wiki/Dan_Goldman
New York,New York 10,Benine Hamdan,Republican,15.2,False,False,D+35,general,
New York,New York 10,Steve Speer,Medical Freedom,0.8,False,False,D+35,general,
New York,New York 11,Nicole Malliotakis,Republican,61.8,True,True,R+6,general,https://en.wikipedia.org/wiki/Nicole_Malliotakis
New York,New York 11,Max Rose,Democratic,38.2,False,False,R+6,general,https://en.wikipedia.org/wiki/Max_Rose
New York,New York 12,Jerry Nadler,Democratic,81.8,False,True,D+34,general,https://en.wikipedia.org/wiki/Jerry_Nadler
New York,New York 12,Michael Zumbluskas,Republican,18.0,False,False,D+34,general,
New York,New York 12,Mikhail Itkis,Independent,0.3,False,False,D+34,general,
New York,New York 13,Adriano Espaillat,Democratic,100.0,True,True,D+38,general,https://en.wikipedia.org/wiki/Adriano_Espaillat
New York,New York 14,Alexandria Ocasio-Cortez,Democratic,70.7,True,True,D+28,general,https://en.wikipedia.org/wiki/Alexandria_Ocasio-Cortez
New York,New York 14,Tina Forte,Republican,27.4,False,False,D+28,general,
New York,New York 14,Desi Cuellar,Conservative,1.9,False,False,D+28,general,
New York,New York 15,Ritchie Torres,Democratic,82.8,True,True,D+35,general,https://en.wikipedia.org/wiki/Ritchie_Torres
New York,New York 15,Stylo Sapaskis,Republican,17.2,False,False,D+35,general,
New York,New York 16,Jamaal Bowman,Democratic,64.3,True,True,D+20,general,https://en.wikipedia.org/wiki/Jamaal_Bowman
New York,New York 16,Miriam Flisser,Republican,35.7,False,False,D+20,general,
New York,New York 17,Mike Lawler,Republican,50.3,False,True,D+3,general,https://en.wikipedia.org/wiki/Mike_Lawler
New York,New York 17,Sean Patrick Maloney,Democratic,49.7,False,False,D+3,general,https://en.wikipedia.org/wiki/Sean_Patrick_Maloney
New York,New York 18,Pat Ryan,Democratic,50.7,False,True,D+1,general,https://en.wikipedia.org/wiki/Pat_Ryan_(politician)
New York,New York 18,Colin Schmitt,Republican,49.3,False,False,D+1,general,https://en.wikipedia.org/wiki/Colin_Schmitt
New York,New York 19,Marc Molinaro,Republican,50.8,False,True,EVEN,general,https://en.wikipedia.org/wiki/Marc_Molinaro
New York,New York 19,Josh Riley,Democratic,49.2,False,False,EVEN,general,https://en.wikipedia.org/wiki/Josh_Riley
New York,New York 19,Pat Ryan,Democratic,51.2,False,True,,special,https://en.wikipedia.org/wiki/Pat_Ryan_(politician)
New York,New York 19,Marc Molinaro,Republican,48.8,False,False,,special,https://en.wikipedia.org/wiki/Marc_Molinaro
New York,New York 2,Andrew Garbarino,Republican,60.7,True,True,R+3,general,https://en.wikipedia.org/wiki/Andrew_Garbarino
New York,New York 2,Jackie Gordon,Democratic,39.3,False,False,R+3,general,
New York,New York 20,Paul Tonko,Democratic,55.1,True,True,D+7,general,https://en.wikipedia.org/wiki/Paul_Tonko
New York,New York 20,Elizabeth Joy,Republican,44.9,False,False,D+7,general,
New York,New York 21,Elise Stefanik,Republican,59.2,True,True,R+9,general,https://en.wikipedia.org/wiki/Elise_Stefanik
New York,New York 21,Matt Castelli,Democratic,40.8,False,False,R+9,general,
New York,New York 22,Brandon Williams,Republican,50.5,False,True,D+1,general,https://en.wikipedia.org/wiki/Brandon_Williams_(politician)
New York,New York 22,Francis Conole,Democratic,49.5,False,False,D+1,general,https://en.wikipedia.org/wiki/Francis_Conole
New York,New York 23,Nick Langworthy,Republican,64.9,False,True,R+12,general,https://en.wikipedia.org/wiki/Nick_Langworthy
New York,New York 23,Max Della Pia,Democratic,35.1,False,False,R+12,general,
New York,New York 23,Joe Sempolinski,Republican,53.1,False,True,,special,https://en.wikipedia.org/wiki/Joe_Sempolinski
New York,New York 23,Max Della Pia,Democratic,46.6,False,False,,special,
New York,New York 24,Claudia Tenney,Republican,65.7,False,True,R+11,general,https://en.wikipedia.org/wiki/Claudia_Tenney
New York,New York 24,Steven Holden,Democratic,34.3,False,False,R+11,general,
New York,New York 25,Joseph Morelle,Democratic,53.9,True,True,D+7,general,https://en.wikipedia.org/wiki/Joseph_Morelle
New York,New York 25,La'Ron Singletary,Republican,46.1,False,False,D+7,general,https://en.wikipedia.org/wiki/La%27Ron_Singletary
New York,New York 26,Brian Higgins,Democratic,64.0,True,True,D+9,general,https://en.wikipedia.org/wiki/Brian_Higgins
New York,New York 26,Steven Sams,Republican,36.0,False,False,D+9,general,
New York,New York 3,George Santos,Republican,53.8,False,True,D+2,general,https://en.wikipedia.org/wiki/George_Santos
New York,New York 3,Robert P. Zimmerman,Democratic,46.2,False,False,D+2,general,
New York,New York 4,Anthony D'Esposito,Republican,51.8,False,True,D+5,general,https://en.wikipedia.org/wiki/Anthony_D%27Esposito
New York,New York 4,Laura Gillen,Democratic,48.2,False,False,D+5,general,https://en.wikipedia.org/wiki/Laura_Gillen
New York,New York 5,Gregory Meeks,Democratic,75.2,True,True,D+30,general,https://en.wikipedia.org/wiki/Gregory_Meeks
New York,New York 5,Paul King,Republican,24.8,False,False,D+30,general,
New York,New York 6,Grace Meng,Democratic,64.0,True,True,D+15,general,https://en.wikipedia.org/wiki/Grace_Meng
New York,New York 6,Thomas Zmich,Republican,36.0,False,False,D+15,general,
New York,New York 7,Nydia Velázquez,Democratic,80.7,True,True,D+31,general,https://en.wikipedia.org/wiki/Nydia_Vel%C3%A1zquez
New York,New York 7,Juan Pagan,Republican,19.3,False,False,D+31,general,
New York,New York 8,Hakeem Jeffries,Democratic,71.7,True,True,D+26,general,https://en.wikipedia.org/wiki/Hakeem_Jeffries
New York,New York 8,uri Dashevsky,Republican,28.3,False,True,D+26,general,
New York,New York 9,Yvette Clarke,Democratic,81.5,True,True,D+25,general,https://en.wikipedia.org/wiki/Yvette_Clarke
New York,New York 9,Conservative,Conservative,18.5,False,False,D+25,general,https://en.wikipedia.org/wiki/Conservative_Party_of_New_York_State
North Carolina,North Carolina 1,Don Davis,Democratic,52.4,False,True,D+2,general,https://en.wikipedia.org/wiki/Don_Davis_(North_Carolina_politician)
North Carolina,North Carolina 1,Sandy Smith,Republican,47.6,False,False,D+2,general,
North Carolina,North Carolina 10,Patrick McHenry,Republican,72.7,True,True,R+22,general,https://en.wikipedia.org/wiki/Patrick_McHenry
North Carolina,North Carolina 10,Pam Genant,Democratic,27.3,False,False,R+22,general,
North Carolina,North Carolina 11,Chuck Edwards,Republican,53.8,False,True,R+8,general,https://en.wikipedia.org/wiki/Chuck_Edwards
North Carolina,North Carolina 11,Jasmine Beach-Ferrara,Democratic,44.5,False,False,R+8,general,
North Carolina,North Carolina 11,David Coatney,Libertarian,1.7,False,False,R+8,general,
North Carolina,North Carolina 12,Alma Adams,Democratic,62.7,True,True,D+13,general,https://en.wikipedia.org/wiki/Alma_Adams
North Carolina,North Carolina 12,Tyler Lee,Republican,37.3,False,False,D+13,general,
North Carolina,North Carolina 13,Wiley Nickel,Democratic,51.6,False,True,R+2,general,https://en.wikipedia.org/wiki/Wiley_Nickel
North Carolina,North Carolina 13,Bo Hines,Republican,48.4,False,False,R+2,general,https://en.wikipedia.org/wiki/Bo_Hines
North Carolina,North Carolina 14,Jeff Jackson,Democratic,57.7,False,True,D+6,general,https://en.wikipedia.org/wiki/Jeff_Jackson_(politician)
North Carolina,North Carolina 14,Pat Harrigan,Republican,42.3,False,False,D+6,general,https://en.wikipedia.org/wiki/Pat_Harrigan
North Carolina,North Carolina 2,Deborah Ross,Democratic,64.7,True,True,D+12,general,https://en.wikipedia.org/wiki/Deborah_Ross_(politician)
North Carolina,North Carolina 2,Christine Villaverde,Republican,35.3,False,False,D+12,general,
North Carolina,North Carolina 3,Greg Murphy,Republican,66.9,True,True,R+15,general,https://en.wikipedia.org/wiki/Greg_Murphy_(politician)
North Carolina,North Carolina 3,Barbara Gaskins,Democratic,33.1,False,False,R+15,general,
North Carolina,North Carolina 4,Valerie Foushee,Democratic,66.9,False,True,D+16,general,https://en.wikipedia.org/wiki/Valerie_Foushee
North Carolina,North Carolina 4,Courtney Geels,Republican,33.1,False,False,D+16,general,
North Carolina,North Carolina 5,Virginia Foxx,Republican,63.2,True,True,R+13,general,https://en.wikipedia.org/wiki/Virginia_Foxx
North Carolina,North Carolina 5,Kyle Parrish,Democratic,36.8,False,False,R+13,general,
North Carolina,North Carolina 6,Kathy Manning,Democratic,53.9,True,True,D+4,general,https://en.wikipedia.org/wiki/Kathy_Manning
North Carolina,North Carolina 6,Christian Castelli,Republican,45.0,False,False,D+4,general,
North Carolina,North Carolina 6,Thomas Watercott,Libertarian,1.1,False,False,D+4,general,
North Carolina,North Carolina 7,David Rouzer,Republican,57.7,True,True,R+8,general,https://en.wikipedia.org/wiki/David_Rouzer
North Carolina,North Carolina 7,Charles Graham,Democratic,42.3,False,False,R+8,general,https://en.wikipedia.org/wiki/Charles_Graham_(American_politician)
North Carolina,North Carolina 8,Dan Bishop,Republican,69.9,False,True,R+20,general,https://en.wikipedia.org/wiki/Dan_Bishop
North Carolina,North Carolina 8,Scott Huffman,Democratic,30.1,False,False,R+20,general,
North Carolina,North Carolina 9,Richard Hudson,Republican,56.5,False,True,R+6,general,https://en.wikipedia.org/wiki/Richard_Hudson_(American_politician)
North Carolina,North Carolina 9,Ben Clark,Democratic,43.5,False,False,R+6,general,https://en.wikipedia.org/wiki/Ben_Clark_(politician)
North Dakota,North Dakota at-large,Kelly Armstrong,Republican,62.3,True,True,R+20,general,https://en.wikipedia.org/wiki/Kelly_Armstrong
North Dakota,North Dakota at-large,Cara Mund,Independent,37.7,False,False,R+20,general,https://en.wikipedia.org/wiki/Cara_Mund
Ohio,Ohio 1,Greg Landsman,Democratic,52.8,False,True,D+2,general,https://en.wikipedia.org/wiki/Greg_Landsman
Ohio,Ohio 1,Steve Chabot,Republican,47.2,True,False,D+2,general,https://en.wikipedia.org/wiki/Steve_Chabot
Ohio,Ohio 10,Mike Turner,Republican,61.7,True,True,R+4,general,https://en.wikipedia.org/wiki/Mike_Turner
Ohio,Ohio 10,David Esrati,Democratic,38.3,False,False,R+4,general,
Ohio,Ohio 11,Shontel Brown,Democratic,77.8,True,True,D+28,general,https://en.wikipedia.org/wiki/Shontel_Brown
Ohio,Ohio 11,Eric Brewer,Republican,22.2,False,False,D+28,general,
Ohio,Ohio 12,Troy Balderson,Republican,69.3,True,True,R+18,general,https://en.wikipedia.org/wiki/Troy_Balderson
Ohio,Ohio 12,Amy Rippel-Elton,Democratic,30.7,False,False,R+18,general,
Ohio,Ohio 13,Emilia Sykes,Democratic,52.7,False,True,R+1,general,https://en.wikipedia.org/wiki/Emilia_Sykes
Ohio,Ohio 13,Madison Gesiotto Gilbert,Republican,47.3,False,False,R+1,general,https://en.wikipedia.org/wiki/Madison_Gesiotto_Gilbert
Ohio,Ohio 14,David Joyce,Republican,61.7,True,True,R+9,general,https://en.wikipedia.org/wiki/David_Joyce_(politician)
Ohio,Ohio 14,Matt Kilboy,Democratic,38.3,False,False,R+9,general,
Ohio,Ohio 15,Mike Carey,Republican,57.0,True,True,R+6,general,https://en.wikipedia.org/wiki/Mike_Carey_(politician)
Ohio,Ohio 15,Gary Josephson,Democratic,43.0,False,False,R+6,general,
Ohio,Ohio 2,Brad Wenstrup,Republican,74.5,True,True,R+25,general,https://en.wikipedia.org/wiki/Brad_Wenstrup
Ohio,Ohio 2,Samantha Meadows,Democratic,25.5,False,False,R+25,general,
Ohio,Ohio 3,Joyce Beatty,Democratic,70.5,True,True,D+20,general,https://en.wikipedia.org/wiki/Joyce_Beatty
Ohio,Ohio 3,Lee Stahley,Republican,29.5,False,False,D+20,general,
Ohio,Ohio 4,Jim Jordan,Republican,69.2,True,True,R+20,general,https://en.wikipedia.org/wiki/Jim_Jordan
Ohio,Ohio 4,Tamie Wilson,Democratic,30.8,False,False,R+20,general,
Ohio,Ohio 5,Bob Latta,Republican,66.9,True,True,R+15,general,https://en.wikipedia.org/wiki/Bob_Latta
Ohio,Ohio 5,Craig Swartz,Democratic,33.1,False,False,R+15,general,
Ohio,Ohio 6,Bill Johnson,Republican,67.7,True,True,R+16,general,https://en.wikipedia.org/wiki/Bill_Johnson_(Ohio_politician)
Ohio,Ohio 6,Louis Lyras,Democratic,32.3,False,False,R+16,general,
Ohio,Ohio 7,Max Miller,Republican,55.3,False,True,R+7,general,https://en.wikipedia.org/wiki/Max_Miller_(politician)
Ohio,Ohio 7,Matthew Diemer,Democratic,44.6,False,False,R+7,general,
Ohio,Ohio 8,Warren Davidson,Republican,64.6,True,True,R+14,general,https://en.wikipedia.org/wiki/Warren_Davidson
Ohio,Ohio 8,Vanessa Enoch,Democratic,35.4,False,False,R+14,general,
Ohio,Ohio 9,Marcy Kaptur,Democratic,56.6,True,True,R+3,general,https://en.wikipedia.org/wiki/Marcy_Kaptur
Ohio,Ohio 9,J. R. Majewski,Republican,43.4,False,False,R+3,general,
Oklahoma,Oklahoma 1,Kevin Hern,Republican,61.2,True,True,R+14,general,https://en.wikipedia.org/wiki/Kevin_Hern
Oklahoma,Oklahoma 1,Adam Martin,Democratic,34.7,False,False,R+14,general,
Oklahoma,Oklahoma 1,Evelyn Rogers,Independent,4.2,False,False,R+14,general,
Oklahoma,Oklahoma 2,Josh Brecheen,Republican,72.4,False,True,R+29,general,https://en.wikipedia.org/wiki/Josh_Brecheen
Oklahoma,Oklahoma 2,Naomi Andrews,Democratic,23.4,False,False,R+29,general,
Oklahoma,Oklahoma 2,"""Bulldog"" Ben Robinson",Independent,4.2,False,False,R+29,general,https://en.wikipedia.org/wiki/%22Bulldog%22_Ben_Robinson
Oklahoma,Oklahoma 3,Frank Lucas,Republican,74.5,True,True,R+24,general,https://en.wikipedia.org/wiki/Frank_Lucas_(Oklahoma_politician)
Oklahoma,Oklahoma 3,Jeremiah Ross,Democratic,25.5,False,False,R+24,general,
Oklahoma,Oklahoma 4,Tom Cole,Republican,66.8,True,True,R+19,general,https://en.wikipedia.org/wiki/Tom_Cole
Oklahoma,Oklahoma 4,Mary Brannon,Democratic,33.2,False,False,R+19,general,
Oklahoma,Oklahoma 5,Stephanie Bice,Republican,59.0,True,True,R+12,general,https://en.wikipedia.org/wiki/Stephanie_Bice
Oklahoma,Oklahoma 5,Joshua Harris-Till,Democratic,37.4,False,False,R+12,general,
Oklahoma,Oklahoma 5,David Frosch,Independent,3.6,False,False,R+12,general,
Oregon,Oregon 1,Suzanne Bonamici,Democratic,68.0,True,True,D+18,general,https://en.wikipedia.org/wiki/Suzanne_Bonamici
Oregon,Oregon 1,Christopher Mann,Republican,32.0,False,False,D+18,general,
Oregon,Oregon 2,Cliff Bentz,Republican,67.6,True,True,R+15,general,https://en.wikipedia.org/wiki/Cliff_Bentz
Oregon,Oregon 2,Joe Yetter,Democratic,32.4,False,False,R+15,general,
Oregon,Oregon 3,Earl Blumenauer,Democratic,70.0,True,True,D+22,general,https://en.wikipedia.org/wiki/Earl_Blumenauer
Oregon,Oregon 3,Joanna Harbour,Republican,26.3,False,False,D+22,general,
Oregon,Oregon 3,Pacific Green,Pacific Green,3.6,False,False,D+22,general,https://en.wikipedia.org/wiki/Pacific_Green_Party
Oregon,Oregon 4,Val Hoyle,Democratic,50.6,False,True,D+4,general,https://en.wikipedia.org/wiki/Val_Hoyle
Oregon,Oregon 4,Alek Skarlatos,Republican,43.1,False,False,D+4,general,https://en.wikipedia.org/wiki/Alek_Skarlatos
Oregon,Oregon 4,Levi Leatherberry,Independent,2.7,False,False,D+4,general,
Oregon,Oregon 4,Jim Howard,Constitution,1.8,False,False,D+4,general,
Oregon,Oregon 4,Mike Beilstein,Pacific Green,1.8,False,False,D+4,general,
Oregon,Oregon 5,Lori Chavez-DeRemer,Republican,50.9,False,True,D+2,general,https://en.wikipedia.org/wiki/Lori_Chavez-DeRemer
Oregon,Oregon 5,Jamie McLeod-Skinner,Democratic,48.8,False,False,D+2,general,https://en.wikipedia.org/wiki/Jamie_McLeod-Skinner
Oregon,Oregon 6,Andrea Salinas,Democratic,50.0,False,True,D+4,general,https://en.wikipedia.org/wiki/Andrea_Salinas
Oregon,Oregon 6,Mike Erickson,Republican,47.5,False,False,D+4,general,https://en.wikipedia.org/wiki/Mike_Erickson
Oregon,Oregon 6,Larry McFarland,Constitution,2.3,False,False,D+4,general,
Pennsylvania,Pennsylvania 1,Brian Fitzpatrick,Republican,54.9,True,True,EVEN,general,https://en.wikipedia.org/wiki/Brian_Fitzpatrick_(American_politician)
Pennsylvania,Pennsylvania 1,Ashley Ehasz,Democratic,45.1,False,False,EVEN,general,
Pennsylvania,Pennsylvania 10,Scott Perry,Republican,53.8,True,True,R+5,general,https://en.wikipedia.org/wiki/Scott_Perry
Pennsylvania,Pennsylvania 10,Shamaine Daniels,Democratic,46.2,False,False,R+5,general,
Pennsylvania,Pennsylvania 11,Lloyd Smucker,Republican,61.5,True,True,R+13,general,https://en.wikipedia.org/wiki/Lloyd_Smucker
Pennsylvania,Pennsylvania 11,Bob Hollister,Democratic,38.5,False,False,R+13,general,
Pennsylvania,Pennsylvania 12,Summer Lee,Democratic,56.2,False,True,D+8,general,https://en.wikipedia.org/wiki/Summer_Lee
Pennsylvania,Pennsylvania 12,Mike Doyle,Republican,43.8,False,False,D+8,general,
Pennsylvania,Pennsylvania 13,John Joyce,Republican,100.0,True,True,R+25,general,
Pennsylvania,Pennsylvania 14,Guy Reschenthaler,Republican,100.0,True,True,R+18,general,
Pennsylvania,Pennsylvania 15,Glenn Thompson,Republican,69.9,True,True,R+21,general,https://en.wikipedia.org/wiki/Glenn_Thompson_(politician)
Pennsylvania,Pennsylvania 15,Mike Molesevich,Democratic,30.1,False,False,R+21,general,
Pennsylvania,Pennsylvania 16,Mike Kelly,Republican,59.4,True,True,R+13,general,https://en.wikipedia.org/wiki/Mike_Kelly_(Pennsylvania_politician)
Pennsylvania,Pennsylvania 16,Dan Pastore,Democratic,40.6,False,False,R+13,general,
Pennsylvania,Pennsylvania 17,Chris Deluzio,Democratic,53.4,False,True,EVEN,general,https://en.wikipedia.org/wiki/Chris_Deluzio
Pennsylvania,Pennsylvania 17,Jeremy Shaffer,Republican,46.6,False,False,EVEN,general,
Pennsylvania,Pennsylvania 2,Brendan Boyle,Democratic,75.7,True,True,D+20,general,https://en.wikipedia.org/wiki/Brendan_Boyle
Pennsylvania,Pennsylvania 2,Aaron Bashir,Republican,24.3,False,False,D+20,general,
Pennsylvania,Pennsylvania 3,Dwight Evans,Democratic,95.1,True,True,D+39,general,https://en.wikipedia.org/wiki/Dwight_Evans_(politician)
Pennsylvania,Pennsylvania 3,Christopher Hoeppner,Socialist Workers,4.9,False,False,D+39,general,
Pennsylvania,Pennsylvania 4,Madeleine Dean,Democratic,61.3,True,True,D+7,general,https://en.wikipedia.org/wiki/Madeleine_Dean
Pennsylvania,Pennsylvania 4,Christian Nascimento,Republican,38.7,False,False,D+7,general,
Pennsylvania,Pennsylvania 5,Mary Gay Scanlon,Democratic,65.1,True,True,D+14,general,https://en.wikipedia.org/wiki/Mary_Gay_Scanlon
Pennsylvania,Pennsylvania 5,David Galluch,Republican,34.9,False,False,D+14,general,
Pennsylvania,Pennsylvania 6,Chrissy Houlahan,Democratic,58.3,True,True,D+5,general,https://en.wikipedia.org/wiki/Chrissy_Houlahan
Pennsylvania,Pennsylvania 6,Guy Ciarrocchi,Republican,41.7,False,False,D+5,general,
Pennsylvania,Pennsylvania 7,Susan Wild,Democratic,51.0,True,True,R+2,general,https://en.wikipedia.org/wiki/Susan_Wild
Pennsylvania,Pennsylvania 7,Lisa Scheller,Republican,49.0,False,False,R+2,general,
Pennsylvania,Pennsylvania 8,Matt Cartwright,Democratic,51.2,True,True,R+4,general,https://en.wikipedia.org/wiki/Matt_Cartwright
Pennsylvania,Pennsylvania 8,Jim Bognet,Republican,48.8,False,False,R+4,general,
Pennsylvania,Pennsylvania 9,Dan Meuser,Republican,69.3,True,True,R+21,general,https://en.wikipedia.org/wiki/Dan_Meuser
Pennsylvania,Pennsylvania 9,Amanda Waldman,Democratic,30.7,False,False,R+21,general,
Rhode Island,Rhode Island 1,David Cicilline,Democratic,64.2,True,True,D+12,general,https://en.wikipedia.org/wiki/David_Cicilline
Rhode Island,Rhode Island 1,Allen Waters,Republican,35.8,False,False,D+12,general,
Rhode Island,Rhode Island 2,Seth Magaziner,Democratic,50.5,False,True,D+4,general,https://en.wikipedia.org/wiki/Seth_Magaziner
Rhode Island,Rhode Island 2,Allan Fung,Republican,46.8,False,False,D+4,general,https://en.wikipedia.org/wiki/Allan_Fung
Rhode Island,Rhode Island 2,Moderate,Moderate,2.7,False,False,D+4,general,https://en.wikipedia.org/wiki/Moderate_Party_of_Rhode_Island
South Carolina,South Carolina 1,Nancy Mace,Republican,56.5,True,True,R+7,general,https://en.wikipedia.org/wiki/Nancy_Mace
South Carolina,South Carolina 1,Annie Andrews,Democratic,42.5,False,False,R+7,general,
South Carolina,South Carolina 1,Alliance,Alliance,1.0,False,False,R+7,general,https://en.wikipedia.org/wiki/Alliance_Party_(United_States)
South Carolina,South Carolina 2,Joe Wilson,Republican,60.1,True,True,R+8,general,https://en.wikipedia.org/wiki/Joe_Wilson
South Carolina,South Carolina 2,Judd Larkins,Democratic,39.9,False,False,R+8,general,
South Carolina,South Carolina 3,Jeff Duncan,Republican,100.0,True,True,R+21,general,
South Carolina,South Carolina 4,William Timmons,Republican,100.0,True,True,R+12,general,
South Carolina,South Carolina 5,Ralph Norman,Republican,64.0,True,True,R+12,general,https://en.wikipedia.org/wiki/Ralph_Norman
South Carolina,South Carolina 5,Evangeline Hundley,Democratic,34.5,False,False,R+12,general,
South Carolina,South Carolina 5,Larry Gaither,Green,1.5,False,False,R+12,general,
South Carolina,South Carolina 6,Jim Clyburn,Democratic,62.1,True,True,D+14,general,https://en.wikipedia.org/wiki/Jim_Clyburn
South Carolina,South Carolina 6,Duke Buckner,Republican,37.9,False,False,D+14,general,
South Carolina,South Carolina 7,Russell Fry,Republican,64.9,False,True,R+11,general,https://en.wikipedia.org/wiki/Russell_Fry_(politician)
South Carolina,South Carolina 7,Daryl Scott,Democratic,35.1,False,False,R+11,general,
South Dakota,South Dakota at-large,Dusty Johnson,Republican,77.4,True,True,R+16,general,https://en.wikipedia.org/wiki/Dusty_Johnson
South Dakota,South Dakota at-large,Collin Duprel,Libertarian,22.6,False,False,R+16,general,
Tennessee,Tennessee 1,Diana Harshbarger,Republican,78.3,True,True,R+30,general,https://en.wikipedia.org/wiki/Diana_Harshbarger
Tennessee,Tennessee 1,Cameron Parsons,Democratic,19.7,False,False,R+30,general,
Tennessee,Tennessee 1,Richard Baker,Independent,1.3,False,False,R+30,general,
Tennessee,Tennessee 1,Matt Makrom,Independent,0.7,False,False,R+30,general,
Tennessee,Tennessee 2,Tim Burchett,Republican,67.9,True,True,R+18,general,https://en.wikipedia.org/wiki/Tim_Burchett
Tennessee,Tennessee 2,Mark Harmon,Democratic,32.1,False,False,R+18,general,
Tennessee,Tennessee 3,Chuck Fleischmann,Republican,68.4,True,True,R+19,general,https://en.wikipedia.org/wiki/Chuck_Fleischmann
Tennessee,Tennessee 3,Meg Gorman,Democratic,30.2,False,False,R+19,general,
Tennessee,Tennessee 3,Rick Tyler,Independent,0.9,False,False,R+19,general,https://en.wikipedia.org/wiki/Rick_Tyler
Tennessee,Tennessee 3,Thomas Rumba,Independent,0.6,False,False,R+19,general,
Tennessee,Tennessee 4,Scott DesJarlais,Republican,70.6,True,True,R+22,general,https://en.wikipedia.org/wiki/Scott_DesJarlais
Tennessee,Tennessee 4,Wayne Steele,Democratic,25.7,False,False,R+22,general,
Tennessee,Tennessee 4,Mike Winton,Independent,1.6,False,False,R+22,general,
Tennessee,Tennessee 4,Clyde Benson,Independent,1.0,False,False,R+22,general,
Tennessee,Tennessee 4,David Jones,Libertarian,0.4,False,False,R+22,general,
Tennessee,Tennessee 4,Tharon Chandler,Independent,0.3,False,False,R+22,general,
Tennessee,Tennessee 4,Joseph Magyer,Independent,0.3,False,False,R+22,general,
Tennessee,Tennessee 5,Andy Ogles,Republican,55.8,False,True,R+9,general,https://en.wikipedia.org/wiki/Andy_Ogles
Tennessee,Tennessee 5,Heidi Campbell,Democratic,42.3,False,False,R+9,general,https://en.wikipedia.org/wiki/Heidi_Campbell_(politician)
Tennessee,Tennessee 5,Derrick Brantley,Independent,0.9,False,False,R+9,general,
Tennessee,Tennessee 5,Daniel Cooper,Independent,0.5,False,False,R+9,general,
Tennessee,Tennessee 5,Rick Shannon,Independent,0.4,False,False,R+9,general,
Tennessee,Tennessee 6,John Rose,Republican,66.3,True,True,R+17,general,https://en.wikipedia.org/wiki/John_Rose_(Tennessee_politician)
Tennessee,Tennessee 6,Randal Cooper,Democratic,33.7,False,False,R+17,general,
Tennessee,Tennessee 7,Mark Green,Republican,60.0,True,True,R+10,general,https://en.wikipedia.org/wiki/Mark_Green_(Tennessee_politician)
Tennessee,Tennessee 7,Odessa Kelly,Democratic,38.1,False,False,R+10,general,
Tennessee,Tennessee 7,Steven Hooper,independent,1.9,False,False,R+10,general,
Tennessee,Tennessee 8,David Kustoff,Republican,74.0,True,True,R+21,general,https://en.wikipedia.org/wiki/David_Kustoff
Tennessee,Tennessee 8,Lynnette Williams,Democratic,24.3,False,False,R+21,general,
Tennessee,Tennessee 9,Steve Cohen,Democratic,70.0,True,True,D+22,general,https://en.wikipedia.org/wiki/Steve_Cohen_(politician)
Tennessee,Tennessee 9,Charlotte Bergmann,Republican,26.2,False,False,D+22,general,
Tennessee,Tennessee 9,George Flinn,Independent,2.5,False,False,D+22,general,
Tennessee,Tennessee 9,Dennis Clark,Independent,0.9,False,False,D+22,general,
Tennessee,Tennessee 9,Paul Cook,Independent,0.4,False,False,D+22,general,
Texas,Texas 1,Nathaniel Moran,Republican,78.1,False,True,R+26,general,https://en.wikipedia.org/wiki/Nathaniel_Moran
Texas,Texas 1,Jrmar Jefferson,Democratic,21.9,False,False,R+26,general,
Texas,Texas 10,Michael McCaul,Republican,63.3,True,True,R+13,general,https://en.wikipedia.org/wiki/Michael_McCaul
Texas,Texas 10,Linda Nuno,Democratic,34.3,False,False,R+13,general,
Texas,Texas 10,Bill Kelsey,Libertarian,2.4,False,False,R+13,general,
Texas,Texas 11,August Pfluger,Republican,100.0,True,True,R+23,general,
Texas,Texas 12,Kay Granger,Republican,64.3,True,True,R+12,general,https://en.wikipedia.org/wiki/Kay_Granger
Texas,Texas 12,Trey Hunt,Democratic,35.7,False,False,R+12,general,
Texas,Texas 13,Ronny Jackson,Republican,75.4,True,True,R+26,general,https://en.wikipedia.org/wiki/Ronny_Jackson
Texas,Texas 13,Kathleen Brown,Democratic,24.6,False,False,R+26,general,
Texas,Texas 14,Randy Weber,Republican,70.2,True,True,R+17,general,https://en.wikipedia.org/wiki/Randy_Weber
Texas,Texas 14,Mikal Williams,Democratic,29.8,False,False,R+17,general,
Texas,Texas 15,Monica De La Cruz,Republican,53.3,False,True,R+1,general,https://en.wikipedia.org/wiki/Monica_De_La_Cruz
Texas,Texas 15,Michelle Vallejo,Democratic,44.8,False,False,R+1,general,
Texas,Texas 15,Ross Lynn Leone,Libertarian,1.9,False,False,R+1,general,
Texas,Texas 16,Veronica Escobar,Democratic,63.5,True,True,D+17,general,https://en.wikipedia.org/wiki/Veronica_Escobar
Texas,Texas 16,Irene Armendariz-Jackson,Republican,36.5,False,False,D+17,general,
Texas,Texas 17,Pete Sessions,Republican,66.5,True,True,R+14,general,https://en.wikipedia.org/wiki/Pete_Sessions
Texas,Texas 17,Mary Jo Woods,Democratic,33.5,False,False,R+14,general,
Texas,Texas 18,Sheila Jackson Lee,Democratic,70.7,True,True,D+23,general,https://en.wikipedia.org/wiki/Sheila_Jackson_Lee
Texas,Texas 18,Carmen María Montiel,Republican,26.2,False,False,D+23,general,https://en.wikipedia.org/wiki/Carmen_Mar%C3%ADa_Montiel
Texas,Texas 18,Vince Duncan,Independent,1.8,False,False,D+23,general,
Texas,Texas 18,Phil Kurtz,Libertarian,1.3,False,False,D+23,general,
Texas,Texas 19,Jodey Arrington,Republican,80.3,True,True,R+26,general,https://en.wikipedia.org/wiki/Jodey_Arrington
Texas,Texas 19,Nathan Lewis,Independent,19.7,False,False,R+26,general,
Texas,Texas 2,Dan Crenshaw,Republican,65.9,True,True,R+15,general,https://en.wikipedia.org/wiki/Dan_Crenshaw
Texas,Texas 2,Robin Fulford,Democratic,34.1,False,False,R+15,general,
Texas,Texas 20,Joaquin Castro,Democratic,68.4,True,True,D+15,general,https://en.wikipedia.org/wiki/Joaquin_Castro
Texas,Texas 20,Kyle Sinclair,Republican,31.6,False,False,D+15,general,
Texas,Texas 21,Chip Roy,Republican,62.8,True,True,R+13,general,https://en.wikipedia.org/wiki/Chip_Roy
Texas,Texas 21,Claudia Zapata,Democratic,37.2,False,False,R+13,general,
Texas,Texas 22,Troy Nehls,Republican,62.2,True,True,R+11,general,https://en.wikipedia.org/wiki/Troy_Nehls
Texas,Texas 22,Jamie Jordan,Democratic,35.5,False,False,R+11,general,
Texas,Texas 22,Joseph LeBlanc Jr.,Libertarian,2.2,False,False,R+11,general,
Texas,Texas 23,Tony Gonzales,Republican,55.9,True,True,R+5,general,https://en.wikipedia.org/wiki/Tony_Gonzales
Texas,Texas 23,John Lira,Democratic,38.8,False,False,R+5,general,
Texas,Texas 23,Frank Lopez,Independent,5.4,False,False,R+5,general,
Texas,Texas 24,Beth Van Duyne,Republican,59.7,True,True,R+10,general,https://en.wikipedia.org/wiki/Beth_Van_Duyne
Texas,Texas 24,Jan McDowell,Democratic,40.3,False,False,R+10,general,
Texas,Texas 25,Roger Williams,Republican,100.0,True,True,R+19,general,
Texas,Texas 26,Michael C. Burgess,Republican,69.3,True,True,R+13,general,https://en.wikipedia.org/wiki/Michael_C._Burgess
Texas,Texas 26,Mike Kolls,Libertarian,30.7,False,False,R+13,general,
Texas,Texas 27,Michael Cloud,Republican,64.4,True,True,R+13,general,https://en.wikipedia.org/wiki/Michael_Cloud
Texas,Texas 27,Maclovio Pérez,Democratic,35.6,False,False,R+13,general,
Texas,Texas 28,Henry Cuellar,Democratic,56.7,True,True,D+3,general,https://en.wikipedia.org/wiki/Henry_Cuellar
Texas,Texas 28,Cassy Garcia,Republican,43.3,False,False,D+3,general,
Texas,Texas 29,Sylvia Garcia,Democratic,71.4,True,True,D+18,general,https://en.wikipedia.org/wiki/Sylvia_Garcia
Texas,Texas 29,Robert Schafranek,Republican,28.6,False,False,D+18,general,
Texas,Texas 3,Keith Self,Republican,60.5,False,True,R+11,general,https://en.wikipedia.org/wiki/Keith_Self
Texas,Texas 3,Sandeep Srivastava,Democratic,36.9,False,False,R+11,general,
Texas,Texas 3,Christopher J. Claytor,Libertarian,2.5,False,False,R+11,general,
Texas,Texas 30,Jasmine Crockett,Democratic,75.0,False,True,D+27,general,https://en.wikipedia.org/wiki/Jasmine_Crockett
Texas,Texas 30,James Rodgers,Republican,21.8,False,False,D+27,general,
Texas,Texas 30,Zachariah Manning,Independent,2.1,False,False,D+27,general,
Texas,Texas 30,Phil Gray,Libertarian,1.0,False,False,D+27,general,
Texas,Texas 31,John Carter,Republican,100.0,True,True,R+14,general,
Texas,Texas 32,Colin Allred,Democratic,65.4,True,True,D+14,general,https://en.wikipedia.org/wiki/Colin_Allred
Texas,Texas 32,Antonio Swad,Republican,34.6,False,False,D+14,general,
Texas,Texas 33,Marc Veasey,Democratic,72.0,True,True,D+24,general,https://en.wikipedia.org/wiki/Marc_Veasey
Texas,Texas 33,Patrick Gillespie,Republican,25.6,False,False,D+24,general,
Texas,Texas 33,Ken Ashby,Libertarian,2.4,False,False,D+24,general,
Texas,Texas 34,Vicente Gonzalez,Democratic,52.7,False,True,D+9,general,https://en.wikipedia.org/wiki/Vicente_Gonzalez_(American_politician)
Texas,Texas 34,Mayra Flores,Republican,44.2,True,False,D+9,general,https://en.wikipedia.org/wiki/Mayra_Flores
Texas,Texas 34,Chris Royal,Independent,3.0,False,False,D+9,general,
Texas,Texas 34,Mayra Flores,Republican,50.9,False,True,,special,https://en.wikipedia.org/wiki/Mayra_Flores
Texas,Texas 34,Daniel Sanchez,Democratic,43.4,False,False,,special,
Texas,Texas 34,Rene Coronado,Democratic,4.2,False,False,,special,
Texas,Texas 34,Juana Cantu-Cabrera,Republican,1.6,False,False,,special,
Texas,Texas 35,Greg Casar,Democratic,72.6,False,True,D+21,general,https://en.wikipedia.org/wiki/Greg_Casar
Texas,Texas 35,Dan McQueen,Republican,27.4,False,False,D+21,general,
Texas,Texas 36,Brian Babin,Republican,69.5,True,True,R+18,general,https://en.wikipedia.org/wiki/Brian_Babin
Texas,Texas 36,Jon Haire,Democratic,30.5,False,False,R+18,general,
Texas,Texas 37,Lloyd Doggett,Democratic,76.8,False,True,D+24,general,https://en.wikipedia.org/wiki/Lloyd_Doggett
Texas,Texas 37,Jenny Garcia Sharon,Republican,21.0,False,False,D+24,general,
Texas,Texas 37,Clark Patterson,Libertarian,2.2,False,False,D+24,general,
Texas,Texas 38,Wesley Hunt,Republican,63.0,False,True,R+12,general,https://en.wikipedia.org/wiki/Wesley_Hunt
Texas,Texas 38,Duncan Klussmann,Democratic,35.5,False,False,R+12,general,
Texas,Texas 38,Joel Dejean,Independent,1.5,False,False,R+12,general,
Texas,Texas 4,Pat Fallon,Republican,66.7,True,True,R+16,general,https://en.wikipedia.org/wiki/Pat_Fallon
Texas,Texas 4,Iro Omere,Democratic,30.9,False,False,R+16,general,
Texas,Texas 4,John Simmons,Libertarian,2.4,False,False,R+16,general,
Texas,Texas 5,Lance Gooden,Republican,64.0,True,True,R+14,general,https://en.wikipedia.org/wiki/Lance_Gooden
Texas,Texas 5,Tartisha Hill,Democratic,34.0,False,False,R+14,general,
Texas,Texas 5,Kevin Hale,Libertarian,2.0,False,False,R+14,general,
Texas,Texas 6,Jake Ellzey,Republican,100.0,True,True,R+15,general,
Texas,Texas 7,Lizzie Fletcher,Democratic,63.8,True,True,D+13,general,https://en.wikipedia.org/wiki/Lizzie_Fletcher
Texas,Texas 7,Johnny Teague,Republican,36.2,False,False,D+13,general,
Texas,Texas 8,Morgan Luttrell,Republican,68.1,False,True,R+16,general,https://en.wikipedia.org/wiki/Morgan_Luttrell
Texas,Texas 8,Laura Jones,Democratic,30.5,False,False,R+16,general,
Texas,Texas 8,Roy Eriksen,Libertarian,1.4,False,False,R+16,general,
Texas,Texas 9,Al Green,Democratic,76.7,True,True,D+26,general,https://en.wikipedia.org/wiki/Al_Green_(politician)
Texas,Texas 9,Jimmy Leon,Republican,23.3,False,False,D+26,general,
Utah,Utah 1,Blake Moore,Republican,67.0,True,True,R+12,general,https://en.wikipedia.org/wiki/Blake_Moore
Utah,Utah 1,Rick Jones,Democratic,33.0,False,False,R+12,general,
Utah,Utah 2,Chris Stewart,Republican,59.7,True,True,R+11,general,https://en.wikipedia.org/wiki/Chris_Stewart_(politician)
Utah,Utah 2,Nick Mitchell,Democratic,34.0,False,False,R+11,general,
Utah,Utah 2,United Utah,United Utah,3.3,False,False,R+11,general,https://en.wikipedia.org/wiki/United_Utah_Party
Utah,Utah 2,Cassie Easley,Constitution,3.0,False,False,R+11,general,
Utah,Utah 3,John Curtis,Republican,64.4,True,True,R+13,general,https://en.wikipedia.org/wiki/John_Curtis
Utah,Utah 3,Glenn Wright,Democratic,29.5,False,False,R+13,general,
Utah,Utah 3,Michael Stoddard,Libertarian,2.9,False,False,R+13,general,
Utah,Utah 3,Daniel Cummings,Constitution,1.7,False,False,R+13,general,
Utah,Utah 3,Aaron Heineman,Independent American,1.4,False,False,R+13,general,
Utah,Utah 4,Burgess Owens,Republican,61.1,True,True,R+16,general,https://en.wikipedia.org/wiki/Burgess_Owens
Utah,Utah 4,Darlene McDonald,Democratic,32.4,False,False,R+16,general,
Utah,Utah 4,January Walker,United Utah,6.6,False,False,R+16,general,
Vermont,Vermont at-large,Becca Balint,Democratic,62.8,False,True,D+16,general,https://en.wikipedia.org/wiki/Becca_Balint
Vermont,Vermont at-large,Liam Madden,Republican,27.9,False,False,D+16,general,https://en.wikipedia.org/wiki/Liam_Madden
Vermont,Vermont at-large,Ericka Redic,Libertarian,4.5,False,False,D+16,general,
Vermont,Vermont at-large,Matt Druzba,Independent,2.0,False,False,D+16,general,
Vermont,Vermont at-large,Luke Talbot,Independent,1.6,False,False,D+16,general,
Vermont,Vermont at-large,Adam Ortiz,Independent,1.2,False,False,D+16,general,
Virginia,Virginia 1,Rob Wittman,Republican,56.0,True,True,R+6,general,https://en.wikipedia.org/wiki/Rob_Wittman
Virginia,Virginia 1,Herb Jones,Democratic,43.0,False,False,R+6,general,
Virginia,Virginia 1,David Foster,Independent,1.0,False,False,R+6,general,
Virginia,Virginia 10,Jennifer Wexton,Democratic,53.3,True,True,D+6,general,https://en.wikipedia.org/wiki/Jennifer_Wexton
Virginia,Virginia 10,Hung Cao,Republican,46.7,False,False,D+6,general,https://en.wikipedia.org/wiki/Hung_Cao
Virginia,Virginia 11,Gerry Connolly,Democratic,66.9,True,True,D+18,general,https://en.wikipedia.org/wiki/Gerry_Connolly
Virginia,Virginia 11,James Myles,Republican,33.1,False,False,D+18,general,
Virginia,Virginia 2,Jen Kiggans,Republican,51.7,False,True,R+2,general,https://en.wikipedia.org/wiki/Jen_Kiggans
Virginia,Virginia 2,Elaine Luria,Democratic,48.3,True,False,R+2,general,https://en.wikipedia.org/wiki/Elaine_Luria
Virginia,Virginia 3,Bobby Scott,Democratic,67.4,True,True,D+17,general,https://en.wikipedia.org/wiki/Bobby_Scott_(politician)
Virginia,Virginia 3,Terry Namkung,Republican,32.6,False,False,D+17,general,
Virginia,Virginia 4,Donald McEachin,Democratic,64.4,True,True,D+16,general,https://en.wikipedia.org/wiki/Donald_McEachin
Virginia,Virginia 4,Leon Benjamin,Republican,35.6,False,False,D+16,general,
Virginia,Virginia 5,Bob Good,Republican,57.7,True,True,R+7,general,https://en.wikipedia.org/wiki/Bob_Good
Virginia,Virginia 5,Josh Throneburg,Democratic,42.3,False,False,R+7,general,
Virginia,Virginia 6,Ben Cline,Republican,64.5,True,True,R+14,general,https://en.wikipedia.org/wiki/Ben_Cline
Virginia,Virginia 6,Jennifer Lewis,Democratic,35.5,False,False,R+14,general,
Virginia,Virginia 7,Abigail Spanberger,Democratic,52.3,True,True,D+1,general,https://en.wikipedia.org/wiki/Abigail_Spanberger
Virginia,Virginia 7,esli Vega,Republican,47.7,False,True,D+1,general,
Virginia,Virginia 8,Don Beyer,Democratic,73.7,True,True,D+26,general,https://en.wikipedia.org/wiki/Don_Beyer
Virginia,Virginia 8,Karina Lipsman,Republican,24.8,False,False,D+26,general,
Virginia,Virginia 8,Teddy Fikre,Independent,1.5,False,False,D+26,general,
Virginia,Virginia 9,Morgan Griffith,Republican,73.4,True,True,R+23,general,https://en.wikipedia.org/wiki/Morgan_Griffith
Virginia,Virginia 9,Taysha DeVaughan,Democratic,26.6,False,False,R+23,general,
Washington,Washington 1,Suzan DelBene,Democratic,63.5,True,True,D+13,general,https://en.wikipedia.org/wiki/Suzan_DelBene
Washington,Washington 1,Vincent Cavaleri,Republican,36.4,False,False,D+13,general,
Washington,Washington 10,Marilyn Strickland,Democratic,57.0,True,True,D+7,general,https://en.wikipedia.org/wiki/Marilyn_Strickland
Washington,Washington 10,Keith Swank,Republican,42.9,False,False,D+7,general,
Washington,Washington 2,Rick Larsen,Democratic,60.1,True,True,D+9,general,https://en.wikipedia.org/wiki/Rick_Larsen
Washington,Washington 2,Dan Matthews,Republican,39.8,False,False,D+9,general,
Washington,Washington 3,Marie Gluesenkamp Perez,Democratic,50.1,False,True,R+5,general,https://en.wikipedia.org/wiki/Marie_Gluesenkamp_Perez
Washington,Washington 3,Joe Kent,Republican,49.3,False,False,R+5,general,https://en.wikipedia.org/wiki/Joe_Kent
Washington,Washington 4,Dan Newhouse,Republican,66.5,True,True,R+11,general,https://en.wikipedia.org/wiki/Dan_Newhouse
Washington,Washington 4,Doug White,Democratic,31.2,False,False,R+11,general,
Washington,Washington 5,Cathy McMorris Rodgers,Republican,59.5,True,True,R+8,general,https://en.wikipedia.org/wiki/Cathy_McMorris_Rodgers
Washington,Washington 5,Natasha Hill,Democratic,40.3,False,False,R+8,general,https://en.wikipedia.org/wiki/Natasha_Hill
Washington,Washington 6,Derek Kilmer,Democratic,60.0,True,True,D+6,general,https://en.wikipedia.org/wiki/Derek_Kilmer
Washington,Washington 6,Elizabeth Kreiselmaier,Republican,39.9,False,False,D+6,general,
Washington,Washington 7,Pramila Jayapal,Democratic,85.4,True,True,D+36,general,https://en.wikipedia.org/wiki/Pramila_Jayapal
Washington,Washington 7,Cliff Moon,Republican,14.2,False,False,D+36,general,
Washington,Washington 8,Kim Schrier,Democratic,53.3,True,True,D+1,general,https://en.wikipedia.org/wiki/Kim_Schrier
Washington,Washington 8,Matt Larkin,Republican,46.4,False,False,D+1,general,
Washington,Washington 9,Adam Smith,Democratic,71.6,True,True,D+21,general,https://en.wikipedia.org/wiki/Adam_Smith_(Washington_politician)
Washington,Washington 9,Doug Basler,Republican,28.2,False,False,D+21,general,
West Virginia,West Virginia 1,Carol Miller,Republican,66.7,False,True,R+23,general,https://en.wikipedia.org/wiki/Carol_Miller_(politician)
West Virginia,West Virginia 1,Lacy Watson,Democratic,28.8,False,False,R+23,general,
West Virginia,West Virginia 1,Belinda Fox-Spencer,Independent,4.5,False,False,R+23,general,
West Virginia,West Virginia 2,Alex Mooney,Republican,65.6,True,True,R+22,general,https://en.wikipedia.org/wiki/Alex_Mooney
West Virginia,West Virginia 2,Barry Lee Wendell,Democratic,34.4,False,False,R+22,general,
Wisconsin,Wisconsin 1,Bryan Steil,Republican,54.1,True,True,R+3,general,https://en.wikipedia.org/wiki/Bryan_Steil
Wisconsin,Wisconsin 1,Ann Roe,Democratic,45.2,False,False,R+3,general,https://en.wikipedia.org/wiki/Ann_Roe
Wisconsin,Wisconsin 1,Charles Barman,Going Away,0.7,False,False,R+3,general,
Wisconsin,Wisconsin 2,Mark Pocan,Democratic,71.0,True,True,D+19,general,https://en.wikipedia.org/wiki/Mark_Pocan
Wisconsin,Wisconsin 2,Erik Olsen,Republican,26.9,False,False,D+19,general,
Wisconsin,Wisconsin 2,Douglas Alexander,Independent,2.0,False,False,D+19,general,
Wisconsin,Wisconsin 3,Derrick Van Orden,Republican,51.9,False,True,R+4,general,https://en.wikipedia.org/wiki/Derrick_Van_Orden
Wisconsin,Wisconsin 3,Brad Pfaff,Democratic,48.1,False,False,R+4,general,https://en.wikipedia.org/wiki/Brad_Pfaff
Wisconsin,Wisconsin 4,Gwen Moore,Democratic,75.3,True,True,D+25,general,https://en.wikipedia.org/wiki/Gwen_Moore
Wisconsin,Wisconsin 4,Tim Rogers,Republican,22.6,False,False,D+25,general,
Wisconsin,Wisconsin 4,Robert Raymond,Independent,2.0,False,False,D+25,general,
Wisconsin,Wisconsin 5,Scott Fitzgerald,Republican,64.4,True,True,R+14,general,https://en.wikipedia.org/wiki/Scott_Fitzgerald_(politician)
Wisconsin,Wisconsin 5,Mike Van Someren,Democratic,35.6,False,False,R+14,general,
Wisconsin,Wisconsin 6,Glenn Grothman,Republican,94.9,True,True,R+10,general,https://en.wikipedia.org/wiki/Glenn_Grothman
Wisconsin,Wisconsin 7,Tom Tiffany,Republican,61.9,True,True,R+12,general,https://en.wikipedia.org/wiki/Tom_Tiffany
Wisconsin,Wisconsin 7,Richard Ausman,Democratic,38.1,False,False,R+12,general,
Wisconsin,Wisconsin 8,Mike Gallagher,Republican,73.5,True,True,R+10,general,https://en.wikipedia.org/wiki/Mike_Gallagher_(American_politician)
Wisconsin,Wisconsin 8,Paul Boucher,Independent,16.0,False,False,R+10,general,
Wisconsin,Wisconsin 8,Jacob VandenPlas,Libertarian,10.5,False,False,R+10,general,
Wyoming,Wyoming at-large,Harriet Hageman,Republican,69.8,False,True,R+25,general,https://en.wikipedia.org/wiki/Harriet_Hageman
Wyoming,Wyoming at-large,Lynnette Grey Bull,Democratic,24.9,False,False,R+25,general,
Wyoming,Wyoming at-large,Richard Brubaker,Libertarian,2.9,False,False,R+25,general,
Wyoming,Wyoming at-large,Marissa Selvig,Constitution,2.4,False,False,R+25,general,
