state,district,candidate_name,party,vote_percentage,is_incumbent,is_winner,pvi,election_type,wikipedia_url
Alabama,Alabama 1,Barry Moore,Republican,78.5,False,True,R+28,general,https://en.wikipedia.org/wiki/Barry_Moore_(American_politician)
Alabama,Alabama 1,Tom Holmes,Democratic,21.5,False,False,R+28,general,
Alabama,Alabama 2,Shomari Figures,Democratic,54.6,False,True,D+4,general,https://en.wikipedia.org/wiki/Shomari_Figures
Alabama,Alabama 2,Caroleene Dobson,Republican,45.4,False,False,D+4,general,
Alabama,Alabama 3,Mike Rogers,Republican,100.0,True,True,R+23,general,
Alabama,Alabama 4,Robert Aderholt,Republican,100.0,True,True,R+33,general,
Alabama,Alabama 5,Dale Strong,Republican,100.0,True,True,R+17,general,
Alabama,Alabama 6,Gary Palmer,Republican,70.4,True,True,R+22,general,https://en.wikipedia.org/wiki/Gary_Palmer_(politician)
Alabama,Alabama 6,Elizabeth Anderson,Democratic,29.6,False,False,R+22,general,
Alabama,Alabama 7,Terri Sewell,Democratic,63.7,True,True,D+12,general,https://en.wikipedia.org/wiki/Terri_Sewell
Alabama,Alabama 7,Robin Litaker,Republican,36.3,False,False,D+12,general,
Alaska,Alaska at-large,Nick Begich III,Republican,48.4,False,True,R+8,general_rcv_round1,https://en.wikipedia.org/wiki/Nick_Begich_III
Alaska,Alaska at-large,Mary Peltola,Democratic,46.4,True,True,R+8,general_rcv_round1,https://en.wikipedia.org/wiki/Mary_Peltola
Alaska,Alaska at-large,Independence,Independence,3.9,False,False,R+8,general_rcv_round1,https://en.wikipedia.org/wiki/Alaskan_Independence_Party
Alaska,Alaska at-large,Eric Hafner,Democratic,1.0,False,False,R+8,general_rcv_round1,https://en.wikipedia.org/wiki/Eric_Hafner
Alaska,Alaska at-large,Nick Begich III,Republican,51.3,False,True,R+8,general_rcv_runoff,https://en.wikipedia.org/wiki/Nick_Begich_III
Alaska,Alaska at-large,Mary Peltola,Democratic,48.7,True,False,R+8,general_rcv_runoff,https://en.wikipedia.org/wiki/Mary_Peltola
Arizona,Arizona 1,David Schweikert,Republican,51.9,True,True,R+2,general,https://en.wikipedia.org/wiki/David_Schweikert
Arizona,Arizona 1,Amish Shah,Democratic,48.1,False,False,R+2,general,https://en.wikipedia.org/wiki/Amish_Shah
Arizona,Arizona 2,Eli Crane,Republican,54.5,True,True,R+6,general,https://en.wikipedia.org/wiki/Eli_Crane
Arizona,Arizona 2,Jonathan Nez,Democratic,45.5,False,False,R+6,general,https://en.wikipedia.org/wiki/Jonathan_Nez
Arizona,Arizona 3,Yassamin Ansari,Democratic,70.9,False,True,D+24,general,https://en.wikipedia.org/wiki/Yassamin_Ansari
Arizona,Arizona 3,Jeff Zink,Republican,26.6,False,False,D+24,general,
Arizona,Arizona 3,Alan Aversa,Green,2.5,False,False,D+24,general,
Arizona,Arizona 4,Greg Stanton,Democratic,52.7,True,True,D+2,general,https://en.wikipedia.org/wiki/Greg_Stanton
Arizona,Arizona 4,Kelly Cooper,Republican,45.5,False,False,D+2,general,
Arizona,Arizona 4,Vincent Beck-Jones,Green,1.8,False,False,D+2,general,
Arizona,Arizona 5,Andy Biggs,Republican,60.4,True,True,R+11,general,https://en.wikipedia.org/wiki/Andy_Biggs
Arizona,Arizona 5,Katrina Schaffner,Democratic,39.6,False,False,R+11,general,
Arizona,Arizona 6,Juan Ciscomani,Republican,50.0,True,True,R+3,general,https://en.wikipedia.org/wiki/Juan_Ciscomani
Arizona,Arizona 6,Kirsten Engel,Democratic,47.5,False,False,R+3,general,https://en.wikipedia.org/wiki/Kirsten_Engel
Arizona,Arizona 6,Athena Eastwood,Green,2.5,False,False,R+3,general,
Arizona,Arizona 7,Raúl Grijalva,Democratic,63.4,True,True,D+15,general,https://en.wikipedia.org/wiki/Ra%C3%BAl_Grijalva
Arizona,Arizona 7,Daniel Butierez,Republican,36.6,False,False,D+15,general,
Arizona,Arizona 8,Abraham Hamadeh,Republican,56.5,False,True,R+10,general,https://en.wikipedia.org/wiki/Abraham_Hamadeh
Arizona,Arizona 8,Greg Whitten,Democratic,43.5,False,False,R+10,general,
Arizona,Arizona 9,Paul Gosar,Republican,65.3,True,True,R+16,general,https://en.wikipedia.org/wiki/Paul_Gosar
Arizona,Arizona 9,Quacy Smith,Democratic,34.7,False,False,R+16,general,
Arkansas,Arkansas 1,Rick Crawford,Republican,72.9,True,True,R+22,general,https://en.wikipedia.org/wiki/Rick_Crawford_(politician)
Arkansas,Arkansas 1,Rodney Govens,Democratic,24.0,False,False,R+22,general,
Arkansas,Arkansas 1,Steve Parsons,Libertarian,3.1,False,False,R+22,general,
Arkansas,Arkansas 2,French Hill,Republican,58.9,True,True,R+9,general,https://en.wikipedia.org/wiki/French_Hill_(politician)
Arkansas,Arkansas 2,Marcus Jones,Democratic,41.1,False,False,R+9,general,
Arkansas,Arkansas 3,Steve Womack,Republican,63.8,True,True,R+15,general,https://en.wikipedia.org/wiki/Steve_Womack
Arkansas,Arkansas 3,Caitlin Draper,Democratic,31.8,False,False,R+15,general,
Arkansas,Arkansas 3,Bobby Wilson,Libertarian,4.4,False,False,R+15,general,
Arkansas,Arkansas 4,Bruce Westerman,Republican,72.9,True,True,R+20,general,https://en.wikipedia.org/wiki/Bruce_Westerman
Arkansas,Arkansas 4,Risie Howard,Democratic,27.1,False,False,R+20,general,
California,California 1,Doug LaMalfa,Republican,65.3,True,True,R+12,general,https://en.wikipedia.org/wiki/Doug_LaMalfa
California,California 1,Rose Penelope Yee,Democratic,34.7,False,False,R+12,general,
California,California 10,Mark DeSaulnier,Democratic,66.5,True,True,D+18,general,https://en.wikipedia.org/wiki/Mark_DeSaulnier
California,California 10,Katherine Piccinini,Republican,33.5,False,False,D+18,general,
California,California 11,Nancy Pelosi,Democratic,81.0,True,True,D+37,general,https://en.wikipedia.org/wiki/Nancy_Pelosi
California,California 11,Bruce Lou,Republican,19.0,False,False,D+37,general,
California,California 12,Lateefah Simon,Democratic,65.4,False,True,D+40,general,https://en.wikipedia.org/wiki/Lateefah_Simon
California,California 12,Jennifer Tran,Democratic,34.6,False,False,D+40,general,
California,California 13,Adam Gray,Democratic,50.04,False,True,D+4,general,https://en.wikipedia.org/wiki/Adam_Gray
California,California 13,John Duarte,Republican,49.96,True,False,D+4,general,https://en.wikipedia.org/wiki/John_Duarte_(politician)
California,California 14,Eric Swalwell,Democratic,67.8,True,True,D+22,general,https://en.wikipedia.org/wiki/Eric_Swalwell
California,California 14,Vin Kruttiventi,Republican,32.2,False,False,D+22,general,
California,California 15,Kevin Mullin,Democratic,73.1,True,True,D+28,general,https://en.wikipedia.org/wiki/Kevin_Mullin
California,California 15,Anna Cheng Kramer,Republican,26.9,False,False,D+28,general,
California,California 16,Sam Liccardo,Democratic,58.2,False,True,D+26,general,https://en.wikipedia.org/wiki/Sam_Liccardo
California,California 16,Evan Low,Democratic,41.8,False,False,D+26,general,https://en.wikipedia.org/wiki/Evan_Low
California,California 17,Ro Khanna,Democratic,67.7,True,True,D+23,general,https://en.wikipedia.org/wiki/Ro_Khanna
California,California 17,Anita Chen,Republican,32.3,False,False,D+23,general,
California,California 18,Zoe Lofgren,Democratic,64.6,True,True,D+21,general,https://en.wikipedia.org/wiki/Zoe_Lofgren
California,California 18,Peter Hernandez,Republican,35.4,False,False,D+21,general,
California,California 19,Jimmy Panetta,Democratic,69.3,True,True,D+18,general,https://en.wikipedia.org/wiki/Jimmy_Panetta
California,California 19,Jason Anderson,Republican,30.7,False,False,D+18,general,
California,California 2,Jared Huffman,Democratic,71.9,True,True,D+23,general,https://en.wikipedia.org/wiki/Jared_Huffman
California,California 2,Chris Coulombe,Republican,28.1,False,False,D+23,general,
California,California 20,Vince Fong,Republican,65.1,True,True,R+16,general,https://en.wikipedia.org/wiki/Vince_Fong
California,California 20,Mike Boudreaux,Republican,34.9,False,False,R+16,general,
California,California 20,Vince Fong,Republican,60.6,False,True,,special,https://en.wikipedia.org/wiki/Vince_Fong
California,California 20,Mike Boudreaux,Republican,39.4,False,False,,special,
California,California 21,Jim Costa,Democratic,52.6,True,True,D+9,general,https://en.wikipedia.org/wiki/Jim_Costa
California,California 21,Michael Maher,Republican,47.4,False,False,D+9,general,
California,California 22,David Valadao,Republican,53.4,True,True,D+5,general,https://en.wikipedia.org/wiki/David_Valadao
California,California 22,Rudy Salas,Democratic,46.6,False,False,D+5,general,https://en.wikipedia.org/wiki/Rudy_Salas
California,California 23,Jay Obernolte,Republican,60.1,True,True,R+8,general,https://en.wikipedia.org/wiki/Jay_Obernolte
California,California 23,Derek Marshall,Democratic,39.9,False,False,R+8,general,
California,California 24,Salud Carbajal,Democratic,62.7,True,True,D+13,general,https://en.wikipedia.org/wiki/Salud_Carbajal
California,California 24,Thomas Cole,Republican,37.3,False,False,D+13,general,
California,California 25,Raul Ruiz,Democratic,56.3,True,True,D+6,general,https://en.wikipedia.org/wiki/Raul_Ruiz_(politician)
California,California 25,Ian Weeks,Republican,43.7,False,False,D+6,general,
California,California 26,Julia Brownley,Democratic,56.1,True,True,D+8,general,https://en.wikipedia.org/wiki/Julia_Brownley
California,California 26,Michael Koslow,Republican,43.9,False,False,D+8,general,
California,California 27,George Whitesides,Democratic,51.3,False,True,D+4,general,https://en.wikipedia.org/wiki/George_T._Whitesides
California,California 27,Mike Garcia,Republican,48.7,True,False,D+4,general,https://en.wikipedia.org/wiki/Mike_Garcia_(politician)
California,California 28,Judy Chu,Democratic,64.9,True,True,D+16,general,https://en.wikipedia.org/wiki/Judy_Chu
California,California 28,April Verlato,Republican,35.1,False,False,D+16,general,
California,California 29,Luz Rivas,Democratic,69.8,False,True,D+26,general,https://en.wikipedia.org/wiki/Luz_Rivas
California,California 29,Benito Bernal,Republican,30.2,False,False,D+26,general,
California,California 3,Kevin Kiley,Republican,55.5,True,True,R+4,general,https://en.wikipedia.org/wiki/Kevin_Kiley_(politician)
California,California 3,Jessica Morse,Democratic,44.5,False,False,R+4,general,https://en.wikipedia.org/wiki/Jessica_Morse
California,California 30,Laura Friedman,Democratic,68.4,False,True,D+23,general,https://en.wikipedia.org/wiki/Laura_Friedman
California,California 30,Alex Balekian,Republican,31.6,False,False,D+23,general,
California,California 31,Gil Cisneros,Democratic,59.7,False,True,D+15,general,https://en.wikipedia.org/wiki/Gil_Cisneros
California,California 31,Daniel Martinez,Republican,40.3,False,False,D+15,general,
California,California 32,Brad Sherman,Democratic,66.2,True,True,D+20,general,https://en.wikipedia.org/wiki/Brad_Sherman
California,California 32,Larry Thompson,Republican,33.8,False,False,D+20,general,https://en.wikipedia.org/wiki/Larry_A._Thompson
California,California 33,Pete Aguilar,Democratic,58.8,True,True,D+12,general,https://en.wikipedia.org/wiki/Pete_Aguilar
California,California 33,Tom Herman,Republican,41.2,False,False,D+12,general,
California,California 34,Jimmy Gomez,Democratic,55.6,True,True,D+32,general,https://en.wikipedia.org/wiki/Jimmy_Gomez
California,California 34,David Kim,Democratic,44.4,False,False,D+32,general,
California,California 35,Norma Torres,Democratic,58.4,True,True,D+13,general,https://en.wikipedia.org/wiki/Norma_Torres
California,California 35,Mike Cargile,Republican,41.6,False,False,D+13,general,
California,California 36,Ted Lieu,Democratic,68.7,True,True,D+21,general,https://en.wikipedia.org/wiki/Ted_Lieu
California,California 36,Melissa Toomim,Republican,31.3,False,False,D+21,general,
California,California 37,Sydney Kamlager-Dove,Democratic,78.3,True,True,D+37,general,https://en.wikipedia.org/wiki/Sydney_Kamlager-Dove
California,California 37,Juan Rey,No Party Preference,21.7,False,False,D+37,general,
California,California 38,Linda Sánchez,Democratic,59.8,True,True,D+14,general,https://en.wikipedia.org/wiki/Linda_S%C3%A1nchez
California,California 38,Eric Ching,Republican,40.2,False,False,D+14,general,https://en.wikipedia.org/wiki/Eric_Ching
California,California 39,Mark Takano,Democratic,56.7,True,True,D+12,general,https://en.wikipedia.org/wiki/Mark_Takano
California,California 39,David Serpa,Republican,43.3,False,False,D+12,general,
California,California 4,Mike Thompson,Democratic,66.5,True,True,D+17,general,https://en.wikipedia.org/wiki/Mike_Thompson_(California_politician)
California,California 4,John Munn,Republican,33.5,False,False,D+17,general,
California,California 40,Young Kim,Republican,55.3,True,True,R+2,general,https://en.wikipedia.org/wiki/Young_Kim
California,California 40,Joe Kerr,Democratic,44.7,False,False,R+2,general,
California,California 41,Ken Calvert,Republican,51.7,True,True,R+3,general,https://en.wikipedia.org/wiki/Ken_Calvert
California,California 41,Will Rollins,Democratic,48.3,False,False,R+3,general,
California,California 42,Robert Garcia,Democratic,68.1,True,True,D+22,general,https://en.wikipedia.org/wiki/Robert_Garcia_(California_congressman)
California,California 42,John Briscoe,Republican,31.9,False,False,D+22,general,
California,California 43,Maxine Waters,Democratic,75.1,True,True,D+32,general,https://en.wikipedia.org/wiki/Maxine_Waters
California,California 43,Steve Williams,Republican,24.9,False,False,D+32,general,
California,California 44,Nanette Barragán,Democratic,71.4,True,True,D+24,general,https://en.wikipedia.org/wiki/Nanette_Barrag%C3%A1n
California,California 44,Roger Groh,Republican,28.6,False,False,D+24,general,
California,California 45,Derek Tran,Democratic,50.1,False,True,D+2,general,https://en.wikipedia.org/wiki/Derek_Tran
California,California 45,Michelle Steel,Republican,49.9,True,False,D+2,general,https://en.wikipedia.org/wiki/Michelle_Steel
California,California 46,Lou Correa,Democratic,63.4,True,True,D+15,general,https://en.wikipedia.org/wiki/Lou_Correa
California,California 46,David Pan,Republican,36.6,False,False,D+15,general,
California,California 47,Dave Min,Democratic,51.4,False,True,D+3,general,https://en.wikipedia.org/wiki/Dave_Min
California,California 47,Scott Baugh,Republican,48.6,False,False,D+3,general,https://en.wikipedia.org/wiki/Scott_Baugh
California,California 48,Darrell Issa,Republican,59.3,True,True,R+9,general,https://en.wikipedia.org/wiki/Darrell_Issa
California,California 48,Stephen Houlahan,Democratic,40.7,False,False,R+9,general,
California,California 49,Mike Levin,Democratic,52.2,True,True,D+3,general,https://en.wikipedia.org/wiki/Mike_Levin
California,California 49,Matt Gunderson,Republican,47.8,False,False,D+3,general,
California,California 5,Tom McClintock,Republican,61.8,True,True,R+9,general,https://en.wikipedia.org/wiki/Tom_McClintock
California,California 5,Michael Barkley,Democratic,38.2,False,False,R+9,general,
California,California 50,Scott Peters,Democratic,64.3,True,True,D+14,general,https://en.wikipedia.org/wiki/Scott_Peters_(politician)
California,California 50,Peter Bono,Republican,35.7,False,False,D+14,general,
California,California 51,Sara Jacobs,Democratic,60.7,True,True,D+12,general,https://en.wikipedia.org/wiki/Sara_Jacobs
California,California 51,Bill Wells,Republican,39.3,False,False,D+12,general,
California,California 52,Juan Vargas,Democratic,66.3,True,True,D+18,general,https://en.wikipedia.org/wiki/Juan_Vargas
California,California 52,Justin Lee,Republican,33.7,False,False,D+18,general,
California,California 6,Ami Bera,Democratic,57.6,True,True,D+7,general,https://en.wikipedia.org/wiki/Ami_Bera
California,California 6,Christine Bish,Republican,42.4,False,False,D+7,general,
California,California 7,Doris Matsui,Democratic,66.8,True,True,D+17,general,https://en.wikipedia.org/wiki/Doris_Matsui
California,California 7,Tom Silva,Republican,33.2,False,False,D+17,general,
California,California 8,John Garamendi,Democratic,74.0,True,True,D+26,general,https://en.wikipedia.org/wiki/John_Garamendi
California,California 8,Rudy Recile,Republican,26.0,False,False,D+26,general,
California,California 9,Josh Harder,Democratic,51.8,True,True,D+5,general,https://en.wikipedia.org/wiki/Josh_Harder
California,California 9,Kevin Lincoln,Republican,48.2,False,False,D+5,general,https://en.wikipedia.org/wiki/Kevin_Lincoln_(politician)
Colorado,Colorado 1,Diana DeGette,Democratic,76.6,True,True,D+29,general,https://en.wikipedia.org/wiki/Diana_DeGette
Colorado,Colorado 1,Valdamar Archuleta,Republican,21.6,False,False,D+29,general,
Colorado,Colorado 1,Unity,Unity,1.2,False,False,D+29,general,https://en.wikipedia.org/wiki/Unity_Party_of_America
Colorado,Colorado 1,Daniel Lutz,Approval Voting,0.7,False,False,D+29,general,
Colorado,Colorado 2,Joe Neguse,Democratic,68.4,True,True,D+17,general,https://en.wikipedia.org/wiki/Joe_Neguse
Colorado,Colorado 2,Marshall Dawson,Republican,28.9,False,False,D+17,general,
Colorado,Colorado 2,Gaylon Kent,Libertarian,1.2,False,False,D+17,general,
Colorado,Colorado 2,Cynthia Sirianni,Unity,0.9,False,False,D+17,general,
Colorado,Colorado 2,Jan Kok,Approval Voting,0.6,False,False,D+17,general,
Colorado,Colorado 3,Jeff Hurd,Republican,50.8,False,True,R+7,general,https://en.wikipedia.org/wiki/Jeff_Hurd_(politician)
Colorado,Colorado 3,Adam Frisch,Democratic,45.8,False,False,R+7,general,https://en.wikipedia.org/wiki/Adam_Frisch
Colorado,Colorado 3,James Wiley,Libertarian,2.7,False,False,R+7,general,
Colorado,Colorado 3,Adam Withrow,Unity,0.7,False,False,R+7,general,
Colorado,Colorado 4,Lauren Boebert,Republican,53.6,False,True,R+13,general,https://en.wikipedia.org/wiki/Lauren_Boebert
Colorado,Colorado 4,Trisha Calvarese,Democratic,42.0,False,False,R+13,general,
Colorado,Colorado 4,Hannah Goodman,Libertarian,2.6,False,False,R+13,general,
Colorado,Colorado 4,Frank Atwood,Approval Voting,1.4,False,False,R+13,general,
Colorado,Colorado 4,Paul Fiorino,Unity,0.3,False,False,R+13,general,
Colorado,Colorado 4,Greg Lopez,Republican,58.4,False,True,,special,https://en.wikipedia.org/wiki/Greg_Lopez
Colorado,Colorado 4,Trisha Calvarese,Democratic,34.4,False,False,,special,
Colorado,Colorado 4,Hannah Goodman,Libertarian,5.3,False,False,,special,
Colorado,Colorado 4,Approval Voting,Approval Voting,1.9,False,False,,special,https://en.wikipedia.org/wiki/Approval_Voting_Party
Colorado,Colorado 5,Jeff Crank,Republican,54.7,False,True,R+9,general,https://en.wikipedia.org/wiki/Jeff_Crank
Colorado,Colorado 5,River Gassen,Democratic,40.9,False,False,R+9,general,
Colorado,Colorado 5,Michael Vance,Libertarian,1.8,False,False,R+9,general,
Colorado,Colorado 5,Joseph Gaye,Independent,1.1,False,False,R+9,general,
Colorado,Colorado 5,Constitution,Constitution,1.1,False,False,R+9,general,https://en.wikipedia.org/wiki/Constitution_Party_(United_States)
Colorado,Colorado 5,Forward,Forward,0.4,False,False,R+9,general,https://en.wikipedia.org/wiki/Forward_Party_(United_States)
Colorado,Colorado 6,Jason Crow,Democratic,59.0,True,True,D+9,general,https://en.wikipedia.org/wiki/Jason_Crow
Colorado,Colorado 6,John Fabbricatore,Republican,38.5,False,False,D+9,general,
Colorado,Colorado 6,John Kittleson,Libertarian,1.4,False,False,D+9,general,
Colorado,Colorado 6,Travis Nicks,Approval Voting,1.2,False,False,D+9,general,
Colorado,Colorado 7,Brittany Pettersen,Democratic,55.3,True,True,D+4,general,https://en.wikipedia.org/wiki/Brittany_Pettersen
Colorado,Colorado 7,Sergei Matveyuk,Republican,41.2,False,False,D+4,general,
Colorado,Colorado 7,Patrick Bohan,Libertarian,2.3,False,False,D+4,general,
Colorado,Colorado 7,Ron Tupa,Unity,1.2,False,False,D+4,general,
Colorado,Colorado 8,Gabe Evans,Republican,49.0,False,True,EVEN,general,https://en.wikipedia.org/wiki/Gabe_Evans
Colorado,Colorado 8,Yadira Caraveo,Democratic,48.2,True,True,EVEN,general,https://en.wikipedia.org/wiki/Yadira_Caraveo
Colorado,Colorado 8,Chris Baum,Approval Voting,1.7,False,False,EVEN,general,
Colorado,Colorado 8,Susan Hall,Unity,1.1,False,False,EVEN,general,
Connecticut,Connecticut 1,John B. Larson,Democratic,63.1,True,True,D+12,general,https://en.wikipedia.org/wiki/John_B._Larson
Connecticut,Connecticut 1,Jim Griffin,Republican,34.8,False,False,D+12,general,
Connecticut,Connecticut 1,Mary Sanders,Green,2.0,False,False,D+12,general,
Connecticut,Connecticut 2,Joe Courtney,Democratic,58.0,True,True,D+3,general,https://en.wikipedia.org/wiki/Joe_Courtney_(politician)
Connecticut,Connecticut 2,Mike France,Republican,42.0,False,False,D+3,general,https://en.wikipedia.org/wiki/Mike_France_(politician)
Connecticut,Connecticut 3,Rosa DeLauro,Democratic,58.9,True,True,D+7,general,https://en.wikipedia.org/wiki/Rosa_DeLauro
Connecticut,Connecticut 3,Michael Massey,Republican,41.1,False,False,D+7,general,
Connecticut,Connecticut 4,Jim Himes,Democratic,61.1,True,True,D+13,general,https://en.wikipedia.org/wiki/Jim_Himes
Connecticut,Connecticut 4,Michael Goldstein,Republican,37.3,False,False,D+13,general,
Connecticut,Connecticut 4,Benjamin Wesley,Independent,1.6,False,False,D+13,general,
Connecticut,Connecticut 5,Jahana Hayes,Democratic,53.4,True,True,D+3,general,https://en.wikipedia.org/wiki/Jahana_Hayes
Connecticut,Connecticut 5,George Logan,Republican,46.6,False,False,D+3,general,https://en.wikipedia.org/wiki/George_Logan_(Connecticut_politician)
Delaware,Delaware at-large,Sarah McBride,Democratic,57.9,False,True,D+7,general,https://en.wikipedia.org/wiki/Sarah_McBride
Delaware,Delaware at-large,John Whalen,Republican,42.1,False,False,D+7,general,
Florida,Florida 1,Matt Gaetz,Republican,66.0,True,True,R+19,general,https://en.wikipedia.org/wiki/Matt_Gaetz
Florida,Florida 1,Gay Valimont,Democratic,34.0,False,False,R+19,general,
Florida,Florida 10,Maxwell Frost,Democratic,62.4,True,True,D+14,general,https://en.wikipedia.org/wiki/Maxwell_Frost
Florida,Florida 10,Willie Montague,Republican,37.6,False,False,D+14,general,
Florida,Florida 11,Daniel Webster,Republican,60.4,True,True,R+8,general,https://en.wikipedia.org/wiki/Daniel_Webster_(Florida_politician)
Florida,Florida 11,Barbie Hall,Democratic,39.6,False,False,R+8,general,
Florida,Florida 12,Gus Bilirakis,Republican,71.0,True,True,R+17,general,https://en.wikipedia.org/wiki/Gus_Bilirakis
Florida,Florida 12,Rock Aboujaoude Jr.,Democratic,29.0,False,False,R+17,general,
Florida,Florida 13,Anna Paulina Luna,Republican,54.8,True,True,R+6,general,https://en.wikipedia.org/wiki/Anna_Paulina_Luna
Florida,Florida 13,Whitney Fox,Democratic,45.2,False,False,R+6,general,
Florida,Florida 14,Kathy Castor,Democratic,56.9,True,True,D+8,general,https://en.wikipedia.org/wiki/Kathy_Castor
Florida,Florida 14,Rocky Rochford,Republican,41.6,False,False,D+8,general,
Florida,Florida 14,Christopher Bradley,Independent,0.7,False,False,D+8,general,
Florida,Florida 14,Nathaniel Snyder,Libertarian,0.7,False,False,D+8,general,
Florida,Florida 15,Laurel Lee,Republican,56.2,True,True,R+4,general,https://en.wikipedia.org/wiki/Laurel_Lee
Florida,Florida 15,Pat Kemp,Democratic,43.8,False,False,R+4,general,
Florida,Florida 16,Vern Buchanan,Republican,59.5,True,True,R+7,general,https://en.wikipedia.org/wiki/Vern_Buchanan
Florida,Florida 16,Jan Schneider,Democratic,40.5,False,False,R+7,general,
Florida,Florida 17,Greg Steube,Republican,63.9,True,True,R+10,general,https://en.wikipedia.org/wiki/Greg_Steube
Florida,Florida 17,Manny Lopez,Democratic,36.1,False,False,R+10,general,
Florida,Florida 18,Scott Franklin,Republican,65.3,True,True,R+13,general,https://en.wikipedia.org/wiki/Scott_Franklin_(politician)
Florida,Florida 18,Andrea Doria Kale,Democratic,34.7,False,False,R+13,general,
Florida,Florida 19,Byron Donalds,Republican,66.3,True,True,R+13,general,https://en.wikipedia.org/wiki/Byron_Donalds
Florida,Florida 19,Kari Lerner,Democratic,33.7,False,False,R+13,general,
Florida,Florida 2,Neal Dunn,Republican,61.6,True,True,R+8,general,https://en.wikipedia.org/wiki/Neal_Dunn
Florida,Florida 2,en Bailey,Democratic,38.4,False,True,R+8,general,
Florida,Florida 20,Sheila Cherfilus-McCormick,Democratic,100.0,True,True,D+25,general,
Florida,Florida 21,Brian Mast,Republican,61.8,True,True,R+7,general,https://en.wikipedia.org/wiki/Brian_Mast
Florida,Florida 21,Thomas Witkop,Democratic,38.2,False,False,R+7,general,
Florida,Florida 22,Lois Frankel,Democratic,55.0,True,True,D+7,general,https://en.wikipedia.org/wiki/Lois_Frankel
Florida,Florida 22,Dan Franzese,Republican,45.0,False,False,D+7,general,
Florida,Florida 23,Jared Moskowitz,Democratic,52.4,True,True,D+5,general,https://en.wikipedia.org/wiki/Jared_Moskowitz
Florida,Florida 23,Joe Kaufman,Republican,47.6,False,False,D+5,general,
Florida,Florida 24,Frederica Wilson,Democratic,68.2,True,True,D+25,general,https://en.wikipedia.org/wiki/Frederica_Wilson
Florida,Florida 24,Jesus Navarro,Republican,31.8,False,False,D+25,general,
Florida,Florida 25,Debbie Wasserman Schultz,Democratic,54.5,True,True,D+9,general,https://en.wikipedia.org/wiki/Debbie_Wasserman_Schultz
Florida,Florida 25,Chris Eddy,Republican,45.5,False,False,D+9,general,
Florida,Florida 26,Mario Díaz-Balart,Republican,70.9,True,True,R+8,general,https://en.wikipedia.org/wiki/Mario_D%C3%ADaz-Balart
Florida,Florida 26,Joey Atkins,Democratic,29.1,False,False,R+8,general,
Florida,Florida 27,María Elvira Salazar,Republican,60.4,True,True,EVEN,general,https://en.wikipedia.org/wiki/Mar%C3%ADa_Elvira_Salazar
Florida,Florida 27,Lucia Baez-Geller,Democratic,39.6,False,False,EVEN,general,
Florida,Florida 28,Carlos A. Giménez,Republican,64.6,True,True,R+2,general,https://en.wikipedia.org/wiki/Carlos_A._Gim%C3%A9nez
Florida,Florida 28,Phil Ehr,Democratic,35.4,False,False,R+2,general,
Florida,Florida 3,Kat Cammack,Republican,61.6,True,True,R+9,general,https://en.wikipedia.org/wiki/Kat_Cammack
Florida,Florida 3,Tom Wells,Democratic,38.4,False,False,R+9,general,
Florida,Florida 4,Aaron Bean,Republican,57.3,True,True,R+6,general,https://en.wikipedia.org/wiki/Aaron_Bean
Florida,Florida 4,LaShonda Holloway,Democratic,42.7,False,False,R+6,general,
Florida,Florida 5,John Rutherford,Republican,63.1,True,True,R+11,general,https://en.wikipedia.org/wiki/John_Rutherford_(Florida_politician)
Florida,Florida 5,Jay McGovern,Democratic,36.9,False,False,R+11,general,
Florida,Florida 6,Michael Waltz,Republican,66.5,True,True,R+14,general,https://en.wikipedia.org/wiki/Michael_Waltz
Florida,Florida 6,James Stockton III,Democratic,33.5,False,False,R+14,general,
Florida,Florida 7,Cory Mills,Republican,56.5,True,True,R+5,general,https://en.wikipedia.org/wiki/Cory_Mills
Florida,Florida 7,Jennifer Adams,Democratic,43.5,False,False,R+5,general,
Florida,Florida 8,Mike Haridopolos,Republican,62.2,False,True,R+11,general,https://en.wikipedia.org/wiki/Mike_Haridopolos
Florida,Florida 8,Sandy Kennedy,Democratic,37.8,False,False,R+11,general,
Florida,Florida 9,Darren Soto,Democratic,55.1,True,True,D+8,general,https://en.wikipedia.org/wiki/Darren_Soto
Florida,Florida 9,Thomas Chalifoux,Republican,42.6,False,False,D+8,general,
Florida,Florida 9,Marcus Carter,Independent,2.3,False,False,D+8,general,
Georgia,Georgia 1,Buddy Carter,Republican,62.0,True,True,R+9,general,https://en.wikipedia.org/wiki/Buddy_Carter
Georgia,Georgia 1,Patti Hewitt,Democratic,38.0,False,False,R+9,general,
Georgia,Georgia 10,Mike Collins,Republican,63.1,True,True,R+14,general,https://en.wikipedia.org/wiki/Mike_Collins_(politician)
Georgia,Georgia 10,Lexy Doherty,Democratic,36.9,False,False,R+14,general,
Georgia,Georgia 11,Barry Loudermilk,Republican,67.3,True,True,R+14,general,https://en.wikipedia.org/wiki/Barry_Loudermilk
Georgia,Georgia 11,Kate Stamper,Democratic,32.7,False,False,R+14,general,
Georgia,Georgia 12,Rick Allen,Republican,60.3,True,True,R+8,general,https://en.wikipedia.org/wiki/Rick_Allen_(politician)
Georgia,Georgia 12,Liz Johnson,Democratic,39.7,False,False,R+8,general,
Georgia,Georgia 13,David Scott,Democratic,71.8,True,True,D+17,general,https://en.wikipedia.org/wiki/David_Scott_(Georgia_politician)
Georgia,Georgia 13,Jonathan Chavez,Republican,28.2,False,False,D+17,general,
Georgia,Georgia 14,Marjorie Taylor Greene,Republican,64.4,True,True,R+22,general,https://en.wikipedia.org/wiki/Marjorie_Taylor_Greene
Georgia,Georgia 14,Shawn Harris,Democratic,35.6,False,False,R+22,general,
Georgia,Georgia 2,Sanford Bishop,Democratic,56.3,True,True,D+3,general,https://en.wikipedia.org/wiki/Sanford_Bishop
Georgia,Georgia 2,Wayne Johnson,Republican,43.7,False,False,D+3,general,
Georgia,Georgia 3,Brian Jack,Republican,66.3,False,True,R+18,general,https://en.wikipedia.org/wiki/Brian_Jack
Georgia,Georgia 3,Maura Keller,Democratic,33.7,False,False,R+18,general,
Georgia,Georgia 4,Hank Johnson,Democratic,75.6,True,True,D+27,general,https://en.wikipedia.org/wiki/Hank_Johnson
Georgia,Georgia 4,Eugene Yu,Republican,24.4,False,False,D+27,general,
Georgia,Georgia 5,Nikema Williams,Democratic,85.7,True,True,D+35,general,https://en.wikipedia.org/wiki/Nikema_Williams
Georgia,Georgia 5,John Salvesen,Republican,14.3,False,False,D+35,general,
Georgia,Georgia 6,Lucy McBath,Democratic,74.7,False,True,D+22,general,https://en.wikipedia.org/wiki/Lucy_McBath
Georgia,Georgia 6,Jeff Criswell,Republican,25.3,False,False,D+22,general,
Georgia,Georgia 7,Rich McCormick,Republican,64.9,False,True,R+13,general,https://en.wikipedia.org/wiki/Rich_McCormick
Georgia,Georgia 7,Bob Christian,Democratic,35.1,False,False,R+13,general,
Georgia,Georgia 8,Austin Scott,Republican,68.9,True,True,R+16,general,https://en.wikipedia.org/wiki/Austin_Scott_(politician)
Georgia,Georgia 8,Darrius Butler,Democratic,31.1,False,False,R+16,general,
Georgia,Georgia 9,Andrew Clyde,Republican,69.0,True,True,R+20,general,https://en.wikipedia.org/wiki/Andrew_Clyde
Georgia,Georgia 9,Tambrei Cash,Democratic,31.0,False,False,R+20,general,
Hawaii,Hawaii 1,Ed Case,Democratic,71.8,True,True,D+14,general,https://en.wikipedia.org/wiki/Ed_Case
Hawaii,Hawaii 1,Patrick Largey,Republican,28.2,False,False,D+14,general,
Hawaii,Hawaii 2,Jill Tokuda,Democratic,66.5,True,True,D+14,general,https://en.wikipedia.org/wiki/Jill_Tokuda
Hawaii,Hawaii 2,Steve Bond,Republican,30.2,False,False,D+14,general,
Hawaii,Hawaii 2,Aaron Toman,Libertarian,1.8,False,False,D+14,general,
Hawaii,Hawaii 2,Randall Meyer,Independent,1.6,False,False,D+14,general,
Idaho,Idaho 1,Russ Fulcher,Republican,71.0,True,True,R+22,general,https://en.wikipedia.org/wiki/Russ_Fulcher
Idaho,Idaho 1,Kaylee Peterson,Democratic,25.4,False,False,R+22,general,
Idaho,Idaho 1,Matt Loesby,Libertarian,2.1,False,False,R+22,general,
Idaho,Idaho 1,Brendan Gomez,Constitution,1.5,False,False,R+22,general,
Idaho,Idaho 2,Mike Simpson,Republican,61.4,True,True,R+14,general,https://en.wikipedia.org/wiki/Mike_Simpson
Idaho,Idaho 2,David Roth,Democratic,31.0,False,False,R+14,general,
Idaho,Idaho 2,Todd Corsetti,Libertarian,5.2,False,False,R+14,general,
Idaho,Idaho 2,Carta Sierra,Constitution,2.4,False,False,R+14,general,
Illinois,Illinois 1,Jonathan Jackson,Democratic,65.9,True,True,D+20,general,https://en.wikipedia.org/wiki/Jonathan_Jackson_(Illinois_politician)
Illinois,Illinois 1,Marcus Lewis,Republican,34.1,False,False,D+20,general,
Illinois,Illinois 10,Brad Schneider,Democratic,60.0,True,True,D+11,general,https://en.wikipedia.org/wiki/Brad_Schneider
Illinois,Illinois 10,Jim Carris,Republican,40.0,False,False,D+11,general,
Illinois,Illinois 11,Bill Foster,Democratic,55.6,True,True,D+5,general,https://en.wikipedia.org/wiki/Bill_Foster_(politician)
Illinois,Illinois 11,Jerry Evans,Republican,44.4,False,False,D+5,general,
Illinois,Illinois 12,Mike Bost,Republican,74.2,True,True,R+24,general,https://en.wikipedia.org/wiki/Mike_Bost
Illinois,Illinois 12,Brian Roberts,Democratic,25.8,False,False,R+24,general,
Illinois,Illinois 13,Nikki Budzinski,Democratic,58.1,True,True,D+3,general,https://en.wikipedia.org/wiki/Nikki_Budzinski
Illinois,Illinois 13,Joshua Loyd,Republican,41.9,False,False,D+3,general,
Illinois,Illinois 14,Lauren Underwood,Democratic,55.1,True,True,D+4,general,https://en.wikipedia.org/wiki/Lauren_Underwood
Illinois,Illinois 14,Jim Marter,Republican,44.9,False,False,D+4,general,
Illinois,Illinois 15,Mary Miller,Republican,100.0,True,True,R+22,general,
Illinois,Illinois 16,Darin LaHood,Republican,100.0,True,True,R+13,general,
Illinois,Illinois 17,Eric Sorensen,Democratic,54.4,True,True,D+2,general,https://en.wikipedia.org/wiki/Eric_Sorensen_(politician)
Illinois,Illinois 17,Joe McGraw,Republican,45.6,False,False,D+2,general,
Illinois,Illinois 2,Robin Kelly,Democratic,67.6,True,True,D+19,general,https://en.wikipedia.org/wiki/Robin_Kelly
Illinois,Illinois 2,Ashley Ramos,Republican,32.4,False,False,D+19,general,
Illinois,Illinois 3,Delia Ramirez,Democratic,67.3,True,True,D+20,general,https://en.wikipedia.org/wiki/Delia_Ramirez
Illinois,Illinois 3,John Booras,Republican,32.7,False,False,D+20,general,
Illinois,Illinois 4,Chuy García,Democratic,67.5,True,True,D+22,general,https://en.wikipedia.org/wiki/Chuy_Garc%C3%ADa
Illinois,Illinois 4,Lupe Castillo,Republican,27.3,False,False,D+22,general,
Illinois,Illinois 4,Working Class,Working Class,5.2,False,False,D+22,general,https://en.wikipedia.org/wiki/Working_Class_Party
Illinois,Illinois 5,Mike Quigley,Democratic,69.0,True,True,D+18,general,https://en.wikipedia.org/wiki/Mike_Quigley
Illinois,Illinois 5,Tommy Hanson,Republican,31.0,False,False,D+18,general,
Illinois,Illinois 6,Sean Casten,Democratic,54.2,True,True,D+3,general,https://en.wikipedia.org/wiki/Sean_Casten
Illinois,Illinois 6,Niki Conforti,Republican,45.8,False,False,D+3,general,
Illinois,Illinois 7,Danny Davis,Democratic,83.3,True,True,D+36,general,https://en.wikipedia.org/wiki/Danny_Davis_(Illinois_politician)
Illinois,Illinois 7,Chad Koppie,Republican,16.7,False,False,D+36,general,
Illinois,Illinois 8,Raja Krishnamoorthi,Democratic,57.1,True,True,D+6,general,https://en.wikipedia.org/wiki/Raja_Krishnamoorthi
Illinois,Illinois 8,Mark Rice,Republican,42.9,False,False,D+6,general,
Illinois,Illinois 9,Jan Schakowsky,Democratic,68.4,True,True,D+19,general,https://en.wikipedia.org/wiki/Jan_Schakowsky
Illinois,Illinois 9,Seth Cohen,Republican,31.6,False,False,D+19,general,
Indiana,Indiana 1,Frank J. Mrvan,Democratic,53.4,True,True,D+3,general,https://en.wikipedia.org/wiki/Frank_J._Mrvan
Indiana,Indiana 1,Randy Niemeyer,Republican,44.9,False,False,D+3,general,
Indiana,Indiana 1,Dakotah Miskus,Libertarian,1.6,False,False,D+3,general,
Indiana,Indiana 2,Rudy Yakym,Republican,62.7,True,True,R+14,general,https://en.wikipedia.org/wiki/Rudy_Yakym
Indiana,Indiana 2,Lori Camp,Democratic,34.6,False,False,R+14,general,
Indiana,Indiana 2,William Henry,Libertarian,2.6,False,False,R+14,general,
Indiana,Indiana 3,Marlin Stutzman,Republican,65.0,False,True,R+18,general,https://en.wikipedia.org/wiki/Marlin_Stutzman
Indiana,Indiana 3,Kiley Adolph,Democratic,31.4,False,False,R+18,general,
Indiana,Indiana 3,Jarrad Lancaster,Libertarian,3.5,False,False,R+18,general,
Indiana,Indiana 4,Jim Baird,Republican,64.8,True,True,R+18,general,https://en.wikipedia.org/wiki/Jim_Baird_(politician)
Indiana,Indiana 4,Derrick Holder,Democratic,30.9,False,False,R+18,general,
Indiana,Indiana 4,Ashley Groff,Libertarian,4.2,False,False,R+18,general,
Indiana,Indiana 5,Victoria Spartz,Republican,56.6,True,True,R+11,general,https://en.wikipedia.org/wiki/Victoria_Spartz
Indiana,Indiana 5,Deborah Pickett,Democratic,38.0,False,False,R+11,general,
Indiana,Indiana 5,Robert Slaughter,Independent,2.7,False,False,R+11,general,
Indiana,Indiana 5,Lauri Shillings,Libertarian,2.7,False,False,R+11,general,
Indiana,Indiana 6,Jefferson Shreve,Republican,63.9,False,True,R+19,general,https://en.wikipedia.org/wiki/Jefferson_Shreve
Indiana,Indiana 6,Cinde Wirth,Democratic,31.7,False,False,R+19,general,
Indiana,Indiana 6,James Sceniak,Libertarian,4.4,False,False,R+19,general,
Indiana,Indiana 7,André Carson,Democratic,68.3,True,True,D+19,general,https://en.wikipedia.org/wiki/Andr%C3%A9_Carson
Indiana,Indiana 7,John Schmitz,Republican,29.0,False,False,D+19,general,
Indiana,Indiana 7,Rusty Johnson,Libertarian,2.7,False,False,D+19,general,
Indiana,Indiana 8,Mark Messmer,Republican,68.0,False,True,R+19,general,https://en.wikipedia.org/wiki/Mark_Messmer
Indiana,Indiana 8,Erik Hurt,Democratic,29.5,False,False,R+19,general,
Indiana,Indiana 8,Richard Fitzlaff,Libertarian,2.6,False,False,R+19,general,
Indiana,Indiana 9,Erin Houchin,Republican,64.5,True,True,R+16,general,https://en.wikipedia.org/wiki/Erin_Houchin
Indiana,Indiana 9,Tim Peck,Democratic,32.8,False,False,R+16,general,
Indiana,Indiana 9,Russell Brooksbank,Libertarian,2.7,False,False,R+16,general,
Iowa,Iowa 1,Mariannette Miller-Meeks,Republican,50.1,True,True,R+3,general,https://en.wikipedia.org/wiki/Mariannette_Miller-Meeks
Iowa,Iowa 1,Christina Bohannan,Democratic,49.9,False,False,R+3,general,https://en.wikipedia.org/wiki/Christina_Bohannan
Iowa,Iowa 2,Ashley Hinson,Republican,57.1,True,True,R+4,general,https://en.wikipedia.org/wiki/Ashley_Hinson
Iowa,Iowa 2,Sarah Corkery,Democratic,41.6,False,False,R+4,general,
Iowa,Iowa 2,Jody Puffet,Independent,1.3,False,False,R+4,general,
Iowa,Iowa 3,Zach Nunn,Republican,51.9,True,True,R+3,general,https://en.wikipedia.org/wiki/Zach_Nunn
Iowa,Iowa 3,Lanon Baccam,Democratic,48.1,False,False,R+3,general,
Iowa,Iowa 4,Randy Feenstra,Republican,67.2,True,True,R+16,general,https://en.wikipedia.org/wiki/Randy_Feenstra
Iowa,Iowa 4,Ryan Melton,Democratic,32.8,False,False,R+16,general,
Kansas,Kansas 1,Tracey Mann,Republican,69.1,True,True,R+18,general,https://en.wikipedia.org/wiki/Tracey_Mann
Kansas,Kansas 1,Paul Buskirk,Democratic,30.9,False,False,R+18,general,
Kansas,Kansas 2,Derek Schmidt,Republican,57.1,False,True,R+11,general,https://en.wikipedia.org/wiki/Derek_Schmidt
Kansas,Kansas 2,Nancy Boyda,Democratic,38.2,False,False,R+11,general,https://en.wikipedia.org/wiki/Nancy_Boyda
Kansas,Kansas 2,John Hauer,Libertarian,4.7,False,False,R+11,general,
Kansas,Kansas 3,Sharice Davids,Democratic,53.4,True,True,R+1,general,https://en.wikipedia.org/wiki/Sharice_Davids
Kansas,Kansas 3,Prasanth Reddy,Republican,42.6,False,False,R+1,general,
Kansas,Kansas 3,Steve Roberts,Libertarian,4.0,False,False,R+1,general,
Kansas,Kansas 4,Ron Estes,Republican,65.0,True,True,R+14,general,https://en.wikipedia.org/wiki/Ron_Estes
Kansas,Kansas 4,Esau Freeman,Democratic,35.0,False,False,R+14,general,
Kentucky,Kentucky 1,James Comer,Republican,74.7,True,True,R+24,general,https://en.wikipedia.org/wiki/James_Comer
Kentucky,Kentucky 1,Erin Marshall,Democratic,25.3,False,False,R+24,general,
Kentucky,Kentucky 2,Brett Guthrie,Republican,73.1,True,True,R+21,general,https://en.wikipedia.org/wiki/Brett_Guthrie
Kentucky,Kentucky 2,Hank Linderman,Democratic,26.9,False,False,R+21,general,
Kentucky,Kentucky 3,Morgan McGarvey,Democratic,62.0,True,True,D+9,general,https://en.wikipedia.org/wiki/Morgan_McGarvey
Kentucky,Kentucky 3,Mike Craven,Republican,38.0,False,False,D+9,general,
Kentucky,Kentucky 4,Thomas Massie,Republican,100.0,True,True,R+19,general,
Kentucky,Kentucky 5,Hal Rogers,Republican,100.0,True,True,R+32,general,
Kentucky,Kentucky 6,Andy Barr,Republican,63.4,True,True,R+9,general,https://en.wikipedia.org/wiki/Andy_Barr_(American_politician)
Kentucky,Kentucky 6,Randy Cravens,Democratic,36.6,False,False,R+9,general,
Louisiana,Louisiana 1,Steve Scalise,Republican,66.8,True,True,R+22,general,https://en.wikipedia.org/wiki/Steve_Scalise
Louisiana,Louisiana 1,Mel Manuel,Democratic,24.0,False,False,R+22,general,https://en.wikipedia.org/wiki/Mel_Manuel
Louisiana,Louisiana 1,Randall Arrington,Republican,5.0,False,False,R+22,general,
Louisiana,Louisiana 1,Ross Shale,Republican,2.3,False,False,R+22,general,
Louisiana,Louisiana 1,Frankie Hyers,Independent,1.9,False,False,R+22,general,
Louisiana,Louisiana 2,Troy Carter,Democratic,60.3,True,True,D+16,general,https://en.wikipedia.org/wiki/Troy_Carter_(politician)
Louisiana,Louisiana 2,Christy Lynch,Republican,13.6,False,False,D+16,general,
Louisiana,Louisiana 2,Devin Graham,Republican,12.8,False,False,D+16,general,
Louisiana,Louisiana 2,Devin Davis,Democratic,10.6,False,False,D+16,general,
Louisiana,Louisiana 2,Shorell Perrilloux,Republican,2.6,False,False,D+16,general,
Louisiana,Louisiana 3,Clay Higgins,Republican,70.6,True,True,R+22,general,https://en.wikipedia.org/wiki/Clay_Higgins
Louisiana,Louisiana 3,Priscilla Gonzalez,Democratic,18.7,False,False,R+22,general,
Louisiana,Louisiana 3,Sadi Summerlin,Democratic,6.7,False,False,R+22,general,
Louisiana,Louisiana 3,Xan John,Republican,4.1,False,False,R+22,general,
Louisiana,Louisiana 4,Mike Johnson,Republican,85.8,True,True,R+26,general,https://en.wikipedia.org/wiki/Mike_Johnson
Louisiana,Louisiana 4,Joshua Morott,Republican,14.2,False,False,R+26,general,
Louisiana,Louisiana 5,Julia Letlow,Republican,62.9,True,True,R+19,general,https://en.wikipedia.org/wiki/Julia_Letlow
Louisiana,Louisiana 5,Michael Vallien Jr.,Democratic,25.9,False,False,R+19,general,
Louisiana,Louisiana 5,Vinny Mendoza,Republican,11.2,False,False,R+19,general,
Louisiana,Louisiana 6,Cleo Fields,Democratic,50.8,False,True,D+8,general,https://en.wikipedia.org/wiki/Cleo_Fields
Louisiana,Louisiana 6,Elbert Guillory,Republican,37.7,False,False,D+8,general,https://en.wikipedia.org/wiki/Elbert_Guillory
Louisiana,Louisiana 6,Quentin Anderson,Democratic,8.0,False,False,D+8,general,
Louisiana,Louisiana 6,Peter Williams,Democratic,2.1,False,False,D+8,general,
Louisiana,Louisiana 6,Wilken Jones Jr.,Democratic,1.3,False,False,D+8,general,
Maine,Maine 1,Chellie Pingree,Democratic,58.7,True,True,D+9,general,https://en.wikipedia.org/wiki/Chellie_Pingree
Maine,Maine 1,Ronald Russell,Republican,36.4,False,False,D+9,general,
Maine,Maine 1,Ethan Alcorne,Independent,4.9,False,False,D+9,general,
Maine,Maine 2,Jared Golden,Democratic,50.3,True,True,R+6,general,https://en.wikipedia.org/wiki/Jared_Golden
Maine,Maine 2,Austin Theriault,Republican,49.7,False,False,R+6,general,https://en.wikipedia.org/wiki/Austin_Theriault
Maryland,Maryland 1,Andy Harris,Republican,59.4,True,True,R+11,general,https://en.wikipedia.org/wiki/Andy_Harris_(politician)
Maryland,Maryland 1,Blane Miller,Democratic,37.4,False,False,R+11,general,
Maryland,Maryland 1,Joshua O'Brien,Libertarian,3.1,False,False,R+11,general,
Maryland,Maryland 2,Johnny Olszewski,Democratic,58.2,False,True,D+7,general,https://en.wikipedia.org/wiki/Johnny_Olszewski
Maryland,Maryland 2,Kimberly Klacik,Republican,39.5,False,False,D+7,general,https://en.wikipedia.org/wiki/Kimberly_Klacik
Maryland,Maryland 2,Jasen Wunder,Libertarian,2.1,False,False,D+7,general,
Maryland,Maryland 3,Sarah Elfreth,Democratic,59.3,False,True,D+10,general,https://en.wikipedia.org/wiki/Sarah_Elfreth
Maryland,Maryland 3,Robert Steinberger,Republican,37.9,False,False,D+10,general,
Maryland,Maryland 3,Miguel Barajas,Libertarian,2.6,False,False,D+10,general,
Maryland,Maryland 4,Glenn Ivey,Democratic,88.4,True,True,D+40,general,https://en.wikipedia.org/wiki/Glenn_Ivey
Maryland,Maryland 4,George McDermott,Republican,11.2,False,False,D+40,general,
Maryland,Maryland 5,Steny Hoyer,Democratic,67.8,True,True,D+15,general,https://en.wikipedia.org/wiki/Steny_Hoyer
Maryland,Maryland 5,Michelle Talkington,Republican,32.0,False,False,D+15,general,
Maryland,Maryland 6,April McClain Delaney,Democratic,53.1,False,True,D+2,general,https://en.wikipedia.org/wiki/April_McClain_Delaney
Maryland,Maryland 6,Neil Parrott,Republican,46.7,False,False,D+2,general,https://en.wikipedia.org/wiki/Neil_Parrott
Maryland,Maryland 7,Kweisi Mfume,Democratic,80.3,True,True,D+30,general,https://en.wikipedia.org/wiki/Kweisi_Mfume
Maryland,Maryland 7,Scott Collier,Republican,17.2,False,False,D+30,general,
Maryland,Maryland 7,Ronald Owens-Bey,Libertarian,2.4,False,False,D+30,general,
Maryland,Maryland 8,Jamie Raskin,Democratic,76.8,True,True,D+29,general,https://en.wikipedia.org/wiki/Jamie_Raskin
Maryland,Maryland 8,Cheryl Riley,Republican,20.5,False,False,D+29,general,
Maryland,Maryland 8,Nancy Wallace,Green,2.5,False,False,D+29,general,
Massachusetts,Massachusetts 1,Richard Neal,Democratic,62.6,True,True,D+9,general,https://en.wikipedia.org/wiki/Richard_Neal
Massachusetts,Massachusetts 1,Nadia Milleron,Independent,37.4,False,False,D+9,general,https://en.wikipedia.org/wiki/Nadia_Milleron
Massachusetts,Massachusetts 2,Jim McGovern,Democratic,68.8,True,True,D+13,general,https://en.wikipedia.org/wiki/Jim_McGovern_(American_politician)
Massachusetts,Massachusetts 2,Cornelius Shea,Independent,31.2,False,False,D+13,general,
Massachusetts,Massachusetts 3,Lori Trahan,Democratic,100.0,True,True,D+11,general,
Massachusetts,Massachusetts 4,Jake Auchincloss,Democratic,100.0,True,True,D+12,general,
Massachusetts,Massachusetts 5,Katherine Clark,Democratic,100.0,True,True,D+23,general,
Massachusetts,Massachusetts 6,Seth Moulton,Democratic,100.0,True,True,D+11,general,
Massachusetts,Massachusetts 7,Ayanna Pressley,Democratic,100.0,True,True,D+35,general,
Massachusetts,Massachusetts 8,Stephen Lynch,Democratic,70.5,True,True,D+15,general,https://en.wikipedia.org/wiki/Stephen_Lynch_(politician)
Massachusetts,Massachusetts 8,Robert Burke,Republican,29.5,False,False,D+15,general,
Massachusetts,Massachusetts 9,Bill Keating,Democratic,56.5,True,True,D+6,general,https://en.wikipedia.org/wiki/Bill_Keating_(politician)
Massachusetts,Massachusetts 9,Dan Sullivan,Republican,43.5,False,False,D+6,general,
Michigan,Michigan 1,Jack Bergman,Republican,59.1,True,True,R+13,general,https://en.wikipedia.org/wiki/Jack_Bergman
Michigan,Michigan 1,Callie Barr,Democratic,37.9,False,False,R+13,general,
Michigan,Michigan 1,Liz Hakola,Working Class,1.8,False,False,R+13,general,
Michigan,Michigan 1,Andrew Gale,Libertarian,1.1,False,False,R+13,general,
Michigan,Michigan 10,John James,Republican,51.1,True,True,R+3,general,https://en.wikipedia.org/wiki/John_James_(Michigan_politician)
Michigan,Michigan 10,Carl Marlinga,Democratic,45.0,False,False,R+3,general,
Michigan,Michigan 10,Liz Hakola,Working Class,2.6,False,False,R+3,general,
Michigan,Michigan 10,Mike Salibo,Libertarian,1.3,False,False,R+3,general,
Michigan,Michigan 11,Haley Stevens,Democratic,58.2,True,True,D+7,general,https://en.wikipedia.org/wiki/Haley_Stevens
Michigan,Michigan 11,Nick Somberg,Republican,39.6,False,False,D+7,general,
Michigan,Michigan 11,Douglas Campbell,Green,2.2,False,False,D+7,general,
Michigan,Michigan 12,Rashida Tlaib,Democratic,69.7,True,True,D+23,general,https://en.wikipedia.org/wiki/Rashida_Tlaib
Michigan,Michigan 12,James Hooper,Republican,25.4,False,False,D+23,general,
Michigan,Michigan 12,Gary Walkowicz,Working Class,2.6,False,False,D+23,general,
Michigan,Michigan 12,Brenda Sanders,Green,2.3,False,False,D+23,general,
Michigan,Michigan 13,Shri Thanedar,Democratic,68.6,True,True,D+23,general,https://en.wikipedia.org/wiki/Shri_Thanedar
Michigan,Michigan 13,Martell Bivings,Republican,24.5,False,False,D+23,general,
Michigan,Michigan 13,Simone Coleman,Working Class,4.2,False,False,D+23,general,
Michigan,Michigan 13,Chris Clark,Libertarian,1.8,False,False,D+23,general,
Michigan,Michigan 13,Chris Dardzinski,US Taxpayers,0.9,False,False,D+23,general,
Michigan,Michigan 2,John Moolenaar,Republican,65.1,True,True,R+16,general,https://en.wikipedia.org/wiki/John_Moolenaar
Michigan,Michigan 2,Michael Lynch,Democratic,31.7,False,False,R+16,general,
Michigan,Michigan 2,Ben DeJong,Libertarian,1.6,False,False,R+16,general,
Michigan,Michigan 2,US Taxpayers,US Taxpayers,1.5,False,False,R+16,general,https://en.wikipedia.org/wiki/US_Taxpayers_Party
Michigan,Michigan 3,Hillary Scholten,Democratic,53.7,True,True,D+1,general,https://en.wikipedia.org/wiki/Hillary_Scholten
Michigan,Michigan 3,Paul Hudson,Republican,43.8,False,False,D+1,general,
Michigan,Michigan 3,Louis Palus,Working Class,1.3,False,False,D+1,general,
Michigan,Michigan 3,Alex Avery,Libertarian,1.3,False,False,D+1,general,
Michigan,Michigan 4,Bill Huizenga,Republican,55.1,True,True,R+5,general,https://en.wikipedia.org/wiki/Bill_Huizenga
Michigan,Michigan 4,Jessica Swartz,Democratic,43.4,False,False,R+5,general,
Michigan,Michigan 4,Clark Curtis,US Taxpayers,1.6,False,False,R+5,general,
Michigan,Michigan 5,Tim Walberg,Republican,65.7,True,True,R+15,general,https://en.wikipedia.org/wiki/Tim_Walberg
Michigan,Michigan 5,Libbi Urban,Democratic,32.8,False,False,R+15,general,
Michigan,Michigan 5,James Bronke,Green,1.6,False,False,R+15,general,
Michigan,Michigan 6,Debbie Dingell,Democratic,62.0,True,True,D+11,general,https://en.wikipedia.org/wiki/Debbie_Dingell
Michigan,Michigan 6,Heather Smiley,Republican,35.0,False,False,D+11,general,
Michigan,Michigan 6,Clyde Shabazz,Green,1.8,False,False,D+11,general,
Michigan,Michigan 6,Bill Krebaum,Libertarian,1.2,False,False,D+11,general,
Michigan,Michigan 7,Tom Barrett,Republican,50.3,False,True,R+2,general,https://en.wikipedia.org/wiki/Tom_Barrett_(Michigan_politician)
Michigan,Michigan 7,Curtis Hertel Jr.,Democratic,46.6,False,False,R+2,general,https://en.wikipedia.org/wiki/Curtis_Hertel_Jr.
Michigan,Michigan 7,Rachel Dailey,Libertarian,3.2,False,False,R+2,general,
Michigan,Michigan 8,Kristen McDonald Rivet,Democratic,51.2,False,True,R+1,general,https://en.wikipedia.org/wiki/Kristen_McDonald_Rivet
Michigan,Michigan 8,Paul Junge,Republican,44.6,False,False,R+1,general,
Michigan,Michigan 8,Kathy Goodwin,Working Class,2.0,False,False,R+1,general,
Michigan,Michigan 8,Steve Barcelo,Libertarian,1.1,False,False,R+1,general,
Michigan,Michigan 8,James Little,US Taxpayers,0.6,False,False,R+1,general,
Michigan,Michigan 8,Jim Casha,Green,0.4,False,False,R+1,general,
Michigan,Michigan 9,Lisa McClain,Republican,66.8,True,True,R+18,general,https://en.wikipedia.org/wiki/Lisa_McClain
Michigan,Michigan 9,Clinton St. Mosley,Democratic,29.5,False,False,R+18,general,
Michigan,Michigan 9,Jim Walkowicz,Working Class,2.6,False,False,R+18,general,
Michigan,Michigan 9,Kevin Vayko,Libertarian,1.1,False,False,R+18,general,
Minnesota,Minnesota 1,Brad Finstad,Republican,58.5,True,True,R+7,general,https://en.wikipedia.org/wiki/Brad_Finstad
Minnesota,Minnesota 1,Rachel Bohman,DFL,41.5,False,False,R+7,general,
Minnesota,Minnesota 2,Angie Craig,DFL,55.6,True,True,D+1,general,https://en.wikipedia.org/wiki/Angie_Craig
Minnesota,Minnesota 2,Joe Teirab,Republican,42.1,False,False,D+1,general,
Minnesota,Minnesota 2,Thomas Bowman,Independent,2.3,False,False,D+1,general,
Minnesota,Minnesota 3,Kelly Morrison,DFL,58.5,False,True,D+8,general,https://en.wikipedia.org/wiki/Kelly_Morrison
Minnesota,Minnesota 3,Tad Jude,Republican,41.5,False,False,D+8,general,https://en.wikipedia.org/wiki/Tad_Jude
Minnesota,Minnesota 4,Betty McCollum,DFL,67.4,True,True,D+17,general,https://en.wikipedia.org/wiki/Betty_McCollum
Minnesota,Minnesota 4,May Lor Xiong,Republican,32.6,False,False,D+17,general,
Minnesota,Minnesota 5,Ilhan Omar,DFL,75.2,True,True,D+30,general,https://en.wikipedia.org/wiki/Ilhan_Omar
Minnesota,Minnesota 5,Dalia al-Aqidi,Republican,24.8,False,False,D+30,general,
Minnesota,Minnesota 6,Tom Emmer,Republican,62.5,True,True,R+12,general,https://en.wikipedia.org/wiki/Tom_Emmer
Minnesota,Minnesota 6,Jeanne Hendricks,DFL,37.5,False,False,R+12,general,
Minnesota,Minnesota 7,Michelle Fischbach,Republican,70.5,True,True,R+19,general,https://en.wikipedia.org/wiki/Michelle_Fischbach
Minnesota,Minnesota 7,A. J. Peters,DFL,29.5,False,False,R+19,general,
Minnesota,Minnesota 8,Pete Stauber,Republican,58.0,True,True,R+8,general,https://en.wikipedia.org/wiki/Pete_Stauber
Minnesota,Minnesota 8,Jennifer Schultz,DFL,42.0,False,False,R+8,general,https://en.wikipedia.org/wiki/Jennifer_Schultz
Mississippi,Mississippi 1,Trent Kelly,Republican,69.8,True,True,R+18,general,https://en.wikipedia.org/wiki/Trent_Kelly
Mississippi,Mississippi 1,Dianne Black,Democratic,30.2,False,False,R+18,general,
Mississippi,Mississippi 2,Bennie Thompson,Democratic,62.0,True,True,D+11,general,https://en.wikipedia.org/wiki/Bennie_Thompson
Mississippi,Mississippi 2,Ron Eller,Republican,38.0,False,False,D+11,general,
Mississippi,Mississippi 3,Michael Guest,Republican,100.0,True,True,R+15,general,
Mississippi,Mississippi 4,Mike Ezell,Republican,74.0,True,True,R+22,general,https://en.wikipedia.org/wiki/Mike_Ezell
Mississippi,Mississippi 4,Craig Raybon,Democratic,26.1,False,False,R+22,general,
Missouri,Missouri 1,Wesley Bell,Democratic,75.9,False,True,D+27,general,https://en.wikipedia.org/wiki/Wesley_Bell
Missouri,Missouri 1,Andrew Jones,Republican,18.4,False,False,D+27,general,
Missouri,Missouri 1,Rochelle Riggins,Libertarian,3.3,False,False,D+27,general,
Missouri,Missouri 1,Don Fitz,Green,1.7,False,False,D+27,general,
Missouri,Missouri 1,Blake Ashby,Better Party,0.7,False,False,D+27,general,
Missouri,Missouri 2,Ann Wagner,Republican,54.5,True,True,R+7,general,https://en.wikipedia.org/wiki/Ann_Wagner
Missouri,Missouri 2,Ray Hartmann,Democratic,42.5,False,False,R+7,general,
Missouri,Missouri 2,Brandon Daugherty,Libertarian,2.1,False,False,R+7,general,
Missouri,Missouri 2,Shelby Davis,Green,0.9,False,False,R+7,general,
Missouri,Missouri 3,Bob Onder,Republican,61.3,False,True,R+16,general,https://en.wikipedia.org/wiki/Bob_Onder
Missouri,Missouri 3,Bethany Mann,Democratic,35.3,False,False,R+16,general,
Missouri,Missouri 3,Jordan Rowden,Libertarian,2.4,False,False,R+16,general,
Missouri,Missouri 3,William Hastings,Green,1.0,False,False,R+16,general,
Missouri,Missouri 4,Mark Alford,Republican,71.1,True,True,R+23,general,https://en.wikipedia.org/wiki/Mark_Alford_(politician)
Missouri,Missouri 4,Jeanette Cass,Democratic,26.4,False,False,R+23,general,
Missouri,Missouri 4,Thomas Holbrook,Libertarian,2.5,False,False,R+23,general,
Missouri,Missouri 5,Emanuel Cleaver,Democratic,60.2,True,True,D+11,general,https://en.wikipedia.org/wiki/Emanuel_Cleaver
Missouri,Missouri 5,Sean Smith,Republican,36.4,False,False,D+11,general,
Missouri,Missouri 5,Bill Wayne,Libertarian,2.0,False,False,D+11,general,
Missouri,Missouri 5,Michael Day,Green,1.3,False,False,D+11,general,
Missouri,Missouri 6,Sam Graves,Republican,70.7,True,True,R+21,general,https://en.wikipedia.org/wiki/Sam_Graves
Missouri,Missouri 6,Pam May,Democratic,26.9,False,False,R+21,general,
Missouri,Missouri 6,Andy Maidment,Libertarian,1.6,False,False,R+21,general,
Missouri,Missouri 6,Mike Diel,Green,0.8,False,False,R+21,general,
Missouri,Missouri 7,Eric Burlison,Republican,71.6,True,True,R+24,general,https://en.wikipedia.org/wiki/Eric_Burlison
Missouri,Missouri 7,Missi Hesketh,Democratic,26.3,False,False,R+24,general,
Missouri,Missouri 7,Kevin Craig,Libertarian,2.2,False,False,R+24,general,
Missouri,Missouri 8,Jason Smith,Republican,76.2,True,True,R+28,general,https://en.wikipedia.org/wiki/Jason_Smith_(American_politician)
Missouri,Missouri 8,Randi McCallian,Democratic,21.8,False,False,R+28,general,
Missouri,Missouri 8,Jake Dawson,Libertarian,2.0,False,False,R+28,general,
Montana,Montana 1,Ryan Zinke,Republican,52.3,True,True,R+6,general,https://en.wikipedia.org/wiki/Ryan_Zinke
Montana,Montana 1,Monica Tranel,Democratic,44.6,False,False,R+6,general,https://en.wikipedia.org/wiki/Monica_Tranel
Montana,Montana 1,Dennis Hayes,Libertarian,3.1,False,False,R+6,general,
Montana,Montana 2,Troy Downing,Republican,66.0,False,True,R+16,general,https://en.wikipedia.org/wiki/Troy_Downing
Montana,Montana 2,John Driscoll,Democratic,34.0,False,False,R+16,general,https://en.wikipedia.org/wiki/John_Driscoll_(Montana_politician)
Nebraska,Nebraska 1,Mike Flood,Republican,60.1,True,True,R+9,general,https://en.wikipedia.org/wiki/Mike_Flood_(politician)
Nebraska,Nebraska 1,Carol Blood,Democratic,39.9,False,False,R+9,general,https://en.wikipedia.org/wiki/Carol_Blood
Nebraska,Nebraska 2,Don Bacon,Republican,50.9,True,True,EVEN,general,https://en.wikipedia.org/wiki/Don_Bacon
Nebraska,Nebraska 2,Tony Vargas,Democratic,49.1,False,False,EVEN,general,https://en.wikipedia.org/wiki/Tony_Vargas
Nebraska,Nebraska 3,Adrian Smith,Republican,80.4,True,True,R+29,general,https://en.wikipedia.org/wiki/Adrian_Smith_(politician)
Nebraska,Nebraska 3,Daniel Ebers,Democratic,19.6,False,False,R+29,general,
Nevada,Nevada 1,Dina Titus,Democratic,52.0,True,True,D+3,general,https://en.wikipedia.org/wiki/Dina_Titus
Nevada,Nevada 1,Mark Robertson,Republican,44.5,False,False,D+3,general,
Nevada,Nevada 1,Ron Quince,Independent,1.0,False,False,D+3,general,
Nevada,Nevada 1,William Hoge,IAPN,0.8,False,False,D+3,general,https://en.wikipedia.org/wiki/William_Hoge_(California_politician)
Nevada,Nevada 1,David Havlicek,Libertarian,0.8,False,False,D+3,general,
Nevada,Nevada 1,David Goossen,Independent,0.8,False,False,D+3,general,
Nevada,Nevada 2,Mark Amodei,Republican,55.0,True,True,R+8,general,https://en.wikipedia.org/wiki/Mark_Amodei
Nevada,Nevada 2,Robert Kidd,Independent,36.0,False,False,R+8,general,
Nevada,Nevada 2,Lynn Chapman,IAPN,5.0,False,False,R+8,general,
Nevada,Nevada 2,Javi Tachiquin,Libertarian,4.0,False,False,R+8,general,
Nevada,Nevada 3,Susie Lee,Democratic,51.4,True,True,D+1,general,https://en.wikipedia.org/wiki/Susie_Lee
Nevada,Nevada 3,Drew Johnson,Republican,48.6,False,False,D+1,general,https://en.wikipedia.org/wiki/Drew_Johnson
Nevada,Nevada 4,Steven Horsford,Democratic,52.7,True,True,D+3,general,https://en.wikipedia.org/wiki/Steven_Horsford
Nevada,Nevada 4,John Lee,Republican,44.6,False,False,D+3,general,https://en.wikipedia.org/wiki/John_Lee_(Nevada_politician)
Nevada,Nevada 4,Russell Best,IAPN,1.5,False,False,D+3,general,
Nevada,Nevada 4,Timothy Ferreira,Libertarian,1.3,False,False,D+3,general,
New Hampshire,New Hampshire 1,Chris Pappas,Democratic,54.0,True,True,EVEN,general,https://en.wikipedia.org/wiki/Chris_Pappas_(American_politician)
New Hampshire,New Hampshire 1,Russell Prescott,Republican,46.0,False,False,EVEN,general,https://en.wikipedia.org/wiki/Russell_Prescott
New Hampshire,New Hampshire 2,Maggie Goodlander,Democratic,53.0,False,True,D+2,general,https://en.wikipedia.org/wiki/Maggie_Goodlander
New Hampshire,New Hampshire 2,Lily Tang Williams,Republican,47.0,False,False,D+2,general,https://en.wikipedia.org/wiki/Lily_Tang_Williams
New Jersey,New Jersey 1,Donald Norcross,Democratic,57.8,True,True,D+10,general,https://en.wikipedia.org/wiki/Donald_Norcross
New Jersey,New Jersey 1,Teddy Liddell,Republican,40.0,False,False,D+10,general,
New Jersey,New Jersey 1,Robin Brownfield,Green,1.6,False,False,D+10,general,
New Jersey,New Jersey 1,Austin Johnson,Independent,0.6,False,False,D+10,general,
New Jersey,New Jersey 10,LaMonica McIver,Democratic,74.4,True,True,D+30,general,https://en.wikipedia.org/wiki/LaMonica_McIver
New Jersey,New Jersey 10,Carmen Bucco,Republican,22.2,False,False,D+30,general,
New Jersey,New Jersey 10,Jose Serrano,Green,1.3,False,False,D+30,general,
New Jersey,New Jersey 10,Cynthia Johnson,Independent,0.9,False,False,D+30,general,
New Jersey,New Jersey 10,Michelle Middleton,Independent,0.7,False,False,D+30,general,
New Jersey,New Jersey 10,Donna Weiss,Independent,0.5,False,False,D+30,general,
New Jersey,New Jersey 10,LaMonica McIver,Democratic,81.4,False,True,,special,https://en.wikipedia.org/wiki/LaMonica_McIver
New Jersey,New Jersey 10,Carmen Bucco,Republican,15.6,False,False,,special,
New Jersey,New Jersey 10,Russell Jenkins,Independent,1.6,False,False,,special,
New Jersey,New Jersey 10,Rayfield Morton,Independent,1.4,False,False,,special,
New Jersey,New Jersey 11,Mikie Sherrill,Democratic,56.5,True,True,D+6,general,https://en.wikipedia.org/wiki/Mikie_Sherrill
New Jersey,New Jersey 11,Joseph Belnome,Republican,41.2,False,False,D+6,general,
New Jersey,New Jersey 11,Lily Benavides,Green,1.2,False,False,D+6,general,https://en.wikipedia.org/wiki/Lily_Benavides
New Jersey,New Jersey 11,Joshua Lanzara,Independent,0.5,False,False,D+6,general,
New Jersey,New Jersey 12,Bonnie Watson Coleman,Democratic,61.2,True,True,D+12,general,https://en.wikipedia.org/wiki/Bonnie_Watson_Coleman
New Jersey,New Jersey 12,Darius Mayfield,Republican,36.4,False,False,D+12,general,
New Jersey,New Jersey 12,Kim Meudt,Green,1.4,False,False,D+12,general,
New Jersey,New Jersey 12,Vic Kaplan,Libertarian,0.9,False,False,D+12,general,
New Jersey,New Jersey 2,Jeff Van Drew,Republican,58.1,True,True,R+5,general,https://en.wikipedia.org/wiki/Jeff_Van_Drew
New Jersey,New Jersey 2,Joe Salerno,Democratic,41.2,False,False,R+5,general,
New Jersey,New Jersey 2,Thomas Cannavo,Green,0.7,False,False,R+5,general,
New Jersey,New Jersey 3,Herb Conaway,Democratic,53.2,False,True,D+5,general,https://en.wikipedia.org/wiki/Herb_Conaway
New Jersey,New Jersey 3,Rajesh Mohan,Republican,44.6,False,False,D+5,general,
New Jersey,New Jersey 3,Steven Welzer,Green,0.9,False,False,D+5,general,
New Jersey,New Jersey 3,Chris Russomanno,Libertarian,0.5,False,False,D+5,general,
New Jersey,New Jersey 3,Douglas Wynn,Independent,0.3,False,False,D+5,general,
New Jersey,New Jersey 3,John Barbera,Independent,0.3,False,False,D+5,general,
New Jersey,New Jersey 4,Chris Smith,Republican,67.4,True,True,R+14,general,https://en.wikipedia.org/wiki/Chris_Smith_(New_Jersey_politician)
New Jersey,New Jersey 4,Matthew Jenkins,Democratic,31.7,False,False,R+14,general,
New Jersey,New Jersey 4,John Morrison,Libertarian,0.5,False,False,R+14,general,
New Jersey,New Jersey 4,Barry Bendar,Green,0.5,False,False,R+14,general,
New Jersey,New Jersey 5,Josh Gottheimer,Democratic,54.6,True,True,D+4,general,https://en.wikipedia.org/wiki/Josh_Gottheimer
New Jersey,New Jersey 5,Mary Jo Guinchard,Republican,43.3,False,False,D+4,general,
New Jersey,New Jersey 5,Beau Forte,Green,0.9,False,False,D+4,general,
New Jersey,New Jersey 5,James Tosone,Libertarian,0.6,False,False,D+4,general,
New Jersey,New Jersey 5,Aamir Arif,Independent,0.6,False,False,D+4,general,
New Jersey,New Jersey 6,Frank Pallone,Democratic,56.1,True,True,D+8,general,https://en.wikipedia.org/wiki/Frank_Pallone
New Jersey,New Jersey 6,Scott Fegler,Republican,40.3,False,False,D+8,general,
New Jersey,New Jersey 6,Fahad Akhtar,Independent,1.6,False,False,D+8,general,
New Jersey,New Jersey 6,Herb Tarbous,Green,1.4,False,False,D+8,general,
New Jersey,New Jersey 6,Matthew Amitrano,Libertarian,0.6,False,False,D+8,general,
New Jersey,New Jersey 7,Tom Kean Jr.,Republican,51.8,False,True,R+1,general,https://en.wikipedia.org/wiki/Tom_Kean_Jr.
New Jersey,New Jersey 7,Sue Altman,Democratic,46.4,False,False,R+1,general,
New Jersey,New Jersey 7,Andrew Black,Green,1.0,False,False,R+1,general,
New Jersey,New Jersey 7,Lana Leguia,Libertarian,0.9,False,False,R+1,general,
New Jersey,New Jersey 8,Rob Menendez,Democratic,59.4,True,True,D+22,general,https://en.wikipedia.org/wiki/Rob_Menendez
New Jersey,New Jersey 8,Anthony Valdes,Republican,34.6,False,False,D+22,general,
New Jersey,New Jersey 8,Christian Robbins,Green,2.8,False,False,D+22,general,
New Jersey,New Jersey 8,Pablo Olivera,Labour,2.2,False,False,D+22,general,
New Jersey,New Jersey 8,Lea Sherman,Socialist Workers,1.2,False,False,D+22,general,
New Jersey,New Jersey 9,Nellie Pou,Democratic,50.8,False,True,D+8,general,https://en.wikipedia.org/wiki/Nellie_Pou
New Jersey,New Jersey 9,Billy Prempeh,Republican,45.9,False,False,D+8,general,
New Jersey,New Jersey 9,Benjamin Taylor,Green,2.0,False,False,D+8,general,
New Jersey,New Jersey 9,Bruno Pereira,Libertarian,1.4,False,False,D+8,general,
New Mexico,New Mexico 1,Melanie Stansbury,Democratic,56.4,True,True,D+5,general,https://en.wikipedia.org/wiki/Melanie_Stansbury
New Mexico,New Mexico 1,Steve Jones,Republican,43.6,False,False,D+5,general,
New Mexico,New Mexico 2,Gabe Vasquez,Democratic,52.1,True,True,D+1,general,https://en.wikipedia.org/wiki/Gabe_Vasquez
New Mexico,New Mexico 2,Yvette Herrell,Republican,47.9,False,True,D+1,general,https://en.wikipedia.org/wiki/Yvette_Herrell
New Mexico,New Mexico 3,Teresa Leger Fernandez,Democratic,56.3,True,True,D+4,general,https://en.wikipedia.org/wiki/Teresa_Leger_Fernandez
New Mexico,New Mexico 3,Sharon Clahchischilliage,Republican,43.7,False,False,D+4,general,https://en.wikipedia.org/wiki/Sharon_Clahchischilliage
New York,New York 1,Nick LaLota,Republican,55.2,True,True,R+4,general,https://en.wikipedia.org/wiki/Nick_LaLota
New York,New York 1,John Avlon,Democratic,44.8,False,False,R+4,general,https://en.wikipedia.org/wiki/John_Avlon
New York,New York 10,Dan Goldman,Democratic,82.5,True,True,D+34,general,https://en.wikipedia.org/wiki/Dan_Goldman
New York,New York 10,Alex Dodenhoff,Republican,15.0,False,False,D+34,general,
New York,New York 10,Paul Briscoe,Conservative,2.7,False,False,D+34,general,
New York,New York 11,Nicole Malliotakis,Republican,64.1,True,True,R+6,general,https://en.wikipedia.org/wiki/Nicole_Malliotakis
New York,New York 11,Andrea Morse,Democratic,35.9,False,False,R+6,general,
New York,New York 12,Jerry Nadler,Democratic,80.5,True,True,D+34,general,https://en.wikipedia.org/wiki/Jerry_Nadler
New York,New York 12,Michael Zumbluskas,Republican,19.5,False,False,D+34,general,
New York,New York 13,Adriano Espaillat,Democratic,83.5,True,True,D+38,general,https://en.wikipedia.org/wiki/Adriano_Espaillat
New York,New York 13,Ruben Vargas,Republican,16.5,False,False,D+38,general,
New York,New York 14,Alexandria Ocasio-Cortez,Democratic,69.2,True,True,D+27,general,https://en.wikipedia.org/wiki/Alexandria_Ocasio-Cortez
New York,New York 14,Tina Forte,Republican,30.8,False,False,D+27,general,
New York,New York 15,Ritchie Torres,Democratic,76.5,True,True,D+35,general,https://en.wikipedia.org/wiki/Ritchie_Torres
New York,New York 15,Gonzalo Duran,Republican,21.4,False,False,D+35,general,
New York,New York 15,Jose Vega,LaRouche,2.4,False,False,D+35,general,
New York,New York 16,George Latimer,Democratic,71.6,False,True,D+21,general,https://en.wikipedia.org/wiki/George_Latimer_(New_York_politician)
New York,New York 16,Miriam Levitt Flisser,Republican,28.4,False,False,D+21,general,
New York,New York 17,Mike Lawler,Republican,52.2,True,True,D+3,general,https://en.wikipedia.org/wiki/Mike_Lawler
New York,New York 17,Mondaire Jones,Democratic,45.8,False,False,D+3,general,https://en.wikipedia.org/wiki/Mondaire_Jones
New York,New York 17,Working Families,Working Families,2.0,False,False,D+3,general,https://en.wikipedia.org/wiki/Working_Families
New York,New York 18,Pat Ryan,Democratic,57.2,True,True,D+2,general,https://en.wikipedia.org/wiki/Pat_Ryan_(politician)
New York,New York 18,Alison Esposito,Republican,42.8,False,False,D+2,general,
New York,New York 19,Josh Riley,Democratic,51.1,False,True,R+1,general,https://en.wikipedia.org/wiki/Josh_Riley
New York,New York 19,Marc Molinaro,Republican,48.9,True,False,R+1,general,https://en.wikipedia.org/wiki/Marc_Molinaro
New York,New York 2,Andrew Garbarino,Republican,59.2,True,True,R+4,general,https://en.wikipedia.org/wiki/Andrew_Garbarino
New York,New York 2,Rob Lubin,Democratic,40.8,False,False,R+4,general,
New York,New York 20,Paul Tonko,Democratic,61.1,True,True,D+7,general,https://en.wikipedia.org/wiki/Paul_Tonko
New York,New York 20,Kevin Waltz,Republican,38.9,False,False,D+7,general,
New York,New York 21,Elise Stefanik,Republican,62.0,True,True,R+10,general,https://en.wikipedia.org/wiki/Elise_Stefanik
New York,New York 21,Paula Collins,Democratic,38.0,False,False,R+10,general,
New York,New York 22,John Mannion,Democratic,54.6,False,True,D+3,general,https://en.wikipedia.org/wiki/John_Mannion_(American_politician)
New York,New York 22,Brandon Williams,Republican,45.4,True,False,D+3,general,https://en.wikipedia.org/wiki/Brandon_Williams_(politician)
New York,New York 23,Nick Langworthy,Republican,65.8,True,True,R+12,general,https://en.wikipedia.org/wiki/Nick_Langworthy
New York,New York 23,Thomas Carle,Democratic,34.2,False,False,R+12,general,
New York,New York 24,Claudia Tenney,Republican,65.7,True,True,R+13,general,https://en.wikipedia.org/wiki/Claudia_Tenney
New York,New York 24,David Wagenhauser,Democratic,34.3,False,False,R+13,general,
New York,New York 25,Joseph Morelle,Democratic,60.8,True,True,D+8,general,https://en.wikipedia.org/wiki/Joseph_Morelle
New York,New York 25,Gregg Sadwick,Republican,39.2,False,False,D+8,general,
New York,New York 26,Tim Kennedy,Democratic,65.2,True,True,D+10,general,https://en.wikipedia.org/wiki/Tim_Kennedy_(politician)
New York,New York 26,Anthony Marecki,Republican,34.8,False,False,D+10,general,
New York,New York 26,Tim Kennedy,Democratic,68.5,False,True,,special,https://en.wikipedia.org/wiki/Tim_Kennedy_(politician)
New York,New York 26,Gary Dickson,Republican,31.3,False,False,,special,
New York,New York 3,Tom Suozzi,Democratic,51.8,True,True,D+3,general,https://en.wikipedia.org/wiki/Tom_Suozzi
New York,New York 3,Michael LiPetri,Republican,48.2,False,False,D+3,general,https://en.wikipedia.org/wiki/Michael_LiPetri
New York,New York 3,Tom Suozzi,Democratic,53.9,False,True,,special,https://en.wikipedia.org/wiki/Tom_Suozzi
New York,New York 3,Mazi Melesa Pilip,Republican,45.9,False,False,,special,https://en.wikipedia.org/wiki/Mazi_Melesa_Pilip
New York,New York 4,Laura Gillen,Democratic,51.1,False,True,D+5,general,https://en.wikipedia.org/wiki/Laura_Gillen
New York,New York 4,Anthony D'Esposito,Republican,48.9,True,False,D+5,general,https://en.wikipedia.org/wiki/Anthony_D%27Esposito
New York,New York 5,Gregory Meeks,Democratic,72.9,True,True,D+30,general,https://en.wikipedia.org/wiki/Gregory_Meeks
New York,New York 5,Paul King,Republican,27.1,False,False,D+30,general,
New York,New York 6,Grace Meng,Democratic,60.7,True,True,D+14,general,https://en.wikipedia.org/wiki/Grace_Meng
New York,New York 6,Thomas Zmich,Republican,37.6,False,False,D+14,general,
New York,New York 6,Joseph Chou,Truth,1.6,False,False,D+14,general,
New York,New York 7,Nydia Velázquez,Democratic,78.1,True,True,D+30,general,https://en.wikipedia.org/wiki/Nydia_Vel%C3%A1zquez
New York,New York 7,William Kregler,Republican,21.9,False,False,D+30,general,
New York,New York 8,Hakeem Jeffries,Democratic,75.4,True,True,D+27,general,https://en.wikipedia.org/wiki/Hakeem_Jeffries
New York,New York 8,John Delaney,Republican,24.6,False,False,D+27,general,
New York,New York 9,Yvette Clarke,Democratic,74.3,True,True,D+25,general,https://en.wikipedia.org/wiki/Yvette_Clarke
New York,New York 9,Menachem Raitport,Republican,25.7,False,False,D+25,general,
North Carolina,North Carolina 1,Don Davis,Democratic,49.5,True,True,R+1,general,https://en.wikipedia.org/wiki/Don_Davis_(North_Carolina_politician)
North Carolina,North Carolina 1,Laurie Buckhout,Republican,47.8,False,False,R+1,general,https://en.wikipedia.org/wiki/Laurie_Buckhout
North Carolina,North Carolina 1,Tom Bailey,Libertarian,2.6,False,False,R+1,general,
North Carolina,North Carolina 10,Pat Harrigan,Republican,57.5,False,True,R+10,general,https://en.wikipedia.org/wiki/Pat_Harrigan
North Carolina,North Carolina 10,Ralph Scott Jr.,Democratic,38.2,False,False,R+10,general,
North Carolina,North Carolina 10,Steven Feldman,Libertarian,2.9,False,False,R+10,general,
North Carolina,North Carolina 10,Todd Helm,Constitution,1.4,False,False,R+10,general,
North Carolina,North Carolina 11,Chuck Edwards,Republican,56.8,True,True,R+8,general,https://en.wikipedia.org/wiki/Chuck_Edwards
North Carolina,North Carolina 11,Caleb Rudow,Democratic,43.2,False,False,R+8,general,https://en.wikipedia.org/wiki/Caleb_Rudow
North Carolina,North Carolina 12,Alma Adams,Democratic,74.0,True,True,D+23,general,https://en.wikipedia.org/wiki/Alma_Adams
North Carolina,North Carolina 12,Addul Ali,Republican,26.0,False,False,D+23,general,
North Carolina,North Carolina 13,Brad Knott,Republican,58.6,False,True,R+11,general,https://en.wikipedia.org/wiki/Brad_Knott
North Carolina,North Carolina 13,Frank Pierce,Democratic,41.4,False,False,R+11,general,
North Carolina,North Carolina 14,Tim Moore,Republican,58.1,False,True,R+11,general,https://en.wikipedia.org/wiki/Tim_Moore_(North_Carolina_politician)
North Carolina,North Carolina 14,Pam Genant,Democratic,41.9,False,False,R+11,general,
North Carolina,North Carolina 2,Deborah Ross,Democratic,66.3,True,True,D+15,general,https://en.wikipedia.org/wiki/Deborah_Ross_(politician)
North Carolina,North Carolina 2,Alan Swain,Republican,31.6,False,False,D+15,general,
North Carolina,North Carolina 2,Michael Dublin,Green,2.1,False,False,D+15,general,
North Carolina,North Carolina 3,Greg Murphy,Republican,77.4,True,True,R+11,general,https://en.wikipedia.org/wiki/Greg_Murphy_(politician)
North Carolina,North Carolina 3,Gheorghe Cormos,Libertarian,22.6,False,False,R+11,general,
North Carolina,North Carolina 4,Valerie Foushee,Democratic,71.8,True,True,D+21,general,https://en.wikipedia.org/wiki/Valerie_Foushee
North Carolina,North Carolina 4,Eric Blankenburg,Republican,26.1,False,False,D+21,general,
North Carolina,North Carolina 4,Guy Meilleur,Libertarian,2.0,False,False,D+21,general,
North Carolina,North Carolina 5,Virginia Foxx,Republican,59.5,True,True,R+10,general,https://en.wikipedia.org/wiki/Virginia_Foxx
North Carolina,North Carolina 5,Chuck Hubbard,Democratic,40.5,False,False,R+10,general,
North Carolina,North Carolina 6,Addison McDowell,Republican,69.2,False,True,R+11,general,https://en.wikipedia.org/wiki/Addison_McDowell
North Carolina,North Carolina 6,Kevin Hayes,Constitution,30.8,False,False,R+11,general,
North Carolina,North Carolina 7,David Rouzer,Republican,58.6,True,True,R+8,general,https://en.wikipedia.org/wiki/David_Rouzer
North Carolina,North Carolina 7,Marlando Pridgen,Democratic,41.4,False,False,R+8,general,
North Carolina,North Carolina 8,Mark Harris,Republican,59.6,False,True,R+11,general,https://en.wikipedia.org/wiki/Mark_Harris_(North_Carolina_politician)
North Carolina,North Carolina 8,Justin Dues,Democratic,40.4,False,False,R+11,general,
North Carolina,North Carolina 9,Richard Hudson,Republican,56.3,True,True,R+9,general,https://en.wikipedia.org/wiki/Richard_Hudson_(American_politician)
North Carolina,North Carolina 9,Nigel Bristow,Democratic,37.8,False,False,R+9,general,
North Carolina,North Carolina 9,Shelane Etchison,Independent,5.9,False,False,R+9,general,
North Dakota,North Dakota at-large,Julie Fedorchak,Republican,69.5,False,True,R+20,general,https://en.wikipedia.org/wiki/Julie_Fedorchak
North Dakota,North Dakota at-large,Democratic-NPL,Democratic-NPL,30.5,False,False,R+20,general,https://en.wikipedia.org/wiki/Democratic-NPL
Ohio,Ohio 1,Greg Landsman,Democratic,54.6,True,True,D+2,general,https://en.wikipedia.org/wiki/Greg_Landsman
Ohio,Ohio 1,Orlando Sonza,Republican,45.4,False,False,D+2,general,
Ohio,Ohio 10,Mike Turner,Republican,57.6,True,True,R+4,general,https://en.wikipedia.org/wiki/Mike_Turner
Ohio,Ohio 10,Amy Cox,Democratic,39.2,False,False,R+4,general,
Ohio,Ohio 10,Michael Harbaugh,Independent,3.1,False,False,R+4,general,
Ohio,Ohio 11,Shontel Brown,Democratic,78.3,True,True,D+28,general,https://en.wikipedia.org/wiki/Shontel_Brown
Ohio,Ohio 11,Alan Rapoport,Republican,19.6,False,False,D+28,general,
Ohio,Ohio 11,Sean Freeman,Independent,2.0,False,False,D+28,general,
Ohio,Ohio 12,Troy Balderson,Republican,68.5,True,True,R+18,general,https://en.wikipedia.org/wiki/Troy_Balderson
Ohio,Ohio 12,Jerrad Christian,Democratic,31.5,False,False,R+18,general,
Ohio,Ohio 13,Emilia Sykes,Democratic,51.1,True,True,R+1,general,https://en.wikipedia.org/wiki/Emilia_Sykes
Ohio,Ohio 13,Kevin Coughlin,Republican,48.9,False,False,R+1,general,https://en.wikipedia.org/wiki/Kevin_Coughlin
Ohio,Ohio 14,David Joyce,Republican,63.4,True,True,R+9,general,https://en.wikipedia.org/wiki/David_Joyce_(politician)
Ohio,Ohio 14,Brian Kenderes,Democratic,36.6,False,False,R+9,general,
Ohio,Ohio 15,Mike Carey,Republican,56.5,True,True,R+6,general,https://en.wikipedia.org/wiki/Mike_Carey_(politician)
Ohio,Ohio 15,Adam Miller,Democratic,43.5,False,False,R+6,general,https://en.wikipedia.org/wiki/Adam_Miller_(politician)
Ohio,Ohio 2,David Taylor,Republican,73.6,False,True,R+25,general,https://en.wikipedia.org/wiki/David_Taylor_(Ohio_politician)
Ohio,Ohio 2,Samantha Meadows,Democratic,26.4,False,False,R+25,general,
Ohio,Ohio 3,Joyce Beatty,Democratic,70.7,True,True,D+20,general,https://en.wikipedia.org/wiki/Joyce_Beatty
Ohio,Ohio 3,Michael Young,Republican,29.3,False,False,D+20,general,
Ohio,Ohio 4,Jim Jordan,Republican,68.5,True,True,R+20,general,https://en.wikipedia.org/wiki/Jim_Jordan
Ohio,Ohio 4,Tamie Wilson,Democratic,31.5,False,False,R+20,general,
Ohio,Ohio 5,Bob Latta,Republican,67.5,True,True,R+15,general,https://en.wikipedia.org/wiki/Bob_Latta
Ohio,Ohio 5,Keith Mundy,Democratic,32.5,False,False,R+15,general,
Ohio,Ohio 6,Michael Rulli,Republican,66.7,True,True,R+16,general,https://en.wikipedia.org/wiki/Michael_Rulli
Ohio,Ohio 6,Michael Kripchak,Democratic,33.3,False,False,R+16,general,
Ohio,Ohio 6,Michael Rulli,Republican,54.6,False,True,,special,https://en.wikipedia.org/wiki/Michael_Rulli
Ohio,Ohio 6,Michael Kripchak,Democratic,45.3,False,False,,special,
Ohio,Ohio 7,Max Miller,Republican,51.1,True,True,R+7,general,https://en.wikipedia.org/wiki/Max_Miller_(politician)
Ohio,Ohio 7,Matt Diemer,Democratic,36.1,False,False,R+7,general,
Ohio,Ohio 7,Dennis Kucinich,Independent,12.8,False,False,R+7,general,https://en.wikipedia.org/wiki/Dennis_Kucinich
Ohio,Ohio 8,Warren Davidson,Republican,62.8,True,True,R+14,general,https://en.wikipedia.org/wiki/Warren_Davidson
Ohio,Ohio 8,Vanessa Enoch,Democratic,37.2,False,False,R+14,general,
Ohio,Ohio 9,Marcy Kaptur,Democratic,48.3,True,True,R+3,general,https://en.wikipedia.org/wiki/Marcy_Kaptur
Ohio,Ohio 9,Derek Merrin,Republican,47.6,False,False,R+3,general,https://en.wikipedia.org/wiki/Derek_Merrin
Ohio,Ohio 9,Tom Pruss,Libertarian,4.1,False,False,R+3,general,
Oklahoma,Oklahoma 1,Kevin Hern,Republican,60.4,True,True,R+14,general,https://en.wikipedia.org/wiki/Kevin_Hern
Oklahoma,Oklahoma 1,Dennis Baker,Democratic,34.5,False,False,R+14,general,
Oklahoma,Oklahoma 1,Mark Sanders,Independent,5.0,False,False,R+14,general,
Oklahoma,Oklahoma 2,Josh Brecheen,Republican,74.2,True,True,R+29,general,https://en.wikipedia.org/wiki/Josh_Brecheen
Oklahoma,Oklahoma 2,Brandon Wade,Democratic,21.4,False,False,R+29,general,
Oklahoma,Oklahoma 2,Ronnie Hopkins,Independent,4.4,False,False,R+29,general,
Oklahoma,Oklahoma 3,Frank Lucas,Republican,100.0,True,True,R+24,general,
Oklahoma,Oklahoma 4,Tom Cole,Republican,65.2,True,True,R+19,general,https://en.wikipedia.org/wiki/Tom_Cole
Oklahoma,Oklahoma 4,Mary Brannon,Democratic,28.3,False,False,R+19,general,
Oklahoma,Oklahoma 4,James Stacy,Independent,6.5,False,False,R+19,general,
Oklahoma,Oklahoma 5,Stephanie Bice,Republican,60.7,True,True,R+12,general,https://en.wikipedia.org/wiki/Stephanie_Bice
Oklahoma,Oklahoma 5,Madison Horn,Democratic,39.3,False,False,R+12,general,
Oregon,Oregon 1,Suzanne Bonamici,Democratic,68.8,True,True,D+18,general,https://en.wikipedia.org/wiki/Suzanne_Bonamici
Oregon,Oregon 1,Bob Todd,Republican,28.2,False,False,D+18,general,
Oregon,Oregon 1,Joe Christman,Libertarian,3.1,False,False,D+18,general,
Oregon,Oregon 2,Cliff Bentz,Republican,64.0,True,True,R+15,general,https://en.wikipedia.org/wiki/Cliff_Bentz
Oregon,Oregon 2,Dan Ruby,Democratic,32.8,False,False,R+15,general,
Oregon,Oregon 2,Michael Stettler,Constitution,3.2,False,False,R+15,general,
Oregon,Oregon 3,Maxine Dexter,Democratic,67.9,False,True,D+22,general,https://en.wikipedia.org/wiki/Maxine_Dexter
Oregon,Oregon 3,Joanna Harbour,Republican,25.3,False,False,D+22,general,
Oregon,Oregon 3,David Walker,Progressive,3.1,False,False,D+22,general,
Oregon,Oregon 3,Pacific Green,Pacific Green,3.0,False,False,D+22,general,https://en.wikipedia.org/wiki/Pacific_Green_Party
Oregon,Oregon 3,David Frosch,Constitution,0.7,False,False,D+22,general,
Oregon,Oregon 4,Val Hoyle,Democratic,51.8,True,True,D+4,general,https://en.wikipedia.org/wiki/Val_Hoyle
Oregon,Oregon 4,Monique DeSpain,Republican,44.0,False,False,D+4,general,
Oregon,Oregon 4,Justin Filip,Pacific Green,2.7,False,False,D+4,general,
Oregon,Oregon 4,Dan Bahlen,Libertarian,1.5,False,False,D+4,general,
Oregon,Oregon 5,Janelle Bynum,Democratic,47.7,False,True,D+2,general,https://en.wikipedia.org/wiki/Janelle_Bynum
Oregon,Oregon 5,Lori Chavez-DeRemer,Republican,45.0,True,False,D+2,general,https://en.wikipedia.org/wiki/Lori_Chavez-DeRemer
Oregon,Oregon 5,Brett Smith,Independent,4.7,False,False,D+2,general,
Oregon,Oregon 5,Sonja Feintech,Libertarian,1.5,False,False,D+2,general,
Oregon,Oregon 5,Andrea Townsend,Pacific Green,1.0,False,False,D+2,general,
Oregon,Oregon 6,Andrea Salinas,Democratic,53.4,True,True,D+4,general,https://en.wikipedia.org/wiki/Andrea_Salinas
Oregon,Oregon 6,Mike Erickson,Republican,46.6,False,False,D+4,general,https://en.wikipedia.org/wiki/Mike_Erickson
Pennsylvania,Pennsylvania 1,Brian Fitzpatrick,Republican,56.4,True,True,EVEN,general,https://en.wikipedia.org/wiki/Brian_Fitzpatrick_(American_politician)
Pennsylvania,Pennsylvania 1,Ashley Ehasz,Democratic,43.6,False,False,EVEN,general,
Pennsylvania,Pennsylvania 10,Scott Perry,Republican,50.6,True,True,R+5,general,https://en.wikipedia.org/wiki/Scott_Perry
Pennsylvania,Pennsylvania 10,Janelle Stelson,Democratic,49.4,False,False,R+5,general,
Pennsylvania,Pennsylvania 11,Lloyd Smucker,Republican,62.9,True,True,R+13,general,https://en.wikipedia.org/wiki/Lloyd_Smucker
Pennsylvania,Pennsylvania 11,Jim Atkinson,Democratic,37.1,False,False,R+13,general,
Pennsylvania,Pennsylvania 12,Summer Lee,Democratic,56.4,True,True,D+8,general,https://en.wikipedia.org/wiki/Summer_Lee
Pennsylvania,Pennsylvania 12,James Hayes,Republican,43.6,False,False,D+8,general,
Pennsylvania,Pennsylvania 13,John Joyce,Republican,74.2,True,True,R+25,general,https://en.wikipedia.org/wiki/John_Joyce_(American_politician)
Pennsylvania,Pennsylvania 13,Beth Farnham,Democratic,25.8,False,False,R+25,general,
Pennsylvania,Pennsylvania 14,Guy Reschenthaler,Republican,66.6,True,True,R+18,general,https://en.wikipedia.org/wiki/Guy_Reschenthaler
Pennsylvania,Pennsylvania 14,Christopher Dziados,Democratic,33.4,False,False,R+18,general,
Pennsylvania,Pennsylvania 15,Glenn Thompson,Republican,71.5,True,True,R+21,general,https://en.wikipedia.org/wiki/Glenn_Thompson_(politician)
Pennsylvania,Pennsylvania 15,Zacheray Womer,Democratic,28.5,False,False,R+21,general,
Pennsylvania,Pennsylvania 16,Mike Kelly,Republican,63.6,True,True,R+13,general,https://en.wikipedia.org/wiki/Mike_Kelly_(Pennsylvania_politician)
Pennsylvania,Pennsylvania 16,Preston Nouri,Democratic,36.4,False,False,R+13,general,
Pennsylvania,Pennsylvania 17,Chris Deluzio,Democratic,53.9,True,True,EVEN,general,https://en.wikipedia.org/wiki/Chris_Deluzio
Pennsylvania,Pennsylvania 17,Rob Mercuri,Republican,46.1,False,False,EVEN,general,https://en.wikipedia.org/wiki/Rob_Mercuri
Pennsylvania,Pennsylvania 2,Brendan Boyle,Democratic,71.5,True,True,D+20,general,https://en.wikipedia.org/wiki/Brendan_Boyle
Pennsylvania,Pennsylvania 2,Haroon Bashir,Republican,28.6,False,False,D+20,general,
Pennsylvania,Pennsylvania 3,Dwight Evans,Democratic,100.0,True,True,D+39,general,
Pennsylvania,Pennsylvania 4,Madeleine Dean,Democratic,59.1,True,True,D+7,general,https://en.wikipedia.org/wiki/Madeleine_Dean
Pennsylvania,Pennsylvania 4,David Winkler,Republican,40.9,False,False,D+7,general,
Pennsylvania,Pennsylvania 5,Mary Gay Scanlon,Democratic,65.3,True,True,D+14,general,https://en.wikipedia.org/wiki/Mary_Gay_Scanlon
Pennsylvania,Pennsylvania 5,Alfeia DeVaughn-Goodwin,Republican,34.7,False,False,D+14,general,
Pennsylvania,Pennsylvania 6,Chrissy Houlahan,Democratic,56.2,True,True,D+5,general,https://en.wikipedia.org/wiki/Chrissy_Houlahan
Pennsylvania,Pennsylvania 6,Neil Young Jr.,Republican,43.8,False,False,D+5,general,
Pennsylvania,Pennsylvania 7,Ryan Mackenzie,Republican,50.5,False,True,R+2,general,https://en.wikipedia.org/wiki/Ryan_Mackenzie
Pennsylvania,Pennsylvania 7,Susan Wild,Democratic,49.5,True,False,R+2,general,https://en.wikipedia.org/wiki/Susan_Wild
Pennsylvania,Pennsylvania 8,Rob Bresnahan,Republican,50.8,False,True,R+4,general,https://en.wikipedia.org/wiki/Rob_Bresnahan
Pennsylvania,Pennsylvania 8,Matt Cartwright,Democratic,49.2,True,False,R+4,general,https://en.wikipedia.org/wiki/Matt_Cartwright
Pennsylvania,Pennsylvania 9,Dan Meuser,Republican,70.5,True,True,R+21,general,https://en.wikipedia.org/wiki/Dan_Meuser
Pennsylvania,Pennsylvania 9,Amanda Waldman,Democratic,29.5,False,False,R+21,general,
Rhode Island,Rhode Island 1,Gabe Amo,Democratic,63.2,True,True,D+12,general,https://en.wikipedia.org/wiki/Gabe_Amo
Rhode Island,Rhode Island 1,Allen Waters,Republican,32.1,False,False,D+12,general,
Rhode Island,Rhode Island 1,Christopher Reynolds,Independent,4.7,False,False,D+12,general,
Rhode Island,Rhode Island 2,Seth Magaziner,Democratic,58.4,True,True,D+4,general,https://en.wikipedia.org/wiki/Seth_Magaziner
Rhode Island,Rhode Island 2,Steve Corvi,Republican,41.6,False,False,D+4,general,
South Carolina,South Carolina 1,Nancy Mace,Republican,58.3,True,True,R+7,general,https://en.wikipedia.org/wiki/Nancy_Mace
South Carolina,South Carolina 1,Michael Moore,Democratic,41.7,False,False,R+7,general,
South Carolina,South Carolina 2,Joe Wilson,Republican,59.7,True,True,R+8,general,https://en.wikipedia.org/wiki/Joe_Wilson_(American_politician)
South Carolina,South Carolina 2,David Robinson II,Democratic,40.3,False,False,R+8,general,
South Carolina,South Carolina 3,Sheri Biggs,Republican,71.8,False,True,R+21,general,https://en.wikipedia.org/wiki/Sheri_Biggs
South Carolina,South Carolina 3,Bryon Best,Democratic,25.4,False,False,R+21,general,
South Carolina,South Carolina 3,Michael Bedenbaugh,Alliance,2.9,False,False,R+21,general,https://en.wikipedia.org/wiki/Michael_Bedenbaugh
South Carolina,South Carolina 4,William Timmons,Republican,59.9,True,True,R+12,general,https://en.wikipedia.org/wiki/William_Timmons_(politician)
South Carolina,South Carolina 4,Kathryn Harvey,Democratic,37.3,False,False,R+12,general,
South Carolina,South Carolina 4,Mark Hackett,Constitution,2.8,False,False,R+12,general,
South Carolina,South Carolina 5,Ralph Norman,Republican,63.6,True,True,R+12,general,https://en.wikipedia.org/wiki/Ralph_Norman
South Carolina,South Carolina 5,Evangeline Hundley,Democratic,36.4,False,False,R+12,general,
South Carolina,South Carolina 6,Jim Clyburn,Democratic,59.6,True,True,D+14,general,https://en.wikipedia.org/wiki/Jim_Clyburn
South Carolina,South Carolina 6,Duke Buckner,Republican,36.8,False,False,D+14,general,
South Carolina,South Carolina 6,Michael Simpson,Libertarian,1.7,False,False,D+14,general,
South Carolina,South Carolina 6,United Citizens,United Citizens,1.6,False,False,D+14,general,https://en.wikipedia.org/wiki/United_Citizens_Party
South Carolina,South Carolina 6,Joseph Oddo,Alliance,0.3,False,False,D+14,general,
South Carolina,South Carolina 7,Russell Fry,Republican,65.0,True,True,R+11,general,https://en.wikipedia.org/wiki/Russell_Fry_(politician)
South Carolina,South Carolina 7,Mal Hyman,Democratic,35.0,False,False,R+11,general,
South Dakota,South Dakota at-large,Dusty Johnson,Republican,72.0,True,True,R+16,general,https://en.wikipedia.org/wiki/Dusty_Johnson
South Dakota,South Dakota at-large,Sheryl Johnson,Democratic,28.0,False,False,R+16,general,
Tennessee,Tennessee 1,Diana Harshbarger,Republican,78.4,True,True,R+30,general,https://en.wikipedia.org/wiki/Diana_Harshbarger
Tennessee,Tennessee 1,Kevin Jenkins,Democratic,19.1,False,False,R+30,general,
Tennessee,Tennessee 1,Richard Baker,Independent,1.7,False,False,R+30,general,
Tennessee,Tennessee 1,Levi Brake,Independent,0.8,False,False,R+30,general,
Tennessee,Tennessee 2,Tim Burchett,Republican,69.3,True,True,R+18,general,https://en.wikipedia.org/wiki/Tim_Burchett
Tennessee,Tennessee 2,Jane George,Democratic,30.7,False,False,R+18,general,
Tennessee,Tennessee 3,Chuck Fleischmann,Republican,67.5,True,True,R+19,general,https://en.wikipedia.org/wiki/Chuck_Fleischmann
Tennessee,Tennessee 3,Jack Allen,Democratic,29.4,False,False,R+19,general,
Tennessee,Tennessee 3,Stephen King,Independent,1.7,False,False,R+19,general,
Tennessee,Tennessee 3,Jean Howard-Hill,Independent,1.5,False,False,R+19,general,
Tennessee,Tennessee 4,Scott DesJarlais,Republican,70.0,True,True,R+22,general,https://en.wikipedia.org/wiki/Scott_DesJarlais
Tennessee,Tennessee 4,Victoria Broderick,Democratic,26.8,False,False,R+22,general,
Tennessee,Tennessee 4,Keith Nolan,Independent,1.8,False,False,R+22,general,
Tennessee,Tennessee 4,Earnest Ensley,Independent,1.5,False,False,R+22,general,
Tennessee,Tennessee 5,Andy Ogles,Republican,56.9,True,True,R+9,general,https://en.wikipedia.org/wiki/Andy_Ogles
Tennessee,Tennessee 5,Maryam Abolfazli,Democratic,39.5,False,False,R+9,general,
Tennessee,Tennessee 5,Bob Titley,Independent,2.1,False,False,R+9,general,
Tennessee,Tennessee 5,omi Faparusi,Independent,0.9,False,True,R+9,general,
Tennessee,Tennessee 5,Jim Larkin,Independent,,False,False,R+9,general,
Tennessee,Tennessee 6,John Rose,Republican,68.0,True,True,R+17,general,https://en.wikipedia.org/wiki/John_Rose_(Tennessee_politician)
Tennessee,Tennessee 6,Lore Bergman,Democratic,32.0,False,False,R+17,general,
Tennessee,Tennessee 7,Mark Green,Republican,59.5,True,True,R+10,general,https://en.wikipedia.org/wiki/Mark_Green_(Tennessee_politician)
Tennessee,Tennessee 7,Megan Barry,Democratic,38.0,False,False,R+10,general,https://en.wikipedia.org/wiki/Megan_Barry
Tennessee,Tennessee 7,Shaun Greene,Independent,2.5,False,False,R+10,general,
Tennessee,Tennessee 8,David Kustoff,Republican,72.3,True,True,R+21,general,https://en.wikipedia.org/wiki/David_Kustoff
Tennessee,Tennessee 8,Sarah Freeman,Democratic,25.6,False,False,R+21,general,
Tennessee,Tennessee 8,James Hart,Independent,2.1,False,False,R+21,general,
Tennessee,Tennessee 9,Steve Cohen,Democratic,71.3,True,True,D+22,general,https://en.wikipedia.org/wiki/Steve_Cohen_(politician)
Tennessee,Tennessee 9,Charlotte Bergmann,Republican,25.7,False,False,D+22,general,
Tennessee,Tennessee 9,Wendell Wells,Independent,1.7,False,False,D+22,general,
Tennessee,Tennessee 9,Dennis Clark,Independent,1.4,False,False,D+22,general,
Texas,Texas 1,Nathaniel Moran,Republican,100.0,True,True,R+26,general,
Texas,Texas 10,Michael McCaul,Republican,63.6,True,True,R+13,general,https://en.wikipedia.org/wiki/Michael_McCaul
Texas,Texas 10,Theresa Boisseau,Democratic,34.0,False,False,R+13,general,
Texas,Texas 10,Jeff Miller,Libertarian,2.4,False,False,R+13,general,
Texas,Texas 11,August Pfluger,Republican,100.0,True,True,R+23,general,https://en.wikipedia.org/wiki/August_Pfluger
Texas,Texas 12,Craig Goldman,Republican,63.5,False,True,R+12,general,https://en.wikipedia.org/wiki/Craig_Goldman
Texas,Texas 12,Trey Hunt,Democratic,36.5,False,False,R+12,general,
Texas,Texas 13,Ronny Jackson,Republican,100.0,True,True,R+26,general,https://en.wikipedia.org/wiki/Ronny_Jackson
Texas,Texas 14,Randy Weber,Republican,68.7,True,True,R+17,general,https://en.wikipedia.org/wiki/Randy_Weber
Texas,Texas 14,Rhonda Hart,Democratic,31.3,False,False,R+17,general,
Texas,Texas 15,Monica De La Cruz,Republican,57.1,True,True,R+1,general,https://en.wikipedia.org/wiki/Monica_De_La_Cruz
Texas,Texas 15,Michelle Vallejo,Democratic,42.9,False,False,R+1,general,
Texas,Texas 16,Veronica Escobar,Democratic,59.5,True,True,D+17,general,https://en.wikipedia.org/wiki/Veronica_Escobar
Texas,Texas 16,Irene Armendariz-Jackson,Republican,40.5,False,False,D+17,general,
Texas,Texas 17,Pete Sessions,Republican,66.3,True,True,R+14,general,https://en.wikipedia.org/wiki/Pete_Sessions
Texas,Texas 17,Mark Lorenzen,Democratic,33.7,False,False,R+14,general,
Texas,Texas 18,Sylvester Turner,Democratic,69.4,False,True,D+23,general,https://en.wikipedia.org/wiki/Sylvester_Turner
Texas,Texas 18,Lana Centonze,Republican,30.6,False,False,D+23,general,
Texas,Texas 18,Erica Lee Carter,Democratic,67.9,False,True,,special,https://en.wikipedia.org/wiki/Erica_Lee_Carter
Texas,Texas 18,Maria Dunn,Republican,22.2,False,False,,special,
Texas,Texas 18,Kevin Dural,Republican,9.9,False,False,,special,
Texas,Texas 19,Jodey Arrington,Republican,80.7,True,True,R+26,general,https://en.wikipedia.org/wiki/Jodey_Arrington
Texas,Texas 19,Nathan Lewis,Independent,10.3,False,False,R+26,general,
Texas,Texas 19,Bernard Johnson,Libertarian,9.0,False,False,R+26,general,
Texas,Texas 2,Dan Crenshaw,Republican,65.7,True,True,R+15,general,https://en.wikipedia.org/wiki/Dan_Crenshaw
Texas,Texas 2,Peter Filler,Democratic,34.3,False,False,R+15,general,
Texas,Texas 20,Joaquin Castro,Democratic,100.0,True,True,D+15,general,
Texas,Texas 21,Chip Roy,Republican,61.9,True,True,R+13,general,https://en.wikipedia.org/wiki/Chip_Roy
Texas,Texas 21,Kristin Hook,Democratic,36.1,False,False,R+13,general,
Texas,Texas 21,Bob King,Libertarian,2.1,False,False,R+13,general,
Texas,Texas 22,Troy Nehls,Republican,62.1,True,True,R+11,general,https://en.wikipedia.org/wiki/Troy_Nehls
Texas,Texas 22,Marquette Greene-Scott,Democratic,37.9,False,False,R+11,general,
Texas,Texas 23,Tony Gonzales,Republican,62.3,True,True,R+5,general,https://en.wikipedia.org/wiki/Tony_Gonzales
Texas,Texas 23,Santos Limon,Democratic,37.7,False,False,R+5,general,
Texas,Texas 24,Beth Van Duyne,Republican,60.3,True,True,R+10,general,https://en.wikipedia.org/wiki/Beth_Van_Duyne
Texas,Texas 24,Sam Eppler,Democratic,39.7,False,False,R+10,general,
Texas,Texas 25,Roger Williams,Republican,100.0,True,True,R+19,general,
Texas,Texas 26,Brandon Gill,Republican,62.1,False,True,R+13,general,https://en.wikipedia.org/wiki/Brandon_Gill
Texas,Texas 26,Ernest Lineberger III,Democratic,35.7,False,False,R+13,general,
Texas,Texas 26,Phil Gray,Libertarian,2.3,False,False,R+13,general,
Texas,Texas 27,Michael Cloud,Republican,66.0,True,True,R+13,general,https://en.wikipedia.org/wiki/Michael_Cloud
Texas,Texas 27,Tanya Lloyd,Democratic,34.0,False,False,R+13,general,
Texas,Texas 28,Henry Cuellar,Democratic,52.8,True,True,D+3,general,https://en.wikipedia.org/wiki/Henry_Cuellar
Texas,Texas 28,Jay Furman,Republican,47.2,False,False,D+3,general,
Texas,Texas 29,Sylvia Garcia,Democratic,65.3,True,True,D+18,general,https://en.wikipedia.org/wiki/Sylvia_Garcia
Texas,Texas 29,Alan Garza,Republican,34.7,False,False,D+18,general,
Texas,Texas 3,Keith Self,Republican,62.5,True,True,R+11,general,https://en.wikipedia.org/wiki/Keith_Self
Texas,Texas 3,Sandeep Srivastava,Democratic,37.5,False,False,R+11,general,
Texas,Texas 30,Jasmine Crockett,Democratic,84.9,True,True,D+27,general,https://en.wikipedia.org/wiki/Jasmine_Crockett
Texas,Texas 30,Jrmar Jefferson,Libertarian,15.1,False,False,D+27,general,
Texas,Texas 31,John Carter,Republican,64.4,True,True,R+14,general,https://en.wikipedia.org/wiki/John_Carter_(Texas_politician)
Texas,Texas 31,Stuart Whitlow,Democratic,35.6,False,False,R+14,general,
Texas,Texas 32,Julie Johnson,Democratic,60.5,False,True,D+14,general,https://en.wikipedia.org/wiki/Julie_Johnson_(politician)
Texas,Texas 32,Darrell Day,Republican,37.0,False,False,D+14,general,
Texas,Texas 32,Kevin Hale,Libertarian,2.6,False,False,D+14,general,
Texas,Texas 33,Marc Veasey,Democratic,68.8,True,True,D+24,general,https://en.wikipedia.org/wiki/Marc_Veasey
Texas,Texas 33,Patrick Gillespie,Republican,31.2,False,False,D+24,general,
Texas,Texas 34,Vicente Gonzalez,Democratic,51.3,True,True,D+9,general,https://en.wikipedia.org/wiki/Vicente_Gonzalez_(American_politician)
Texas,Texas 34,Mayra Flores,Republican,48.7,False,False,D+9,general,https://en.wikipedia.org/wiki/Mayra_Flores
Texas,Texas 35,Greg Casar,Democratic,67.4,True,True,D+21,general,https://en.wikipedia.org/wiki/Greg_Casar
Texas,Texas 35,Steven Wright,Republican,32.6,False,False,D+21,general,
Texas,Texas 36,Brian Babin,Republican,69.4,True,True,R+18,general,https://en.wikipedia.org/wiki/Brian_Babin
Texas,Texas 36,Dayna Steele,Democratic,30.6,False,False,R+18,general,
Texas,Texas 37,Lloyd Doggett,Democratic,74.2,True,True,D+24,general,https://en.wikipedia.org/wiki/Lloyd_Doggett
Texas,Texas 37,Jenny Garcia Sharon,Republican,23.6,False,False,D+24,general,
Texas,Texas 37,Girish Altekar,Libertarian,2.2,False,False,D+24,general,
Texas,Texas 38,Wesley Hunt,Republican,62.7,True,True,R+12,general,https://en.wikipedia.org/wiki/Wesley_Hunt
Texas,Texas 38,Melissa McDonough,Democratic,37.2,False,False,R+12,general,
Texas,Texas 4,Pat Fallon,Republican,68.4,True,True,R+16,general,https://en.wikipedia.org/wiki/Pat_Fallon
Texas,Texas 4,Simon Cardell,Democratic,31.6,False,False,R+16,general,
Texas,Texas 5,Lance Gooden,Republican,64.1,True,True,R+14,general,https://en.wikipedia.org/wiki/Lance_Gooden
Texas,Texas 5,Ruth Torres,Democratic,35.9,False,False,R+14,general,
Texas,Texas 6,Jake Ellzey,Republican,65.7,True,True,R+15,general,https://en.wikipedia.org/wiki/Jake_Ellzey
Texas,Texas 6,John Love III,Democratic,34.3,False,False,R+15,general,
Texas,Texas 7,Lizzie Fletcher,Democratic,61.3,True,True,D+13,general,https://en.wikipedia.org/wiki/Lizzie_Fletcher
Texas,Texas 7,Caroline Kane,Republican,38.7,False,False,D+13,general,
Texas,Texas 8,Morgan Luttrell,Republican,68.2,True,True,R+16,general,https://en.wikipedia.org/wiki/Morgan_Luttrell
Texas,Texas 8,Laura Jones,Democratic,31.8,False,False,R+16,general,
Texas,Texas 9,Al Green,Democratic,100.0,True,True,D+26,general,
Utah,Utah 1,Blake Moore,Republican,63.1,True,True,R+12,general,https://en.wikipedia.org/wiki/Blake_Moore
Utah,Utah 1,Bill Campbell,Democratic,32.1,False,False,R+12,general,
Utah,Utah 1,Daniel Cottam,Libertarian,4.8,False,False,R+12,general,
Utah,Utah 2,Celeste Maloy,Republican,58.0,True,True,R+11,general,https://en.wikipedia.org/wiki/Celeste_Maloy
Utah,Utah 2,Nathaniel Woodward,Democratic,34.2,False,False,R+11,general,
Utah,Utah 2,Cassie Easley,Constitution,5.5,False,False,R+11,general,
Utah,Utah 2,Tyler Murset,Independent,2.2,False,False,R+11,general,
Utah,Utah 3,Mike Kennedy,Republican,66.4,False,True,R+13,general,https://en.wikipedia.org/wiki/Mike_Kennedy_(politician)
Utah,Utah 3,Glenn Wright,Democratic,33.6,False,False,R+13,general,
Utah,Utah 4,Burgess Owens,Republican,63.4,True,True,R+16,general,https://en.wikipedia.org/wiki/Burgess_Owens
Utah,Utah 4,Katrina Fallick-Wang,Democratic,30.2,False,False,R+16,general,
Utah,Utah 4,United Utah,United Utah,4.8,False,False,R+16,general,https://en.wikipedia.org/wiki/United_Utah
Utah,Utah 4,Evan Bullard,Independent,1.6,False,False,R+16,general,
Vermont,Vermont at-large,Becca Balint,Democratic,62.5,True,True,D+16,general,https://en.wikipedia.org/wiki/Becca_Balint
Vermont,Vermont at-large,Mark Coester,Republican,29.9,False,False,D+16,general,
Vermont,Vermont at-large,Adam Ortiz,Independent,5.5,False,False,D+16,general,
Vermont,Vermont at-large,Jill Diamondstone,Peace & Justice,2.2,False,False,D+16,general,
Virginia,Virginia 1,Rob Wittman,Republican,56.4,True,True,R+6,general,https://en.wikipedia.org/wiki/Rob_Wittman
Virginia,Virginia 1,Leslie Mehta,Democratic,43.6,False,False,R+6,general,https://en.wikipedia.org/wiki/Leslie_Mehta
Virginia,Virginia 10,Suhas Subramanyam,Democratic,52.3,False,True,D+6,general,https://en.wikipedia.org/wiki/Suhas_Subramanyam
Virginia,Virginia 10,Mike Clancy,Republican,47.7,False,False,D+6,general,
Virginia,Virginia 11,Gerry Connolly,Democratic,67.0,True,True,D+18,general,https://en.wikipedia.org/wiki/Gerry_Connolly
Virginia,Virginia 11,Mike Van Meter,Republican,33.0,False,False,D+18,general,
Virginia,Virginia 2,Jen Kiggans,Republican,50.8,True,True,R+2,general,https://en.wikipedia.org/wiki/Jen_Kiggans
Virginia,Virginia 2,Missy Cotter Smasal,Democratic,47.0,False,False,R+2,general,
Virginia,Virginia 2,Robert Reid Jr.,Independent,2.3,False,False,R+2,general,
Virginia,Virginia 3,Bobby Scott,Democratic,70.1,True,True,D+17,general,https://en.wikipedia.org/wiki/Bobby_Scott_(politician)
Virginia,Virginia 3,John Sitka,Republican,29.9,False,False,D+17,general,
Virginia,Virginia 3,Rhonda Taylor-Young,Independent,,False,False,D+17,general,
Virginia,Virginia 4,Jennifer McClellan,Democratic,67.5,True,True,D+16,general,https://en.wikipedia.org/wiki/Jennifer_McClellan
Virginia,Virginia 4,Bill Moher,Republican,32.5,False,False,D+16,general,
Virginia,Virginia 5,John McGuire,Republican,57.5,False,True,R+7,general,https://en.wikipedia.org/wiki/John_McGuire_(Virginia_politician)
Virginia,Virginia 5,Gloria Witt,Democratic,42.5,False,False,R+7,general,
Virginia,Virginia 6,Ben Cline,Republican,63.2,True,True,R+14,general,https://en.wikipedia.org/wiki/Ben_Cline
Virginia,Virginia 6,Ken Mitchell,Democratic,34.8,False,False,R+14,general,
Virginia,Virginia 6,Robby Wells Jr.,Independent,2.0,False,False,R+14,general,
Virginia,Virginia 7,Eugene Vindman,Democratic,51.3,False,True,D+1,general,https://en.wikipedia.org/wiki/Eugene_Vindman
Virginia,Virginia 7,Derrick Anderson,Republican,48.7,False,False,D+1,general,
Virginia,Virginia 8,Don Beyer,Democratic,71.7,True,True,D+26,general,https://en.wikipedia.org/wiki/Don_Beyer
Virginia,Virginia 8,Jerry Torres,Republican,24.7,False,False,D+26,general,
Virginia,Virginia 8,David Kennedy,Independent,2.6,False,False,D+26,general,
Virginia,Virginia 8,Bentley Hensel,Independent,0.9,False,False,D+26,general,
Virginia,Virginia 9,Morgan Griffith,Republican,72.6,True,True,R+23,general,https://en.wikipedia.org/wiki/Morgan_Griffith
Virginia,Virginia 9,Karen Baker,Democratic,27.4,False,False,R+23,general,
Washington,Washington 1,Suzan DelBene,Democratic,63.2,True,True,D+13,general,https://en.wikipedia.org/wiki/Suzan_DelBene
Washington,Washington 1,Jeb Brewer,Republican,36.8,False,False,D+13,general,
Washington,Washington 10,Marilyn Strickland,Democratic,58.7,True,True,D+7,general,https://en.wikipedia.org/wiki/Marilyn_Strickland
Washington,Washington 10,Don Hewett,Republican,41.3,False,False,D+7,general,
Washington,Washington 2,Rick Larsen,Democratic,64.0,True,True,D+9,general,https://en.wikipedia.org/wiki/Rick_Larsen
Washington,Washington 2,Cody Hart,Republican,36.0,False,False,D+9,general,
Washington,Washington 3,Marie Gluesenkamp Perez,Democratic,51.7,True,True,R+5,general,https://en.wikipedia.org/wiki/Marie_Gluesenkamp_Perez
Washington,Washington 3,Joe Kent,Republican,47.9,False,False,R+5,general,https://en.wikipedia.org/wiki/Joe_Kent
Washington,Washington 4,Dan Newhouse,Republican,53.0,True,True,R+11,general,https://en.wikipedia.org/wiki/Dan_Newhouse
Washington,Washington 4,Jerrod Sessler,Republican,47.0,False,False,R+11,general,https://en.wikipedia.org/wiki/Jerrod_Sessler
Washington,Washington 5,Michael Baumgartner,Republican,60.7,False,True,R+8,general,https://en.wikipedia.org/wiki/Michael_Baumgartner
Washington,Washington 5,Carmela Conroy,Democratic,39.3,False,False,R+8,general,
Washington,Washington 6,Emily Randall,Democratic,56.8,False,True,D+6,general,https://en.wikipedia.org/wiki/Emily_Randall
Washington,Washington 6,Drew MacEwen,Republican,43.2,False,False,D+6,general,https://en.wikipedia.org/wiki/Drew_MacEwen
Washington,Washington 7,Pramila Jayapal,Democratic,84.2,True,True,D+36,general,https://en.wikipedia.org/wiki/Pramila_Jayapal
Washington,Washington 7,Dan Alexander,Republican,15.8,False,False,D+36,general,
Washington,Washington 8,Kim Schrier,Democratic,54.1,True,True,D+1,general,https://en.wikipedia.org/wiki/Kim_Schrier
Washington,Washington 8,Carmen Goers,Republican,45.9,False,False,D+1,general,
Washington,Washington 9,Adam Smith,Democratic,66.9,True,True,D+21,general,https://en.wikipedia.org/wiki/Adam_Smith_(Washington_politician)
Washington,Washington 9,Melissa Chaudhry,Democratic,33.1,False,False,D+21,general,
West Virginia,West Virginia 1,Carol Miller,Republican,66.4,True,True,R+23,general,https://en.wikipedia.org/wiki/Carol_Miller_(politician)
West Virginia,West Virginia 1,Chris Reed,Democratic,24.2,False,False,R+23,general,
West Virginia,West Virginia 1,Wes Holden,Independent,7.4,False,False,R+23,general,
West Virginia,West Virginia 2,Riley Moore,Republican,70.8,False,True,R+22,general,https://en.wikipedia.org/wiki/Riley_Moore
West Virginia,West Virginia 2,Steven Wendelin,Democratic,29.2,False,False,R+22,general,
Wisconsin,Wisconsin 1,Bryan Steil,Republican,54.1,True,True,R+3,general,https://en.wikipedia.org/wiki/Bryan_Steil
Wisconsin,Wisconsin 1,Peter Barca,Democratic,43.9,False,False,R+3,general,https://en.wikipedia.org/wiki/Peter_Barca
Wisconsin,Wisconsin 1,Chester Todd Jr.,Green,2.1,False,False,R+3,general,
Wisconsin,Wisconsin 2,Mark Pocan,Democratic,70.1,True,True,D+19,general,https://en.wikipedia.org/wiki/Mark_Pocan
Wisconsin,Wisconsin 2,Erik Olsen,Republican,29.9,False,False,D+19,general,
Wisconsin,Wisconsin 3,Derrick Van Orden,Republican,51.4,False,True,R+4,general,https://en.wikipedia.org/wiki/Derrick_Van_Orden
Wisconsin,Wisconsin 3,Rebecca Cooke,Democratic,48.6,False,False,R+4,general,
Wisconsin,Wisconsin 4,Gwen Moore,Democratic,74.9,True,True,D+25,general,https://en.wikipedia.org/wiki/Gwen_Moore
Wisconsin,Wisconsin 4,Tim Rogers,Republican,22.4,False,False,D+25,general,
Wisconsin,Wisconsin 4,Robert Raymond,Independent,2.6,False,False,D+25,general,
Wisconsin,Wisconsin 5,Scott Fitzgerald,Republican,64.5,True,True,R+14,general,https://en.wikipedia.org/wiki/Scott_Fitzgerald_(politician)
Wisconsin,Wisconsin 5,Ben Steinhoff,Democratic,35.5,False,False,R+14,general,
Wisconsin,Wisconsin 6,Glenn Grothman,Republican,61.3,True,True,R+10,general,https://en.wikipedia.org/wiki/Glenn_Grothman
Wisconsin,Wisconsin 6,John Zarbano,Democratic,38.7,False,False,R+10,general,
Wisconsin,Wisconsin 7,Tom Tiffany,Republican,63.6,True,True,R+12,general,https://en.wikipedia.org/wiki/Tom_Tiffany
Wisconsin,Wisconsin 7,Kyle Kilbourn,Democratic,36.4,False,False,R+12,general,
Wisconsin,Wisconsin 8,Tony Wied,Republican,57.3,False,True,R+10,general,https://en.wikipedia.org/wiki/Tony_Wied
Wisconsin,Wisconsin 8,Kristin Lyerly,Democratic,42.7,False,False,R+10,general,
Wisconsin,Wisconsin 8,Tony Wied,Republican,57.4,False,True,,special,https://en.wikipedia.org/wiki/Tony_Wied
Wisconsin,Wisconsin 8,Kristin Lyerly,Democratic,42.6,False,False,,special,
Wyoming,Wyoming at-large,Harriet Hageman,Republican,71.0,True,True,R+25,general,https://en.wikipedia.org/wiki/Harriet_Hageman
Wyoming,Wyoming at-large,Kyle Cameron,Democratic,23.4,False,False,R+25,general,
Wyoming,Wyoming at-large,Richard Brubaker,Libertarian,3.5,False,False,R+25,general,
Wyoming,Wyoming at-large,Jeffrey Haggit,Constitution,2.1,False,False,R+25,general,
