page_title,election_cycle,total_revisions,unique_editors,net_size_change,minor_edits,anonymous_edits,bot_edits,first_edit,last_edit,office,state,district,party,pvi,pvi_numeric,candidate_was_incumbent,candidate_won_election,vote_percentage,election_type,editing_span_days
Ron_Paul,2008,6229,1572,83170.0,1476,968,7,2006-11-08 19:23:00+00:00,2008-11-04 21:11:34+00:00,House,Texas,Texas 14,Republican,,,True,True,,general,727
Nancy_Pelosi,2008,3980,1640,49824.0,1011,1323,4,2006-11-08 00:09:09+00:00,2008-11-04 00:48:43+00:00,House,California,California 8,Democratic,,,True,True,71.9,general,727
Joe_Biden,2008,2511,983,72023.0,588,542,3,2006-11-08 06:19:28+00:00,2008-11-04 17:13:07+00:00,Senate,Delaware,,Democratic,,,False,True,64.7,general,727
Dennis_Kucinich,2008,1903,989,31368.0,358,750,1,2006-11-09 17:24:04+00:00,2008-11-04 20:02:15+00:00,House,Ohio,Ohio 10,Democratic,,,True,True,57.0,general,726
John_Kerry,2008,1873,821,9703.0,667,462,7,2006-11-08 04:34:05+00:00,2008-11-04 21:28:33+00:00,Senate,Massachusetts,,Democratic,,,False,True,65.8,general,727
Al_Franken,2008,1331,639,12684.0,277,444,3,2006-11-09 06:05:25+00:00,2008-11-04 23:48:32+00:00,Senate,Minnesota,,DFL,,,False,True,41.99,general,726
Keith_Ellison,2008,1314,324,68606.0,362,188,2,2006-11-08 01:58:33+00:00,2008-11-04 05:41:32+00:00,House,Minnesota,Minnesota 5,DFL,,,True,True,70.9,general,727
Jack_Kevorkian,2008,1065,687,1378.0,213,648,1,2006-11-11 21:32:59+00:00,2008-11-04 05:13:01+00:00,House,Michigan,Michigan 9,Independent,,,False,False,2.6,general,723
Ty_Cobb,2008,1044,390,38264.0,427,313,4,2006-11-08 05:17:01+00:00,2008-11-04 16:38:52+00:00,House,North Carolina,North Carolina 12,Republican,,,False,False,28.4,general,727
Michele_Bachmann,2008,1042,353,54427.0,311,244,2,2006-11-08 01:16:04+00:00,2008-11-04 16:24:10+00:00,House,Minnesota,Minnesota 6,Republican,,,True,True,46.4,general,727
Peter_Roskam,2008,1021,181,-8988.0,147,101,0,2006-11-08 03:19:11+00:00,2008-10-31 22:24:07+00:00,House,Illinois,Illinois 6,Republican,,,True,True,57.6,general,723
Ted_Stevens,2008,963,549,63411.0,226,314,3,2006-11-08 01:01:06+00:00,2008-11-04 20:51:42+00:00,Senate,Alaska,,Republican,,,False,False,46.6,general,727
Barney_Frank,2008,900,404,16820.0,180,306,0,2006-11-09 16:07:56+00:00,2008-11-04 16:27:01+00:00,House,Massachusetts,Massachusetts 4,Democratic,,,True,True,68.0,general,726
Cindy_Sheehan,2008,784,343,-13868.0,180,208,2,2006-11-08 21:23:28+00:00,2008-11-04 22:18:28+00:00,House,California,California 8,Independent,,,False,False,16.2,general,727
Jesse_Jackson_Jr.,2008,722,118,106174.0,61,54,2,2006-11-10 03:53:14+00:00,2008-10-30 01:26:09+00:00,House,Illinois,Illinois 2,Democratic,,,True,True,89.4,general,719
Norm_Coleman,2008,707,348,14193.0,168,251,5,2006-11-10 17:09:37+00:00,2008-11-04 19:31:35+00:00,Senate,Minnesota,,Republican,,,False,False,41.98,general,725
Jim_Inhofe,2008,691,323,13464.0,189,245,1,2006-11-09 04:43:19+00:00,2008-10-06 01:58:24+00:00,Senate,Oklahoma,,Republican,,,False,True,56.7,general,696
John_Boehner,2008,519,320,4019.0,80,262,1,2006-11-08 18:41:29+00:00,2008-11-04 23:58:13+00:00,House,Ohio,Ohio 8,Republican,,,True,True,67.9,general,727
Elizabeth_Dole,2008,512,308,16158.0,106,200,1,2006-11-08 17:03:15+00:00,2008-11-04 20:44:11+00:00,Senate,North Carolina,,Republican,,,False,False,44.2,general,727
Mitch_McConnell,2008,508,247,10757.0,95,183,0,2006-11-08 03:57:43+00:00,2008-11-04 20:42:40+00:00,Senate,Kentucky,,Republican,,,False,True,53.0,general,727
John_Murtha,2008,461,279,-4737.0,113,162,0,2006-11-08 15:45:00+00:00,2008-11-04 02:00:45+00:00,House,Pennsylvania,Pennsylvania 12,Democratic,,,True,True,57.9,general,726
Tom_Daley,2008,453,176,12233.0,155,146,1,2007-02-13 00:08:38+00:00,2008-11-03 22:07:05+00:00,House,Texas,Texas 3,Democratic,,,False,False,38.0,general,629
Gabby_Giffords,2008,438,90,11141.0,112,49,0,2006-11-08 07:53:11+00:00,2008-10-20 02:21:42+00:00,House,Arizona,Arizona 8,Democratic,R+1,1.0,True,True,54.7,general,711
Dick_Durbin,2008,423,247,29902.0,116,138,1,2006-11-08 15:31:19+00:00,2008-11-04 23:50:57+00:00,Senate,Illinois,,Democratic,,,False,True,67.8,general,727
Jim_Gilmore,2008,421,195,10170.0,63,131,0,2006-11-10 22:07:09+00:00,2008-11-04 09:04:00+00:00,Senate,Virginia,,Republican,,,False,False,33.7,general,724
Tim_Johnson_(South_Dakota_politician),2008,403,206,15329.0,101,104,0,2006-11-16 02:28:16+00:00,2008-10-30 06:58:01+00:00,Senate,South Dakota,,Democratic,,,False,True,62.5,general,714
Woody_Jenkins,2008,388,81,5314.0,56,148,1,2006-11-08 10:07:15+00:00,2008-10-07 07:14:35+00:00,House,Louisiana,Louisiana 6,Republican,,,False,False,46.27,special,698
Bill_Sali,2008,387,116,12849.0,54,144,0,2006-11-08 06:28:10+00:00,2008-10-29 03:21:43+00:00,House,Idaho,Idaho 1,Republican,,,True,False,49.4,general,720
Rahm_Emanuel,2008,387,210,18610.0,75,143,0,2006-11-08 06:03:29+00:00,2008-11-04 01:50:52+00:00,House,Illinois,Illinois 5,Democratic,,,True,True,73.9,general,726
Patrick_McHenry,2008,386,153,17018.0,54,152,1,2006-11-08 20:22:35+00:00,2008-11-02 13:51:59+00:00,House,North Carolina,North Carolina 10,Republican,,,True,True,57.6,general,724
Charles_Rangel,2008,384,222,24962.0,87,134,2,2006-11-08 21:21:22+00:00,2008-10-26 15:56:57+00:00,House,New York,New York 15,Democratic,,,True,True,89.2,general,717
Pete_Stark,2008,378,201,18007.0,68,113,0,2006-11-08 08:05:18+00:00,2008-10-26 14:19:13+00:00,House,California,California 13,Democratic,,,True,True,76.5,general,718
Gordon_H._Smith,2008,354,148,20027.0,69,108,0,2006-11-10 01:16:30+00:00,2008-11-02 20:18:58+00:00,Senate,Oregon,,Republican,,,False,False,45.6,general,723
Carolyn_McCarthy,2008,353,142,21501.0,69,99,1,2006-11-12 20:59:50+00:00,2008-11-02 17:08:16+00:00,House,New York,New York 4,Democratic,,,True,True,64.0,general,720
Marilyn_Musgrave,2008,352,146,18327.0,62,132,0,2006-11-08 01:27:21+00:00,2008-11-04 18:29:52+00:00,House,Colorado,Colorado 4,Republican,,,True,False,43.8,general,727
Maxine_Waters,2008,350,153,9985.0,74,106,0,2006-11-08 00:32:04+00:00,2008-10-28 08:05:24+00:00,House,California,California 35,Democratic,,,True,True,82.6,general,720
Steny_Hoyer,2008,350,166,14906.0,64,121,2,2006-11-08 05:57:28+00:00,2008-11-04 19:28:06+00:00,House,Maryland,Maryland 5,Democratic,,,True,True,73.6,general,727
Steve_King,2008,350,142,7006.0,46,124,0,2006-11-10 06:50:43+00:00,2008-10-31 14:35:45+00:00,House,Iowa,Iowa 5,Republican,,,True,True,59.8,general,721
Lindsey_Graham,2008,344,209,9810.0,72,131,3,2006-11-16 02:27:48+00:00,2008-11-04 16:35:48+00:00,Senate,South Carolina,,Republican,,,False,True,57.5,general,719
Dave_Reichert,2008,340,114,-6926.0,61,96,1,2006-11-08 05:14:57+00:00,2008-11-04 15:32:06+00:00,House,Washington,Washington 8,Republican,,,True,True,52.8,general,727
Tom_Harkin,2008,340,216,12796.0,71,124,2,2006-11-09 15:58:50+00:00,2008-10-30 05:28:41+00:00,Senate,Iowa,,Democratic,,,False,True,62.7,general,720
Jon_Porter,2008,339,92,12499.0,66,111,0,2006-11-11 07:00:28+00:00,2008-11-01 21:45:24+00:00,House,Nevada,Nevada 3,Republican,,,True,False,42.3,general,721
Susan_Collins,2008,338,190,11346.0,71,112,0,2006-11-08 04:17:21+00:00,2008-11-04 19:11:33+00:00,Senate,Maine,,Republican,,,False,True,61.3,general,727
John_Barrasso,2008,336,134,12422.0,46,76,1,2007-06-16 01:53:36+00:00,2008-11-02 16:56:29+00:00,Senate,Wyoming,,Republican,,,False,True,73.4,special,505
Mike_Honda,2008,329,129,10206.0,62,121,2,2006-11-09 23:03:41+00:00,2008-11-03 20:33:07+00:00,House,California,California 15,Democratic,,,True,True,71.7,general,724
Mark_Warner,2008,326,185,4294.0,65,89,1,2006-11-09 21:11:05+00:00,2008-11-03 02:48:58+00:00,Senate,Virginia,,Democratic,,,False,True,65.0,general,724
Virgil_Goode,2008,318,158,17382.0,72,97,1,2006-11-09 17:01:17+00:00,2008-11-03 17:54:54+00:00,House,Virginia,Virginia 5,Republican,,,True,False,49.9,general,725
John_Adler,2008,317,78,31096.0,24,140,0,2006-11-17 19:59:11+00:00,2008-10-31 05:34:20+00:00,House,New Jersey,New Jersey 3,Democratic,,,False,True,52.1,general,713
Steve_Kagen,2008,306,122,13795.0,51,127,0,2006-11-08 21:56:50+00:00,2008-10-18 15:12:14+00:00,House,Wisconsin,Wisconsin 8,Democratic,,,True,True,54.0,general,709
John_Hall_(New_York_politician),2008,293,139,10800.0,49,73,1,2006-11-08 09:53:20+00:00,2008-10-22 00:54:02+00:00,House,New York,New York 19,Democratic,,,True,True,58.7,general,713
John_Cornyn,2008,290,161,8263.0,52,65,0,2006-11-19 12:02:38+00:00,2008-11-04 12:37:48+00:00,Senate,Texas,,Republican,,,False,True,54.8,general,716
John_E._Sununu,2008,290,185,11337.0,63,104,3,2006-11-13 09:53:02+00:00,2008-11-04 04:13:58+00:00,Senate,New Hampshire,,Republican,,,False,False,45.2,general,721
Dana_Rohrabacher,2008,286,146,21037.0,80,78,1,2006-11-08 03:57:13+00:00,2008-10-29 13:33:29+00:00,House,California,California 46,Republican,,,True,True,52.6,general,721
William_Jefferson_(politician),2008,284,163,4884.0,59,107,1,2006-11-08 05:13:26+00:00,2008-10-27 23:35:05+00:00,House,Louisiana,Louisiana 2,Democratic,,,True,False,46.8,general,719
Jeff_Sessions,2008,278,142,11001.0,70,104,2,2006-11-09 19:03:08+00:00,2008-11-03 07:39:03+00:00,Senate,Alabama,,Republican,,,False,True,63.4,general,724
Jackie_Speier,2008,276,95,11773.0,74,41,1,2006-12-05 23:38:24+00:00,2008-10-19 07:12:18+00:00,House,California,California 12,Democratic,,,False,True,77.72,special,683
Chris_Myers_(New_Jersey_politician),2008,274,51,29582.0,22,102,0,2008-07-09 16:19:16+00:00,2008-11-04 20:07:22+00:00,House,New Jersey,New Jersey 3,Republican,,,False,False,47.9,general,118
John_Lewis,2008,271,160,8225.0,69,96,2,2006-11-10 03:07:08+00:00,2008-10-28 23:04:01+00:00,House,Georgia,Georgia 5,Democratic,,,True,True,99.9,general,718
Carl_Levin,2008,269,151,10791.0,54,88,0,2006-11-09 20:43:37+00:00,2008-11-03 15:09:30+00:00,Senate,Michigan,,Democratic,,,False,True,62.7,general,724
Mark_Kirk,2008,265,112,7745.0,39,80,0,2006-11-08 19:39:03+00:00,2008-10-28 03:21:59+00:00,House,Illinois,Illinois 10,Republican,,,True,True,52.6,general,719
Carol_Shea-Porter,2008,263,135,6600.0,40,106,0,2006-11-08 04:06:18+00:00,2008-10-29 20:45:34+00:00,House,New Hampshire,New Hampshire 1,Democratic,,,True,True,51.7,general,721
Steve_Cohen_(politician),2008,262,114,15531.0,55,60,0,2006-11-08 06:50:37+00:00,2008-10-22 20:58:30+00:00,House,Tennessee,Tennessee 9,Democratic,,,True,True,87.9,general,714
Dan_Burton,2008,258,115,21916.0,68,60,1,2006-11-10 04:25:20+00:00,2008-10-24 01:14:40+00:00,House,Indiana,Indiana 5,Republican,,,True,True,65.5,general,713
Don_Young,2008,256,141,25026.0,69,63,3,2006-11-09 16:59:31+00:00,2008-11-01 23:08:52+00:00,House,Alaska,Alaska at-large,Republican,R+14,14.0,True,True,50.2,general,723
Saxby_Chambliss,2008,256,140,8969.0,56,74,2,2006-11-10 19:35:58+00:00,2008-11-04 22:47:44+00:00,Senate,Georgia,,Republican,,,False,True,57.5,general,725
Tim_Walberg,2008,250,82,11848.0,30,61,0,2006-11-08 15:29:10+00:00,2008-10-30 00:28:50+00:00,House,Michigan,Michigan 7,Republican,,,True,False,46.5,general,721
Debbie_Wasserman_Schultz,2008,248,122,17130.0,67,72,0,2006-11-08 23:00:19+00:00,2008-11-01 21:24:15+00:00,House,Florida,Florida 20,Democratic,,,True,True,77.5,general,723
Ileana_Ros-Lehtinen,2008,248,119,7535.0,35,82,2,2006-11-10 02:43:25+00:00,2008-11-04 22:57:55+00:00,House,Florida,Florida 18,Republican,,,True,True,57.9,general,725
Loretta_Sanchez,2008,247,114,12326.0,49,96,0,2006-11-10 02:13:38+00:00,2008-11-02 11:14:05+00:00,House,California,California 47,Democratic,,,True,True,69.5,general,723
Patrick_J._Kennedy,2008,243,127,2339.0,46,72,0,2006-11-08 20:21:35+00:00,2008-10-24 20:40:13+00:00,House,Rhode Island,Rhode Island 1,Democratic,,,True,True,68.6,general,716
Bob_Schaffer,2008,242,101,7168.0,39,50,2,2006-11-27 05:30:19+00:00,2008-11-04 17:53:25+00:00,Senate,Colorado,,Republican,,,False,False,42.5,general,708
Nancy_Boyda,2008,242,128,8258.0,44,90,0,2006-11-08 05:09:05+00:00,2008-11-02 05:26:50+00:00,House,Kansas,Kansas 2,Democratic,,,True,False,46.2,general,725
Mary_Landrieu,2008,241,150,7170.0,59,65,1,2006-11-08 16:28:53+00:00,2008-11-02 22:39:34+00:00,Senate,Louisiana,,Democratic,,,False,True,52.1,general,725
Patrick_Murphy_(Pennsylvania_politician),2008,239,146,7806.0,40,91,1,2006-11-08 13:26:02+00:00,2008-10-28 06:14:00+00:00,House,Pennsylvania,Pennsylvania 8,Democratic,,,True,True,56.8,general,719
Sheila_Jackson_Lee,2008,239,127,4152.0,48,92,1,2006-11-12 21:01:52+00:00,2008-10-31 00:11:25+00:00,House,Texas,Texas 18,Democratic,,,True,True,77.3,general,718
Doug_Lamborn,2008,237,77,6687.0,25,92,0,2006-11-08 17:10:56+00:00,2008-10-22 19:19:58+00:00,House,Colorado,Colorado 5,Republican,,,True,True,60.0,general,714
Darcy_Burner,2008,230,95,4872.0,39,64,0,2006-11-08 12:22:01+00:00,2008-10-31 00:05:02+00:00,House,Washington,Washington 8,Democratic,,,False,False,47.2,general,722
Frank_Lautenberg,2008,230,140,7678.0,47,67,0,2006-11-15 16:15:01+00:00,2008-11-02 15:36:10+00:00,Senate,New Jersey,,Democratic,,,False,True,56.0,general,717
Lynn_Westmoreland,2008,228,120,4719.0,51,70,1,2006-11-09 04:31:45+00:00,2008-10-18 16:44:27+00:00,House,Georgia,Georgia 3,Republican,,,True,True,65.7,general,709
Thad_Cochran,2008,228,136,7033.0,44,80,1,2006-11-13 21:37:32+00:00,2008-10-24 14:04:54+00:00,Senate,Mississippi,,Republican,,,False,True,61.4,general,710
Heath_Shuler,2008,226,141,8195.0,38,81,0,2006-11-08 01:53:41+00:00,2008-10-29 19:20:30+00:00,House,North Carolina,North Carolina 11,Democratic,,,True,True,62.0,general,721
Marsha_Blackburn,2008,226,99,8936.0,30,88,2,2006-11-09 15:55:54+00:00,2008-10-31 19:30:19+00:00,House,Tennessee,Tennessee 7,Republican,,,True,True,68.6,general,722
Bill_Foster_(politician),2008,224,97,10768.0,38,57,0,2007-06-12 08:25:36+00:00,2008-10-27 07:19:51+00:00,House,Illinois,Illinois 14,Democratic,,,True,True,57.7,general,502
Lamar_Alexander,2008,224,115,15715.0,69,42,1,2006-11-08 20:35:52+00:00,2008-11-04 19:22:58+00:00,Senate,Tennessee,,Republican,,,False,True,65.1,general,726
Jeanne_Shaheen,2008,221,111,11260.0,57,71,2,2006-11-18 20:16:02+00:00,2008-11-04 04:13:49+00:00,Senate,New Hampshire,,Democratic,,,False,True,51.7,general,716
Jack_Kingston,2008,220,121,-83.0,43,96,1,2006-11-09 19:33:55+00:00,2008-10-27 15:21:40+00:00,House,Georgia,Georgia 1,Republican,,,True,True,66.5,general,717
Henry_Waxman,2008,219,129,8678.0,66,71,1,2006-11-09 23:33:07+00:00,2008-11-04 22:12:36+00:00,House,California,California 30,Democratic,,,True,True,100.0,general,725
Don_Cazayoux,2008,218,55,8317.0,21,15,2,2008-01-27 23:00:47+00:00,2008-10-25 05:59:44+00:00,House,Louisiana,Louisiana 6,Democratic,,,False,True,49.2,special,271
Marcy_Kaptur,2008,218,94,8548.0,28,104,1,2006-11-09 07:00:27+00:00,2008-10-28 05:43:56+00:00,House,Ohio,Ohio 9,Democratic,,,True,True,74.4,general,718
Jean_Schmidt,2008,217,124,-98.0,67,62,2,2006-11-08 19:53:24+00:00,2008-10-30 03:34:34+00:00,House,Ohio,Ohio 2,Republican,,,True,True,44.8,general,721
Kirsten_Gillibrand,2008,217,122,3045.0,62,80,1,2006-11-08 05:37:02+00:00,2008-11-03 04:01:07+00:00,House,New York,New York 20,Democratic,,,True,True,62.1,general,725
Robert_Wexler,2008,217,137,9753.0,35,88,0,2006-11-08 04:49:23+00:00,2008-11-02 23:51:13+00:00,House,Florida,Florida 19,Democratic,,,True,True,66.2,general,725
Chaka_Fattah,2008,213,89,5709.0,29,97,1,2006-11-10 15:30:48+00:00,2008-10-27 02:51:51+00:00,House,Pennsylvania,Pennsylvania 2,Democratic,,,True,True,88.9,general,716
Jay_Rockefeller,2008,213,145,14052.0,58,59,0,2006-11-16 02:33:06+00:00,2008-10-28 16:19:16+00:00,Senate,West Virginia,,Democratic,,,False,True,63.7,general,712
Dean_Heller,2008,208,73,3633.0,30,34,0,2006-11-08 14:39:46+00:00,2008-10-18 14:19:39+00:00,House,Nevada,Nevada 2,Republican,,,True,True,51.8,general,709
Chet_Edwards,2008,207,109,7755.0,32,70,0,2006-11-08 21:55:59+00:00,2008-10-18 13:54:28+00:00,House,Texas,Texas 17,Democratic,,,True,True,53.0,general,709
Dan_Lungren,2008,206,87,14957.0,28,111,1,2006-11-09 22:42:54+00:00,2008-10-28 14:41:17+00:00,House,California,California 3,Republican,,,True,True,49.5,general,718
Chris_Carney,2008,203,124,14444.0,44,74,1,2006-11-08 04:09:00+00:00,2008-10-28 15:01:55+00:00,House,Pennsylvania,Pennsylvania 10,Democratic,,,True,True,56.3,general,720
Anne_Northup,2008,202,90,7978.0,51,47,0,2006-11-08 00:38:49+00:00,2008-10-24 02:43:15+00:00,House,Kentucky,Kentucky 3,Republican,,,False,False,40.6,general,716
Cathy_McMorris_Rodgers,2008,202,67,2580.0,30,50,0,2006-11-10 21:33:47+00:00,2008-11-04 18:12:05+00:00,House,Washington,Washington 5,Republican,,,True,True,65.3,general,724
Steve_Buyer,2008,202,95,2462.0,33,89,1,2006-11-08 04:52:39+00:00,2008-10-23 10:59:21+00:00,House,Indiana,Indiana 4,Republican,,,True,True,59.9,general,715
Eric_Cantor,2008,200,130,7375.0,30,81,1,2006-11-13 01:30:02+00:00,2008-11-01 20:39:28+00:00,House,Virginia,Virginia 7,Republican,,,True,True,62.7,general,719
Tom_Allen_(Maine_politician),2008,199,123,6608.0,47,71,0,2006-11-10 23:45:05+00:00,2008-11-04 00:41:52+00:00,Senate,Maine,,Democratic,,,False,False,38.6,general,724
Mark_Udall,2008,198,101,9441.0,31,51,2,2006-11-11 12:09:08+00:00,2008-11-04 23:47:07+00:00,Senate,Colorado,,Democratic,,,False,True,52.8,general,724
Stephanie_Herseth_Sandlin,2008,198,123,5947.0,62,45,0,2006-11-08 14:16:42+00:00,2008-11-04 19:11:07+00:00,House,South Dakota,South Dakota at-large,Democratic,,,True,True,67.6,general,727
Joe_Sestak,2008,196,123,6511.0,40,63,0,2006-11-08 04:39:33+00:00,2008-10-18 16:37:44+00:00,House,Pennsylvania,Pennsylvania 7,Democratic,,,True,True,59.6,general,710
Roger_Wicker,2008,192,89,6134.0,43,34,0,2006-11-11 06:01:07+00:00,2008-10-18 13:38:19+00:00,Senate,Mississippi,,Republican,,,False,True,55.0,special,707
Anthony_Weiner,2008,190,100,6079.0,35,64,0,2006-11-08 14:17:24+00:00,2008-10-22 15:10:19+00:00,House,New York,New York 9,Democratic,,,True,True,93.3,general,714
Geoff_Davis,2008,189,107,4683.0,46,83,2,2006-11-08 15:38:53+00:00,2008-10-27 20:33:15+00:00,House,Kentucky,Kentucky 4,Republican,,,True,True,63.0,general,719
Jim_Sensenbrenner,2008,189,119,4971.0,36,71,2,2006-11-08 08:48:14+00:00,2008-10-19 19:14:10+00:00,House,Wisconsin,Wisconsin 5,Republican,,,True,True,79.6,general,711
Larry_LaRocco,2008,189,60,7003.0,15,75,0,2006-12-16 06:26:53+00:00,2008-11-04 15:05:49+00:00,Senate,Idaho,,Democratic,,,False,False,34.1,general,689
Mary_Bono,2008,189,122,3360.0,31,61,1,2006-11-09 23:37:50+00:00,2008-11-04 02:41:30+00:00,House,California,California 45,Republican,,,True,True,58.3,general,725
David_Dreier,2008,188,116,4327.0,42,54,0,2006-11-09 23:29:28+00:00,2008-11-03 20:34:48+00:00,House,California,California 26,Republican,,,True,True,52.7,general,724
Chris_Murphy,2008,187,85,8964.0,24,97,0,2006-11-08 04:14:17+00:00,2008-11-04 18:12:07+00:00,House,Connecticut,Connecticut 5,Democratic,,,True,True,59.2,general,727
Nick_Lampson,2008,187,94,16606.0,30,48,0,2006-11-08 06:48:29+00:00,2008-11-03 18:27:31+00:00,House,Texas,Texas 22,Democratic,,,True,False,45.4,general,726
Earl_Pomeroy,2008,182,79,5887.0,40,53,0,2006-11-08 02:17:56+00:00,2008-11-01 00:06:55+00:00,House,North Dakota,North Dakota at-large,Democratic–NPL,,,True,True,62.0,general,723
David_Wu,2008,180,91,4187.0,29,41,0,2006-11-09 00:09:07+00:00,2008-10-20 06:05:43+00:00,House,Oregon,Oregon 1,Democratic,,,True,True,71.5,general,711
Tim_Mahoney,2008,180,111,8408.0,24,64,2,2006-11-08 06:41:16+00:00,2008-11-03 20:46:30+00:00,House,Florida,Florida 16,Democratic,,,True,False,39.9,general,726
Chris_Shays,2008,179,120,13308.0,32,76,0,2006-11-08 09:55:05+00:00,2008-11-04 15:42:50+00:00,House,Connecticut,Connecticut 4,Republican,,,True,False,47.6,general,727
Dan_Seals_(politician),2008,179,52,5543.0,27,38,0,2008-06-20 22:54:10+00:00,2008-11-03 15:22:58+00:00,House,Illinois,Illinois 10,Democratic,,,False,False,47.4,general,135
Jerry_Nadler,2008,179,77,5990.0,23,63,0,2006-11-08 00:20:36+00:00,2008-11-04 16:03:43+00:00,House,New York,New York 8,Democratic,,,True,True,80.5,general,727
Laura_Richardson,2008,178,110,14232.0,18,89,0,2007-01-11 00:16:56+00:00,2008-10-20 02:23:11+00:00,House,California,California 37,Democratic,,,True,True,75.0,general,648
Jim_McDermott,2008,177,114,4973.0,30,68,1,2006-11-12 00:24:41+00:00,2008-10-27 16:01:56+00:00,House,Washington,Washington 7,Democratic,,,True,True,83.6,general,715
Max_Baucus,2008,176,113,10746.0,34,46,0,2006-11-09 23:29:13+00:00,2008-11-04 22:23:41+00:00,Senate,Montana,,Democratic,,,False,True,72.9,general,725
Rush_Holt_Jr.,2008,176,69,4284.0,63,25,1,2006-11-08 13:11:38+00:00,2008-10-23 04:24:32+00:00,House,New Jersey,New Jersey 12,Democratic,,,True,True,63.1,general,714
John_Spratt,2008,174,45,4728.0,64,24,1,2006-11-08 12:48:49+00:00,2008-10-18 16:43:31+00:00,House,South Carolina,South Carolina 5,Democratic,,,True,True,61.6,general,710
Jim_Moran,2008,173,115,7879.0,36,62,0,2006-11-08 03:45:12+00:00,2008-10-18 16:34:29+00:00,House,Virginia,Virginia 8,Democratic,,,True,True,67.9,general,710
Niki_Tsongas,2008,172,72,6604.0,22,35,0,2007-04-17 02:37:01+00:00,2008-11-03 01:25:46+00:00,House,Massachusetts,Massachusetts 5,Democratic,,,True,True,,general,565
Ronnie_Musgrove,2008,172,75,10429.0,34,45,1,2006-12-02 01:03:59+00:00,2008-11-03 03:59:28+00:00,Senate,Mississippi,,Democratic,,,False,False,45.0,special,702
Darrell_Issa,2008,171,114,8996.0,41,43,0,2006-11-09 23:40:43+00:00,2008-11-04 02:41:01+00:00,House,California,California 49,Republican,,,True,True,58.3,general,725
Jane_Harman,2008,171,103,11034.0,38,49,0,2006-11-09 11:03:17+00:00,2008-10-28 19:33:33+00:00,House,California,California 36,Democratic,,,True,True,68.7,general,719
Roy_Blunt,2008,170,94,6500.0,36,46,3,2006-11-08 23:45:45+00:00,2008-10-20 16:09:39+00:00,House,Missouri,Missouri 7,Republican,,,True,True,67.8,general,711
John_Gard,2008,169,54,3287.0,21,78,0,2006-11-08 06:22:38+00:00,2008-10-05 18:28:30+00:00,House,Wisconsin,Wisconsin 8,Republican,,,False,False,45.9,general,697
Tom_McClintock,2008,169,82,5499.0,27,45,0,2006-11-08 06:07:05+00:00,2008-11-02 21:20:33+00:00,House,California,California 4,Republican,,,False,True,50.3,general,725
Jill_Morgenthaler,2008,168,51,3277.0,20,36,0,2007-10-17 19:58:11+00:00,2008-10-09 23:29:02+00:00,House,Illinois,Illinois 6,Democratic,,,False,False,42.4,general,358
Joe_Garcia,2008,168,21,2095.0,56,18,0,2007-10-06 20:26:03+00:00,2008-10-28 16:23:56+00:00,House,Florida,Florida 25,Democratic,,,False,False,46.9,general,387
Dina_Titus,2008,167,55,9821.0,32,46,1,2006-11-08 04:14:38+00:00,2008-11-04 06:47:59+00:00,House,Nevada,Nevada 3,Democratic,,,False,True,47.4,general,727
G._K._Butterfield,2008,167,83,2736.0,21,48,2,2006-11-11 15:17:25+00:00,2008-11-04 21:50:14+00:00,House,North Carolina,North Carolina 1,Democratic,,,True,True,70.3,general,724
Alcee_Hastings,2008,165,118,7633.0,31,76,0,2006-11-10 17:05:04+00:00,2008-11-04 16:20:31+00:00,House,Florida,Florida 23,Democratic,,,True,True,82.1,general,724
Mike_Arcuri,2008,165,88,397.0,24,77,2,2006-11-08 16:17:53+00:00,2008-10-18 16:36:47+00:00,House,New York,New York 24,Democratic,,,True,True,52.0,general,710
Pat_Roberts,2008,165,98,10625.0,50,34,3,2006-11-24 21:35:34+00:00,2008-10-28 14:20:38+00:00,Senate,Kansas,,Republican,,,False,True,60.0,general,703
Tom_Feeney,2008,165,98,8341.0,36,48,1,2006-11-10 02:52:57+00:00,2008-10-26 22:39:08+00:00,House,Florida,Florida 24,Republican,,,True,False,41.1,general,716
Adrian_Smith_(politician),2008,164,65,3720.0,39,29,1,2006-11-10 15:24:17+00:00,2008-11-04 23:17:51+00:00,House,Nebraska,Nebraska 3,Republican,,,True,True,76.9,general,725
Carolyn_Cheeks_Kilpatrick,2008,163,101,3035.0,31,70,1,2006-11-11 05:53:15+00:00,2008-10-31 08:38:26+00:00,House,Michigan,Michigan 13,Democratic,,,True,True,74.1,general,720
Henry_Cuellar,2008,163,80,8013.0,18,58,0,2006-11-10 23:15:54+00:00,2008-10-18 15:46:29+00:00,House,Texas,Texas 28,Democratic,,,True,True,68.7,general,707
Travis_Childers,2008,163,46,9020.0,14,15,0,2008-03-21 16:59:23+00:00,2008-10-30 17:33:56+00:00,House,Mississippi,Mississippi 1,Democratic,,,False,True,53.78,special,223
Mazie_Hirono,2008,161,88,3699.0,42,47,0,2006-11-08 07:41:59+00:00,2008-10-20 02:21:54+00:00,House,Hawaii,Hawaii 2,Democratic,,,True,True,76.1,general,711
Mike_Pence,2008,160,99,6262.0,27,69,0,2006-11-08 22:26:49+00:00,2008-11-03 01:04:22+00:00,House,Indiana,Indiana 6,Republican,,,True,True,63.9,general,725
Melissa_Hart_(politician),2008,159,86,1735.0,16,62,1,2006-11-08 05:02:23+00:00,2008-10-24 01:50:46+00:00,House,Pennsylvania,Pennsylvania 4,Republican,,,False,False,44.1,general,715
Tim_Walz,2008,159,74,8480.0,30,32,0,2006-11-08 06:00:27+00:00,2008-11-03 17:49:48+00:00,House,Minnesota,Minnesota 1,DFL,,,True,True,62.5,general,726
Diane_Watson,2008,158,83,4374.0,22,58,3,2006-11-12 20:57:28+00:00,2008-11-02 18:05:15+00:00,House,California,California 33,Democratic,,,True,True,87.6,general,720
John_Yarmuth,2008,158,75,6228.0,27,39,0,2006-11-08 00:33:52+00:00,2008-10-25 15:00:49+00:00,House,Kentucky,Kentucky 3,Democratic,,,True,True,59.4,general,717
Jason_Altmire,2008,157,77,5519.0,50,29,0,2006-11-08 04:52:25+00:00,2008-10-18 16:21:07+00:00,House,Pennsylvania,Pennsylvania 4,Democratic,,,True,True,55.9,general,710
Jeff_Merkley,2008,155,48,15542.0,18,29,1,2006-11-13 20:41:51+00:00,2008-11-04 02:02:29+00:00,Senate,Oregon,,Democratic,,,False,True,48.9,general,721
Mark_Pryor,2008,153,112,6877.0,28,40,2,2006-11-09 19:06:24+00:00,2008-10-18 16:41:58+00:00,Senate,Arkansas,,Democratic,,,False,True,79.5,general,708
Adam_Putnam,2008,151,88,6951.0,28,73,2,2006-11-17 01:59:12+00:00,2008-10-30 03:35:43+00:00,House,Florida,Florida 12,Republican,,,True,True,57.5,general,713
Mark_Souder,2008,151,92,5015.0,27,70,0,2006-11-10 04:24:26+00:00,2008-11-03 03:46:56+00:00,House,Indiana,Indiana 3,Republican,,,True,True,55.0,general,723
Steve_Scalise,2008,151,49,5275.0,20,16,1,2006-11-17 05:16:27+00:00,2008-11-03 18:15:03+00:00,House,Louisiana,Louisiana 1,Republican,,,False,True,75.13,special,717
Melissa_Bean,2008,148,71,597.0,31,28,0,2006-11-10 04:08:28+00:00,2008-10-20 02:20:20+00:00,House,Illinois,Illinois 8,Democratic,,,True,True,60.7,general,709
Baron_Hill_(politician),2008,146,84,4934.0,16,60,0,2006-11-08 16:37:00+00:00,2008-11-02 22:59:55+00:00,House,Indiana,Indiana 9,Democratic,,,True,True,57.8,general,725
Jim_Oberweis,2008,146,69,5571.0,34,45,2,2006-12-12 19:07:18+00:00,2008-10-31 16:50:07+00:00,House,Illinois,Illinois 14,Republican,,,False,False,47.47,special,688
Jim_Gerlach,2008,145,74,5538.0,21,43,0,2006-11-08 12:16:54+00:00,2008-10-18 16:32:43+00:00,House,Pennsylvania,Pennsylvania 6,Republican,,,True,True,52.1,general,710
Tom_Udall,2008,145,90,4775.0,34,34,1,2006-11-10 18:48:19+00:00,2008-11-04 17:45:51+00:00,Senate,New Mexico,,Democratic,,,False,True,61.3,general,724
Judy_Biggert,2008,144,73,19548.0,40,34,3,2006-11-12 21:00:46+00:00,2008-10-28 21:10:57+00:00,House,Illinois,Illinois 13,Republican,,,True,True,53.6,general,716
Kay_Hagan,2008,144,79,7889.0,29,46,1,2006-11-29 02:11:04+00:00,2008-11-04 00:40:01+00:00,Senate,North Carolina,,Democratic,,,False,True,52.7,general,705
Randy_Kuhl,2008,144,75,5830.0,27,46,3,2006-11-08 11:29:36+00:00,2008-11-04 17:49:01+00:00,House,New York,New York 29,Republican,,,True,False,49.0,general,727
Jeff_Flake,2008,143,97,8533.0,51,43,0,2006-11-08 04:50:23+00:00,2008-11-03 21:26:22+00:00,House,Arizona,Arizona 6,Republican,R+12,12.0,True,True,62.5,general,726
Jim_Risch,2008,142,72,2937.0,33,49,2,2006-11-08 04:16:01+00:00,2008-10-15 11:03:35+00:00,Senate,Idaho,,Republican,,,False,True,57.7,general,707
Jack_Reed_(Rhode_Island_politician),2008,140,98,9623.0,26,39,0,2006-11-22 09:43:52+00:00,2008-10-18 16:19:15+00:00,Senate,Rhode Island,,Democratic,,,False,True,73.4,general,696
Thelma_Drake,2008,139,67,2730.0,21,37,2,2006-11-08 15:20:31+00:00,2008-11-02 01:39:21+00:00,House,Virginia,Virginia 2,Republican,,,True,False,47.5,general,724
Vern_Buchanan,2008,139,75,10377.0,27,46,0,2006-11-08 22:25:05+00:00,2008-10-20 16:31:39+00:00,House,Florida,Florida 13,Republican,,,True,True,55.5,general,711
Jim_Clyburn,2008,138,95,7080.0,22,48,0,2006-11-08 12:50:54+00:00,2008-10-30 18:49:47+00:00,House,South Carolina,South Carolina 6,Democratic,,,True,True,67.5,general,722
Mike_Enzi,2008,138,94,10980.0,35,30,1,2006-11-20 16:10:55+00:00,2008-11-02 16:32:52+00:00,Senate,Wyoming,,Republican,,,False,True,75.6,general,713
Donna_Edwards,2008,137,70,7123.0,30,32,1,2006-11-21 15:19:00+00:00,2008-10-30 03:29:17+00:00,House,Maryland,Maryland 4,Democratic,,,False,True,80.54,special,708
Hank_Johnson,2008,137,78,8001.0,23,58,0,2006-11-08 06:52:06+00:00,2008-10-18 15:36:53+00:00,House,Georgia,Georgia 4,Democratic,,,True,True,99.9,general,710
Brian_Bilbray,2008,136,85,4617.0,30,61,1,2006-11-08 04:40:22+00:00,2008-10-31 04:47:38+00:00,House,California,California 50,Republican,,,True,True,50.3,general,723
Frank_Wolf_(politician),2008,136,79,10304.0,26,44,0,2006-11-09 12:04:48+00:00,2008-10-30 18:56:45+00:00,House,Virginia,Virginia 10,Republican,,,True,True,58.8,general,721
Joe_Barton,2008,134,100,3641.0,32,38,0,2006-11-09 05:09:04+00:00,2008-10-28 18:30:25+00:00,House,Texas,Texas 6,Republican,,,True,True,62.0,general,719
Steve_Driehaus,2008,134,14,22611.0,2,4,0,2007-01-31 05:40:52+00:00,2008-10-29 05:19:53+00:00,House,Ohio,Ohio 1,Democratic,,,False,True,52.4,general,636
Jim_Marshall_(Georgia_politician),2008,133,71,4679.0,34,28,0,2006-11-10 03:10:04+00:00,2008-10-19 18:31:37+00:00,House,Georgia,Georgia 8,Democratic,,,True,True,57.2,general,709
Barbara_Lee,2008,132,91,7779.0,44,25,1,2006-11-12 20:56:09+00:00,2008-10-20 02:22:14+00:00,House,California,California 9,Democratic,,,True,True,86.1,general,707
Joe_Knollenberg,2008,132,74,6876.0,29,28,0,2006-11-11 05:51:37+00:00,2008-10-30 00:31:27+00:00,House,Michigan,Michigan 9,Republican,,,True,False,42.6,general,718
Mark_Begich,2008,132,64,6486.0,24,40,0,2006-11-14 05:16:14+00:00,2008-11-04 22:31:59+00:00,Senate,Alaska,,Democratic,,,False,True,47.8,general,721
Paul_Broun,2008,130,69,5903.0,25,35,1,2007-07-18 03:42:47+00:00,2008-10-19 22:38:16+00:00,House,Georgia,Georgia 10,Republican,,,True,True,60.7,general,459
Chris_Van_Hollen,2008,129,82,1440.0,24,37,2,2006-11-11 03:18:12+00:00,2008-10-25 01:18:01+00:00,House,Maryland,Maryland 8,Democratic,,,True,True,75.1,general,713
John_Shadegg,2008,129,73,13094.0,24,30,3,2006-11-09 02:56:32+00:00,2008-10-31 15:07:25+00:00,House,Arizona,Arizona 3,Republican,R+6,6.0,True,True,54.1,general,722
Scott_Boman,2008,127,29,16294.0,49,22,0,2007-07-31 02:39:24+00:00,2008-11-04 05:19:56+00:00,Senate,Michigan,,Libertarian,,,False,False,1.6,general,462
Dennis_Moore_(politician),2008,126,66,4905.0,20,34,0,2006-11-10 13:53:05+00:00,2008-10-18 14:26:05+00:00,House,Kansas,Kansas 3,Democratic,,,True,True,56.4,general,708
Mike_Sodrel,2008,126,71,1783.0,16,59,0,2006-11-08 05:59:40+00:00,2008-11-01 07:03:43+00:00,House,Indiana,Indiana 9,Republican,,,False,False,38.4,general,724
Rob_Andrews,2008,126,73,7081.0,29,31,0,2006-11-11 19:05:18+00:00,2008-11-04 18:47:25+00:00,House,New Jersey,New Jersey 1,Democratic,,,True,True,72.4,general,723
Brad_Ellsworth,2008,124,79,5790.0,23,36,1,2006-11-08 01:30:28+00:00,2008-10-18 13:42:23+00:00,House,Indiana,Indiana 8,Democratic,,,True,True,64.7,general,710
Peter_Welch,2008,124,64,9609.0,27,28,0,2006-11-08 05:46:10+00:00,2008-10-18 13:57:27+00:00,House,Vermont,Vermont at-large,Democratic & Republican,,,True,True,83.2,general,710
Deborah_Honeycutt,2008,123,39,-371.0,21,52,0,2008-04-10 03:01:08+00:00,2008-11-02 20:21:52+00:00,House,Georgia,Georgia 13,Republican,,,False,False,31.0,general,206
Pete_Olson,2008,122,23,15939.0,10,9,0,2008-04-09 00:32:19+00:00,2008-10-30 15:43:36+00:00,House,Texas,Texas 22,Republican,,,False,True,52.4,general,204
Anna_Eshoo,2008,121,66,2392.0,28,29,0,2006-11-08 21:20:23+00:00,2008-11-03 04:41:58+00:00,House,California,California 14,Democratic,,,True,True,69.8,general,725
Mike_Johanns,2008,121,80,4251.0,18,55,0,2006-11-20 00:50:01+00:00,2008-11-03 14:44:55+00:00,Senate,Nebraska,,Republican,,,False,True,57.5,general,714
Gene_Green,2008,120,58,2572.0,22,40,0,2006-11-12 21:09:06+00:00,2008-10-19 22:39:20+00:00,House,Texas,Texas 29,Democratic,,,True,True,74.6,general,707
Earl_Blumenauer,2008,119,64,10882.0,42,29,0,2006-11-09 00:25:27+00:00,2008-10-22 00:50:23+00:00,House,Oregon,Oregon 3,Democratic,,,True,True,74.5,general,713
Joe_Baca,2008,119,72,6125.0,22,41,1,2006-11-09 18:37:41+00:00,2008-11-03 04:59:00+00:00,House,California,California 43,Democratic,,,True,True,69.2,general,724
Mary_Jo_Kilroy,2008,118,48,8138.0,13,34,1,2006-11-08 09:54:44+00:00,2008-10-31 02:56:50+00:00,House,Ohio,Ohio 15,Democratic,,,False,True,45.9,general,722
Paul_Hodes,2008,118,76,4490.0,23,32,0,2006-11-08 03:30:20+00:00,2008-10-20 07:33:23+00:00,House,New Hampshire,New Hampshire 2,Democratic,,,True,True,56.4,general,712
Andrew_Rice,2008,117,51,4629.0,16,40,0,2007-04-28 02:44:20+00:00,2008-11-04 02:42:50+00:00,Senate,Oklahoma,,Democratic,,,False,False,39.2,general,555
Gene_Taylor_(Mississippi_politician),2008,117,74,7935.0,29,31,2,2006-11-10 16:46:11+00:00,2008-11-02 04:36:45+00:00,House,Mississippi,Mississippi 4,Democratic,,,True,True,74.5,general,722
Joe_Courtney_(politician),2008,117,66,2530.0,21,31,1,2006-11-08 17:46:47+00:00,2008-10-22 20:58:18+00:00,House,Connecticut,Connecticut 2,Democratic,,,True,True,65.7,general,714
John_Culberson,2008,117,66,2275.0,14,38,1,2006-11-08 14:31:13+00:00,2008-10-31 16:04:57+00:00,House,Texas,Texas 7,Republican,,,True,True,55.9,general,723
Rick_Noriega,2008,117,59,9924.0,20,37,0,2007-03-17 06:44:51+00:00,2008-11-02 19:01:49+00:00,Senate,Texas,,Democratic,,,False,False,42.8,general,596
Connie_Mack_IV,2008,116,81,4564.0,18,53,0,2006-11-10 02:34:09+00:00,2008-10-28 18:13:25+00:00,House,Florida,Florida 14,Republican,,,True,True,59.4,general,718
Jan_Schakowsky,2008,115,62,3683.0,20,28,1,2006-11-09 07:18:54+00:00,2008-11-04 12:38:35+00:00,House,Illinois,Illinois 9,Democratic,,,True,True,74.7,general,726
Bob_Goodlatte,2008,114,61,6755.0,15,30,0,2006-11-13 01:29:45+00:00,2008-10-30 09:29:14+00:00,House,Virginia,Virginia 6,Republican,,,True,True,61.6,general,717
Bruce_Lunsford,2008,114,57,10766.0,19,31,0,2007-01-29 16:45:15+00:00,2008-11-03 11:52:53+00:00,Senate,Kentucky,,Democratic,,,False,False,47.0,general,643
Tammy_Baldwin,2008,114,74,3469.0,24,29,0,2006-11-09 04:56:44+00:00,2008-10-20 02:20:17+00:00,House,Wisconsin,Wisconsin 2,Democratic,,,True,True,69.3,general,710
Daniel_Davis_(actor),2008,113,75,1705.0,36,35,3,2006-11-11 01:44:29+00:00,2008-10-24 23:56:35+00:00,House,Illinois,Illinois 19,Democratic,,,False,False,33.4,general,713
Ginny_Brown-Waite,2008,113,68,6830.0,27,36,0,2006-11-08 05:19:57+00:00,2008-10-29 00:41:30+00:00,House,Florida,Florida 5,Republican,,,True,True,61.2,general,720
Mike_Castle,2008,113,59,10219.0,32,15,1,2006-11-09 02:31:48+00:00,2008-11-02 09:13:51+00:00,House,Delaware,Delaware at-large,Republican,,,True,True,61.1,general,724
Phil_Gingrey,2008,113,70,3454.0,25,42,0,2006-11-16 01:37:25+00:00,2008-10-25 09:25:14+00:00,House,Georgia,Georgia 11,Republican,,,True,True,68.2,general,709
Gary_Ackerman,2008,111,69,3861.0,28,24,2,2006-11-08 18:22:25+00:00,2008-10-19 03:51:37+00:00,House,New York,New York 5,Democratic,,,True,True,70.7,general,710
Gary_Trauner,2008,111,42,3810.0,33,13,0,2006-11-08 10:08:06+00:00,2008-10-29 19:26:36+00:00,House,Wyoming,Wyoming at-large,Democratic,,,False,False,42.8,general,721
Ike_Skelton,2008,111,72,1910.0,30,29,3,2006-11-08 19:50:46+00:00,2008-10-30 01:19:25+00:00,House,Missouri,Missouri 4,Democratic,,,True,True,65.9,general,721
Mike_Simpson,2008,111,41,3786.0,17,11,1,2006-11-09 04:01:11+00:00,2008-10-18 16:32:45+00:00,House,Idaho,Idaho 2,Republican,,,True,True,71.0,general,709
Tim_Ryan_(Ohio_politician),2008,111,61,4669.0,27,22,0,2006-11-08 21:54:56+00:00,2008-10-24 01:16:40+00:00,House,Ohio,Ohio 17,Democratic,,,True,True,78.2,general,715
Ted_Poe,2008,110,70,7648.0,27,33,1,2006-11-08 14:22:09+00:00,2008-10-18 14:52:44+00:00,House,Texas,Texas 2,Republican,,,True,True,88.9,general,710
Tim_Bishop,2008,110,70,2526.0,20,35,0,2006-11-11 03:55:49+00:00,2008-10-31 19:13:19+00:00,House,New York,New York 1,Democratic,,,True,True,58.4,general,720
Bennie_Thompson,2008,109,69,5611.0,20,30,2,2006-11-11 06:01:37+00:00,2008-10-30 01:16:20+00:00,House,Mississippi,Mississippi 2,Democratic,,,True,True,69.1,general,718
Carolyn_Maloney,2008,109,47,11137.0,12,17,0,2006-11-11 19:29:01+00:00,2008-10-31 14:33:36+00:00,House,New York,New York 14,Democratic,,,True,True,79.8,general,719
Shelley_Moore_Capito,2008,109,63,2420.0,26,28,0,2006-11-10 12:29:21+00:00,2008-11-04 00:45:43+00:00,House,West Virginia,West Virginia 2,Republican,,,True,True,57.1,general,724
Ciro_Rodriguez,2008,108,69,3355.0,24,31,0,2006-11-11 18:42:55+00:00,2008-10-18 01:33:57+00:00,House,Texas,Texas 23,Democratic,,,True,True,55.8,general,706
Jerry_McNerney,2008,108,61,3884.0,34,21,0,2006-11-08 09:30:47+00:00,2008-10-18 16:23:42+00:00,House,California,California 11,Democratic,,,True,True,55.3,general,710
John_Sarbanes,2008,107,51,5893.0,11,19,1,2006-11-08 12:37:57+00:00,2008-10-26 22:40:37+00:00,House,Maryland,Maryland 3,Democratic,,,True,True,69.7,general,718
Ric_Keller,2008,107,66,5808.0,12,42,2,2006-11-08 11:55:51+00:00,2008-10-29 00:48:29+00:00,House,Florida,Florida 8,Republican,,,True,False,48.0,general,720
Dave_Obey,2008,106,72,3742.0,20,32,0,2006-11-08 22:06:36+00:00,2008-10-30 16:06:12+00:00,House,Wisconsin,Wisconsin 7,Democratic,,,True,True,60.8,general,721
Elton_Gallegly,2008,106,67,1209.0,25,45,1,2006-11-09 23:12:03+00:00,2008-10-18 14:45:31+00:00,House,California,California 24,Republican,,,True,True,58.2,general,708
Artur_Davis,2008,105,77,3554.0,21,28,1,2006-11-14 07:16:39+00:00,2008-10-18 13:30:31+00:00,House,Alabama,Alabama 7,Democratic,D+17,-17.0,True,True,98.6,general,704
Bill_Young_(Florida_politician),2008,105,65,12740.0,32,18,1,2006-11-08 12:05:16+00:00,2008-10-24 22:31:54+00:00,House,Florida,Florida 10,Republican,,,True,True,60.7,general,716
Bob_Brady,2008,105,63,4120.0,18,35,1,2006-11-09 14:41:22+00:00,2008-10-18 13:38:59+00:00,House,Pennsylvania,Pennsylvania 1,Democratic,,,True,True,90.8,general,708
Jim_Oberstar,2008,105,63,5922.0,20,17,1,2006-11-08 07:08:28+00:00,2008-10-18 16:34:53+00:00,House,Minnesota,Minnesota 8,DFL,,,True,True,67.7,general,710
Joe_Donnelly,2008,105,70,10742.0,27,26,1,2006-11-08 03:10:09+00:00,2008-10-20 20:02:49+00:00,House,Indiana,Indiana 2,Democratic,,,True,True,67.1,general,712
Mary_Fallin,2008,105,60,8748.0,25,21,2,2006-11-09 00:20:34+00:00,2008-10-24 06:31:05+00:00,House,Oklahoma,Oklahoma 5,Republican,,,True,True,65.9,general,715
Zack_Space,2008,105,65,3123.0,23,22,1,2006-11-08 14:31:13+00:00,2008-10-30 19:42:00+00:00,House,Ohio,Ohio 18,Democratic,,,True,True,59.9,general,722
Bruce_Braley,2008,104,67,3091.0,16,31,0,2006-11-08 15:55:13+00:00,2008-10-22 23:23:47+00:00,House,Iowa,Iowa 1,Democratic,,,True,True,64.6,general,714
Howard_Berman,2008,104,67,23356.0,28,22,1,2006-11-09 01:26:30+00:00,2008-10-26 23:31:43+00:00,House,California,California 28,Democratic,,,True,True,99.9,general,717
Roscoe_Bartlett,2008,104,62,4673.0,26,17,0,2006-11-11 03:17:03+00:00,2008-11-01 00:46:11+00:00,House,Maryland,Maryland 6,Republican,,,True,True,57.8,general,720
Ann_Kirkpatrick,2008,103,44,5821.0,18,40,1,2007-04-25 20:17:57+00:00,2008-11-01 16:34:53+00:00,House,Arizona,Arizona 1,Democratic,R+2,2.0,False,True,55.9,general,555
Bobby_Rush,2008,103,65,4014.0,25,28,1,2006-11-10 03:52:55+00:00,2008-10-16 03:06:51+00:00,House,Illinois,Illinois 1,Democratic,,,True,True,85.9,general,705
Harry_Mitchell,2008,103,64,3111.0,15,21,0,2006-11-08 13:39:54+00:00,2008-10-18 15:42:24+00:00,House,Arizona,Arizona 5,Democratic,R+4,4.0,True,True,53.2,general,710
Spencer_Bachus,2008,103,60,8631.0,20,30,0,2006-11-09 16:28:29+00:00,2008-10-18 15:43:21+00:00,House,Alabama,Alabama 6,Republican,R+25,25.0,True,True,97.8,general,708
Walter_B._Jones_Jr.,2008,103,69,8721.0,31,22,0,2006-11-08 17:31:23+00:00,2008-10-18 13:30:29+00:00,House,North Carolina,North Carolina 3,Republican,,,True,True,65.9,general,709
David_Price_(American_politician),2008,102,63,13787.0,18,30,0,2006-11-09 15:13:11+00:00,2008-11-04 23:52:36+00:00,House,North Carolina,North Carolina 4,Democratic,,,True,True,63.3,general,726
Corrine_Brown,2008,101,73,8789.0,30,23,0,2006-11-09 03:54:27+00:00,2008-10-20 02:20:45+00:00,House,Florida,Florida 3,Democratic,,,True,True,,general,710
Pete_Sessions,2008,101,61,4146.0,20,29,0,2006-11-12 21:09:58+00:00,2008-11-04 20:27:18+00:00,House,Texas,Texas 32,Republican,,,True,True,57.2,general,722
Mel_Watt,2008,100,65,6704.0,17,25,1,2006-11-11 02:49:12+00:00,2008-10-18 16:38:14+00:00,House,North Carolina,North Carolina 12,Democratic,,,True,True,71.6,general,707
Brian_Baird,2008,99,65,4920.0,25,22,0,2006-11-08 06:34:05+00:00,2008-10-18 13:42:51+00:00,House,Washington,Washington 3,Democratic,,,True,True,64.0,general,710
Gary_Peters,2008,99,53,8155.0,22,42,1,2007-08-09 11:14:24+00:00,2008-10-30 02:54:52+00:00,House,Michigan,Michigan 9,Democratic,,,False,True,52.1,general,447
Jerry_Moran,2008,99,60,4873.0,19,36,2,2006-11-17 04:21:13+00:00,2008-10-18 16:25:37+00:00,House,Kansas,Kansas 1,Republican,,,True,True,81.8,general,701
Neil_Abercrombie,2008,99,70,1415.0,21,26,1,2006-11-08 13:38:00+00:00,2008-10-19 22:38:22+00:00,House,Hawaii,Hawaii 1,Democratic,,,True,True,77.1,general,711
Hal_Bidlack,2008,98,18,2127.0,46,14,0,2008-03-17 07:38:29+00:00,2008-10-22 18:17:26+00:00,House,Colorado,Colorado 5,Democratic,,,False,False,37.0,general,219
Candice_Miller,2008,97,64,3114.0,19,28,0,2006-11-12 21:04:47+00:00,2008-11-04 16:29:16+00:00,House,Michigan,Michigan 10,Republican,,,True,True,66.3,general,722
Charlie_Wilson_(Ohio_politician),2008,97,54,7180.0,22,18,1,2006-11-08 23:09:26+00:00,2008-10-18 13:53:53+00:00,House,Ohio,Ohio 6,Democratic,,,True,True,62.3,general,709
David_Schweikert,2008,97,22,5963.0,9,7,0,2008-03-07 21:40:31+00:00,2008-10-28 02:18:54+00:00,House,Arizona,Arizona 5,Republican,R+4,4.0,False,False,43.6,general,234
Jim_Matheson,2008,97,65,8873.0,20,23,0,2006-11-09 13:11:36+00:00,2008-10-25 01:11:36+00:00,House,Utah,Utah 2,Democratic,,,True,True,63.4,general,715
Ron_Klein,2008,97,64,3836.0,14,34,0,2006-11-08 03:19:00+00:00,2008-11-02 22:44:14+00:00,House,Florida,Florida 22,Democratic,,,True,True,54.7,general,725
Sam_Johnson,2008,97,69,2061.0,22,23,0,2006-11-12 20:20:35+00:00,2008-10-29 20:14:59+00:00,House,Texas,Texas 3,Republican,,,True,True,59.7,general,716
Scott_Garrett,2008,97,67,6995.0,28,25,0,2006-11-08 04:22:51+00:00,2008-10-18 13:46:39+00:00,House,New Jersey,New Jersey 5,Republican,,,True,True,55.9,general,710
Bill_Delahunt,2008,96,68,3251.0,14,30,0,2006-11-10 18:21:58+00:00,2008-10-26 21:02:37+00:00,House,Massachusetts,Massachusetts 10,Democratic,,,True,True,,general,716
Bob_Latta,2008,96,40,4258.0,11,7,1,2007-09-05 19:16:16+00:00,2008-10-28 23:39:41+00:00,House,Ohio,Ohio 5,Republican,,,True,True,64.1,general,419
Dick_Zimmer,2008,96,46,13097.0,23,22,1,2006-11-11 12:13:04+00:00,2008-11-04 02:45:43+00:00,Senate,New Jersey,,Republican,,,False,False,42.0,general,723
Lloyd_Doggett,2008,96,57,7788.0,30,18,0,2006-11-12 21:05:47+00:00,2008-11-04 13:10:40+00:00,House,Texas,Texas 25,Democratic,,,True,True,65.8,general,722
Louie_Gohmert,2008,96,64,3212.0,23,34,2,2006-11-22 04:48:24+00:00,2008-10-18 16:45:54+00:00,House,Texas,Texas 1,Republican,,,True,True,87.6,general,696
Albio_Sires,2008,95,47,3597.0,19,24,0,2006-11-09 06:52:59+00:00,2008-10-18 13:27:38+00:00,House,New Jersey,New Jersey 13,Democratic,,,True,True,75.4,general,709
John_Olver,2008,95,52,1830.0,20,15,0,2006-11-11 03:18:41+00:00,2008-10-26 21:01:35+00:00,House,Massachusetts,Massachusetts 1,Democratic,,,True,True,72.8,general,715
Keith_Fimian,2008,95,39,3763.0,11,25,1,2008-03-07 04:34:42+00:00,2008-10-29 17:30:24+00:00,House,Virginia,Virginia 11,Republican,,,False,False,43.0,general,236
Louise_Slaughter,2008,95,54,1320.0,18,30,1,2006-11-08 03:15:35+00:00,2008-10-18 16:45:47+00:00,House,New York,New York 28,Democratic,,,True,True,78.0,general,710
Charlie_Dent,2008,94,63,265.0,14,33,1,2006-11-09 18:09:08+00:00,2008-10-18 13:52:09+00:00,House,Pennsylvania,Pennsylvania 15,Republican,,,True,True,58.6,general,708
Tom_Cole,2008,94,62,4279.0,18,43,1,2006-11-08 01:20:26+00:00,2008-10-18 14:47:08+00:00,House,Oklahoma,Oklahoma 4,Republican,,,True,True,66.0,general,710
Vern_Ehlers,2008,94,51,2311.0,19,15,0,2006-11-09 16:13:48+00:00,2008-10-18 13:32:38+00:00,House,Michigan,Michigan 3,Republican,,,True,True,61.1,general,708
Adam_Schiff,2008,93,64,3906.0,14,24,0,2006-11-08 03:56:00+00:00,2008-11-03 20:32:00+00:00,House,California,California 29,Democratic,,,True,True,69.0,general,726
Brad_Miller_(politician),2008,93,62,6125.0,16,34,1,2006-11-08 17:54:49+00:00,2008-10-22 20:48:17+00:00,House,North Carolina,North Carolina 13,Democratic,,,True,True,65.9,general,714
Jeff_Miller_(Florida_politician),2008,93,53,1617.0,22,35,0,2006-11-08 05:24:01+00:00,2008-10-19 22:40:09+00:00,House,Florida,Florida 1,Republican,,,True,True,70.2,general,711
Gary_Miller_(politician),2008,92,54,3306.0,33,21,1,2006-11-09 23:36:57+00:00,2008-10-24 15:55:46+00:00,House,California,California 42,Republican,,,True,True,60.2,general,714
Rob_Bishop,2008,92,61,4709.0,18,40,0,2006-11-12 21:11:38+00:00,2008-10-27 19:02:43+00:00,House,Utah,Utah 1,Republican,,,True,True,64.9,general,714
Yvette_Clarke,2008,92,68,3181.0,16,28,0,2006-11-09 12:35:03+00:00,2008-10-20 02:21:05+00:00,House,New York,New York 11,Democratic,,,True,True,92.8,general,710
Donald_M._Payne,2008,91,42,5519.0,13,31,0,2006-11-11 19:13:05+00:00,2008-10-18 14:33:43+00:00,House,New Jersey,New Jersey 10,Democratic,,,True,True,98.9,general,706
John_Shimkus,2008,91,44,2491.0,18,13,0,2006-11-08 04:08:57+00:00,2008-10-25 01:23:23+00:00,House,Illinois,Illinois 19,Republican,,,True,True,64.5,general,716
Steve_Israel,2008,91,68,1823.0,17,39,2,2006-11-10 04:47:01+00:00,2008-10-31 21:51:19+00:00,House,New York,New York 2,Democratic,,,True,True,66.9,general,721
Allyson_Schwartz,2008,90,58,994.0,23,22,1,2006-11-09 20:11:44+00:00,2008-10-23 17:53:46+00:00,House,Pennsylvania,Pennsylvania 13,Democratic,,,True,True,62.8,general,713
Jim_McGovern_(American_politician),2008,90,50,2747.0,19,10,0,2006-11-11 03:19:28+00:00,2008-10-26 21:00:55+00:00,House,Massachusetts,Massachusetts 3,Democratic,,,True,True,,general,715
John_Salazar,2008,90,58,5152.0,16,36,0,2006-11-08 12:01:50+00:00,2008-10-18 16:42:57+00:00,House,Colorado,Colorado 3,Democratic,,,True,True,61.6,general,710
Paul_Kanjorski,2008,90,51,3761.0,14,30,0,2006-11-08 05:10:50+00:00,2008-10-31 00:15:52+00:00,House,Pennsylvania,Pennsylvania 11,Democratic,,,True,True,51.6,general,722
Bart_Stupak,2008,89,62,1514.0,17,26,0,2006-11-08 02:49:57+00:00,2008-11-01 15:33:46+00:00,House,Michigan,Michigan 1,Democratic,,,True,True,65.0,general,724
Elijah_Cummings,2008,89,61,1998.0,21,12,0,2006-11-11 03:17:26+00:00,2008-10-25 01:17:39+00:00,House,Maryland,Maryland 7,Democratic,,,True,True,79.5,general,713
Jerry_Lewis_(California_politician),2008,89,65,4745.0,22,12,0,2006-11-09 23:36:22+00:00,2008-10-26 00:27:59+00:00,House,California,California 41,Republican,,,True,True,61.7,general,716
Mike_Coffman,2008,89,24,4798.0,19,5,2,2007-12-20 07:30:00+00:00,2008-11-04 19:52:01+00:00,House,Colorado,Colorado 6,Republican,,,False,True,60.7,general,320
Pete_Hoekstra,2008,89,60,5103.0,19,30,0,2006-11-10 02:07:04+00:00,2008-10-29 12:53:23+00:00,House,Michigan,Michigan 2,Republican,,,True,True,62.4,general,719
Debbie_Cook,2008,88,32,5006.0,9,30,0,2008-02-05 05:42:40+00:00,2008-11-01 20:58:01+00:00,House,California,California 46,Democratic,,,False,False,43.1,general,270
Ed_Royce_(politician),2008,88,40,16672.0,16,44,0,2006-11-09 23:35:56+00:00,2008-10-31 00:16:21+00:00,House,California,California 40,Republican,,,True,True,62.6,general,721
Kendrick_Meek,2008,88,65,3543.0,19,22,1,2006-11-10 02:41:37+00:00,2008-10-30 08:42:11+00:00,House,Florida,Florida 17,Democratic,,,True,True,,general,720
Chris_Smith_(New_Jersey_politician),2008,87,62,5065.0,17,20,0,2006-11-11 19:08:25+00:00,2008-10-24 00:44:08+00:00,House,New Jersey,New Jersey 4,Republican,,,True,True,66.2,general,712
Elwyn_Tinklenberg,2008,87,50,11027.0,9,38,1,2006-12-10 23:35:11+00:00,2008-11-04 16:26:49+00:00,House,Minnesota,Minnesota 6,DFL,,,False,False,43.4,general,694
John_Kline_(politician),2008,87,55,2037.0,20,16,0,2006-11-08 07:12:50+00:00,2008-10-31 10:17:10+00:00,House,Minnesota,Minnesota 2,Republican,,,True,True,57.3,general,723
John_Linder,2008,87,56,2348.0,24,23,1,2006-11-10 03:09:11+00:00,2008-11-04 20:39:03+00:00,House,Georgia,Georgia 7,Republican,,,True,True,62.0,general,725
Lynn_Woolsey,2008,87,66,14857.0,24,23,0,2006-11-08 00:20:50+00:00,2008-10-22 21:22:15+00:00,House,California,California 6,Democratic,,,True,True,71.7,general,714
Paul_Ryan,2008,87,56,1714.0,19,31,1,2006-11-11 20:10:25+00:00,2008-10-18 13:51:19+00:00,House,Wisconsin,Wisconsin 1,Republican,,,True,True,64.0,general,706
Sam_Farr,2008,87,50,14289.0,22,13,1,2006-11-14 15:42:10+00:00,2008-10-21 21:50:40+00:00,House,California,California 17,Democratic,,,True,True,73.9,general,707
Dean_Barkley,2008,86,55,6636.0,16,35,1,2006-11-13 21:35:56+00:00,2008-11-04 12:03:54+00:00,Senate,Minnesota,,IPM,,,False,False,15.15,general,721
Steve_Chabot,2008,86,64,9455.0,14,21,0,2006-11-08 10:54:11+00:00,2008-11-02 02:33:18+00:00,House,Ohio,Ohio 1,Republican,,,True,False,47.5,general,724
Maurice_Hinchey,2008,85,62,4073.0,20,27,1,2006-11-11 19:35:16+00:00,2008-10-18 16:39:09+00:00,House,New York,New York 22,Democratic,,,True,True,66.3,general,706
Norm_Dicks,2008,85,48,5563.0,15,19,1,2006-11-08 23:25:13+00:00,2008-10-30 23:23:47+00:00,House,Washington,Washington 6,Democratic,,,True,True,66.9,general,721
Phil_Hare,2008,85,52,2108.0,20,11,1,2006-11-08 04:00:30+00:00,2008-11-04 20:19:08+00:00,House,Illinois,Illinois 17,Democratic,,,True,True,99.8,general,727
Zoe_Lofgren,2008,85,52,2263.0,13,37,1,2006-11-09 23:04:55+00:00,2008-10-18 13:25:10+00:00,House,California,California 16,Democratic,,,True,True,71.4,general,708
Betty_McCollum,2008,84,51,3666.0,23,20,0,2006-11-08 20:47:06+00:00,2008-10-31 10:16:57+00:00,House,Minnesota,Minnesota 4,DFL,,,True,True,68.4,general,722
Bob_Filner,2008,84,56,4212.0,20,28,1,2006-11-09 23:41:15+00:00,2008-10-18 13:40:01+00:00,House,California,California 51,Democratic,,,True,True,72.8,general,708
Dan_Boren,2008,84,59,6219.0,23,25,0,2006-11-08 17:48:13+00:00,2008-10-18 14:15:41+00:00,House,Oklahoma,Oklahoma 2,Democratic,,,True,True,70.5,general,709
Rodney_Alexander,2008,84,50,3394.0,16,11,1,2006-11-08 21:29:32+00:00,2008-10-18 13:38:03+00:00,House,Louisiana,Louisiana 5,Republican,,,True,True,,general,709
Dan_Lipinski,2008,83,47,1874.0,19,12,0,2006-11-10 03:53:42+00:00,2008-10-18 14:16:14+00:00,House,Illinois,Illinois 3,Democratic,,,True,True,73.3,general,708
Kay_Barnes,2008,83,43,3153.0,11,21,0,2007-01-29 17:21:30+00:00,2008-10-28 00:23:49+00:00,House,Missouri,Missouri 6,Democratic,,,False,False,36.9,general,637
Leonard_Boswell,2008,83,59,3329.0,17,16,0,2006-11-08 05:01:45+00:00,2008-10-18 16:48:02+00:00,House,Iowa,Iowa 3,Democratic,,,True,True,56.4,general,710
Nick_Rahall,2008,83,52,2134.0,19,21,1,2006-11-13 01:41:18+00:00,2008-10-26 06:12:36+00:00,House,West Virginia,West Virginia 3,Democratic,,,True,True,66.9,general,713
Steve_LaTourette,2008,83,51,4688.0,14,17,0,2006-11-12 01:28:08+00:00,2008-10-18 15:11:16+00:00,House,Ohio,Ohio 14,Republican,,,True,True,58.3,general,706
Steve_Stivers,2008,83,42,5459.0,9,34,0,2007-06-19 19:16:52+00:00,2008-10-28 15:11:08+00:00,House,Ohio,Ohio 15,Republican,,,False,False,45.2,general,496
Tim_Johnson_(Illinois_politician),2008,83,54,1683.0,21,19,0,2006-11-08 10:20:12+00:00,2008-10-24 01:46:59+00:00,House,Illinois,Illinois 15,Republican,,,True,True,64.2,general,715
Cynthia_Lummis,2008,82,27,2854.0,11,10,1,2007-04-27 20:57:30+00:00,2008-10-27 19:08:29+00:00,House,Wyoming,Wyoming at-large,Republican,,,False,True,52.6,general,548
Mike_Ross_(politician),2008,82,47,2161.0,21,5,1,2006-11-09 17:04:00+00:00,2008-10-21 15:26:21+00:00,House,Arkansas,Arkansas 4,Democratic,Even,0.0,True,True,86.2,general,711
Silvestre_Reyes,2008,82,57,6386.0,19,19,1,2006-11-22 05:32:54+00:00,2008-10-21 21:06:50+00:00,House,Texas,Texas 16,Democratic,,,True,True,82.1,general,699
Steve_Pearce_(politician),2008,82,59,4654.0,21,14,1,2006-11-11 18:55:07+00:00,2008-10-18 15:11:02+00:00,Senate,New Mexico,,Republican,,,False,False,38.7,general,706
Zach_Wamp,2008,82,59,8434.0,19,22,1,2006-11-12 03:01:01+00:00,2008-10-18 15:59:03+00:00,House,Tennessee,Tennessee 3,Republican,,,True,True,69.4,general,706
Edolphus_Towns,2008,81,57,3027.0,24,14,2,2006-11-11 19:22:58+00:00,2008-10-25 22:40:31+00:00,House,New York,New York 10,Democratic,,,True,True,94.2,general,714
Erik_Paulsen,2008,81,29,4091.0,16,15,1,2008-04-08 23:40:13+00:00,2008-11-04 20:46:30+00:00,House,Minnesota,Minnesota 3,Republican,,,False,True,48.5,general,209
Jim_Cooper,2008,81,60,1841.0,16,21,2,2006-11-12 03:01:33+00:00,2008-11-03 19:56:16+00:00,House,Tennessee,Tennessee 5,Democratic,,,True,True,65.9,general,722
Kathy_Castor,2008,81,57,3872.0,13,23,0,2006-11-09 05:53:11+00:00,2008-10-27 01:09:26+00:00,House,Florida,Florida 11,Democratic,,,True,True,71.7,general,717
Mike_Rogers_(Michigan_politician),2008,81,55,4377.0,17,17,0,2006-11-11 05:51:05+00:00,2008-10-30 00:31:40+00:00,House,Michigan,Michigan 8,Republican,,,True,True,56.5,general,718
Rodney_Frelinghuysen,2008,81,49,8858.0,22,9,1,2006-11-11 19:14:05+00:00,2008-10-18 13:38:11+00:00,House,New Jersey,New Jersey 11,Republican,,,True,True,61.8,general,706
Alan_Mollohan,2008,80,63,4016.0,20,17,1,2006-11-08 09:53:04+00:00,2008-11-04 16:16:37+00:00,House,West Virginia,West Virginia 1,Democratic,,,True,True,99.9,general,727
Betsy_Markey,2008,80,37,8394.0,13,15,1,2007-06-14 22:47:28+00:00,2008-10-25 14:56:23+00:00,House,Colorado,Colorado 4,Democratic,,,False,True,56.2,general,498
David_Scott_(Georgia_politician),2008,80,45,3695.0,25,11,1,2006-11-09 23:18:36+00:00,2008-10-18 14:19:22+00:00,House,Georgia,Georgia 13,Democratic,,,True,True,69.0,general,708
Hank_Eng,2008,80,16,13150.0,10,28,1,2008-08-10 03:31:47+00:00,2008-10-25 14:50:14+00:00,House,Colorado,Colorado 6,Democratic,,,False,False,39.3,general,76
Paul_Tonko,2008,80,37,5001.0,16,31,2,2006-12-08 20:35:48+00:00,2008-10-31 04:55:25+00:00,House,New York,New York 21,Democratic,,,False,True,62.1,general,692
Robert_Aderholt,2008,80,62,3522.0,21,21,0,2006-11-09 16:58:44+00:00,2008-10-04 16:46:50+00:00,House,Alabama,Alabama 4,Republican,R+16,16.0,True,True,74.8,general,694
Ed_Markey,2008,79,57,2877.0,14,17,1,2006-11-11 03:23:11+00:00,2008-10-26 21:02:06+00:00,House,Massachusetts,Massachusetts 7,Democratic,,,True,True,75.6,general,715
Jimmy_Duncan_(politician),2008,79,57,2739.0,13,18,0,2006-11-12 03:00:37+00:00,2008-10-18 16:35:55+00:00,House,Tennessee,Tennessee 2,Republican,,,True,True,78.1,general,706
Jo_Ann_Emerson,2008,79,48,2695.0,17,17,0,2006-11-12 21:05:10+00:00,2008-11-04 03:39:00+00:00,House,Missouri,Missouri 8,Republican,,,True,True,71.4,general,722
John_Mica,2008,79,51,3083.0,17,25,1,2006-11-10 02:17:32+00:00,2008-10-18 16:42:27+00:00,House,Florida,Florida 7,Republican,,,True,True,62.0,general,708
Rosa_DeLauro,2008,79,55,3843.0,14,24,0,2006-11-10 03:23:06+00:00,2008-10-22 11:44:53+00:00,House,Connecticut,Connecticut 3,Democratic,,,True,True,77.4,general,712
Vic_Snyder,2008,79,54,1711.0,19,16,1,2006-11-09 16:55:17+00:00,2008-10-23 04:55:47+00:00,House,Arkansas,Arkansas 2,Democratic,Even,0.0,True,True,76.5,general,713
George_Miller_(California_politician),2008,78,53,3866.0,17,21,0,2006-11-09 22:44:20+00:00,2008-11-04 05:44:42+00:00,House,California,California 7,Democratic,,,True,True,72.9,general,725
Jeb_Bradley,2008,78,51,3594.0,16,19,1,2006-11-08 06:19:33+00:00,2008-10-23 23:30:21+00:00,House,New Hampshire,New Hampshire 1,Republican,,,False,False,45.8,general,715
Lacy_Clay,2008,78,56,5661.0,19,18,0,2006-11-11 07:08:53+00:00,2008-11-04 22:50:21+00:00,House,Missouri,Missouri 1,Democratic,,,True,True,86.9,general,724
Sue_Myrick,2008,78,47,2871.0,11,15,0,2006-11-09 22:55:18+00:00,2008-10-23 21:00:06+00:00,House,North Carolina,North Carolina 9,Republican,,,True,True,62.4,general,713
Aaron_Schock,2008,77,41,6146.0,9,36,0,2007-01-06 05:44:44+00:00,2008-10-23 23:38:38+00:00,House,Illinois,Illinois 18,Republican,,,False,True,58.9,general,656
Fred_Upton,2008,77,50,3132.0,13,25,0,2006-11-08 16:39:52+00:00,2008-10-30 00:30:18+00:00,House,Michigan,Michigan 6,Republican,,,True,True,58.9,general,721
Jared_Polis,2008,77,37,2326.0,17,16,0,2007-04-02 16:36:40+00:00,2008-10-25 19:37:41+00:00,House,Colorado,Colorado 2,Democratic,,,False,True,62.6,general,572
Judy_Feder,2008,77,45,6156.0,11,36,0,2006-11-09 16:03:16+00:00,2008-11-04 18:38:20+00:00,House,Virginia,Virginia 10,Democratic,,,False,False,38.8,general,726
Peter_DeFazio,2008,77,50,3904.0,16,13,0,2006-11-09 00:31:09+00:00,2008-10-18 13:56:08+00:00,House,Oregon,Oregon 4,Democratic,,,True,True,82.3,general,709
Ralph_Hall,2008,77,52,1901.0,25,12,1,2006-11-12 20:21:05+00:00,2008-10-13 18:48:57+00:00,House,Texas,Texas 4,Republican,,,True,True,68.8,general,700
Sam_Graves,2008,77,44,3537.0,12,21,1,2006-11-08 22:04:21+00:00,2008-11-03 02:37:22+00:00,House,Missouri,Missouri 6,Republican,,,True,True,59.4,general,725
Brad_Sherman,2008,76,51,2714.0,18,12,0,2006-11-14 16:24:27+00:00,2008-11-03 06:11:24+00:00,House,California,California 27,Democratic,,,True,True,68.6,general,719
Collin_Peterson,2008,76,48,5210.0,16,17,0,2006-11-08 20:51:16+00:00,2008-10-31 10:17:43+00:00,House,Minnesota,Minnesota 7,DFL,,,True,True,72.2,general,722
Gregory_Meeks,2008,76,59,6769.0,21,22,1,2006-11-11 19:19:41+00:00,2008-10-18 15:11:00+00:00,House,New York,New York 6,Democratic,,,True,True,,general,706
John_Boozman,2008,76,58,6018.0,19,17,2,2006-11-08 20:16:01+00:00,2008-10-18 16:38:38+00:00,House,Arkansas,Arkansas 3,Republican,R+11,11.0,True,True,78.5,general,709
Lucille_Roybal-Allard,2008,76,44,1222.0,19,15,1,2006-11-08 04:04:08+00:00,2008-10-20 02:23:17+00:00,House,California,California 34,Democratic,,,True,True,77.1,general,711
Frank_Lucas_(Oklahoma_politician),2008,75,48,6828.0,16,21,0,2006-11-22 00:27:40+00:00,2008-10-18 14:49:04+00:00,House,Oklahoma,Oklahoma 3,Republican,,,True,True,69.7,general,696
Brian_Higgins,2008,74,52,3821.0,18,28,1,2006-11-21 17:50:43+00:00,2008-11-04 18:42:43+00:00,House,New York,New York 27,Democratic,,,True,True,74.4,general,714
Doris_Matsui,2008,74,51,2496.0,25,12,0,2006-11-12 21:06:59+00:00,2008-11-03 20:32:18+00:00,House,California,California 5,Democratic,,,True,True,74.3,general,721
Gus_Bilirakis,2008,74,50,1310.0,11,24,0,2006-11-09 02:17:07+00:00,2008-10-18 15:12:29+00:00,House,Florida,Florida 9,Republican,,,True,True,62.2,general,709
Mike_Erickson,2008,74,26,6993.0,11,10,1,2006-11-09 00:39:07+00:00,2008-11-02 20:53:20+00:00,House,Oregon,Oregon 5,Republican,,,False,False,38.3,general,724
Tom_Price_(American_politician),2008,74,44,849.0,22,23,1,2006-11-08 23:34:40+00:00,2008-10-22 13:37:07+00:00,House,Georgia,Georgia 6,Republican,,,True,True,68.5,general,713
Emanuel_Cleaver,2008,73,54,3714.0,13,17,1,2006-11-18 17:59:23+00:00,2008-11-03 02:36:37+00:00,House,Missouri,Missouri 5,Democratic,,,True,True,64.4,general,715
Hilda_Solis,2008,73,43,3845.0,21,10,0,2006-11-12 20:57:16+00:00,2008-10-20 02:23:40+00:00,House,California,California 32,Democratic,,,True,True,100.0,general,707
Jennifer_Dougherty,2008,73,28,3921.0,8,8,2,2007-08-16 14:52:49+00:00,2008-10-28 18:31:37+00:00,House,Maryland,Maryland 6,Democratic,,,False,False,38.8,general,439
Jill_Derby,2008,73,26,4038.0,13,29,1,2006-11-11 21:17:31+00:00,2008-10-29 20:37:13+00:00,House,Nevada,Nevada 2,Democratic,,,False,False,41.4,general,717
John_Barrow_(American_politician),2008,73,48,2668.0,20,18,1,2006-11-11 15:22:12+00:00,2008-10-31 18:07:13+00:00,House,Georgia,Georgia 12,Democratic,,,True,True,66.0,general,720
Mark_Schauer,2008,73,21,7919.0,14,16,0,2007-05-10 19:59:19+00:00,2008-11-04 06:51:32+00:00,House,Michigan,Michigan 7,Democratic,,,False,True,48.8,general,543
Shelley_Berkley,2008,73,52,2391.0,24,9,0,2006-11-11 07:20:45+00:00,2008-10-23 21:34:07+00:00,House,Nevada,Nevada 1,Democratic,,,True,True,67.6,general,712
Virginia_Foxx,2008,73,48,3640.0,14,17,0,2006-11-12 21:01:39+00:00,2008-10-27 01:28:39+00:00,House,North Carolina,North Carolina 5,Republican,,,True,True,58.4,general,714
Xavier_Becerra,2008,73,55,2916.0,21,25,0,2006-11-14 02:45:07+00:00,2008-10-18 13:26:10+00:00,House,California,California 31,Democratic,,,True,True,100.0,general,704
Ben_Chandler,2008,72,57,1518.0,14,16,0,2006-11-10 14:02:11+00:00,2008-10-24 02:25:20+00:00,House,Kentucky,Kentucky 6,Democratic,,,True,True,64.7,general,713
Bobby_Bright,2008,72,33,3621.0,8,16,0,2007-01-08 06:24:52+00:00,2008-10-22 23:00:10+00:00,House,Alabama,Alabama 2,Democratic,R+13,13.0,False,True,50.2,general,653
Frank_Pallone,2008,72,45,1302.0,20,17,0,2006-11-19 02:39:48+00:00,2008-10-18 14:49:11+00:00,House,New Jersey,New Jersey 6,Democratic,,,True,True,66.9,general,699
Phil_English,2008,72,50,2386.0,8,15,0,2006-11-08 02:09:00+00:00,2008-11-01 22:41:49+00:00,House,Pennsylvania,Pennsylvania 3,Republican,,,True,False,48.8,general,724
Sanford_Bishop,2008,72,47,6167.0,24,15,1,2006-11-10 03:01:44+00:00,2008-10-18 13:45:49+00:00,House,Georgia,Georgia 2,Democratic,,,True,True,68.9,general,708
Adam_Smith_(Washington_politician),2008,71,47,1704.0,8,24,0,2006-11-10 23:13:45+00:00,2008-10-29 21:13:49+00:00,House,Washington,Washington 9,Democratic,,,True,True,65.5,general,718
Christine_Jennings,2008,71,41,6761.0,8,20,1,2006-11-09 01:42:04+00:00,2008-10-28 20:02:13+00:00,House,Florida,Florida 13,Democratic,,,False,False,37.5,general,719
Greg_Davis_(Mississippi_politician),2008,71,16,3038.0,8,6,0,2008-03-12 23:49:59+00:00,2008-10-18 10:34:12+00:00,House,Mississippi,Mississippi 1,Republican,,,False,False,46.22,special,219
Jason_Chaffetz,2008,71,31,7304.0,12,23,0,2008-06-09 19:12:08+00:00,2008-10-29 02:51:00+00:00,House,Utah,Utah 3,Republican,,,False,True,65.6,general,141
Betty_Sutton,2008,70,47,3013.0,9,14,0,2006-11-08 20:28:05+00:00,2008-10-25 14:42:17+00:00,House,Ohio,Ohio 13,Democratic,,,True,True,64.5,general,716
Diana_DeGette,2008,70,49,4219.0,12,13,1,2006-11-12 20:59:16+00:00,2008-10-20 02:21:18+00:00,House,Colorado,Colorado 1,Democratic,,,True,True,71.9,general,707
Doc_Hastings,2008,70,48,8945.0,10,16,1,2006-11-08 00:50:31+00:00,2008-10-18 14:32:59+00:00,House,Washington,Washington 4,Republican,,,True,True,63.1,general,710
Lee_Terry,2008,70,46,923.0,13,25,0,2006-11-08 22:45:35+00:00,2008-11-04 23:18:33+00:00,House,Nebraska,Nebraska 2,Republican,,,True,True,51.9,general,727
John_Campbell_(California_politician),2008,69,47,2049.0,19,16,1,2006-11-09 23:40:24+00:00,2008-10-18 16:37:50+00:00,House,California,California 48,Republican,,,True,True,55.7,general,708
Wally_Herger,2008,69,48,6522.0,18,19,0,2006-11-08 01:18:03+00:00,2008-10-21 02:41:37+00:00,House,California,California 2,Republican,,,True,True,57.9,general,713
Debbie_Halvorson,2008,68,23,2079.0,13,11,0,2007-04-08 03:11:45+00:00,2008-10-27 05:31:17+00:00,House,Illinois,Illinois 11,Democratic,,,False,True,58.4,general,568
Dennis_Cardoza,2008,68,42,4951.0,17,5,1,2006-11-09 23:07:15+00:00,2008-10-18 14:24:59+00:00,House,California,California 18,Democratic,,,True,True,100.0,general,708
Ed_Perlmutter,2008,67,47,1339.0,12,17,0,2006-11-08 07:44:17+00:00,2008-10-18 14:44:07+00:00,House,Colorado,Colorado 7,Democratic,,,True,True,63.5,general,710
Hal_Rogers,2008,67,49,9663.0,13,18,0,2006-11-10 14:01:49+00:00,2008-10-24 21:27:51+00:00,House,Kentucky,Kentucky 5,Republican,,,True,True,84.1,general,714
Nathan_Deal,2008,67,45,1513.0,20,13,1,2006-11-11 15:49:56+00:00,2008-10-18 16:21:18+00:00,House,Georgia,Georgia 9,Republican,,,True,True,75.5,general,707
Steve_Beren,2008,67,23,5944.0,5,37,1,2006-11-08 06:43:15+00:00,2008-10-22 23:29:57+00:00,House,Washington,Washington 7,Republican,,,False,False,16.4,general,714
Allen_Boyd,2008,66,50,2429.0,15,12,0,2006-11-15 20:23:49+00:00,2008-10-21 07:00:00+00:00,House,Florida,Florida 2,Democratic,,,True,True,61.9,general,705
George_Radanovich,2008,66,40,3533.0,12,8,1,2006-11-09 23:07:35+00:00,2008-10-29 02:17:24+00:00,House,California,California 19,Republican,,,True,True,98.5,general,719
Jim_Jordan,2008,66,48,2672.0,15,15,0,2006-11-10 07:22:36+00:00,2008-10-18 16:32:55+00:00,House,Ohio,Ohio 4,Republican,,,True,True,65.2,general,708
Stephen_Lynch_(politician),2008,66,48,2230.0,18,17,0,2006-11-11 03:24:01+00:00,2008-10-26 21:02:26+00:00,House,Massachusetts,Massachusetts 9,Democratic,,,True,True,,general,715
Susan_Davis_(politician),2008,66,48,2216.0,21,14,1,2006-11-10 04:39:55+00:00,2008-10-20 02:21:12+00:00,House,California,California 53,Democratic,,,True,True,68.5,general,709
Ken_Calvert,2008,65,47,2234.0,18,17,1,2006-11-09 23:37:31+00:00,2008-10-27 05:26:44+00:00,House,California,California 44,Republican,,,True,True,51.2,general,717
Leonard_Lance,2008,65,25,4805.0,7,30,1,2007-05-11 19:51:26+00:00,2008-11-04 19:44:38+00:00,House,New Jersey,New Jersey 7,Republican,,,False,True,50.2,general,542
Pro-Life_(politician),2008,65,8,3347.0,13,0,0,2007-04-29 02:38:35+00:00,2008-01-26 21:52:38+00:00,Senate,Idaho,,Independent,,,False,False,1.3,general,272
Randy_Forbes,2008,65,45,5567.0,17,18,0,2006-11-09 12:43:57+00:00,2008-10-25 17:42:18+00:00,House,Virginia,Virginia 4,Republican,,,True,True,59.6,general,716
Todd_Akin,2008,65,41,2661.0,14,10,0,2006-11-11 07:09:27+00:00,2008-11-03 02:35:12+00:00,House,Missouri,Missouri 2,Republican,,,True,True,62.3,general,722
Bill_Pascrell,2008,64,42,6229.0,17,6,0,2006-11-08 00:06:14+00:00,2008-10-26 22:09:36+00:00,House,New Jersey,New Jersey 8,Democratic,,,True,True,71.1,general,718
Gwen_Moore,2008,64,45,1236.0,17,10,1,2006-11-09 06:33:26+00:00,2008-10-20 02:22:41+00:00,House,Wisconsin,Wisconsin 4,Democratic,,,True,True,87.6,general,710
Jim_Costa,2008,64,38,2773.0,13,16,0,2006-11-09 23:07:59+00:00,2008-10-18 16:32:28+00:00,House,California,California 20,Democratic,,,True,True,74.4,general,708
Joe_Crowley,2008,64,51,2023.0,13,24,0,2006-11-17 03:50:49+00:00,2008-11-03 21:50:44+00:00,House,New York,New York 7,Democratic,,,True,True,84.7,general,717
Kevin_McCarthy,2008,64,36,3317.0,16,2,1,2006-11-08 04:46:37+00:00,2008-10-18 16:48:20+00:00,House,California,California 22,Republican,,,True,True,100.0,general,710
Denny_Rehberg,2008,63,53,3655.0,14,14,2,2006-11-08 21:06:45+00:00,2008-10-31 06:47:50+00:00,House,Montana,Montana at-large,Republican,,,True,True,64.2,general,722
Ellen_Tauscher,2008,63,47,2805.0,19,15,1,2006-11-09 22:44:56+00:00,2008-10-20 02:23:46+00:00,House,California,California 10,Democratic,,,True,True,65.2,general,710
Ethan_Berkowitz,2008,63,34,2202.0,7,36,0,2006-11-08 23:20:41+00:00,2008-11-03 15:09:56+00:00,House,Alaska,Alaska at-large,Democratic,R+14,14.0,False,False,45.0,general,725
John_Kennedy_(Louisiana_politician),2008,63,38,2698.0,13,15,0,2006-11-25 10:25:41+00:00,2008-11-02 17:45:49+00:00,Senate,Louisiana,,Republican,,,False,False,45.7,general,708
Russ_Carnahan,2008,63,45,4395.0,17,5,0,2006-11-11 07:09:47+00:00,2008-11-03 02:34:50+00:00,House,Missouri,Missouri 3,Democratic,,,True,True,66.4,general,722
Steve_Rothman,2008,63,44,6681.0,14,16,0,2006-11-08 17:20:51+00:00,2008-10-18 15:07:06+00:00,House,New Jersey,New Jersey 9,Democratic,,,True,True,69.5,general,709
B.J._Lawson,2008,62,29,12772.0,18,15,1,2008-04-14 16:47:05+00:00,2008-11-04 23:43:35+00:00,House,North Carolina,North Carolina 4,Republican,,,False,False,36.7,general,204
Eddie_Bernice_Johnson,2008,62,49,1690.0,13,18,1,2006-11-11 00:37:01+00:00,2008-10-30 05:34:06+00:00,House,Texas,Texas 30,Democratic,,,True,True,82.5,general,719
Jane_Mitakides,2008,62,23,-3031.0,5,11,0,2006-11-21 13:54:18+00:00,2008-06-27 05:48:29+00:00,House,Ohio,Ohio 3,Democratic,,,False,False,36.7,general,583
Jay_Inslee,2008,62,45,1509.0,15,14,1,2006-11-10 23:37:54+00:00,2008-10-18 16:21:13+00:00,House,Washington,Washington 1,Democratic,,,True,True,67.8,general,707
Ron_Kind,2008,62,46,964.0,13,9,1,2006-11-08 06:54:17+00:00,2008-10-18 13:39:03+00:00,House,Wisconsin,Wisconsin 3,Democratic,,,True,True,63.2,general,710
Charles_Boustany,2008,61,40,1545.0,10,14,2,2006-11-09 19:13:08+00:00,2008-11-03 03:07:56+00:00,House,Louisiana,Louisiana 7,Republican,,,True,True,61.9,general,724
Chellie_Pingree,2008,61,35,5165.0,11,22,0,2007-01-14 10:50:08+00:00,2008-11-04 03:35:53+00:00,House,Maine,Maine 1,Democratic,,,False,True,54.9,general,659
Grace_Napolitano,2008,61,46,58.0,22,8,1,2006-11-12 20:58:21+00:00,2008-10-20 02:22:50+00:00,House,California,California 38,Democratic,,,True,True,81.8,general,707
John_M._McHugh,2008,61,42,3179.0,8,28,0,2006-11-08 12:57:52+00:00,2008-11-03 18:50:11+00:00,House,New York,New York 23,Republican,,,True,True,65.3,general,726
Mike_Turner,2008,61,44,5115.0,12,21,0,2006-11-11 20:02:41+00:00,2008-10-18 16:32:31+00:00,House,Ohio,Ohio 3,Republican,,,True,True,63.3,general,706
Rick_Goddard,2008,61,20,3756.0,10,29,0,2007-05-31 19:01:58+00:00,2008-10-19 18:31:01+00:00,House,Georgia,Georgia 8,Republican,,,False,False,42.8,general,506
Ed_Pastor,2008,60,39,8963.0,13,3,0,2006-11-09 16:41:05+00:00,2008-10-18 14:44:00+00:00,House,Arizona,Arizona 4,Democratic,D+14,-14.0,True,True,72.1,general,708
Eliot_Engel,2008,60,40,3282.0,16,16,1,2006-11-11 19:30:02+00:00,2008-10-22 21:34:34+00:00,House,New York,New York 17,Democratic,,,True,True,79.9,general,711
Howie_Hawkins,2008,60,36,2530.0,25,5,1,2006-11-12 22:07:57+00:00,2008-10-29 20:23:31+00:00,House,New York,New York 25,Green,,,False,False,3.3,general,716
Larry_Joe_Doherty,2008,60,22,2315.0,10,11,0,2007-12-07 21:10:32+00:00,2008-11-04 22:11:00+00:00,House,Texas,Texas 10,Democratic,,,False,False,43.1,general,333
Lois_Capps,2008,60,42,2545.0,19,10,0,2006-11-09 23:11:45+00:00,2008-10-20 02:20:55+00:00,House,California,California 23,Democratic,,,True,True,68.1,general,710
Dutch_Ruppersberger,2008,59,45,2825.0,14,9,0,2006-11-11 03:09:08+00:00,2008-10-25 01:17:10+00:00,House,Maryland,Maryland 2,Democratic,,,True,True,71.9,general,713
Kay_Granger,2008,59,45,2413.0,16,10,1,2006-11-10 04:20:59+00:00,2008-11-02 15:35:54+00:00,House,Texas,Texas 12,Republican,,,True,True,67.6,general,723
Trent_Franks,2008,59,47,3760.0,15,9,1,2006-11-09 16:33:59+00:00,2008-10-18 14:45:52+00:00,House,Arizona,Arizona 2,Republican,R+9,9.0,True,True,59.4,general,708
Bob_Etheridge,2008,58,45,1613.0,12,12,1,2006-11-09 15:14:59+00:00,2008-10-28 02:36:12+00:00,House,North Carolina,North Carolina 2,Democratic,,,True,True,66.9,general,718
Lee_Zeldin,2008,58,29,1371.0,9,18,0,2008-01-02 19:16:37+00:00,2008-10-28 16:36:47+00:00,House,New York,New York 1,Republican,,,False,False,41.6,general,299
Nita_Lowey,2008,57,45,932.0,22,11,0,2006-11-08 17:39:24+00:00,2008-10-21 21:58:21+00:00,House,New York,New York 18,Democratic,,,True,True,68.5,general,713
Tim_Bee,2008,57,26,8011.0,9,21,0,2008-03-21 00:14:18+00:00,2008-11-04 03:54:10+00:00,House,Arizona,Arizona 8,Republican,R+1,1.0,False,False,42.8,general,228
Tim_Holden,2008,57,41,1025.0,7,15,1,2006-11-12 02:01:15+00:00,2008-10-18 14:48:58+00:00,House,Pennsylvania,Pennsylvania 17,Democratic,,,True,True,63.7,general,706
Todd_Tiahrt,2008,57,41,4169.0,12,9,1,2006-11-14 03:08:33+00:00,2008-10-18 14:47:40+00:00,House,Kansas,Kansas 4,Republican,,,True,True,63.4,general,704
Bart_Gordon,2008,56,37,2031.0,11,5,0,2006-11-12 03:02:38+00:00,2008-11-03 19:38:06+00:00,House,Tennessee,Tennessee 6,Democratic,,,True,True,74.4,general,722
Devin_Nunes,2008,56,31,2457.0,15,8,0,2006-11-11 13:31:37+00:00,2008-10-18 14:26:32+00:00,House,California,California 21,Republican,,,True,True,68.4,general,707
Frank_LoBiondo,2008,56,43,8789.0,14,10,0,2006-11-08 04:24:08+00:00,2008-10-18 14:48:57+00:00,House,New Jersey,New Jersey 2,Republican,,,True,True,59.1,general,710
Jim_Martin_(Georgia_politician),2008,56,33,5433.0,9,19,0,2006-11-09 01:41:06+00:00,2008-11-04 22:42:35+00:00,Senate,Georgia,,Democratic,,,False,False,42.5,general,726
John_Sullivan_(Oklahoma_politician),2008,56,36,7144.0,14,8,0,2006-11-08 23:01:00+00:00,2008-10-27 21:28:57+00:00,House,Oklahoma,Oklahoma 1,Republican,,,True,True,66.2,general,718
Lincoln_Davis,2008,56,41,1678.0,8,8,0,2006-11-09 16:19:09+00:00,2008-10-18 16:47:29+00:00,House,Tennessee,Tennessee 4,Democratic,,,True,True,58.8,general,709
Lynn_Jenkins,2008,56,37,4720.0,14,15,0,2007-04-04 23:46:35+00:00,2008-10-30 13:16:12+00:00,House,Kansas,Kansas 2,Republican,,,False,True,50.6,general,574
Rob_Wittman,2008,56,35,3615.0,11,9,0,2007-11-11 05:10:20+00:00,2008-11-04 00:52:32+00:00,House,Virginia,Virginia 1,Republican,,,True,True,56.6,general,358
Sander_Levin,2008,56,42,2163.0,18,10,0,2006-11-10 03:28:24+00:00,2008-11-03 11:13:48+00:00,House,Michigan,Michigan 12,Democratic,,,True,True,72.1,general,724
Sandy_Treadwell,2008,56,26,3898.0,13,8,0,2007-02-03 06:05:47+00:00,2008-10-15 19:19:27+00:00,House,New York,New York 20,Republican,,,False,False,37.9,general,620
Scott_Harper_(candidate),2008,56,24,1089.0,3,19,0,2008-07-24 16:03:48+00:00,2008-11-02 12:03:57+00:00,House,Illinois,Illinois 13,Democratic,,,False,False,43.7,general,100
Steve_Austria,2008,56,34,4421.0,7,25,0,2006-11-08 11:27:07+00:00,2008-10-21 03:23:14+00:00,House,Ohio,Ohio 7,Republican,,,False,True,58.2,general,712
Bob_Inglis,2008,55,41,2830.0,16,6,0,2006-11-08 02:40:43+00:00,2008-11-01 13:12:15+00:00,House,South Carolina,South Carolina 4,Republican,,,True,True,60.1,general,724
Jo_Bonner,2008,55,42,2003.0,16,6,2,2006-11-09 16:57:24+00:00,2008-10-30 00:02:07+00:00,House,Alabama,Alabama 1,Republican,R+12,12.0,True,True,98.3,general,720
Linda_Stender,2008,55,38,3990.0,10,13,2,2006-11-08 16:36:06+00:00,2008-10-10 01:06:32+00:00,House,New Jersey,New Jersey 7,Democratic,,,False,False,42.2,general,701
Jon_Elrod,2008,54,19,4957.0,9,10,0,2007-12-18 02:57:27+00:00,2008-10-31 19:19:01+00:00,House,Indiana,Indiana 7,Republican,,,False,False,43.07,special,318
Rick_Larsen,2008,54,42,6273.0,15,15,2,2006-11-10 23:32:56+00:00,2008-10-18 13:36:17+00:00,House,Washington,Washington 2,Democratic,,,True,True,62.4,general,707
Howard_Coble,2008,53,45,3570.0,10,7,0,2006-11-14 03:11:10+00:00,2008-10-18 16:07:56+00:00,House,North Carolina,North Carolina 6,Republican,,,True,True,67.0,general,704
Marion_Berry,2008,53,45,574.0,13,13,0,2006-11-09 17:01:55+00:00,2008-09-14 17:07:57+00:00,House,Arkansas,Arkansas 1,Democratic,D+1,-1.0,True,True,,general,675
Mike_Capuano,2008,53,40,2510.0,7,14,0,2006-11-11 03:23:35+00:00,2008-10-18 16:35:15+00:00,House,Massachusetts,Massachusetts 8,Democratic,,,True,True,,general,707
Pat_Tiberi,2008,52,39,3732.0,15,14,1,2006-11-11 20:19:21+00:00,2008-10-18 13:47:47+00:00,House,Ohio,Ohio 12,Republican,,,True,True,54.8,general,706
Frank_Kratovil,2008,51,22,9110.0,16,2,0,2008-03-17 17:34:16+00:00,2008-10-31 14:43:37+00:00,House,Maryland,Maryland 1,Democratic,,,False,True,49.1,general,227
John_F._Tierney,2008,51,40,1980.0,7,18,0,2006-11-09 04:38:20+00:00,2008-10-26 21:01:50+00:00,House,Massachusetts,Massachusetts 6,Democratic,,,True,True,70.4,general,717
Kevin_Brady,2008,51,37,1143.0,13,11,1,2006-11-12 20:24:39+00:00,2008-10-18 16:48:14+00:00,House,Texas,Texas 8,Republican,,,True,True,72.6,general,705
Michael_C._Burgess,2008,51,41,400.0,14,10,3,2006-11-12 21:06:55+00:00,2008-10-19 22:38:25+00:00,House,Texas,Texas 26,Republican,,,True,True,60.2,general,707
Ander_Crenshaw,2008,50,35,1661.0,16,7,3,2006-11-10 00:21:32+00:00,2008-10-01 13:18:40+00:00,House,Florida,Florida 4,Republican,,,True,True,65.3,general,691
Jeb_Hensarling,2008,50,34,3498.0,9,15,1,2006-11-22 04:51:54+00:00,2008-10-18 16:22:06+00:00,House,Texas,Texas 5,Republican,,,True,True,83.6,general,696
Jim_Slattery,2008,50,35,2714.0,5,25,0,2006-11-29 04:36:18+00:00,2008-11-04 00:46:41+00:00,Senate,Kansas,,Democratic,,,False,False,36.4,general,705
Joe_Pitts_(Pennsylvania_politician),2008,50,36,790.0,10,4,0,2006-11-08 14:25:56+00:00,2008-10-19 16:58:12+00:00,House,Pennsylvania,Pennsylvania 16,Republican,,,True,True,55.8,general,711
John_Carter_(Texas_politician),2008,50,39,3026.0,10,8,1,2006-11-12 21:09:36+00:00,2008-10-18 16:38:47+00:00,House,Texas,Texas 31,Republican,,,True,True,60.3,general,705
Mike_Conaway,2008,50,33,3562.0,9,5,1,2006-11-12 20:26:25+00:00,2008-10-28 05:20:20+00:00,House,Texas,Texas 11,Republican,,,True,True,88.3,general,715
Dennis_Shulman,2008,49,24,3141.0,9,12,0,2007-10-07 00:08:11+00:00,2008-10-27 03:03:12+00:00,House,New Jersey,New Jersey 5,Democratic,,,False,False,42.4,general,386
Mike_McIntyre,2008,49,36,2324.0,7,15,0,2006-11-08 17:31:59+00:00,2008-10-30 00:46:20+00:00,House,North Carolina,North Carolina 7,Democratic,,,True,True,68.8,general,721
Nels_Ackerson,2008,49,30,128.0,11,21,2,2007-08-16 04:51:13+00:00,2008-11-02 11:54:15+00:00,House,Indiana,Indiana 4,Democratic,,,False,False,40.1,general,444
Pete_Visclosky,2008,49,38,1548.0,14,5,0,2006-11-10 04:17:44+00:00,2008-10-24 19:59:38+00:00,House,Indiana,Indiana 1,Democratic,,,True,True,70.9,general,714
Cliff_Stearns,2008,48,39,2146.0,12,10,0,2006-11-10 02:17:07+00:00,2008-10-18 14:07:42+00:00,House,Florida,Florida 6,Republican,,,True,True,60.9,general,708
Lou_Barletta,2008,48,31,6123.0,6,15,0,2008-03-09 22:30:46+00:00,2008-11-01 15:27:46+00:00,House,Pennsylvania,Pennsylvania 11,Republican,,,False,False,48.4,general,236
Jerry_Costello,2008,47,35,1419.0,10,5,1,2006-11-10 04:09:47+00:00,2008-10-18 16:23:16+00:00,House,Illinois,Illinois 12,Democratic,,,True,True,71.1,general,708
Mike_Michaud,2008,47,39,3021.0,7,8,2,2006-11-10 23:48:44+00:00,2008-10-18 16:33:10+00:00,House,Maine,Maine 2,Democratic,,,True,True,67.4,general,707
Richard_Neal,2008,46,31,600.0,8,10,0,2006-11-11 03:19:03+00:00,2008-10-26 21:01:18+00:00,House,Massachusetts,Massachusetts 2,Democratic,,,True,True,,general,715
Tom_Petri,2008,46,35,5700.0,11,11,0,2006-11-22 07:05:56+00:00,2008-10-21 02:21:07+00:00,House,Wisconsin,Wisconsin 6,Republican,,,True,True,63.7,general,698
Al_Green_(politician),2008,45,39,1425.0,8,8,2,2006-11-12 20:25:38+00:00,2008-10-22 11:39:03+00:00,House,Texas,Texas 9,Democratic,,,True,True,93.6,general,709
Dean_Andal,2008,45,26,3078.0,10,8,0,2007-05-15 02:04:28+00:00,2008-10-19 01:56:26+00:00,House,California,California 11,Republican,,,False,False,44.7,general,522
Erik_R._Fleming,2008,45,28,3049.0,8,11,2,2006-11-15 20:47:23+00:00,2008-11-01 15:32:56+00:00,Senate,Mississippi,,Democratic,,,False,False,38.6,general,716
Jack_Hoogendyk,2008,45,29,1769.0,5,18,1,2006-12-15 15:47:51+00:00,2008-10-29 00:24:16+00:00,Senate,Michigan,,Republican,,,False,False,33.8,general,683
Michael_McMahon,2008,45,30,2982.0,14,14,0,2006-11-10 05:08:02+00:00,2008-09-24 06:07:11+00:00,House,New York,New York 13,Democratic,,,False,True,60.9,general,684
Nick_Leibham,2008,45,13,-1469.0,8,10,2,2008-08-05 00:02:46+00:00,2008-08-31 23:49:52+00:00,House,California,California 50,Democratic,,,False,False,45.2,general,26
Greg_Walden,2008,44,27,4170.0,13,8,2,2006-11-09 00:17:36+00:00,2008-10-24 02:48:57+00:00,House,Oregon,Oregon 2,Republican,,,True,True,69.5,general,715
Michael_McCaul,2008,44,33,2020.0,8,11,0,2006-11-12 20:25:59+00:00,2008-10-18 16:35:54+00:00,House,Texas,Texas 10,Republican,,,True,True,53.9,general,705
Tom_Casperson,2008,44,17,3204.0,5,9,1,2006-11-25 19:24:24+00:00,2008-09-15 09:59:10+00:00,House,Michigan,Michigan 1,Republican,,,False,False,,general,659
Mark_McCracken,2008,43,19,1620.0,13,11,1,2006-12-27 13:49:18+00:00,2008-10-02 19:23:17+00:00,House,Pennsylvania,Pennsylvania 5,Democratic,,,False,False,41.0,general,645
Suzanne_Kosmas,2008,43,23,2390.0,13,9,0,2008-07-07 07:09:43+00:00,2008-10-17 20:07:38+00:00,House,Florida,Florida 24,Democratic,,,False,True,57.2,general,102
Tom_Perriello,2008,43,25,6095.0,9,10,0,2007-11-03 02:02:58+00:00,2008-10-31 15:44:38+00:00,House,Virginia,Virginia 5,Democratic,,,False,True,50.1,general,363
Charlie_Gonzalez,2008,42,34,1789.0,11,5,1,2006-11-12 20:52:20+00:00,2008-10-18 13:53:00+00:00,House,Texas,Texas 20,Democratic,,,True,True,71.9,general,705
Ed_Whitfield,2008,42,30,1173.0,11,5,1,2006-11-10 13:55:12+00:00,2008-10-24 02:24:23+00:00,House,Kentucky,Kentucky 1,Republican,,,True,True,64.3,general,713
Rick_Boucher,2008,42,35,1095.0,8,4,1,2006-11-08 13:57:12+00:00,2008-10-18 13:36:09+00:00,House,Virginia,Virginia 9,Democratic,,,True,True,97.1,general,709
Todd_Platts,2008,42,31,675.0,9,10,1,2006-11-08 05:06:29+00:00,2008-10-26 03:02:21+00:00,House,Pennsylvania,Pennsylvania 19,Republican,,,True,True,66.6,general,717
Tom_Latham_(politician),2008,41,36,1971.0,11,6,1,2006-11-10 06:50:22+00:00,2008-10-27 06:46:05+00:00,House,Iowa,Iowa 4,Republican,,,True,True,60.6,general,716
Dale_Sweetland,2008,40,14,-732.0,2,4,1,2008-06-16 16:56:47+00:00,2008-10-11 18:30:04+00:00,House,New York,New York 25,Republican,,,False,False,41.9,general,117
Duane_Sand,2008,40,18,2581.0,4,7,2,2006-11-11 20:56:40+00:00,2008-10-12 16:21:27+00:00,House,North Dakota,North Dakota at-large,Republican,,,False,False,38.0,general,700
John_Boccieri,2008,40,24,3401.0,2,15,0,2007-04-19 20:14:44+00:00,2008-11-03 23:50:22+00:00,House,Ohio,Ohio 16,Democratic,,,False,True,55.4,general,564
Vivian_Davis_Figures,2008,39,21,6291.0,8,5,0,2007-07-28 18:22:28+00:00,2008-11-03 22:46:52+00:00,Senate,Alabama,,Democratic,,,False,False,36.5,general,464
Parker_Griffith,2008,38,15,3301.0,5,4,1,2006-11-17 21:02:33+00:00,2008-11-04 07:53:13+00:00,House,Alabama,Alabama 5,Democratic,R+6,6.0,False,True,51.5,general,717
Randy_Neugebauer,2008,38,22,3508.0,5,1,0,2006-11-22 05:34:49+00:00,2008-10-23 00:01:41+00:00,House,Texas,Texas 19,Republican,,,True,True,72.4,general,700
Tamara_Millay,2008,38,14,480.0,22,0,0,2006-11-11 15:12:55+00:00,2008-10-05 02:26:43+00:00,House,Missouri,Missouri 9,Libertarian,,,False,False,2.5,general,693
Bill_Cassidy,2008,37,26,1419.0,10,9,0,2007-02-08 16:12:48+00:00,2008-11-03 19:50:19+00:00,House,Louisiana,Louisiana 6,Republican,,,False,True,48.1,general,634
Jeff_Fortenberry,2008,37,30,2044.0,14,3,0,2006-11-10 15:43:15+00:00,2008-11-04 23:18:56+00:00,House,Nebraska,Nebraska 1,Republican,,,True,True,70.4,general,725
Joel_Dykstra,2008,37,23,1996.0,6,4,0,2006-11-10 00:58:59+00:00,2008-11-04 03:50:17+00:00,Senate,South Dakota,,Republican,,,False,False,37.5,general,725
Bob_Conley_(politician),2008,36,17,4108.0,4,12,0,2008-06-26 00:15:22+00:00,2008-10-30 05:50:08+00:00,Senate,South Carolina,,Democratic,,,False,False,42.3,general,126
Dan_Maffei,2008,36,6,8898.0,1,4,0,2006-11-11 21:37:51+00:00,2008-11-02 00:09:02+00:00,House,New York,New York 25,Democratic,,,False,True,54.8,general,721
Kenny_Marchant,2008,36,26,2670.0,12,5,1,2006-11-12 21:05:19+00:00,2008-09-21 22:29:13+00:00,House,Texas,Texas 24,Republican,,,True,True,56.0,general,679
Scott_Kleeb,2008,36,19,4455.0,9,5,1,2006-11-11 21:11:12+00:00,2008-11-03 14:40:50+00:00,Senate,Nebraska,,Democratic,,,False,False,40.1,general,722
Bill_Shuster,2008,35,27,751.0,8,5,2,2006-11-12 01:54:14+00:00,2008-10-29 18:36:25+00:00,House,Pennsylvania,Pennsylvania 9,Republican,,,True,True,63.9,general,717
Charlie_Summers,2008,35,25,2056.0,8,12,0,2006-12-12 21:26:31+00:00,2008-10-20 00:27:22+00:00,House,Maine,Maine 1,Republican,,,False,False,45.1,general,677
Judy_Baker,2008,35,17,3264.0,6,4,2,2007-02-03 02:02:19+00:00,2008-10-03 18:25:49+00:00,House,Missouri,Missouri 9,Democratic,,,False,False,47.5,general,608
Malik_Rahim,2008,35,28,1116.0,9,9,0,2007-02-12 14:58:43+00:00,2008-11-02 05:58:15+00:00,House,Louisiana,Louisiana 2,Green,,,False,False,2.8,general,628
Marcia_Fudge,2008,35,8,5482.0,5,0,1,2008-09-12 13:25:37+00:00,2008-10-26 16:27:02+00:00,House,Ohio,Ohio 11,Democratic,,,False,True,97.19,special,44
Max_Yashirin,2008,35,12,6598.0,2,2,0,2008-05-04 19:32:35+00:00,2008-10-17 13:13:00+00:00,House,Nebraska,Nebraska 1,Democratic,,,False,False,29.6,general,165
Chris_Cole_(politician),2008,34,24,1654.0,6,8,0,2006-11-12 21:46:11+00:00,2008-11-03 03:42:23+00:00,Senate,North Carolina,,Libertarian,,,False,False,3.1,general,721
Duncan_D._Hunter,2008,34,13,5259.0,7,2,1,2008-06-12 18:26:39+00:00,2008-10-10 01:05:34+00:00,House,California,California 52,Republican,,,False,True,56.4,general,119
Chris_Lee_(New_York_politician),2008,33,13,8902.0,14,4,2,2008-05-06 01:02:33+00:00,2008-11-02 19:35:56+00:00,House,New York,New York 26,Republican,,,False,True,55.0,general,180
Barry_Welsh,2008,32,19,1292.0,7,6,1,2006-11-09 00:34:45+00:00,2008-11-04 16:47:39+00:00,House,Indiana,Indiana 6,Democratic,,,False,False,33.4,general,726
Bobby_Saxon,2008,32,18,3409.0,8,12,0,2008-01-24 15:48:06+00:00,2008-10-13 20:52:01+00:00,House,Georgia,Georgia 10,Democratic,,,False,False,39.3,general,263
Mac_Thornberry,2008,32,22,2140.0,7,2,1,2006-11-11 15:33:40+00:00,2008-10-18 16:44:06+00:00,House,Texas,Texas 13,Republican,,,True,True,77.6,general,707
Martin_Heinrich,2008,32,23,4435.0,7,7,0,2007-04-13 06:53:03+00:00,2008-11-04 20:09:32+00:00,House,New Mexico,New Mexico 1,Democratic,,,False,True,55.7,general,571
Walt_Minnick,2008,32,15,2050.0,1,6,0,2008-01-07 04:05:38+00:00,2008-10-25 15:47:29+00:00,House,Idaho,Idaho 1,Democratic,,,False,True,50.6,general,292
David_Cappiello,2008,31,8,149.0,1,17,0,2008-07-10 01:31:14+00:00,2008-10-10 00:45:33+00:00,House,Connecticut,Connecticut 5,Republican,,,False,False,39.0,general,91
Eric_Roberson,2008,30,24,635.0,9,12,0,2007-01-04 08:18:15+00:00,2008-10-23 10:15:55+00:00,House,Texas,Texas 32,Democratic,,,False,False,40.6,general,658
Daniel_Johnson_(naval_officer),2008,28,11,11178.0,5,1,0,2007-09-13 12:41:17+00:00,2008-11-02 13:43:07+00:00,House,North Carolina,North Carolina 10,Democratic,,,False,False,42.4,general,416
Phil_Roe_(politician),2008,28,11,3333.0,4,1,0,2008-08-08 04:06:57+00:00,2008-11-04 20:53:28+00:00,House,Tennessee,Tennessee 1,Republican,,,False,True,71.8,general,88
Bob_Tuke,2008,27,13,1620.0,6,1,0,2008-08-04 22:16:18+00:00,2008-09-30 15:57:51+00:00,Senate,Tennessee,,Democratic,,,False,False,31.6,general,56
Eric_Massa,2008,27,19,3651.0,9,5,1,2006-11-11 21:41:57+00:00,2008-11-04 05:53:22+00:00,House,New York,New York 29,Democratic,,,False,True,51.0,general,723
Larry_Kissell,2008,27,18,2001.0,3,6,0,2006-11-10 04:49:35+00:00,2008-10-08 05:53:00+00:00,House,North Carolina,North Carolina 8,Democratic,,,False,True,55.4,general,698
Bill_Posey,2008,25,18,1200.0,4,5,1,2007-02-01 21:24:38+00:00,2008-10-22 21:47:27+00:00,House,Florida,Florida 15,Republican,,,False,True,53.1,general,629
Glenn_Nye,2008,25,6,3386.0,5,0,0,2008-07-17 16:47:36+00:00,2008-11-01 15:49:16+00:00,House,Virginia,Virginia 2,Democratic,,,False,True,52.4,general,106
Jim_Himes,2008,24,14,1672.0,5,6,0,2008-03-06 04:00:08+00:00,2008-10-25 02:55:56+00:00,House,Connecticut,Connecticut 4,Democratic,,,False,True,51.3,general,232
Christopher_Reed_(politician),2008,21,4,3193.0,5,0,0,2008-10-10 00:58:49+00:00,2008-10-30 20:50:56+00:00,Senate,Iowa,,Republican,,,False,False,37.3,general,20
Tom_Manion,2008,21,15,-1529.0,2,6,0,2008-03-22 05:17:18+00:00,2008-09-03 18:49:24+00:00,House,Pennsylvania,Pennsylvania 8,Republican,,,False,False,41.6,general,165
Harry_Taylor_(activist),2008,20,12,976.0,9,2,0,2006-11-17 04:25:17+00:00,2008-10-06 15:14:30+00:00,House,North Carolina,North Carolina 9,Democratic,,,False,False,35.9,general,689
Alan_Grayson,2008,19,11,1356.0,4,2,0,2008-07-28 14:55:01+00:00,2008-11-03 22:22:26+00:00,House,Florida,Florida 8,Democratic,,,False,True,52.0,general,98
Lyle_Larson,2008,19,16,-608.0,5,3,0,2007-05-12 21:01:01+00:00,2008-09-26 20:49:12+00:00,House,Texas,Texas 23,Republican,,,False,False,41.9,general,502
Tom_Rooney_(Florida_politician),2008,19,15,84.0,2,7,0,2008-08-30 21:40:27+00:00,2008-11-04 17:50:44+00:00,House,Florida,Florida 16,Republican,,,False,True,60.1,general,65
Glenn_Thompson_(politician),2008,18,11,602.0,3,3,0,2008-04-11 14:20:19+00:00,2008-11-01 00:05:24+00:00,House,Pennsylvania,Pennsylvania 5,Republican,,,False,True,56.7,general,203
Kirk_Schuring,2008,18,9,1488.0,1,3,0,2008-02-12 05:19:23+00:00,2008-10-09 22:10:01+00:00,House,Ohio,Ohio 16,Republican,,,False,False,44.6,general,240
Paul_Carmouche,2008,18,12,-72.0,4,2,0,2008-05-12 21:36:42+00:00,2008-10-19 02:55:58+00:00,House,Louisiana,Louisiana 4,Democratic,,,False,False,47.7,general,159
Bob_Kelleher,2008,17,4,2169.0,0,0,0,2008-09-08 17:20:32+00:00,2008-11-03 14:30:39+00:00,Senate,Montana,,Republican,,,False,False,27.1,general,55
Colleen_Callahan,2008,17,8,2910.0,3,0,1,2008-05-28 05:02:46+00:00,2008-10-21 08:20:41+00:00,House,Illinois,Illinois 18,Democratic,,,False,False,37.9,general,146
Don_Cooney,2008,17,9,452.0,6,3,0,2008-08-13 01:16:03+00:00,2008-10-05 19:43:29+00:00,House,Michigan,Michigan 6,Democratic,,,False,False,38.6,general,53
Gerry_Connolly,2008,17,7,3317.0,4,1,0,2008-07-17 14:49:21+00:00,2008-10-18 19:02:16+00:00,House,Virginia,Virginia 11,Democratic,,,False,True,54.7,general,93
Monty_Lankford,2008,17,5,946.0,1,0,0,2008-10-13 23:32:34+00:00,2008-10-25 00:13:39+00:00,House,Tennessee,Tennessee 4,Republican,,,False,False,37.8,general,11
Alice_Kryzan,2008,16,8,3683.0,2,0,0,2008-09-12 16:43:00+00:00,2008-11-02 01:19:41+00:00,House,New York,New York 26,Democratic,,,False,False,40.5,general,50
Hugh_Webster_(politician),2008,15,11,256.0,2,5,1,2006-11-09 03:41:20+00:00,2008-09-02 03:55:19+00:00,House,North Carolina,North Carolina 13,Republican,,,False,False,34.1,general,663
Kurt_Schrader,2008,15,7,1761.0,2,0,0,2008-04-15 00:24:27+00:00,2008-10-01 03:54:37+00:00,House,Oregon,Oregon 5,Democratic,,,False,True,54.3,general,169
Martin_Koppel,2008,15,8,536.0,3,1,0,2006-12-29 23:14:07+00:00,2008-08-22 01:40:19+00:00,House,New York,New York 15,Socialist Workers,,,False,False,1.1,general,601
Debbie_Holmes,2008,14,5,445.0,4,4,0,2008-06-10 00:29:06+00:00,2008-09-02 20:44:54+00:00,House,Idaho,Idaho 2,Democratic,,,False,False,29.0,general,84
Burt_Saunders,2008,13,9,946.0,2,8,0,2007-10-16 06:03:40+00:00,2008-10-28 18:20:58+00:00,House,Florida,Florida 14,Independent,,,False,False,14.5,general,378
Darren_White_(politician),2008,13,7,1319.0,3,1,0,2008-03-12 04:01:49+00:00,2008-10-29 03:31:33+00:00,House,New Mexico,New Mexico 1,Republican,,,False,False,44.3,general,230
Jim_Trakas,2008,13,10,246.0,5,4,0,2008-03-19 18:16:15+00:00,2008-10-19 22:40:13+00:00,House,Ohio,Ohio 10,Republican,,,False,False,39.1,general,214
Steve_Sarvi,2008,13,9,1225.0,1,3,1,2007-10-05 18:44:05+00:00,2008-10-20 17:26:46+00:00,House,Minnesota,Minnesota 2,DFL,,,False,False,42.6,general,380
Bob_Bird_(politician),2008,12,9,2933.0,2,5,0,2008-06-23 18:26:53+00:00,2008-10-30 00:09:40+00:00,Senate,Alaska,,Alaskan Independence,,,False,False,4.2,general,128
Craig_Weber,2008,12,5,486.0,1,0,0,2008-05-31 21:07:02+00:00,2008-06-29 22:07:03+00:00,House,North Carolina,North Carolina 3,Democratic,,,False,False,34.1,general,29
David_Hartsuch,2008,12,5,1038.0,3,1,0,2007-03-18 12:47:48+00:00,2008-09-03 19:19:29+00:00,House,Iowa,Iowa 1,Republican,,,False,False,35.4,general,535
Jonathan_Scott_(politician),2008,12,8,-417.0,3,2,0,2008-05-01 18:54:07+00:00,2008-10-06 04:14:20+00:00,House,Rhode Island,Rhode Island 1,Republican,,,False,False,24.3,general,157
Fred_Dailey,2008,11,8,1011.0,1,2,0,2008-03-16 07:00:40+00:00,2008-11-03 01:31:13+00:00,House,Ohio,Ohio 18,Republican,,,False,False,40.1,general,231
Gregg_Harper,2008,9,3,441.0,1,0,0,2008-04-07 05:48:37+00:00,2008-10-16 17:03:27+00:00,House,Mississippi,Mississippi 3,Republican,,,False,True,62.5,general,192
Larry_Stafford,2008,8,1,41.0,0,0,0,2008-06-11 02:41:04+00:00,2008-06-11 03:03:00+00:00,Senate,Illinois,,Libertarian,,,False,False,0.9,general,0
Phil_Avillo,2008,8,5,36.0,2,0,0,2006-12-06 00:29:40+00:00,2008-07-27 07:43:26+00:00,House,Pennsylvania,Pennsylvania 19,Democratic,,,False,False,33.4,general,599
Bill_Day_(politician),2008,7,3,-467.0,2,0,0,2007-10-05 15:01:23+00:00,2008-08-14 01:46:58+00:00,House,Virginia,Virginia 1,Democratic,,,False,False,41.8,general,313
Brett_Guthrie,2008,7,5,987.0,1,1,0,2008-04-13 02:43:43+00:00,2008-10-27 04:17:26+00:00,House,Kentucky,Kentucky 2,Republican,,,False,True,52.6,general,197
David_Boswell_(Kentucky_politician),2008,7,4,231.0,0,0,0,2008-06-06 14:49:39+00:00,2008-10-27 04:16:19+00:00,House,Kentucky,Kentucky 2,Democratic,,,False,False,47.4,general,142
Edward_Daniels,2008,7,5,122.0,3,0,0,2007-09-07 23:42:42+00:00,2008-09-18 18:08:50+00:00,House,New York,New York 15,Republican,,,False,False,7.9,general,376
Bob_Roggio,2008,6,4,0.0,1,0,0,2008-01-30 23:00:46+00:00,2008-10-30 21:53:42+00:00,House,Pennsylvania,Pennsylvania 6,Democratic,,,False,False,47.9,general,273
Roger_B._Evans,2008,6,3,524.0,1,0,0,2008-10-29 04:14:01+00:00,2008-10-30 20:30:17+00:00,House,Hawaii,Hawaii 2,Republican,,,False,False,20.4,general,1
Toni_Gilhooley,2008,5,5,-339.0,2,0,0,2008-05-24 00:38:33+00:00,2008-06-27 05:21:58+00:00,House,Pennsylvania,Pennsylvania 17,Republican,,,False,False,36.3,general,34
Craig_Schley,2008,4,4,26.0,1,0,0,2008-10-16 16:32:29+00:00,2008-11-04 10:41:07+00:00,House,New York,New York 15,Independent,,,False,False,1.9,general,18
Mike_Montagano,2008,4,2,1085.0,2,0,0,2008-10-13 02:16:06+00:00,2008-10-29 19:09:39+00:00,House,Indiana,Indiana 3,Democratic,,,False,False,39.7,general,16
Robert_Denison,2008,4,4,22.0,1,1,0,2008-10-03 10:03:36+00:00,2008-10-31 07:15:22+00:00,House,Michigan,Michigan 10,Democratic,,,False,False,31.2,general,27
Don_Cravins_Jr.,2008,3,2,42.0,1,0,0,2008-09-09 21:45:16+00:00,2008-10-31 05:21:56+00:00,House,Louisiana,Louisiana 7,Democratic,,,False,False,34.3,general,51
Joshua_Zeitz,2008,3,2,493.0,0,0,0,2008-07-27 07:21:55+00:00,2008-07-28 05:36:28+00:00,House,New Jersey,New Jersey 4,Democratic,,,False,False,32.6,general,0
Scott_Starin,2008,3,3,-27.0,1,1,0,2008-09-03 23:57:40+00:00,2008-11-02 17:13:10+00:00,House,Colorado,Colorado 2,Republican,,,False,False,33.9,general,59
Ed_Choate,2008,2,2,3.0,1,0,1,2007-07-03 01:56:22+00:00,2007-10-01 15:39:31+00:00,House,Tennessee,Tennessee 3,Independent,,,False,False,1.4,general,90
Jonathan_Powers,2008,2,2,0.0,0,0,0,2007-08-22 21:36:16+00:00,2007-08-22 22:02:31+00:00,House,New York,New York 26,Working Families,,,False,False,4.5,general,0
Sydney_Hay,2008,2,2,62.0,1,0,1,2007-12-24 20:34:59+00:00,2008-10-31 14:00:13+00:00,House,Arizona,Arizona 1,Republican,R+2,2.0,False,False,39.4,general,311
Anita_Hartke,2008,1,1,0.0,0,0,0,2008-08-26 18:34:34+00:00,2008-08-26 18:34:34+00:00,House,Virginia,Virginia 7,Democratic,,,False,False,37.1,general,0
Anne_Barth,2008,1,1,0.0,0,0,0,2008-10-19 18:50:44+00:00,2008-10-19 18:50:44+00:00,House,West Virginia,West Virginia 2,Democratic,,,False,False,42.9,general,0
Annette_Taddeo,2008,1,1,0.0,0,0,0,2008-10-28 20:31:52+00:00,2008-10-28 20:31:52+00:00,House,Florida,Florida 18,Democratic,,,False,False,42.1,general,0
Blaine_Luetkemeyer,2008,1,1,0.0,0,0,0,2008-10-28 20:21:42+00:00,2008-10-28 20:21:42+00:00,House,Missouri,Missouri 9,Republican,,,False,True,50.0,general,0
Bob_Lord_(politician),2008,1,1,0.0,0,0,0,2008-10-27 03:51:36+00:00,2008-10-27 03:51:36+00:00,House,Arizona,Arizona 3,Democratic,R+6,6.0,False,False,42.1,general,0
Bruce_Slater,2008,1,1,0.0,0,0,0,2008-10-02 03:42:37+00:00,2008-10-02 03:42:37+00:00,House,Pennsylvania,Pennsylvania 16,Democratic,,,False,False,39.4,general,0
John_Faulk,2008,1,1,0.0,0,0,0,2007-06-18 16:05:36+00:00,2007-06-18 16:05:36+00:00,House,Texas,Texas 18,Republican,,,False,False,20.3,general,0
John_Larson,2008,1,1,0.0,0,0,0,2008-04-11 16:33:26+00:00,2008-04-11 16:33:26+00:00,House,Connecticut,Connecticut 1,Democratic,,,True,True,71.6,general,0
Kathy_Dahlkemper,2008,1,1,0.0,0,0,0,2008-10-01 01:44:59+00:00,2008-10-01 01:44:59+00:00,House,Pennsylvania,Pennsylvania 3,Democratic,,,False,True,51.2,general,0
Kieran_Michael_Lalor,2008,1,1,0.0,1,0,0,2007-07-20 07:35:45+00:00,2007-07-20 07:35:45+00:00,House,New York,New York 19,Republican,,,False,False,41.3,general,0
Navraj_Singh,2008,1,1,0.0,0,0,0,2008-06-13 23:56:56+00:00,2008-06-13 23:56:56+00:00,House,California,California 27,Republican,,,False,False,24.8,general,0
Noah_Lemas,2008,1,1,0.0,0,0,0,2008-04-13 20:49:31+00:00,2008-04-13 20:49:31+00:00,House,Oregon,Oregon 2,Democratic,,,False,False,25.8,general,0
Sam_Bennett_(Pennsylvania_politician),2008,1,1,0.0,0,0,0,2008-10-02 03:47:40+00:00,2008-10-02 03:47:40+00:00,House,Pennsylvania,Pennsylvania 15,Democratic,,,False,False,41.4,general,0
Steve_Cox_(Illinois_politician),2008,1,1,0.0,0,0,0,2008-10-24 00:57:25+00:00,2008-10-24 00:57:25+00:00,House,Illinois,Illinois 15,Democratic,,,False,False,35.8,general,0
Tony_Barr,2008,1,1,0.0,0,0,0,2006-12-17 19:47:22+00:00,2006-12-17 19:47:22+00:00,House,Pennsylvania,Pennsylvania 9,Democratic,,,False,False,36.1,general,0
Scott_Brown_(politician),2010,1523,380,51976.0,310,192,9,2008-11-19 20:06:31+00:00,2010-10-18 14:18:06+00:00,Senate,Massachusetts,,Republican,,,False,True,51.9,special,697
Linda_McMahon,2010,1477,272,43036.0,273,191,17,2008-11-11 18:43:30+00:00,2010-11-02 02:14:14+00:00,Senate,Connecticut,,Republican,,,False,False,43.3,general,720
Barney_Frank,2010,1400,557,22069.0,309,422,9,2008-11-05 05:31:15+00:00,2010-11-02 20:48:23+00:00,House,Massachusetts,Massachusetts 4,Democratic,D+14,-14.0,True,True,53.9,general,727
Michele_Bachmann,2010,1364,547,-3388.0,239,403,15,2008-11-05 03:39:13+00:00,2010-10-31 15:44:28+00:00,House,Minnesota,Minnesota 6,Republican,R+7,7.0,True,True,52.5,general,725
Ron_Paul,2010,1249,580,27139.0,431,393,17,2008-11-06 00:42:10+00:00,2010-11-02 23:30:58+00:00,House,Texas,Texas 14,Republican,R+18,18.0,True,True,76.0,general,726
Alan_Grayson,2010,1144,353,29329.0,247,218,5,2008-11-05 14:46:50+00:00,2010-11-02 17:53:59+00:00,House,Florida,Florida 8,Democratic,R+2,2.0,True,False,38.2,general,727
Mark_Kirk,2010,1093,318,12769.0,162,281,10,2008-11-05 00:40:38+00:00,2010-10-31 17:19:08+00:00,Senate,Illinois,,Republican,,,False,True,48.2,general,725
Nancy_Pelosi,2010,1080,522,8252.0,297,271,9,2008-11-05 00:20:35+00:00,2010-10-25 12:32:41+00:00,House,California,California 8,Democratic,D+35,-35.0,True,True,80.1,general,719
Rand_Paul,2010,1074,257,65688.0,242,96,14,2009-03-19 04:11:12+00:00,2010-11-02 23:51:52+00:00,Senate,Kentucky,,Republican,,,False,True,55.8,general,593
Joseph_Cao,2010,958,270,51904.0,145,130,10,2008-11-06 23:25:02+00:00,2010-11-02 21:13:46+00:00,House,Louisiana,Louisiana 2,Republican,D+25,-25.0,True,False,33.5,general,725
Kirsten_Gillibrand,2010,927,348,50292.0,178,211,5,2008-11-05 08:12:20+00:00,2010-10-24 19:54:40+00:00,Senate,New York,,Democratic,,,False,True,59.6,special,718
Charlie_Crist,2010,914,325,6250.0,154,210,7,2008-11-06 18:22:22+00:00,2010-10-28 08:16:31+00:00,Senate,Florida,,Independent,,,False,False,29.7,general,720
John_Boehner,2010,858,493,2036.0,173,416,6,2008-11-06 19:46:53+00:00,2010-11-02 09:48:47+00:00,House,Ohio,Ohio 8,Republican,R+14,14.0,True,True,65.6,general,725
Harry_Reid,2010,830,469,-24844.0,234,345,5,2008-11-05 18:04:26+00:00,2010-11-02 03:16:42+00:00,Senate,Nevada,,Democratic,,,False,True,50.2,general,726
Alvin_Greene,2010,822,289,43774.0,138,197,3,2010-06-09 02:36:44+00:00,2010-11-02 12:57:44+00:00,Senate,South Carolina,,Democratic,,,False,False,28.2,general,146
Carly_Fiorina,2010,815,245,19189.0,216,185,4,2008-11-09 04:20:24+00:00,2010-11-02 20:15:48+00:00,Senate,California,,Republican,,,False,False,42.5,general,723
John_McCain,2010,761,396,12795.0,271,98,5,2008-11-05 04:46:15+00:00,2010-10-30 11:47:47+00:00,Senate,Arizona,,Republican,,,False,True,59.2,general,724
Barbara_Boxer,2010,726,409,924.0,154,306,7,2008-11-06 09:22:54+00:00,2010-11-02 03:22:49+00:00,Senate,California,,Democratic,,,False,True,52.1,general,725
Jim_Moran,2010,650,128,53078.0,235,65,4,2008-11-08 21:18:24+00:00,2010-11-01 19:44:43+00:00,House,Virginia,Virginia 8,Democratic,D+16,-16.0,True,True,61.0,general,722
Sharron_Angle,2010,648,230,44281.0,149,190,6,2009-01-22 10:23:29+00:00,2010-10-31 18:18:42+00:00,Senate,Nevada,,Republican,,,False,False,44.6,general,647
Richard_Blumenthal,2010,623,227,28935.0,86,228,5,2008-11-08 10:28:29+00:00,2010-10-30 14:23:00+00:00,Senate,Connecticut,,Democratic,,,False,True,55.1,general,721
Eric_Cantor,2010,617,286,25308.0,119,286,6,2008-11-05 22:36:55+00:00,2010-10-30 22:22:17+00:00,House,Virginia,Virginia 7,Republican,R+9,9.0,True,True,59.2,general,723
Dan_Debicella,2010,586,56,19946.0,44,368,5,2008-11-08 03:42:21+00:00,2010-10-25 01:06:34+00:00,House,Connecticut,Connecticut 4,Republican,D+5,-5.0,False,False,46.9,general,715
Martha_Coakley,2010,584,198,23619.0,115,136,4,2008-11-26 04:38:58+00:00,2010-11-01 20:12:32+00:00,Senate,Massachusetts,,Democratic,,,False,False,47.1,special,705
Michael_Bennet,2010,550,215,20754.0,102,164,4,2009-01-02 17:38:44+00:00,2010-11-02 15:10:04+00:00,Senate,Colorado,,Democratic,,,False,True,48.1,general,668
Alexi_Giannoulias,2010,547,202,28075.0,64,220,6,2008-12-03 05:12:33+00:00,2010-10-30 19:32:10+00:00,Senate,Illinois,,Democratic,,,False,False,46.3,general,696
Frank_Guinta,2010,522,98,9740.0,60,165,3,2008-11-12 08:40:35+00:00,2010-10-25 13:40:44+00:00,House,New Hampshire,New Hampshire 1,Republican,Even,0.0,False,True,54.0,general,712
Charles_Rangel,2010,521,237,75286.0,110,172,6,2008-11-09 17:54:35+00:00,2010-11-01 22:53:19+00:00,House,New York,New York 15,Democratic,D+41,-41.0,True,True,80.4,general,722
Joe_Sestak,2010,520,240,26132.0,81,188,5,2008-11-05 07:09:09+00:00,2010-10-25 20:19:58+00:00,Senate,Pennsylvania,,Democratic,,,False,False,48.99,general,719
Jim_DeMint,2010,513,274,5458.0,126,216,6,2008-11-10 14:10:38+00:00,2010-11-01 19:36:46+00:00,Senate,South Carolina,,Republican,,,False,True,62.4,general,721
David_Vitter,2010,496,205,9547.0,106,123,11,2008-11-26 17:40:49+00:00,2010-11-02 15:46:03+00:00,Senate,Louisiana,,Republican,,,False,True,56.6,general,705
Chuck_Schumer,2010,495,291,27853.0,98,245,12,2008-11-05 09:59:29+00:00,2010-11-02 12:51:29+00:00,Senate,New York,,Democratic,,,False,True,66.3,general,727
Joe_Miller_(Alaska_politician),2010,493,135,31195.0,108,116,4,2010-06-03 18:57:59+00:00,2010-11-02 22:57:04+00:00,Senate,Alaska,,Republican,,,False,False,35.5,general,152
Tom_Perriello,2010,467,148,6698.0,80,154,4,2008-11-05 09:44:11+00:00,2010-11-02 00:14:53+00:00,House,Virginia,Virginia 5,Democratic,R+5,5.0,True,False,47.0,general,726
Jesse_Jackson_Jr.,2010,450,193,15565.0,82,106,7,2008-11-05 21:37:56+00:00,2010-10-27 04:14:42+00:00,House,Illinois,Illinois 2,Democratic,D+36,-36.0,True,True,80.5,general,720
Dan_Coats,2010,449,104,12384.0,95,127,7,2008-11-12 15:43:32+00:00,2010-11-02 23:24:35+00:00,Senate,Indiana,,Republican,,,False,True,54.6,general,720
Tom_Coburn,2010,430,174,19312.0,113,104,7,2008-11-07 23:31:59+00:00,2010-10-26 19:45:19+00:00,Senate,Oklahoma,,Republican,,,False,True,70.5,general,717
Pat_Toomey,2010,415,158,14144.0,84,133,9,2008-12-01 23:24:38+00:00,2010-11-02 19:39:32+00:00,Senate,Pennsylvania,,Republican,,,False,True,51.01,general,700
Marco_Rubio,2010,406,211,3676.0,88,155,3,2008-11-15 21:38:41+00:00,2010-11-02 23:50:16+00:00,Senate,Florida,,Republican,,,False,True,48.9,general,717
Aaron_Schock,2010,386,173,17280.0,59,176,5,2008-11-05 00:59:47+00:00,2010-10-24 16:59:03+00:00,House,Illinois,Illinois 18,Republican,R+6,6.0,True,True,69.1,general,718
Chuck_Grassley,2010,373,169,14571.0,97,84,3,2008-11-05 13:57:52+00:00,2010-11-02 21:31:35+00:00,Senate,Iowa,,Republican,,,False,True,64.5,general,727
Daniel_Inouye,2010,373,208,13529.0,88,114,3,2008-11-05 01:13:37+00:00,2010-11-02 22:50:46+00:00,Senate,Hawaii,,Democratic,,,False,True,74.8,general,727
Keith_Fimian,2010,372,64,25836.0,67,34,7,2008-12-05 05:54:00+00:00,2010-11-02 02:44:34+00:00,House,Virginia,Virginia 11,Republican,D+2,-2.0,False,False,48.8,general,696
Steve_King,2010,359,160,11409.0,54,133,5,2008-11-05 17:38:06+00:00,2010-11-01 13:02:15+00:00,House,Iowa,Iowa 5,Republican,R+9,9.0,True,True,65.8,general,725
Maxine_Waters,2010,353,170,15092.0,79,89,8,2008-11-08 00:56:47+00:00,2010-10-30 23:29:41+00:00,House,California,California 35,Democratic,D+31,-31.0,True,True,79.3,general,721
Peter_King_(American_politician),2010,350,154,8530.0,77,107,9,2008-11-08 23:06:48+00:00,2010-10-31 23:17:14+00:00,House,New York,New York 3,Republican,R+4,4.0,True,True,72.0,general,722
Jack_Conway_(politician),2010,347,90,31731.0,51,66,4,2009-01-17 00:16:08+00:00,2010-11-02 23:58:41+00:00,Senate,Kentucky,,Democratic,,,False,False,44.2,general,654
Richard_Shelby,2010,336,175,8057.0,72,124,4,2008-11-17 00:18:53+00:00,2010-10-28 20:00:50+00:00,Senate,Alabama,,Republican,,,False,True,65.3,general,710
Bill_Owens_(New_York_politician),2010,334,120,10241.0,56,114,5,2009-08-12 01:51:02+00:00,2010-10-25 18:40:29+00:00,House,New York,New York 23,Democratic,R+1,1.0,True,True,47.5,general,439
Jeff_Perry_(politician),2010,322,61,29054.0,48,121,6,2008-11-10 16:41:21+00:00,2010-11-02 19:49:29+00:00,House,Massachusetts,Massachusetts 10,Republican,D+5,-5.0,False,False,42.4,general,722
Mary_Jo_Kilroy,2010,321,86,30846.0,40,31,2,2008-11-08 23:11:33+00:00,2010-11-02 03:12:29+00:00,House,Ohio,Ohio 15,Democratic,D+1,-1.0,True,False,41.3,general,723
Lisa_Murkowski,2010,317,179,14030.0,55,107,2,2008-11-05 13:08:52+00:00,2010-11-02 06:21:18+00:00,Senate,Alaska,,Republican write-in,,,False,True,39.5,general,726
Jane_Harman,2010,307,144,9944.0,74,90,3,2008-11-07 01:57:56+00:00,2010-11-02 22:42:32+00:00,House,California,California 36,Democratic,D+12,-12.0,True,True,59.6,general,725
Anthony_Weiner,2010,305,202,13536.0,65,128,4,2008-11-10 08:42:59+00:00,2010-10-28 20:09:35+00:00,House,New York,New York 9,Democratic,D+5,-5.0,True,True,60.8,general,717
Phil_Hare,2010,301,110,6711.0,35,102,3,2008-11-05 21:05:20+00:00,2010-10-24 17:04:57+00:00,House,Illinois,Illinois 17,Democratic,D+3,-3.0,True,False,43.0,general,717
Pete_Stark,2010,296,195,32560.0,60,121,5,2008-11-05 05:37:22+00:00,2010-10-29 02:42:10+00:00,House,California,California 13,Democratic,D+22,-22.0,True,True,72.0,general,722
Corrine_Brown,2010,295,164,2614.0,60,134,1,2008-11-05 03:25:31+00:00,2010-10-31 05:21:15+00:00,House,Florida,Florida 3,Democratic,D+18,-18.0,True,True,63.0,general,725
Kelly_Ayotte,2010,294,98,44961.0,65,73,8,2008-12-01 17:07:16+00:00,2010-11-02 23:13:37+00:00,Senate,New Hampshire,,Republican,,,False,True,60.2,general,701
Allen_West_(politician),2010,287,130,7875.0,46,96,5,2008-11-08 07:17:03+00:00,2010-11-02 19:05:22+00:00,House,Florida,Florida 22,Republican,D+1,-1.0,False,True,54.4,general,724
Ron_Johnson,2010,284,78,12320.0,51,67,2,2010-07-14 18:39:48+00:00,2010-11-01 19:05:08+00:00,Senate,Wisconsin,,Republican,,,False,True,51.9,general,110
Richard_Burr,2010,278,139,14538.0,58,92,5,2008-11-05 02:54:04+00:00,2010-10-24 19:41:50+00:00,Senate,North Carolina,,Republican,,,False,True,55.0,general,718
Bobby_Schilling,2010,277,47,14423.0,25,131,5,2009-11-10 00:21:07+00:00,2010-10-27 02:20:27+00:00,House,Illinois,Illinois 17,Republican,D+3,-3.0,False,True,52.6,general,351
Ben_Quayle,2010,272,111,6879.0,43,89,3,2010-02-13 05:17:21+00:00,2010-11-02 14:23:36+00:00,House,Arizona,Arizona 3,Republican,R+9,9.0,False,True,52.2,general,262
Scott_Murphy,2010,271,104,11080.0,51,56,8,2009-02-02 01:51:26+00:00,2010-11-01 19:53:30+00:00,House,New York,New York 20,Democratic,R+2,2.0,True,False,45.1,general,637
Mike_Arcuri,2010,270,85,612.0,46,131,2,2008-11-05 01:11:10+00:00,2010-10-25 18:47:45+00:00,House,New York,New York 24,Democratic,R+2,2.0,True,False,46.9,general,719
Doug_Hoffman,2010,269,145,8679.0,36,110,2,2009-08-27 17:37:26+00:00,2010-11-01 00:28:42+00:00,House,New York,New York 23,Conservative,R+1,1.0,False,False,6.1,general,430
John_Adler,2010,269,123,-10328.0,52,77,2,2008-11-05 15:22:33+00:00,2010-10-28 14:56:07+00:00,House,New Jersey,New Jersey 3,Democratic,R+1,1.0,True,False,47.3,general,721
Blanche_Lincoln,2010,264,127,8391.0,51,109,3,2008-11-26 18:39:31+00:00,2010-11-02 23:48:20+00:00,Senate,Arkansas,,Democratic,,,False,False,36.9,general,706
Randy_Altschuler,2010,262,56,11048.0,17,107,1,2009-04-27 15:48:35+00:00,2010-10-31 23:10:12+00:00,House,New York,New York 1,Republican,EVEN,0.0,False,False,49.8,general,552
Dino_Rossi,2010,257,116,14652.0,68,54,8,2008-11-05 05:10:41+00:00,2010-11-01 23:20:45+00:00,Senate,Washington,,Republican,,,False,False,47.6,general,726
Ilario_Pantano,2010,257,76,9455.0,44,54,10,2008-12-18 06:12:40+00:00,2010-11-02 05:25:25+00:00,House,North Carolina,North Carolina 7,Republican,R+5,5.0,False,False,46.3,general,683
Virginia_Foxx,2010,254,129,2463.0,53,105,3,2008-11-14 11:15:38+00:00,2010-11-02 00:01:46+00:00,House,North Carolina,North Carolina 5,Republican,R+15,15.0,True,True,65.9,general,717
Bobby_Rush,2010,251,124,8722.0,50,96,2,2008-11-05 21:01:03+00:00,2010-10-24 16:31:09+00:00,House,Illinois,Illinois 1,Democratic,D+34,-34.0,True,True,80.3,general,717
Dennis_Kucinich,2010,249,136,11344.0,79,46,5,2008-11-06 05:15:09+00:00,2010-10-27 16:12:09+00:00,House,Ohio,Ohio 10,Democratic,D+8,-8.0,True,True,53.0,general,720
Joe_Barton,2010,249,140,-3406.0,55,59,7,2008-11-17 04:12:23+00:00,2010-10-29 00:59:17+00:00,House,Texas,Texas 6,Republican,R+15,15.0,True,True,65.9,general,710
Kristi_Noem,2010,248,49,12046.0,18,55,2,2010-06-10 02:10:49+00:00,2010-11-02 18:10:12+00:00,House,South Dakota,South Dakota at-large,Republican,R+9,9.0,False,True,48.1,general,145
Marsha_Blackburn,2010,248,105,6244.0,36,80,1,2008-11-21 00:19:35+00:00,2010-10-31 16:02:45+00:00,House,Tennessee,Tennessee 7,Republican,R+18,18.0,True,True,72.4,general,709
Gabby_Giffords,2010,247,91,7113.0,61,26,4,2008-11-10 20:06:39+00:00,2010-10-23 20:07:20+00:00,House,Arizona,Arizona 8,Democratic,R+4,4.0,True,True,48.8,general,712
Henry_Waxman,2010,245,149,3203.0,58,114,4,2008-11-11 11:31:13+00:00,2010-11-02 17:24:28+00:00,House,California,California 30,Democratic,D+18,-18.0,True,True,64.6,general,721
Jason_Chaffetz,2010,238,145,7367.0,47,102,3,2008-11-05 17:17:10+00:00,2010-11-02 00:43:49+00:00,House,Utah,Utah 3,Republican,R+26,26.0,True,True,72.3,general,726
John_Garamendi,2010,238,105,12036.0,45,108,2,2008-11-07 04:44:17+00:00,2010-10-29 06:54:18+00:00,House,California,California 10,Democratic,D+11,-11.0,True,True,58.8,general,721
Chris_Coons,2010,234,100,9515.0,46,64,1,2008-11-21 20:42:20+00:00,2010-11-02 10:58:51+00:00,Senate,Delaware,,Democratic,,,False,True,56.6,special,710
Ken_Buck,2010,234,78,16868.0,67,44,3,2009-05-02 20:44:57+00:00,2010-11-02 23:46:52+00:00,Senate,Colorado,,Republican,,,False,False,46.3,general,549
Sheila_Jackson_Lee,2010,234,142,6233.0,52,86,3,2008-11-06 15:14:37+00:00,2010-10-24 17:57:45+00:00,House,Texas,Texas 18,Democratic,D+24,-24.0,True,True,70.1,general,717
Russ_Feingold,2010,233,149,4638.0,71,70,5,2008-11-08 03:56:30+00:00,2010-11-02 23:43:53+00:00,Senate,Wisconsin,,Democratic,,,False,False,47.0,general,724
Bob_Etheridge,2010,231,110,6867.0,48,61,0,2008-12-02 21:30:42+00:00,2010-10-31 21:03:35+00:00,House,North Carolina,North Carolina 2,Democratic,R+2,2.0,True,False,48.7,general,697
Paul_Ryan,2010,228,114,9915.0,37,107,2,2008-11-05 19:35:12+00:00,2010-11-02 23:23:52+00:00,House,Wisconsin,Wisconsin 1,Republican,R+2,2.0,True,True,68.2,general,727
Keith_Ellison,2010,226,123,877.0,67,66,7,2008-11-05 03:58:43+00:00,2010-11-02 17:58:46+00:00,House,Minnesota,Minnesota 5,DFL,D+23,-23.0,True,True,67.7,general,727
Patty_Murray,2010,224,131,2045.0,50,88,3,2008-11-06 19:17:17+00:00,2010-11-02 16:14:40+00:00,Senate,Washington,,Democratic,,,False,True,52.4,general,725
Charles_Djou,2010,221,93,6134.0,44,53,2,2008-11-26 00:51:32+00:00,2010-10-31 23:39:50+00:00,House,Hawaii,Hawaii 1,Republican,,,False,True,39.4,special,704
Hank_Johnson,2010,219,128,7107.0,49,104,5,2008-11-05 22:00:41+00:00,2010-11-01 16:49:41+00:00,House,Georgia,Georgia 4,Democratic,D+24,-24.0,True,True,74.7,general,725
Bill_Posey,2010,218,107,7035.0,41,75,1,2008-11-06 03:29:37+00:00,2010-10-24 08:41:07+00:00,House,Florida,Florida 15,Republican,R+6,6.0,True,True,64.7,general,717
John_Dingell,2010,218,131,5219.0,48,81,5,2008-11-05 05:36:48+00:00,2010-11-01 23:57:41+00:00,House,Michigan,Michigan 15,Democratic,D+13,-13.0,True,True,56.8,general,726
Marcy_Kaptur,2010,216,108,2236.0,54,99,2,2008-11-05 11:34:09+00:00,2010-10-28 17:26:40+00:00,House,Ohio,Ohio 9,Democratic,D+10,-10.0,True,True,59.4,general,722
Joe_DioGuardi,2010,214,75,7317.0,60,52,3,2008-11-09 03:19:00+00:00,2010-11-02 01:13:14+00:00,Senate,New York,,Republican,,,False,False,33.3,special,722
Paul_Broun,2010,211,127,9513.0,46,115,1,2008-11-11 03:36:46+00:00,2010-11-02 16:01:59+00:00,House,Georgia,Georgia 10,Republican,R+15,15.0,True,True,67.4,general,721
John_Lewis,2010,210,137,4854.0,73,83,2,2008-11-05 04:27:36+00:00,2010-10-22 02:48:48+00:00,House,Georgia,Georgia 5,Democratic,D+26,-26.0,True,True,73.7,general,715
Patrick_Leahy,2010,209,115,5455.0,45,57,3,2008-11-12 22:38:54+00:00,2010-10-22 16:49:13+00:00,Senate,Vermont,,Democratic,,,False,True,64.4,general,708
Lynn_Jenkins,2010,208,116,2843.0,38,76,2,2008-11-05 07:16:47+00:00,2010-10-28 19:54:25+00:00,House,Kansas,Kansas 2,Republican,R+9,9.0,True,True,63.1,general,722
Rich_Iott,2010,200,34,20656.0,40,22,2,2010-10-10 15:34:12+00:00,2010-10-31 17:55:58+00:00,House,Ohio,Ohio 9,Republican,D+10,-10.0,False,False,40.6,general,21
Travis_Childers,2010,199,82,4754.0,40,82,3,2008-11-07 19:47:39+00:00,2010-10-31 23:19:02+00:00,House,Mississippi,Mississippi 1,Democratic,R+14,14.0,True,False,40.8,general,723
Carolyn_Maloney,2010,195,116,15619.0,36,89,2,2008-11-06 05:55:54+00:00,2010-11-01 20:47:23+00:00,House,New York,New York 14,Democratic,D+26,-26.0,True,True,75.1,general,725
Louie_Gohmert,2010,195,123,5313.0,45,86,2,2008-11-27 21:50:31+00:00,2010-11-02 00:05:47+00:00,House,Texas,Texas 1,Republican,R+21,21.0,True,True,89.7,general,704
Krystal_Ball,2010,194,73,6305.0,31,92,0,2009-12-12 13:28:28+00:00,2010-10-25 20:39:11+00:00,House,Virginia,Virginia 1,Democratic,R+7,7.0,False,False,34.8,general,317
Rosa_DeLauro,2010,193,133,4529.0,39,102,3,2008-12-14 06:39:45+00:00,2010-10-23 22:21:48+00:00,House,Connecticut,Connecticut 3,Democratic,D+9,-9.0,True,True,65.1,general,678
Erik_Paulsen,2010,192,71,6723.0,38,50,2,2008-11-06 00:39:14+00:00,2010-11-01 16:56:47+00:00,House,Minnesota,Minnesota 3,Republican,EVEN,0.0,True,True,58.8,general,725
Roy_Blunt,2010,187,109,2957.0,37,60,4,2008-11-06 17:10:08+00:00,2010-10-31 16:14:55+00:00,Senate,Missouri,,Republican,,,False,True,54.3,general,723
Adam_Kinzinger,2010,185,56,8153.0,22,76,4,2009-03-30 02:41:23+00:00,2010-11-01 04:47:06+00:00,House,Illinois,Illinois 11,Republican,R+1,1.0,False,True,57.4,general,581
Jared_Polis,2010,185,100,3684.0,32,46,5,2008-11-05 09:11:05+00:00,2010-10-23 21:38:44+00:00,House,Colorado,Colorado 2,Democratic,D+11,-11.0,True,True,57.4,general,717
Jan_Schakowsky,2010,184,98,8875.0,31,64,3,2008-11-05 21:02:42+00:00,2010-10-27 04:14:50+00:00,House,Illinois,Illinois 9,Democratic,D+20,-20.0,True,True,66.3,general,720
Steve_Austria,2010,184,74,7131.0,28,60,2,2008-11-06 21:57:42+00:00,2010-10-27 15:59:42+00:00,House,Ohio,Ohio 7,Republican,R+7,7.0,True,True,62.2,general,719
Darrell_Issa,2010,183,99,8022.0,37,63,2,2008-11-05 11:48:35+00:00,2010-10-31 13:14:57+00:00,House,California,California 49,Republican,R+10,10.0,True,True,62.8,general,725
Ileana_Ros-Lehtinen,2010,183,95,4378.0,53,64,3,2008-11-09 12:35:21+00:00,2010-10-24 09:08:43+00:00,House,Florida,Florida 18,Republican,R+3,3.0,True,True,68.9,general,713
Frank_Lucas,2010,182,122,810.0,64,62,6,2008-11-05 02:15:12+00:00,2010-10-14 21:44:46+00:00,House,Oklahoma,Oklahoma 3,Republican,R+24,24.0,True,True,78.0,general,708
Sean_Duffy,2010,179,59,6426.0,19,65,3,2009-02-20 22:45:08+00:00,2010-10-27 04:03:13+00:00,House,Wisconsin,Wisconsin 7,Republican,D+3,-3.0,False,True,52.1,general,613
Chris_Murphy,2010,177,85,13236.0,31,98,5,2008-11-05 22:58:23+00:00,2010-10-28 01:18:02+00:00,House,Connecticut,Connecticut 5,Democratic,D+2,-2.0,True,True,54.1,general,721
Ron_Wyden,2010,176,92,11076.0,45,34,2,2008-11-07 22:02:46+00:00,2010-10-22 21:07:01+00:00,Senate,Oregon,,Democratic,,,False,True,57.2,general,713
Gerry_Connolly,2010,174,63,8640.0,41,36,1,2008-11-06 16:45:19+00:00,2010-10-29 23:46:44+00:00,House,Virginia,Virginia 11,Democratic,D+2,-2.0,True,True,49.2,general,722
John_Conyers,2010,174,105,9886.0,43,60,6,2008-11-19 16:20:37+00:00,2010-11-02 13:30:23+00:00,House,Michigan,Michigan 14,Democratic,D+34,-34.0,True,True,76.8,general,712
Jim_Clyburn,2010,173,89,8274.0,38,62,4,2008-11-05 13:46:39+00:00,2010-10-27 03:43:19+00:00,House,South Carolina,South Carolina 6,Democratic,D+12,-12.0,True,True,62.9,general,720
Jim_Cooper,2010,173,66,5595.0,29,20,2,2008-11-07 21:24:48+00:00,2010-10-27 01:33:31+00:00,House,Tennessee,Tennessee 5,Democratic,D+3,-3.0,True,True,56.2,general,718
Loretta_Sanchez,2010,172,91,9791.0,34,65,2,2008-11-06 19:49:07+00:00,2010-10-31 00:02:20+00:00,House,California,California 47,Democratic,D+4,-4.0,True,True,53.0,general,723
Art_Robinson,2010,171,60,8653.0,27,51,0,2009-03-10 23:02:45+00:00,2010-10-31 03:24:29+00:00,House,Oregon,Oregon 4,Republican,D+2,-2.0,False,False,43.7,general,599
Mary_Bono,2010,171,79,4232.0,30,46,2,2008-11-08 03:46:25+00:00,2010-10-30 23:58:29+00:00,House,California,California 45,Republican,R+3,3.0,True,True,51.5,general,721
Stephen_Broden,2010,170,23,4555.0,50,18,1,2010-09-08 03:18:36+00:00,2010-11-02 06:42:21+00:00,House,Texas,Texas 30,Republican,D+27,-27.0,False,False,21.6,general,55
Judy_Chu,2010,168,76,8103.0,22,45,1,2008-11-15 04:01:31+00:00,2010-10-30 21:37:28+00:00,House,California,California 32,Democratic,D+15,-15.0,True,True,71.0,general,714
Carol_Shea-Porter,2010,167,74,6821.0,37,42,2,2008-11-05 13:37:07+00:00,2010-10-25 13:37:31+00:00,House,New Hampshire,New Hampshire 1,Democratic,Even,0.0,True,False,42.4,general,719
Melissa_Bean,2010,166,75,7231.0,27,65,1,2008-11-05 21:04:09+00:00,2010-11-01 04:23:56+00:00,House,Illinois,Illinois 8,Democratic,R+1,1.0,True,False,48.3,general,725
Trent_Franks,2010,166,83,15287.0,30,47,3,2008-12-07 03:31:35+00:00,2010-11-01 10:35:51+00:00,House,Arizona,Arizona 2,Republican,R+13,13.0,True,True,64.9,general,694
Dan_Lungren,2010,164,75,8098.0,28,49,4,2008-11-08 02:37:30+00:00,2010-10-29 06:34:45+00:00,House,California,California 3,Republican,R+6,6.0,True,True,50.1,general,720
Patrick_Murphy_(Pennsylvania_politician),2010,164,83,5507.0,25,69,1,2008-11-14 06:31:27+00:00,2010-10-27 20:07:56+00:00,House,Pennsylvania,Pennsylvania 8,Democratic,D+2,-2.0,True,False,46.5,general,712
Devin_Nunes,2010,163,36,8951.0,21,35,0,2008-11-19 01:46:38+00:00,2010-10-29 21:19:02+00:00,House,California,California 21,Republican,R+14,14.0,True,True,100.0,general,709
Walt_Minnick,2010,162,90,9831.0,24,44,4,2008-11-05 17:45:26+00:00,2010-10-29 00:24:13+00:00,House,Idaho,Idaho 1,Democratic,R+18,18.0,True,False,41.3,general,722
Bill_Flores,2010,161,19,11068.0,6,10,0,2010-04-14 14:30:42+00:00,2010-11-02 07:55:50+00:00,House,Texas,Texas 17,Republican,R+20,20.0,False,True,61.8,general,201
Jean_Schmidt,2010,161,100,7562.0,36,53,0,2008-11-06 06:18:13+00:00,2010-11-01 20:02:11+00:00,House,Ohio,Ohio 2,Republican,R+13,13.0,True,True,58.5,general,725
Eliot_Engel,2010,159,74,34616.0,31,43,7,2008-11-10 08:44:27+00:00,2010-10-28 08:35:31+00:00,House,New York,New York 17,Democratic,D+18,-18.0,True,True,72.9,general,716
Joe_Manchin,2010,159,105,6430.0,35,48,4,2008-11-05 00:39:48+00:00,2010-11-02 14:03:41+00:00,Senate,West Virginia,,Democratic,,,False,True,53.5,special,727
Jim_Renacci,2010,156,38,9151.0,12,60,2,2009-09-25 19:45:11+00:00,2010-10-19 02:50:11+00:00,House,Ohio,Ohio 16,Republican,R+4,4.0,False,True,52.1,general,388
Barbara_Mikulski,2010,155,94,4139.0,33,37,2,2008-11-05 00:54:34+00:00,2010-10-29 18:01:37+00:00,Senate,Maryland,,Democratic,,,False,True,61.8,general,723
Bobby_Bright,2010,155,90,9647.0,26,40,2,2008-11-05 15:29:03+00:00,2010-10-26 15:14:34+00:00,House,Alabama,Alabama 2,Democratic,R+16,16.0,True,False,48.7,general,719
Frank_Kratovil,2010,155,67,6038.0,32,35,4,2008-11-07 23:37:15+00:00,2010-10-24 20:20:19+00:00,House,Maryland,Maryland 1,Democratic,R+13,13.0,True,False,42.0,general,715
Carolyn_McCarthy,2010,154,97,3228.0,34,54,3,2008-11-09 17:52:02+00:00,2010-10-27 21:27:20+00:00,House,New York,New York 4,Democratic,D+6,-6.0,True,True,53.6,general,717
Jim_Himes,2010,154,66,1821.0,19,87,1,2008-11-05 03:02:49+00:00,2010-10-27 14:23:28+00:00,House,Connecticut,Connecticut 4,Democratic,D+5,-5.0,True,True,53.1,general,721
Debbie_Halvorson,2010,149,72,6773.0,15,63,2,2008-11-05 18:18:17+00:00,2010-10-24 17:14:29+00:00,House,Illinois,Illinois 11,Democratic,R+1,1.0,True,False,42.6,general,717
Lee_Fisher,2010,148,77,10468.0,26,35,5,2008-11-07 01:44:50+00:00,2010-11-02 05:55:04+00:00,Senate,Ohio,,Democratic,,,False,False,39.0,general,725
Mike_Quigley,2010,148,64,6614.0,34,47,2,2008-12-01 15:32:46+00:00,2010-10-24 16:49:01+00:00,House,Illinois,Illinois 5,Democratic,D+19,-19.0,True,True,70.6,general,692
Jim_McGovern_(American_politician),2010,147,64,23480.0,31,30,3,2008-11-05 05:10:11+00:00,2010-11-02 09:05:54+00:00,House,Massachusetts,Massachusetts 3,Democratic,D+9,-9.0,True,True,56.5,general,727
Colleen_Hanabusa,2010,146,53,9074.0,21,40,1,2008-11-05 16:14:58+00:00,2010-10-29 16:44:34+00:00,House,Hawaii,Hawaii 1,Democratic,,,False,False,30.8,special,723
Dana_Rohrabacher,2010,146,93,2843.0,33,66,4,2008-11-09 02:09:15+00:00,2010-10-31 00:04:11+00:00,House,California,California 46,Republican,R+6,6.0,True,True,62.2,general,720
Robin_Carnahan,2010,146,58,9383.0,19,32,3,2008-11-21 08:20:15+00:00,2010-10-24 10:26:56+00:00,Senate,Missouri,,Democratic,,,False,False,40.6,general,702
Rob_Portman,2010,145,65,6779.0,34,26,4,2008-11-23 22:11:11+00:00,2010-11-02 23:59:32+00:00,Senate,Ohio,,Republican,,,False,True,57.3,general,709
Randy_Neugebauer,2010,143,70,7109.0,53,33,1,2008-11-16 16:47:37+00:00,2010-10-10 16:46:18+00:00,House,Texas,Texas 19,Republican,R+26,26.0,True,True,77.7,general,692
David_Wu,2010,141,64,-1052.0,28,36,2,2008-11-06 19:57:03+00:00,2010-10-29 23:33:26+00:00,House,Oregon,Oregon 1,Democratic,D+8,-8.0,True,True,54.8,general,722
Kendrick_Meek,2010,139,93,3846.0,25,67,2,2009-01-13 03:08:25+00:00,2010-11-02 13:32:09+00:00,Senate,Florida,,Democratic,,,False,False,20.1,general,658
Mike_Pence,2010,138,77,11350.0,27,55,6,2008-11-06 22:34:48+00:00,2010-10-31 17:11:03+00:00,House,Indiana,Indiana 6,Republican,R+10,10.0,True,True,66.6,general,723
Raj_Goyle,2010,138,35,10179.0,18,69,3,2009-03-05 06:54:12+00:00,2010-10-17 00:55:10+00:00,House,Kansas,Kansas 4,Democratic,R+14,14.0,False,False,36.4,general,590
Stephanie_Herseth_Sandlin,2010,138,70,3454.0,34,32,3,2008-11-07 23:58:26+00:00,2010-10-26 22:30:42+00:00,House,South Dakota,South Dakota at-large,Democratic,R+9,9.0,True,False,45.9,general,717
Kathy_Dahlkemper,2010,136,73,8240.0,23,29,1,2008-11-05 06:26:37+00:00,2010-10-27 17:15:21+00:00,House,Pennsylvania,Pennsylvania 3,Democratic,R+3,3.0,True,False,44.3,general,721
Mike_Capuano,2010,134,81,15931.0,24,46,4,2008-11-05 19:57:00+00:00,2010-10-28 18:14:04+00:00,House,Massachusetts,Massachusetts 8,Democratic,D+32,-32.0,True,True,,general,721
Heath_Shuler,2010,133,85,4949.0,29,31,2,2008-11-05 22:38:43+00:00,2010-10-25 18:51:15+00:00,House,North Carolina,North Carolina 11,Democratic,R+6,6.0,True,True,54.3,general,718
Jon_Runyan,2010,132,73,8183.0,14,52,1,2008-11-14 22:42:36+00:00,2010-11-02 15:11:59+00:00,House,New Jersey,New Jersey 3,Republican,R+1,1.0,False,True,50.0,general,717
John_Spratt,2010,131,32,1401.0,44,6,2,2008-11-05 16:07:42+00:00,2010-10-22 18:22:43+00:00,House,South Carolina,South Carolina 5,Democratic,R+7,7.0,True,False,44.9,general,716
Allen_Boyd,2010,130,60,5459.0,17,51,0,2008-12-07 21:45:15+00:00,2010-10-24 07:22:38+00:00,House,Florida,Florida 2,Democratic,R+6,6.0,True,False,41.4,general,685
Jim_Gerlach,2010,130,52,5461.0,14,28,3,2008-11-05 19:37:29+00:00,2010-10-25 22:14:26+00:00,House,Pennsylvania,Pennsylvania 6,Republican,D+4,-4.0,True,True,57.1,general,719
John_Hoeven,2010,130,70,1422.0,29,40,4,2008-11-05 17:30:01+00:00,2010-10-30 11:48:19+00:00,Senate,North Dakota,,Republican,,,False,True,76.2,general,723
Michael_McMahon,2010,130,78,7032.0,23,57,3,2008-11-05 04:45:03+00:00,2010-10-31 13:46:03+00:00,House,New York,New York 13,Democratic,R+4,4.0,True,False,48.0,general,725
Charles_Boustany,2010,128,64,2272.0,20,47,3,2008-11-21 16:42:03+00:00,2010-10-28 19:31:22+00:00,House,Louisiana,Louisiana 7,Republican,R+14,14.0,True,True,,general,706
David_Cicilline,2010,128,68,10350.0,32,25,6,2008-11-12 16:21:26+00:00,2010-10-31 14:10:53+00:00,House,Rhode Island,Rhode Island 1,Democratic,D+13,-13.0,False,True,50.6,general,717
John_Raese,2010,128,66,8967.0,37,48,0,2009-02-03 17:12:13+00:00,2010-11-02 23:32:19+00:00,Senate,West Virginia,,Republican,,,False,False,43.4,special,637
Chaka_Fattah,2010,127,62,5095.0,20,61,2,2008-11-05 15:30:50+00:00,2010-10-27 17:28:29+00:00,House,Pennsylvania,Pennsylvania 2,Democratic,D+38,-38.0,True,True,89.3,general,721
Duncan_D._Hunter,2010,127,70,6631.0,20,38,3,2008-11-05 16:12:07+00:00,2010-10-29 21:58:18+00:00,House,California,California 52,Republican,R+9,9.0,True,True,63.1,general,723
Steny_Hoyer,2010,127,80,5522.0,31,36,4,2008-11-08 02:25:57+00:00,2010-11-01 18:22:12+00:00,House,Maryland,Maryland 5,Democratic,D+11,-11.0,True,True,64.3,general,723
Tom_McClintock,2010,127,71,20614.0,26,20,2,2008-11-05 17:21:59+00:00,2010-10-29 21:15:50+00:00,House,California,California 4,Republican,R+10,10.0,True,True,61.3,general,723
Jerry_McNerney,2010,125,59,2285.0,24,16,1,2008-11-10 03:55:53+00:00,2010-11-01 21:27:46+00:00,House,California,California 11,Democratic,R+1,1.0,True,True,48.0,general,721
Peter_Roskam,2010,125,61,2879.0,29,25,2,2008-11-05 04:44:08+00:00,2010-11-01 13:35:14+00:00,House,Illinois,Illinois 6,Republican,Even,0.0,True,True,63.7,general,726
Richard_Neal,2010,125,37,23914.0,15,9,1,2009-02-23 16:51:59+00:00,2010-10-31 18:21:05+00:00,House,Massachusetts,Massachusetts 2,Democratic,D+9,-9.0,True,True,57.4,general,615
Steve_Driehaus,2010,125,63,6609.0,21,30,2,2008-11-05 14:07:09+00:00,2010-10-27 10:00:55+00:00,House,Ohio,Ohio 1,Democratic,D+1,-1.0,True,False,46.0,general,720
Debbie_Wasserman_Schultz,2010,123,79,10411.0,28,44,2,2008-11-05 22:56:55+00:00,2010-10-24 09:31:37+00:00,House,Florida,Florida 20,Democratic,D+13,-13.0,True,True,60.2,general,717
Jo_Ann_Emerson,2010,123,54,7091.0,23,51,0,2008-11-06 01:07:38+00:00,2010-11-02 16:57:56+00:00,House,Missouri,Missouri 8,Republican,R+15,15.0,True,True,65.6,general,726
Harry_Teague,2010,120,54,10603.0,18,29,3,2008-11-06 03:25:38+00:00,2010-10-25 17:53:54+00:00,House,New Mexico,New Mexico 2,Democratic,R+6,6.0,True,False,44.6,general,718
G._K._Butterfield,2010,119,59,4586.0,25,30,3,2008-11-05 09:15:07+00:00,2010-10-27 19:55:48+00:00,House,North Carolina,North Carolina 1,Democratic,D+9,-9.0,True,True,59.3,general,721
Gary_Ackerman,2010,119,76,4017.0,39,36,4,2008-11-09 17:52:36+00:00,2010-10-27 21:28:49+00:00,House,New York,New York 5,Democratic,D+12,-12.0,True,True,63.1,general,717
Paul_Hodes,2010,119,67,5133.0,29,38,3,2008-11-13 22:32:14+00:00,2010-11-01 18:31:59+00:00,Senate,New Hampshire,,Democratic,,,False,False,36.7,general,717
Pete_Sessions,2010,119,70,9694.0,24,53,5,2008-11-10 01:15:26+00:00,2010-10-27 04:59:33+00:00,House,Texas,Texas 32,Republican,R+8,8.0,True,True,62.6,general,716
Dan_Lipinski,2010,118,51,3516.0,28,33,4,2008-11-05 21:01:55+00:00,2010-10-24 16:39:56+00:00,House,Illinois,Illinois 3,Democratic,D+11,-11.0,True,True,69.7,general,717
Dan_Maffei,2010,118,50,3388.0,16,30,1,2008-11-05 07:37:37+00:00,2010-10-25 18:46:07+00:00,House,New York,New York 25,Democratic,D+3,-3.0,True,False,49.8,general,719
David_Rivera,2010,117,34,8570.0,16,36,2,2009-02-25 22:31:27+00:00,2010-10-26 00:19:40+00:00,House,Florida,Florida 25,Republican,R+5,5.0,False,True,52.2,general,607
Mike_Crapo,2010,117,88,2014.0,32,43,4,2008-11-10 19:22:12+00:00,2010-11-02 02:35:10+00:00,Senate,Idaho,,Republican,,,False,True,71.1,general,721
Bob_Dold,2010,116,29,9060.0,13,15,1,2010-02-07 02:44:20+00:00,2010-10-30 14:40:59+00:00,House,Illinois,Illinois 10,Republican,D+6,-6.0,False,True,51.1,general,265
Tammy_Baldwin,2010,115,70,3481.0,33,38,3,2008-11-05 20:43:53+00:00,2010-10-30 19:28:49+00:00,House,Wisconsin,Wisconsin 2,Democratic,D+15,-15.0,True,True,61.8,general,723
Chet_Edwards,2010,114,67,4010.0,25,33,4,2008-11-06 04:19:42+00:00,2010-11-02 19:09:10+00:00,House,Texas,Texas 17,Democratic,R+20,20.0,True,False,36.6,general,726
Glenn_Nye,2010,114,65,6062.0,19,24,1,2008-11-05 12:05:37+00:00,2010-10-31 18:24:25+00:00,House,Virginia,Virginia 2,Democratic,R+5,5.0,True,False,42.5,general,725
Denny_Rehberg,2010,113,58,9438.0,26,57,4,2008-12-16 10:08:00+00:00,2010-10-28 16:45:54+00:00,House,Montana,Montana at-large,Republican,R+7,7.0,True,True,60.3,general,681
Don_Young,2010,113,69,10137.0,29,28,5,2008-11-08 07:34:48+00:00,2010-10-30 10:03:13+00:00,House,Alaska,Alaska at-large,Republican,R+13,13.0,True,True,69.0,general,721
Jerry_Nadler,2010,112,64,2076.0,37,34,3,2008-11-05 01:41:47+00:00,2010-10-27 21:47:47+00:00,House,New York,New York 8,Democratic,D+22,-22.0,True,True,75.5,general,721
David_Scott_(Georgia_politician),2010,111,59,6184.0,21,68,1,2008-12-12 03:11:02+00:00,2010-11-02 10:05:01+00:00,House,Georgia,Georgia 13,Democratic,D+15,-15.0,True,True,69.4,general,690
Gary_Miller_(politician),2010,111,51,4421.0,22,60,4,2008-11-18 05:36:26+00:00,2010-11-02 08:47:56+00:00,House,California,California 42,Republican,R+10,10.0,True,True,62.2,general,714
Scott_McAdams,2010,111,44,8249.0,25,15,2,2008-12-16 23:03:42+00:00,2010-10-30 20:23:51+00:00,Senate,Alaska,,Democratic,,,False,False,23.5,general,682
Shelley_Berkley,2010,111,59,3726.0,34,36,1,2008-11-07 02:24:52+00:00,2010-10-31 20:03:16+00:00,House,Nevada,Nevada 1,Democratic,D+10,-10.0,True,True,61.7,general,723
Ann_Kirkpatrick,2010,110,59,5590.0,17,40,2,2008-11-05 15:38:29+00:00,2010-10-26 15:14:14+00:00,House,Arizona,Arizona 1,Democratic,R+6,6.0,True,False,43.7,general,719
Ike_Skelton,2010,110,61,7763.0,29,25,5,2008-11-25 11:37:00+00:00,2010-10-25 04:48:31+00:00,House,Missouri,Missouri 4,Democratic,R+14,14.0,True,False,45.1,general,698
John_F._Tierney,2010,110,45,20794.0,16,30,2,2008-12-22 23:28:47+00:00,2010-11-01 22:56:10+00:00,House,Massachusetts,Massachusetts 6,Democratic,D+7,-7.0,True,True,56.9,general,678
Steve_Kagen,2010,110,61,1821.0,30,36,1,2008-11-12 00:44:12+00:00,2010-10-26 04:08:03+00:00,House,Wisconsin,Wisconsin 8,Democratic,R+2,2.0,True,False,45.1,general,713
Diane_Black,2010,109,32,5621.0,23,10,3,2009-02-14 08:09:47+00:00,2010-11-02 20:49:47+00:00,House,Tennessee,Tennessee 6,Republican,R+13,13.0,False,True,67.3,general,626
Frank_Pallone,2010,109,60,5055.0,18,24,1,2008-11-08 01:47:28+00:00,2010-11-01 19:19:17+00:00,House,New Jersey,New Jersey 6,Democratic,D+8,-8.0,True,True,54.7,general,723
Mike_Simpson,2010,109,41,9309.0,19,32,1,2008-11-05 18:34:49+00:00,2010-11-02 00:59:30+00:00,House,Idaho,Idaho 2,Republican,R+17,17.0,True,True,68.8,general,726
Baron_Hill_(politician),2010,108,47,5229.0,19,32,2,2008-11-05 14:56:26+00:00,2010-11-02 02:05:54+00:00,House,Indiana,Indiana 9,Democratic,R+6,6.0,True,False,42.3,general,726
Dina_Titus,2010,108,61,1922.0,24,27,2,2008-11-05 19:15:01+00:00,2010-11-02 01:15:22+00:00,House,Nevada,Nevada 3,Democratic,D+2,-2.0,True,False,47.5,general,726
Henry_Cuellar,2010,108,39,5214.0,11,42,3,2008-11-09 20:45:41+00:00,2010-10-15 03:37:35+00:00,House,Texas,Texas 28,Democratic,EVEN,0.0,True,True,56.3,general,704
Jerry_Moran,2010,108,56,1824.0,25,24,2,2008-11-22 02:18:41+00:00,2010-10-28 19:51:02+00:00,Senate,Kansas,,Republican,,,False,True,70.3,general,705
John_Boccieri,2010,108,56,4070.0,21,22,2,2008-11-05 16:30:28+00:00,2010-10-30 18:29:29+00:00,House,Ohio,Ohio 16,Democratic,R+4,4.0,True,False,41.3,general,724
Tarryl_Clark,2010,108,42,13581.0,21,26,3,2009-01-26 18:41:17+00:00,2010-10-27 03:53:15+00:00,House,Minnesota,Minnesota 6,DFL,R+7,7.0,False,False,39.8,general,638
Tim_Scott,2010,108,22,8286.0,19,5,1,2010-06-09 16:47:55+00:00,2010-11-02 08:19:06+00:00,House,South Carolina,South Carolina 1,Republican,R+10,10.0,False,True,65.4,general,145
Brad_Ellsworth,2010,107,63,6740.0,15,34,1,2009-01-20 20:57:50+00:00,2010-10-28 13:40:38+00:00,Senate,Indiana,,Democratic,,,False,False,40.0,general,645
Dave_Reichert,2010,107,71,3616.0,22,35,3,2008-11-08 06:13:55+00:00,2010-11-01 22:24:27+00:00,House,Washington,Washington 8,Republican,D+3,-3.0,True,True,52.1,general,723
David_Price_(American_politician),2010,107,58,-2116.0,16,45,5,2008-11-05 00:10:58+00:00,2010-11-02 19:29:35+00:00,House,North Carolina,North Carolina 4,Democratic,D+8,-8.0,True,True,57.2,general,727
Rob_Wittman,2010,107,44,3865.0,18,54,2,2008-11-29 23:20:44+00:00,2010-10-30 15:49:38+00:00,House,Virginia,Virginia 1,Republican,R+7,7.0,True,True,63.9,general,699
Bill_Cassidy,2010,106,47,6395.0,12,20,1,2008-11-05 06:50:46+00:00,2010-10-28 19:25:05+00:00,House,Louisiana,Louisiana 6,Republican,R+10,10.0,True,True,65.6,general,722
Betsy_Markey,2010,105,66,3012.0,17,29,2,2008-11-05 06:04:51+00:00,2010-10-26 16:36:08+00:00,House,Colorado,Colorado 4,Democratic,R+6,6.0,True,False,41.4,general,720
Peter_DeFazio,2010,105,60,10594.0,24,28,3,2008-11-09 00:35:13+00:00,2010-10-27 18:54:10+00:00,House,Oregon,Oregon 4,Democratic,D+2,-2.0,True,True,54.6,general,717
Tim_Walberg,2010,105,50,2345.0,17,29,3,2008-11-05 13:21:21+00:00,2010-11-02 02:50:32+00:00,House,Michigan,Michigan 7,Republican,R+2,2.0,False,True,50.2,general,726
Tom_Ganley,2010,105,19,17413.0,12,5,2,2010-08-21 02:44:45+00:00,2010-11-02 00:49:28+00:00,House,Ohio,Ohio 13,Republican,D+5,-5.0,False,False,44.3,general,72
Jason_Altmire,2010,103,58,4480.0,15,46,3,2008-11-05 06:17:59+00:00,2010-10-25 20:14:00+00:00,House,Pennsylvania,Pennsylvania 4,Democratic,R+6,6.0,True,True,50.8,general,719
Russ_Carnahan,2010,103,54,15541.0,24,21,3,2008-11-09 15:33:29+00:00,2010-10-25 04:45:37+00:00,House,Missouri,Missouri 3,Democratic,D+7,-7.0,True,True,48.9,general,714
Dan_Burton,2010,102,65,3223.0,18,34,6,2008-11-23 08:14:38+00:00,2010-10-24 18:04:13+00:00,House,Indiana,Indiana 5,Republican,R+17,17.0,True,True,62.1,general,700
Rick_Boucher,2010,102,56,2904.0,23,38,0,2008-11-06 20:38:36+00:00,2010-11-01 02:52:28+00:00,House,Virginia,Virginia 9,Democratic,R+11,11.0,True,False,46.4,general,724
Suzan_DelBene,2010,102,33,6093.0,22,31,4,2009-03-01 20:52:36+00:00,2010-11-02 09:02:19+00:00,House,Washington,Washington 8,Democratic,D+3,-3.0,False,False,47.9,general,610
Xavier_Becerra,2010,102,62,2703.0,30,37,2,2008-11-09 20:42:24+00:00,2010-10-30 23:22:25+00:00,House,California,California 31,Democratic,D+29,-29.0,True,True,83.8,general,720
Betty_Sutton,2010,101,41,9561.0,14,56,3,2008-11-15 14:10:47+00:00,2010-10-26 20:14:40+00:00,House,Ohio,Ohio 13,Democratic,D+5,-5.0,True,True,55.7,general,710
Marcia_Fudge,2010,101,38,5591.0,37,15,2,2008-11-05 03:14:14+00:00,2010-10-27 16:14:30+00:00,House,Ohio,Ohio 11,Democratic,D+32,-32.0,True,True,82.9,general,721
Mike_Turner,2010,101,59,18970.0,15,55,1,2008-12-21 20:43:49+00:00,2010-10-27 15:48:12+00:00,House,Ohio,Ohio 3,Republican,R+5,5.0,True,True,68.1,general,674
Bill_Huizenga,2010,100,35,9522.0,17,29,1,2009-01-16 12:29:08+00:00,2010-10-31 07:03:26+00:00,House,Michigan,Michigan 2,Republican,R+7,7.0,False,True,65.3,general,652
Cathy_McMorris_Rodgers,2010,100,56,5840.0,24,38,3,2008-11-05 23:17:36+00:00,2010-10-26 21:46:03+00:00,House,Washington,Washington 5,Republican,R+7,7.0,True,True,63.7,general,719
Cliff_Stearns,2010,100,36,11827.0,11,52,1,2008-12-02 23:17:05+00:00,2010-10-29 01:54:41+00:00,House,Florida,Florida 6,Republican,R+10,10.0,True,True,71.5,general,695
Gary_Peters,2010,100,61,-2821.0,15,42,4,2008-11-05 15:22:50+00:00,2010-10-24 02:01:02+00:00,House,Michigan,Michigan 9,Democratic,D+2,-2.0,True,True,49.8,general,717
Stephen_Fincher,2010,100,13,9187.0,6,1,2,2010-09-19 01:24:10+00:00,2010-11-02 05:05:07+00:00,House,Tennessee,Tennessee 8,Republican,R+6,6.0,False,True,59.0,general,44
Paul_Kanjorski,2010,99,60,6971.0,14,34,2,2008-11-05 06:17:30+00:00,2010-10-29 04:37:28+00:00,House,Pennsylvania,Pennsylvania 11,Democratic,D+4,-4.0,True,False,45.3,general,722
Ted_Deutch,2010,99,46,6635.0,18,16,1,2009-03-16 01:39:44+00:00,2010-10-24 09:21:00+00:00,House,Florida,Florida 19,Democratic,,,False,True,62.1,special,587
Anna_Eshoo,2010,98,66,23480.0,28,30,2,2008-11-06 04:56:13+00:00,2010-10-31 13:47:53+00:00,House,California,California 14,Democratic,D+21,-21.0,True,True,69.1,general,724
Bob_Filner,2010,98,54,608.0,23,28,3,2008-11-22 23:45:32+00:00,2010-10-31 15:18:34+00:00,House,California,California 51,Democratic,D+8,-8.0,True,True,60.1,general,707
Harry_Mitchell,2010,98,56,5247.0,17,25,2,2008-11-12 15:12:12+00:00,2010-10-26 15:31:11+00:00,House,Arizona,Arizona 5,Democratic,R+5,5.0,True,False,43.2,general,713
Jeff_Flake,2010,98,63,3088.0,25,32,2,2008-11-05 03:20:33+00:00,2010-11-02 00:46:29+00:00,House,Arizona,Arizona 6,Republican,R+15,15.0,True,True,66.4,general,726
Mike_Ross_(politician),2010,98,52,19038.0,20,32,3,2008-11-07 16:17:05+00:00,2010-10-30 00:39:23+00:00,House,Arkansas,Arkansas 4,Democratic,R+7,7.0,True,True,57.5,general,721
Chris_Smith_(New_Jersey_politician),2010,97,63,2500.0,31,33,2,2008-11-10 19:40:50+00:00,2010-10-28 15:01:11+00:00,House,New Jersey,New Jersey 4,Republican,R+6,6.0,True,True,69.4,general,716
Mike_Oliverio,2010,97,30,9437.0,19,17,2,2008-12-03 05:54:34+00:00,2010-10-26 03:41:01+00:00,House,West Virginia,West Virginia 1,Democratic,R+9,9.0,False,False,49.6,general,691
Jackie_Speier,2010,96,71,15312.0,41,15,4,2008-11-06 23:38:29+00:00,2010-10-29 02:40:12+00:00,House,California,California 12,Democratic,D+23,-23.0,True,True,75.6,general,721
Jim_Sensenbrenner,2010,96,63,2872.0,26,30,2,2008-11-06 10:53:20+00:00,2010-11-02 23:08:27+00:00,House,Wisconsin,Wisconsin 5,Republican,R+12,12.0,True,True,69.3,general,726
Lynn_Woolsey,2010,96,57,3490.0,25,26,3,2008-12-02 20:39:19+00:00,2010-10-29 06:40:20+00:00,House,California,California 6,Democratic,D+23,-23.0,True,True,65.9,general,695
Bill_Foster_(politician),2010,95,52,3025.0,15,25,1,2008-11-05 10:32:20+00:00,2010-10-24 17:19:44+00:00,House,Illinois,Illinois 14,Democratic,R+1,1.0,True,False,45.0,general,718
Jeb_Hensarling,2010,95,54,5516.0,13,34,2,2008-11-12 07:39:21+00:00,2010-10-12 03:09:54+00:00,House,Texas,Texas 5,Republican,R+17,17.0,True,True,70.5,general,698
John_Shimkus,2010,95,56,10199.0,26,30,4,2008-11-12 23:11:57+00:00,2010-10-24 17:02:36+00:00,House,Illinois,Illinois 19,Republican,R+9,9.0,True,True,71.2,general,710
Dan_Seals_(politician),2010,94,40,-729.0,16,29,2,2008-11-05 05:07:44+00:00,2010-10-27 16:26:21+00:00,House,Illinois,Illinois 10,Democratic,D+6,-6.0,False,False,48.9,general,721
John_Hall_(New_York_politician),2010,94,56,1680.0,23,26,3,2008-11-08 15:49:12+00:00,2010-10-26 13:38:18+00:00,House,New York,New York 19,Democratic,R+3,3.0,True,False,47.3,general,716
Mark_Critz,2010,94,38,2646.0,12,37,3,2010-04-27 16:28:56+00:00,2010-10-28 05:59:53+00:00,House,Pennsylvania,Pennsylvania 12,Democratic,,,False,True,52.6,special,183
Vern_Buchanan,2010,94,36,8716.0,15,14,1,2008-11-29 04:22:31+00:00,2010-11-01 20:45:39+00:00,House,Florida,Florida 13,Republican,R+6,6.0,True,True,68.9,general,702
Mark_Schauer,2010,93,59,2732.0,19,30,2,2008-11-05 14:57:49+00:00,2010-11-01 20:32:07+00:00,House,Michigan,Michigan 7,Democratic,R+2,2.0,True,False,45.4,general,726
Roxanne_Conlin,2010,93,39,4697.0,33,20,1,2009-10-23 23:41:53+00:00,2010-10-27 18:10:04+00:00,Senate,Iowa,,Democratic,,,False,False,33.2,general,368
Scott_M._Sipprelle,2010,93,28,4742.0,13,14,3,2010-06-18 02:56:40+00:00,2010-11-01 00:27:35+00:00,House,New Jersey,New Jersey 12,Republican,D+5,-5.0,False,False,45.9,general,135
Todd_Rokita,2010,93,29,6091.0,13,35,4,2008-12-01 21:09:07+00:00,2010-10-30 19:24:04+00:00,House,Indiana,Indiana 4,Republican,R+14,14.0,False,True,68.6,general,697
Beth_Krom,2010,92,39,2553.0,24,25,2,2009-04-03 21:01:12+00:00,2010-10-26 05:59:18+00:00,House,California,California 48,Democratic,R+6,6.0,False,False,34.5,general,570
Reid_Ribble,2010,92,15,5984.0,5,15,2,2010-09-15 20:36:00+00:00,2010-11-02 08:15:04+00:00,House,Wisconsin,Wisconsin 8,Republican,R+2,2.0,False,True,54.8,general,47
Earl_Blumenauer,2010,91,59,6618.0,17,33,3,2008-11-05 17:24:28+00:00,2010-10-30 22:20:12+00:00,House,Oregon,Oregon 3,Democratic,D+19,-19.0,True,True,70.1,general,724
John_Culberson,2010,91,46,5045.0,19,20,1,2008-11-05 16:15:40+00:00,2010-09-21 23:55:31+00:00,House,Texas,Texas 7,Republican,R+13,13.0,True,True,81.4,general,685
Leonard_Lance,2010,91,56,6022.0,19,30,2,2008-11-05 12:58:52+00:00,2010-11-01 21:00:34+00:00,House,New Jersey,New Jersey 7,Republican,R+3,3.0,True,True,59.4,general,726
Lincoln_Davis,2010,91,49,3833.0,13,18,1,2008-11-15 22:47:49+00:00,2010-10-31 14:25:33+00:00,House,Tennessee,Tennessee 4,Democratic,R+13,13.0,True,False,38.6,general,714
Steve_Stivers,2010,91,54,989.0,13,39,2,2008-11-06 14:15:43+00:00,2010-10-22 02:50:58+00:00,House,Ohio,Ohio 15,Republican,D+1,-1.0,False,True,54.1,general,714
Tim_Bishop,2010,91,52,1882.0,24,29,2,2008-11-10 08:43:18+00:00,2010-10-27 20:45:21+00:00,House,New York,New York 1,Democratic,EVEN,0.0,True,True,50.2,general,716
Louise_Slaughter,2010,90,61,5121.0,19,30,4,2008-11-10 08:48:40+00:00,2010-10-28 03:45:24+00:00,House,New York,New York 28,Democratic,D+15,-15.0,True,True,64.9,general,716
Martin_Heinrich,2010,89,56,5202.0,22,25,4,2008-11-05 15:23:37+00:00,2010-10-25 17:39:15+00:00,House,New Mexico,New Mexico 1,Democratic,D+5,-5.0,True,True,51.8,general,719
Bryan_Lentz,2010,88,27,6108.0,10,9,0,2008-11-07 16:10:29+00:00,2010-10-25 20:28:55+00:00,House,Pennsylvania,Pennsylvania 7,Democratic,D+3,-3.0,False,False,44.0,general,717
Joe_Baca,2010,88,50,1909.0,15,51,2,2008-11-05 16:07:48+00:00,2010-10-30 23:53:28+00:00,House,California,California 43,Democratic,D+13,-13.0,True,True,65.5,general,724
Kesha_Rogers,2010,88,39,3178.0,11,19,3,2010-03-03 18:17:29+00:00,2010-10-17 01:34:11+00:00,House,Texas,Texas 22,Democratic,R+13,13.0,False,False,29.8,general,227
Marlin_Stutzman,2010,88,37,10191.0,14,15,3,2009-07-26 22:46:03+00:00,2010-11-01 14:05:02+00:00,House,Indiana,Indiana 3,Republican,,,False,True,62.7,special,462
Ted_Poe,2010,87,49,4774.0,11,25,1,2008-11-20 05:25:28+00:00,2010-10-25 16:25:59+00:00,House,Texas,Texas 2,Republican,R+13,13.0,True,True,88.6,general,704
B.J._Lawson,2010,86,36,9782.0,32,18,1,2008-11-05 04:21:03+00:00,2010-11-02 21:46:29+00:00,House,North Carolina,North Carolina 4,Republican,D+8,-8.0,False,False,42.8,general,727
Ken_Calvert,2010,86,51,7884.0,17,33,3,2008-11-08 03:57:04+00:00,2010-10-30 23:55:34+00:00,House,California,California 44,Republican,R+6,6.0,True,True,55.6,general,721
Scott_Garrett,2010,86,65,3376.0,22,27,3,2008-11-05 23:19:38+00:00,2010-10-28 15:06:16+00:00,House,New Jersey,New Jersey 5,Republican,R+7,7.0,True,True,65.0,general,721
Steve_Cohen_(politician),2010,86,56,5811.0,24,23,5,2008-11-05 22:01:53+00:00,2010-10-27 02:25:47+00:00,House,Tennessee,Tennessee 9,Democratic,D+23,-23.0,True,True,74.0,general,720
Wally_Herger,2010,86,55,15852.0,24,34,1,2008-11-05 00:02:43+00:00,2010-11-02 00:49:39+00:00,House,California,California 2,Republican,R+11,11.0,True,True,57.1,general,727
Jim_McDermott,2010,85,47,3501.0,28,29,5,2008-11-05 21:09:04+00:00,2010-11-01 00:10:16+00:00,House,Washington,Washington 7,Democratic,D+31,-31.0,True,True,83.0,general,725
Larry_Bucshon,2010,85,9,9646.0,2,1,1,2010-06-27 07:35:25+00:00,2010-11-02 22:26:19+00:00,House,Indiana,Indiana 8,Republican,R+8,8.0,False,True,57.6,general,128
Barbara_Lee,2010,84,65,10393.0,24,26,3,2008-11-18 22:58:07+00:00,2010-10-29 09:36:03+00:00,House,California,California 9,Democratic,D+37,-37.0,True,True,84.3,general,709
Bennie_Thompson,2010,84,38,-268.0,23,25,3,2008-12-11 07:05:18+00:00,2010-10-25 00:48:39+00:00,House,Mississippi,Mississippi 2,Democratic,D+12,-12.0,True,True,61.5,general,682
Frank_Wolf_(politician),2010,84,58,3807.0,31,15,6,2008-11-05 07:05:31+00:00,2010-10-30 16:25:15+00:00,House,Virginia,Virginia 10,Republican,R+2,2.0,True,True,62.9,general,724
Pete_Olson,2010,84,47,6064.0,16,24,3,2008-11-05 06:12:55+00:00,2010-09-28 03:21:04+00:00,House,Texas,Texas 22,Republican,R+13,13.0,True,True,67.5,general,691
David_Dreier,2010,83,64,3149.0,23,28,5,2008-11-05 23:13:47+00:00,2010-10-29 21:26:11+00:00,House,California,California 26,Republican,R+3,3.0,True,True,54.1,general,722
Howard_Coble,2010,83,41,937.0,23,30,1,2008-11-28 22:59:24+00:00,2010-10-22 15:57:20+00:00,House,North Carolina,North Carolina 6,Republican,R+18,18.0,True,True,75.2,general,692
Jim_Matheson,2010,83,58,4380.0,17,28,2,2008-11-05 17:04:33+00:00,2010-11-02 00:52:59+00:00,House,Utah,Utah 2,Democratic,R+15,15.0,True,True,50.5,general,726
Joe_Pitts_(Pennsylvania_politician),2010,83,45,5563.0,21,16,2,2008-11-05 13:02:25+00:00,2010-10-27 18:28:14+00:00,House,Pennsylvania,Pennsylvania 16,Republican,R+8,8.0,True,True,65.4,general,721
Ron_Klein,2010,83,48,1247.0,27,18,1,2008-11-05 19:27:08+00:00,2010-10-24 09:45:47+00:00,House,Florida,Florida 22,Democratic,D+1,-1.0,True,False,45.6,general,717
Chellie_Pingree,2010,82,55,4071.0,14,33,2,2008-11-05 18:20:32+00:00,2010-10-30 12:30:03+00:00,House,Maine,Maine 1,Democratic,D+8,-8.0,True,True,56.8,general,723
Cynthia_Lummis,2010,82,53,3817.0,16,17,3,2008-11-06 04:44:42+00:00,2010-10-06 15:01:07+00:00,House,Wyoming,Wyoming at-large,Republican,R+20,20.0,True,True,70.5,general,699
Steve_Chabot,2010,82,44,2369.0,27,16,1,2008-11-05 04:09:12+00:00,2010-10-20 03:43:49+00:00,House,Ohio,Ohio 1,Republican,D+1,-1.0,False,True,51.5,general,713
David_Schweikert,2010,81,30,17205.0,19,7,2,2008-12-05 05:39:55+00:00,2010-10-29 16:41:32+00:00,House,Arizona,Arizona 5,Republican,R+5,5.0,False,True,52.0,general,693
Johnny_Isakson,2010,81,60,4240.0,18,28,3,2008-11-17 23:14:05+00:00,2010-10-27 21:09:29+00:00,Senate,Georgia,,Republican,,,False,True,58.1,general,708
Maurice_Hinchey,2010,80,55,4810.0,14,28,2,2008-11-05 03:32:31+00:00,2010-10-28 03:20:35+00:00,House,New York,New York 22,Democratic,D+6,-6.0,True,True,52.7,general,721
Steve_LaTourette,2010,80,41,868.0,15,27,2,2008-11-11 19:48:09+00:00,2010-10-27 15:37:34+00:00,House,Ohio,Ohio 14,Republican,R+3,3.0,True,True,64.9,general,714
Chris_Van_Hollen,2010,79,50,5905.0,17,19,2,2008-11-05 01:05:04+00:00,2010-10-28 18:51:43+00:00,House,Maryland,Maryland 8,Democratic,D+21,-21.0,True,True,73.3,general,722
Ed_Potosnak,2010,79,25,3792.0,7,17,2,2010-06-16 18:52:19+00:00,2010-11-02 13:42:59+00:00,House,New Jersey,New Jersey 7,Democratic,R+3,3.0,False,False,40.6,general,138
Elaine_Marshall,2010,79,44,6441.0,15,18,2,2008-11-13 19:03:36+00:00,2010-10-28 14:36:39+00:00,Senate,North Carolina,,Democratic,,,False,False,42.9,general,713
Leonard_Boswell,2010,79,49,3520.0,15,27,1,2008-11-06 07:08:02+00:00,2010-11-02 23:35:29+00:00,House,Iowa,Iowa 3,Democratic,D+1,-1.0,True,True,50.7,general,726
Daniel_Webster_(Florida_politician),2010,78,35,22277.0,20,17,2,2009-02-14 00:17:37+00:00,2010-11-02 22:04:32+00:00,House,Florida,Florida 8,Republican,R+2,2.0,False,True,56.1,general,626
Jim_Oberstar,2010,78,55,15685.0,15,24,3,2008-11-06 18:53:32+00:00,2010-10-24 21:58:26+00:00,House,Minnesota,Minnesota 8,DFL,D+3,-3.0,True,False,46.6,general,717
Kathy_Castor,2010,78,44,2703.0,15,27,0,2009-01-06 10:29:02+00:00,2010-11-01 22:23:29+00:00,House,Florida,Florida 11,Democratic,D+11,-11.0,True,True,59.6,general,664
Mike_Coffman,2010,78,43,5343.0,18,19,1,2008-11-05 04:07:24+00:00,2010-10-23 22:06:21+00:00,House,Colorado,Colorado 6,Republican,R+8,8.0,True,True,65.7,general,717
Nita_Lowey,2010,78,56,4746.0,24,28,1,2008-11-09 17:55:00+00:00,2010-10-28 01:48:16+00:00,House,New York,New York 18,Democratic,D+9,-9.0,True,True,62.2,general,717
Steve_Israel,2010,78,63,11793.0,22,35,5,2008-11-09 17:52:54+00:00,2010-11-01 21:52:07+00:00,House,New York,New York 2,Democratic,D+4,-4.0,True,True,56.4,general,722
Nick_Rahall,2010,77,41,-159.0,20,18,5,2008-11-16 05:05:54+00:00,2010-10-26 03:46:53+00:00,House,West Virginia,West Virginia 3,Democratic,R+6,6.0,True,True,56.0,general,708
Roscoe_Bartlett,2010,77,47,4775.0,17,28,1,2008-11-05 17:39:01+00:00,2010-10-31 03:20:53+00:00,House,Maryland,Maryland 6,Republican,R+13,13.0,True,True,61.5,general,724
Spencer_Bachus,2010,77,42,3272.0,16,16,1,2008-12-20 11:42:11+00:00,2010-10-23 17:44:58+00:00,House,Alabama,Alabama 6,Republican,R+29,29.0,True,True,98.1,general,672
Steve_Pearce_(politician),2010,77,51,4465.0,19,23,1,2008-11-06 20:34:32+00:00,2010-11-01 20:51:38+00:00,House,New Mexico,New Mexico 2,Republican,R+6,6.0,False,True,55.4,general,725
Tim_Walz,2010,77,46,17591.0,15,20,3,2008-11-06 17:41:00+00:00,2010-10-24 21:21:09+00:00,House,Minnesota,Minnesota 1,DFL,R+1,1.0,True,True,49.3,general,717
Van_Tran,2010,77,47,2982.0,21,25,2,2008-11-15 02:12:13+00:00,2010-11-02 00:40:44+00:00,House,California,California 47,Republican,D+4,-4.0,False,False,39.3,general,716
Dan_Boren,2010,76,51,3247.0,20,23,1,2008-11-14 14:20:33+00:00,2010-10-25 19:57:48+00:00,House,Oklahoma,Oklahoma 2,Democratic,R+14,14.0,True,True,56.5,general,710
Jim_Marshall_(Georgia_politician),2010,76,41,3330.0,14,13,2,2008-11-05 04:54:26+00:00,2010-10-24 10:40:42+00:00,House,Georgia,Georgia 8,Democratic,R+10,10.0,True,False,47.3,general,718
Allyson_Schwartz,2010,75,45,-547.0,13,20,2,2008-11-05 20:14:30+00:00,2010-10-27 18:31:50+00:00,House,Pennsylvania,Pennsylvania 13,Democratic,D+7,-7.0,True,True,56.3,general,720
Dan_Benishek,2010,75,32,2602.0,13,18,0,2010-03-30 17:59:23+00:00,2010-10-26 16:34:20+00:00,House,Michigan,Michigan 1,Republican,R+3,3.0,False,True,51.9,general,209
Justin_Amash,2010,75,30,3615.0,11,31,0,2010-05-25 16:05:10+00:00,2010-10-29 05:54:19+00:00,House,Michigan,Michigan 3,Republican,R+6,6.0,False,True,59.7,general,156
Mazie_Hirono,2010,75,43,2785.0,18,27,2,2008-11-07 00:11:45+00:00,2010-10-24 16:19:32+00:00,House,Hawaii,Hawaii 2,Democratic,D+14,-14.0,True,True,72.2,general,716
Mel_Watt,2010,75,56,3592.0,18,27,1,2009-01-11 17:43:19+00:00,2010-10-22 16:32:56+00:00,House,North Carolina,North Carolina 12,Democratic,D+16,-16.0,True,True,63.9,general,648
Rodney_Alexander,2010,75,30,-3866.0,12,6,1,2008-11-14 00:59:45+00:00,2010-10-28 19:22:19+00:00,House,Louisiana,Louisiana 5,Republican,R+14,14.0,True,True,78.6,general,713
Tommy_Sowers,2010,75,27,8367.0,15,38,0,2009-11-12 01:28:00+00:00,2010-11-01 18:15:47+00:00,House,Missouri,Missouri 8,Democratic,R+15,15.0,False,False,28.8,general,354
John_B._Callahan,2010,74,42,2336.0,15,30,2,2008-11-26 18:24:01+00:00,2010-10-16 21:23:12+00:00,House,Pennsylvania,Pennsylvania 15,Democratic,D+2,-2.0,False,False,39.0,general,689
John_Carter_(Texas_politician),2010,74,45,5850.0,16,17,3,2008-12-10 20:56:55+00:00,2010-09-27 21:07:12+00:00,House,Texas,Texas 31,Republican,R+14,14.0,True,True,82.5,general,656
Lloyd_Doggett,2010,74,45,5201.0,15,37,2,2008-11-10 02:25:43+00:00,2010-10-31 03:56:47+00:00,House,Texas,Texas 25,Democratic,D+6,-6.0,True,True,52.8,general,720
Star_Parker,2010,74,57,3547.0,19,31,1,2008-12-06 23:35:25+00:00,2010-10-25 19:27:55+00:00,House,California,California 37,Republican,D+26,-26.0,False,False,23.2,general,687
Suzanne_Kosmas,2010,74,45,4370.0,10,18,1,2008-11-05 06:52:54+00:00,2010-10-24 10:01:46+00:00,House,Florida,Florida 24,Democratic,R+4,4.0,True,False,40.3,general,718
Hansen_Clarke,2010,73,38,-904.0,19,29,5,2009-04-17 19:05:55+00:00,2010-11-02 04:49:11+00:00,House,Michigan,Michigan 13,Democratic,D+31,-31.0,False,True,79.4,general,563
Jerry_Costello,2010,73,43,1294.0,10,33,1,2008-11-05 21:06:13+00:00,2010-10-29 03:07:06+00:00,House,Illinois,Illinois 12,Democratic,D+3,-3.0,True,True,59.8,general,722
Gregory_Meeks,2010,72,45,5607.0,17,36,3,2008-11-10 08:46:54+00:00,2010-10-27 21:41:16+00:00,House,New York,New York 6,Democratic,D+36,-36.0,True,True,87.8,general,716
Mo_Brooks,2010,72,19,9993.0,3,4,0,2010-06-03 07:19:36+00:00,2010-11-02 20:02:06+00:00,House,Alabama,Alabama 5,Republican,R+12,12.0,False,True,58.5,general,152
Tom_Reed_(politician),2010,72,29,2129.0,9,42,2,2009-08-23 23:55:03+00:00,2010-10-22 02:52:39+00:00,House,New York,New York 29,Republican,,,False,True,56.7,special,424
Bobby_Scott_(politician),2010,71,39,3911.0,19,26,2,2008-11-07 23:40:18+00:00,2010-11-02 22:07:51+00:00,House,Virginia,Virginia 3,Democratic,D+20,-20.0,True,True,70.0,general,724
Brian_Bilbray,2010,71,56,2154.0,15,29,4,2008-11-05 06:32:56+00:00,2010-10-29 22:08:19+00:00,House,California,California 50,Republican,R+3,3.0,True,True,56.6,general,723
Mick_Mulvaney,2010,71,17,3048.0,14,14,0,2010-08-10 18:03:59+00:00,2010-10-29 14:30:07+00:00,House,South Carolina,South Carolina 5,Republican,R+7,7.0,False,True,55.1,general,79
Mike_Rogers_(Michigan_politician),2010,71,42,573.0,15,27,2,2008-12-01 16:14:06+00:00,2010-10-23 15:42:23+00:00,House,Michigan,Michigan 8,Republican,R+2,2.0,True,True,64.1,general,690
Morgan_Griffith,2010,71,28,771.0,10,26,3,2008-11-11 21:45:00+00:00,2010-11-02 01:44:07+00:00,House,Virginia,Virginia 9,Republican,R+11,11.0,False,True,51.2,general,720
Niki_Tsongas,2010,71,37,10227.0,16,11,3,2008-11-30 19:23:41+00:00,2010-10-29 04:00:03+00:00,House,Massachusetts,Massachusetts 5,Democratic,D+8,-8.0,True,True,54.9,general,697
Scott_Tipton,2010,71,25,8493.0,12,10,2,2008-11-06 02:34:50+00:00,2010-10-31 19:45:24+00:00,House,Colorado,Colorado 3,Republican,R+5,5.0,False,True,50.1,general,724
Tom_Price_(American_politician),2010,71,49,1665.0,22,21,1,2008-11-05 21:00:30+00:00,2010-10-28 20:46:03+00:00,House,Georgia,Georgia 6,Republican,R+19,19.0,True,True,99.9,general,721
Adam_Schiff,2010,70,47,1425.0,12,34,3,2008-11-15 14:26:30+00:00,2010-10-30 23:20:44+00:00,House,California,California 29,Democratic,D+14,-14.0,True,True,64.8,general,714
Alcee_Hastings,2010,70,59,3945.0,12,28,1,2008-11-20 22:15:05+00:00,2010-10-24 09:55:32+00:00,House,Florida,Florida 23,Democratic,D+28,-28.0,True,True,79.1,general,702
Joel_Pollak,2010,70,33,1411.0,11,27,0,2010-03-28 23:48:50+00:00,2010-10-29 18:11:49+00:00,House,Illinois,Illinois 9,Republican,D+20,-20.0,False,False,31.1,general,214
John_Sullivan_(Oklahoma_politician),2010,70,38,2186.0,13,30,2,2009-01-29 07:24:12+00:00,2010-10-27 19:10:37+00:00,House,Oklahoma,Oklahoma 1,Republican,R+16,16.0,True,True,76.8,general,636
Scott_DesJarlais,2010,70,17,3110.0,16,5,0,2009-12-14 21:40:38+00:00,2010-10-22 18:40:58+00:00,House,Tennessee,Tennessee 4,Republican,R+13,13.0,False,True,57.1,general,311
Brad_Sherman,2010,69,37,2632.0,23,12,2,2008-11-05 07:36:33+00:00,2010-11-02 05:53:26+00:00,House,California,California 27,Democratic,D+13,-13.0,True,True,65.2,general,726
Dean_Heller,2010,69,37,7201.0,26,19,1,2008-11-05 04:39:52+00:00,2010-11-02 00:49:23+00:00,House,Nevada,Nevada 2,Republican,R+5,5.0,True,True,63.3,general,726
Earl_Pomeroy,2010,69,40,519.0,16,16,2,2008-11-20 21:35:20+00:00,2010-10-27 18:59:39+00:00,House,North Dakota,North Dakota at-large,Democratic-NPL,R+10,10.0,True,False,44.9,general,705
Ed_Markey,2010,69,50,4443.0,15,21,2,2008-11-11 15:54:16+00:00,2010-10-28 18:06:33+00:00,House,Massachusetts,Massachusetts 7,Democratic,D+15,-15.0,True,True,66.5,general,716
Ed_Perlmutter,2010,69,45,2854.0,15,33,2,2008-12-16 01:06:41+00:00,2010-10-23 22:13:03+00:00,House,Colorado,Colorado 7,Democratic,D+4,-4.0,True,True,53.4,general,676
John_Salazar,2010,69,34,5539.0,18,11,4,2008-11-05 06:52:17+00:00,2010-10-23 21:41:49+00:00,House,Colorado,Colorado 3,Democratic,R+5,5.0,True,False,45.8,general,717
Mike_Pompeo,2010,69,18,4238.0,7,7,3,2010-08-04 08:37:59+00:00,2010-11-02 08:15:39+00:00,House,Kansas,Kansas 4,Republican,R+14,14.0,False,True,58.7,general,89
Sue_Myrick,2010,69,37,9234.0,25,19,2,2008-11-26 21:15:32+00:00,2010-11-01 16:27:53+00:00,House,North Carolina,North Carolina 9,Republican,R+11,11.0,True,True,69.0,general,704
Donna_Edwards,2010,68,53,3789.0,13,26,2,2008-11-05 04:01:50+00:00,2010-10-28 18:42:41+00:00,House,Maryland,Maryland 4,Democratic,D+31,-31.0,True,True,83.4,general,722
Joe_Garcia,2010,68,28,9793.0,11,30,2,2008-11-07 20:14:23+00:00,2010-10-28 03:14:53+00:00,House,Florida,Florida 25,Democratic,R+5,5.0,False,False,42.6,general,719
Kay_Granger,2010,68,42,1548.0,11,24,2,2008-11-05 22:50:26+00:00,2010-10-29 19:15:13+00:00,House,Texas,Texas 12,Republican,R+16,16.0,True,True,71.9,general,722
Paul_Tonko,2010,68,39,4487.0,10,11,3,2008-11-05 21:02:12+00:00,2010-10-28 01:56:10+00:00,House,New York,New York 21,Democratic,D+6,-6.0,True,True,59.3,general,721
Sander_Levin,2010,68,53,1577.0,13,27,2,2009-02-25 13:43:28+00:00,2010-10-28 19:24:45+00:00,House,Michigan,Michigan 12,Democratic,D+12,-12.0,True,True,61.1,general,610
Bob_Latta,2010,67,27,989.0,12,22,1,2008-12-08 02:08:36+00:00,2010-10-27 15:55:41+00:00,House,Ohio,Ohio 5,Republican,R+9,9.0,True,True,67.8,general,688
John_Boozman,2010,67,42,14008.0,18,12,5,2009-01-03 23:33:29+00:00,2010-10-29 15:59:17+00:00,Senate,Arkansas,,Republican,,,False,True,58.0,general,663
Ralph_Hall,2010,67,42,2209.0,18,29,2,2008-11-08 17:19:52+00:00,2010-09-28 21:37:34+00:00,House,Texas,Texas 4,Republican,R+21,21.0,True,True,73.2,general,689
Robert_Hurt_(politician),2010,67,21,14511.0,11,12,2,2008-11-09 08:26:21+00:00,2010-10-25 01:15:06+00:00,House,Virginia,Virginia 5,Republican,R+5,5.0,False,True,50.8,general,714
Grace_Napolitano,2010,66,43,2479.0,15,29,1,2008-11-22 14:56:27+00:00,2010-10-30 23:44:50+00:00,House,California,California 38,Democratic,D+18,-18.0,True,True,73.5,general,707
Karen_Bass,2010,66,45,2548.0,16,24,3,2008-11-08 21:18:20+00:00,2010-10-20 21:39:05+00:00,House,California,California 33,Democratic,D+35,-35.0,False,True,86.1,general,711
Kurt_Schrader,2010,66,36,5501.0,14,17,2,2008-11-05 06:17:27+00:00,2010-10-25 20:06:33+00:00,House,Oregon,Oregon 5,Democratic,D+1,-1.0,True,True,51.3,general,719
Patrick_McHenry,2010,66,44,2351.0,20,21,2,2008-11-07 07:57:43+00:00,2010-10-27 21:10:00+00:00,House,North Carolina,North Carolina 10,Republican,R+17,17.0,True,True,71.2,general,719
Sam_Johnson,2010,66,41,4999.0,20,26,3,2008-12-15 15:58:14+00:00,2010-10-25 20:15:45+00:00,House,Texas,Texas 3,Republican,R+14,14.0,True,True,66.3,general,679
Judy_Biggert,2010,65,40,42852.0,15,12,0,2008-11-06 07:52:15+00:00,2010-11-02 01:48:16+00:00,House,Illinois,Illinois 13,Republican,R+1,1.0,True,True,63.8,general,725
Kevin_Yoder,2010,65,21,4212.0,6,15,0,2009-06-27 23:57:39+00:00,2010-11-01 21:19:11+00:00,House,Kansas,Kansas 3,Republican,R+3,3.0,False,True,58.4,general,491
Tom_Cole,2010,65,43,62.0,14,37,2,2008-11-05 03:23:58+00:00,2010-10-27 19:37:22+00:00,House,Oklahoma,Oklahoma 4,Republican,R+18,18.0,True,True,,general,721
Tom_Rooney_(Florida_politician),2010,65,42,5822.0,7,22,2,2008-11-05 03:14:09+00:00,2010-10-24 09:07:13+00:00,House,Florida,Florida 16,Republican,R+5,5.0,True,True,66.9,general,718
Mike_Michaud,2010,64,37,2863.0,22,25,2,2008-11-07 17:17:03+00:00,2010-10-28 19:07:35+00:00,House,Maine,Maine 2,Democratic,D+3,-3.0,True,True,55.1,general,720
Pat_Meehan,2010,64,29,3851.0,11,19,1,2009-01-05 03:25:57+00:00,2010-10-30 03:05:48+00:00,House,Pennsylvania,Pennsylvania 7,Republican,D+3,-3.0,False,True,54.9,general,662
Charlie_Wilson_(Ohio_politician),2010,63,40,1432.0,12,23,3,2009-03-02 16:37:42+00:00,2010-11-02 19:43:19+00:00,House,Ohio,Ohio 6,Democratic,R+2,2.0,True,False,45.1,general,610
Tim_Holden,2010,63,37,3375.0,9,11,2,2008-11-07 02:06:20+00:00,2010-10-29 05:21:42+00:00,House,Pennsylvania,Pennsylvania 17,Democratic,R+6,6.0,True,True,55.5,general,721
Tim_Ryan_(Ohio_politician),2010,63,43,3153.0,15,16,0,2008-11-05 16:32:40+00:00,2010-10-25 19:08:26+00:00,House,Ohio,Ohio 17,Democratic,D+12,-12.0,True,True,53.9,general,719
Zack_Space,2010,63,48,-780.0,17,22,1,2008-11-07 02:30:45+00:00,2010-10-25 19:13:38+00:00,House,Ohio,Ohio 18,Democratic,R+7,7.0,True,False,40.5,general,717
Elton_Gallegly,2010,62,35,3542.0,13,28,1,2008-11-21 14:57:45+00:00,2010-10-31 00:10:06+00:00,House,California,California 24,Republican,R+4,4.0,True,True,59.9,general,708
Howard_Berman,2010,62,49,690.0,26,17,4,2008-12-11 19:37:57+00:00,2010-10-30 23:19:07+00:00,House,California,California 28,Democratic,D+23,-23.0,True,True,69.5,general,688
Jim_Meffert,2010,62,18,1961.0,13,0,3,2010-03-26 14:30:15+00:00,2010-10-30 17:00:50+00:00,House,Minnesota,Minnesota 3,DFL,EVEN,0.0,False,False,36.6,general,218
Pete_Visclosky,2010,62,30,4945.0,14,5,2,2008-11-06 18:10:45+00:00,2010-10-24 17:48:42+00:00,House,Indiana,Indiana 1,Democratic,D+8,-8.0,True,True,58.6,general,716
Randy_Hultgren,2010,62,28,889.0,8,21,1,2008-12-01 05:39:50+00:00,2010-10-31 11:58:28+00:00,House,Illinois,Illinois 14,Republican,R+1,1.0,False,True,51.3,general,699
George_Miller_(California_politician),2010,61,41,22884.0,21,16,2,2008-11-11 08:05:40+00:00,2010-10-29 06:46:13+00:00,House,California,California 7,Democratic,D+19,-19.0,True,True,68.3,general,716
Jay_Inslee,2010,61,37,7040.0,20,11,1,2008-11-05 23:23:50+00:00,2010-10-27 09:16:08+00:00,House,Washington,Washington 1,Democratic,D+9,-9.0,True,True,57.7,general,720
Lois_Capps,2010,61,40,1336.0,13,35,1,2008-11-06 20:32:37+00:00,2010-10-31 00:09:10+00:00,House,California,California 23,Democratic,D+12,-12.0,True,True,57.8,general,723
Steve_Scalise,2010,61,29,3773.0,10,10,3,2008-11-05 06:40:03+00:00,2010-10-28 19:11:56+00:00,House,Louisiana,Louisiana 1,Republican,R+24,24.0,True,True,78.5,general,722
Yvette_Clarke,2010,61,35,2238.0,22,9,1,2008-11-07 21:21:53+00:00,2010-10-27 21:56:06+00:00,House,New York,New York 11,Democratic,D+38,-38.0,True,True,90.6,general,719
Connie_Mack_IV,2010,60,42,316.0,15,20,1,2008-11-08 07:48:30+00:00,2010-10-24 08:35:17+00:00,House,Florida,Florida 14,Republican,R+11,11.0,True,True,68.6,general,715
Dave_Argall,2010,60,21,4080.0,8,14,1,2008-11-06 15:08:38+00:00,2010-09-19 05:49:42+00:00,House,Pennsylvania,Pennsylvania 17,Republican,R+6,6.0,False,False,44.5,general,681
LeAlan_Jones,2010,60,12,9103.0,2,2,0,2010-06-22 22:36:21+00:00,2010-10-30 19:32:39+00:00,Senate,Illinois,,Green,,,False,False,3.2,general,129
Mike_McIntyre,2010,60,38,3112.0,14,7,1,2008-12-07 01:05:22+00:00,2010-11-01 06:37:54+00:00,House,North Carolina,North Carolina 7,Democratic,R+5,5.0,True,True,53.7,general,694
Peter_Welch,2010,60,32,5459.0,13,16,4,2008-11-06 22:49:10+00:00,2010-10-26 02:21:43+00:00,House,Vermont,Vermont at-large,Democratic,D+13,-13.0,True,True,64.6,general,718
Phil_Gingrey,2010,60,35,141.0,9,29,1,2008-11-06 10:12:08+00:00,2010-10-28 21:06:27+00:00,House,Georgia,Georgia 11,Republican,R+20,20.0,True,True,100.0,general,721
Phil_Roe_(politician),2010,60,35,3581.0,8,19,1,2008-11-05 05:40:56+00:00,2010-10-27 01:02:46+00:00,House,Tennessee,Tennessee 1,Republican,R+21,21.0,True,True,80.8,general,720
Bob_Goodlatte,2010,59,40,6028.0,17,13,2,2008-11-18 07:07:42+00:00,2010-10-29 00:24:34+00:00,House,Virginia,Virginia 6,Republican,R+12,12.0,True,True,76.3,general,709
Brian_Higgins,2010,59,46,2167.0,11,19,2,2008-11-09 16:30:57+00:00,2010-10-28 03:34:56+00:00,House,New York,New York 27,Democratic,D+4,-4.0,True,True,60.9,general,717
Charles_Bass,2010,59,31,2281.0,13,19,0,2009-02-14 20:52:33+00:00,2010-10-26 03:22:18+00:00,House,New Hampshire,New Hampshire 2,Republican,D+3,-3.0,False,True,48.3,general,618
Chris_Gibson_(New_York_politician),2010,59,16,4387.0,6,6,1,2010-09-08 21:47:26+00:00,2010-11-02 14:04:29+00:00,House,New York,New York 20,Republican,R+2,2.0,False,True,54.9,general,54
John_Yarmuth,2010,59,38,2262.0,21,17,2,2008-11-05 13:58:47+00:00,2010-11-02 23:59:25+00:00,House,Kentucky,Kentucky 3,Democratic,D+2,-2.0,True,True,54.7,general,727
Rick_Berg,2010,59,23,2342.0,7,35,2,2009-01-29 06:10:33+00:00,2010-10-31 19:59:48+00:00,House,North Dakota,North Dakota at-large,Republican,R+10,10.0,False,True,54.7,general,640
Todd_Platts,2010,59,35,4391.0,12,11,2,2008-11-05 04:20:39+00:00,2010-10-27 18:24:51+00:00,House,Pennsylvania,Pennsylvania 19,Republican,R+12,12.0,True,True,71.9,general,721
Blaine_Luetkemeyer,2010,58,34,6148.0,8,17,1,2008-11-06 06:10:16+00:00,2010-11-02 21:02:44+00:00,House,Missouri,Missouri 9,Republican,R+9,9.0,True,True,77.4,general,726
Charlie_Dent,2010,58,33,4349.0,11,12,2,2008-11-06 04:31:06+00:00,2010-10-25 21:40:25+00:00,House,Pennsylvania,Pennsylvania 15,Republican,D+2,-2.0,True,True,53.5,general,718
Ed_Royce_(politician),2010,58,36,-1671.0,16,33,1,2008-11-06 22:21:38+00:00,2010-11-02 20:27:17+00:00,House,California,California 40,Republican,R+8,8.0,True,True,66.8,general,725
Frank_LoBiondo,2010,58,44,640.0,12,30,1,2008-11-08 01:45:24+00:00,2010-11-02 21:30:36+00:00,House,New Jersey,New Jersey 2,Republican,D+1,-1.0,True,True,65.5,general,724
Jay_Patrick_Murray,2010,58,21,3136.0,21,13,0,2010-06-20 14:38:12+00:00,2010-11-02 12:54:15+00:00,House,Virginia,Virginia 8,Republican,D+16,-16.0,False,False,37.3,general,134
Walter_B._Jones_Jr.,2010,58,40,5472.0,17,21,4,2008-11-05 00:24:04+00:00,2010-10-27 20:04:55+00:00,House,North Carolina,North Carolina 3,Republican,R+16,16.0,True,True,71.9,general,721
Diana_DeGette,2010,57,35,1758.0,9,18,1,2008-12-05 03:11:05+00:00,2010-10-23 21:27:37+00:00,House,Colorado,Colorado 1,Democratic,D+21,-21.0,True,True,67.4,general,687
Don_Cooney,2010,57,18,995.0,9,7,4,2008-12-15 14:42:26+00:00,2010-10-17 21:26:47+00:00,House,Michigan,Michigan 6,Democratic,EVEN,0.0,False,False,33.6,general,671
John_Kline_(politician),2010,57,40,5880.0,15,14,3,2008-11-06 17:49:01+00:00,2010-10-25 00:04:01+00:00,House,Minnesota,Minnesota 2,Republican,R+4,4.0,True,True,63.3,general,717
Michael_Grimm_(politician),2010,57,9,8199.0,5,6,0,2010-09-15 14:40:40+00:00,2010-11-02 21:00:00+00:00,House,New York,New York 13,Republican,R+4,4.0,False,True,51.3,general,48
Mike_Fitzpatrick,2010,57,34,1685.0,9,16,3,2008-12-02 23:26:11+00:00,2010-10-27 20:07:32+00:00,House,Pennsylvania,Pennsylvania 8,Republican,D+2,-2.0,False,True,53.5,general,693
Silvestre_Reyes,2010,57,33,2865.0,15,17,4,2008-11-22 09:33:42+00:00,2010-10-12 14:20:55+00:00,House,Texas,Texas 16,Democratic,D+10,-10.0,True,True,58.1,general,689
Susan_Davis_(politician),2010,57,46,608.0,21,12,3,2008-11-07 22:37:24+00:00,2010-10-30 05:13:44+00:00,House,California,California 53,Democratic,D+14,-14.0,True,True,62.3,general,721
Chris_Carney,2010,56,35,1552.0,11,16,3,2008-11-05 19:37:49+00:00,2010-10-25 20:36:22+00:00,House,Pennsylvania,Pennsylvania 10,Democratic,R+8,8.0,True,False,44.8,general,719
John_Carney_(Delaware_politician),2010,56,34,-2740.0,12,20,1,2008-11-05 10:41:55+00:00,2010-11-02 22:15:59+00:00,House,Delaware,Delaware at-large,Democratic,D+7,-7.0,False,True,56.8,general,727
John_Flerlage,2010,56,13,3931.0,25,1,0,2010-03-21 04:53:27+00:00,2010-10-31 19:33:08+00:00,House,Colorado,Colorado 6,Democratic,R+8,8.0,False,False,31.5,general,224
Ben_Chandler,2010,55,37,2056.0,5,14,2,2008-11-07 11:50:40+00:00,2010-11-02 15:35:19+00:00,House,Kentucky,Kentucky 6,Democratic,R+9,9.0,True,True,50.1,general,725
Bill_Shuster,2010,55,29,2581.0,12,12,3,2008-11-14 00:51:30+00:00,2010-10-27 18:02:41+00:00,House,Pennsylvania,Pennsylvania 9,Republican,R+17,17.0,True,True,73.1,general,712
Candice_Miller,2010,55,30,1971.0,9,25,1,2008-12-09 22:56:11+00:00,2010-10-23 16:42:23+00:00,House,Michigan,Michigan 10,Republican,R+5,5.0,False,True,72.0,general,682
Jerry_Lewis_(California_politician),2010,55,42,1289.0,17,22,4,2008-11-05 00:54:56+00:00,2010-10-30 23:49:49+00:00,House,California,California 41,Republican,R+10,10.0,True,True,63.2,general,724
John_Mica,2010,55,31,825.0,14,18,1,2008-11-19 17:02:10+00:00,2010-10-24 07:36:57+00:00,House,Florida,Florida 7,Republican,R+7,7.0,True,True,69.0,general,703
Betty_McCollum,2010,54,42,5955.0,18,15,1,2008-11-06 17:56:34+00:00,2010-10-27 14:52:25+00:00,House,Minnesota,Minnesota 4,DFL,D+13,-13.0,True,True,59.1,general,719
Ciro_Rodriguez,2010,54,35,2570.0,11,13,2,2008-11-05 23:20:42+00:00,2010-10-22 21:41:22+00:00,House,Texas,Texas 23,Democratic,R+4,4.0,True,False,44.4,general,715
Marvin_Scott,2010,54,25,3401.0,8,32,1,2008-12-20 15:21:39+00:00,2010-10-24 02:45:01+00:00,House,Indiana,Indiana 7,Republican,D+14,-14.0,False,False,37.8,general,672
Mike_Honda,2010,54,41,11531.0,17,9,4,2008-11-20 20:06:53+00:00,2010-10-29 07:03:47+00:00,House,California,California 15,Democratic,D+15,-15.0,True,True,67.6,general,707
Rodney_Frelinghuysen,2010,54,41,1150.0,19,11,1,2008-11-08 01:46:17+00:00,2010-10-29 20:18:37+00:00,House,New Jersey,New Jersey 11,Republican,R+7,7.0,True,True,67.2,general,720
Sanford_Bishop,2010,54,39,717.0,14,13,1,2008-12-04 18:52:20+00:00,2010-10-24 10:36:47+00:00,House,Georgia,Georgia 2,Democratic,D+1,-1.0,True,True,51.4,general,688
Tom_Latham_(politician),2010,54,35,1805.0,14,23,1,2008-11-10 15:06:42+00:00,2010-10-24 18:26:14+00:00,House,Iowa,Iowa 4,Republican,EVEN,0.0,True,True,65.6,general,713
Annie_Kuster,2010,53,23,4547.0,24,7,1,2009-06-05 02:37:01+00:00,2010-10-30 22:36:49+00:00,House,New Hampshire,New Hampshire 2,Democratic,D+3,-3.0,False,False,46.8,general,512
Brad_Miller_(politician),2010,53,38,4097.0,21,12,2,2008-12-02 13:27:17+00:00,2010-10-30 02:27:21+00:00,House,North Carolina,North Carolina 13,Democratic,D+5,-5.0,True,True,55.5,general,696
Dave_Camp,2010,53,34,1461.0,14,20,2,2008-11-28 21:01:10+00:00,2010-10-23 15:29:22+00:00,House,Michigan,Michigan 4,Republican,R+3,3.0,True,True,66.2,general,693
Greg_Walden,2010,53,36,7792.0,24,7,4,2008-11-10 00:37:45+00:00,2010-11-02 16:10:43+00:00,House,Oregon,Oregon 2,Republican,R+10,10.0,True,True,74.1,general,722
Gwen_Moore,2010,53,32,1434.0,10,24,3,2008-11-24 21:40:18+00:00,2010-10-27 13:54:23+00:00,House,Wisconsin,Wisconsin 4,Democratic,D+22,-22.0,True,True,69.0,general,701
Jim_Jordan,2010,53,29,5115.0,22,5,2,2008-12-02 02:04:25+00:00,2010-10-27 21:07:48+00:00,House,Ohio,Ohio 4,Republican,R+15,15.0,True,True,71.5,general,694
Larry_Kissell,2010,53,34,3325.0,8,11,1,2008-11-05 05:29:30+00:00,2010-10-25 18:50:14+00:00,House,North Carolina,North Carolina 8,Democratic,R+2,2.0,True,True,53.0,general,719
Manan_Trivedi,2010,53,15,4427.0,4,32,2,2009-09-25 18:50:37+00:00,2010-09-19 20:20:17+00:00,House,Pennsylvania,Pennsylvania 6,Democratic,D+4,-4.0,False,False,42.9,general,359
Mike_Fallon,2010,53,9,168.0,13,3,3,2010-10-06 03:59:58+00:00,2010-10-30 02:31:30+00:00,House,Colorado,Colorado 1,Republican,D+21,-21.0,False,False,28.8,general,23
Mike_Lee,2010,53,29,3172.0,11,18,1,2010-01-06 23:58:53+00:00,2010-11-02 23:48:02+00:00,Senate,Utah,,Republican,,,False,True,61.6,general,299
Randy_Forbes,2010,53,33,2867.0,19,16,3,2008-12-04 01:21:33+00:00,2010-10-28 05:56:01+00:00,House,Virginia,Virginia 4,Republican,R+4,4.0,True,True,62.3,general,693
Ron_Kind,2010,53,38,4136.0,12,16,2,2008-12-28 15:36:05+00:00,2010-11-01 18:43:04+00:00,House,Wisconsin,Wisconsin 3,Democratic,D+4,-4.0,True,True,50.3,general,673
Rush_Holt_Jr.,2010,53,40,3382.0,10,22,3,2008-11-07 00:06:11+00:00,2010-10-25 14:12:18+00:00,House,New Jersey,New Jersey 12,Democratic,D+5,-5.0,True,True,53.0,general,717
Alan_Nunnelee,2010,52,27,5657.0,5,25,2,2009-05-12 19:19:49+00:00,2010-10-31 19:58:10+00:00,House,Mississippi,Mississippi 1,Republican,R+14,14.0,False,True,55.3,general,537
Collin_Peterson,2010,52,43,5860.0,9,16,3,2008-11-06 18:08:09+00:00,2010-10-30 08:42:29+00:00,House,Minnesota,Minnesota 7,DFL,R+5,5.0,True,True,55.2,general,722
Ed_Pastor,2010,52,37,1754.0,11,19,1,2008-12-07 03:18:26+00:00,2010-10-23 19:03:00+00:00,House,Arizona,Arizona 4,Democratic,D+13,-13.0,True,True,66.9,general,685
Grier_Raggio,2010,52,17,2566.0,8,26,3,2009-08-18 19:31:22+00:00,2010-10-15 18:55:36+00:00,House,Texas,Texas 32,Democratic,R+8,8.0,False,False,34.9,general,422
John_Olver,2010,52,34,4194.0,13,11,1,2008-11-08 00:53:22+00:00,2010-10-28 17:38:04+00:00,House,Massachusetts,Massachusetts 1,Democratic,D+14,-14.0,True,True,60.0,general,719
Kevin_McCarthy,2010,52,32,2005.0,13,11,3,2008-11-23 19:29:04+00:00,2010-10-29 21:21:36+00:00,House,California,California 22,Republican,R+16,16.0,True,True,98.8,general,705
Brett_Guthrie,2010,51,26,6031.0,4,5,0,2008-11-06 06:03:25+00:00,2010-10-24 19:24:53+00:00,House,Kentucky,Kentucky 2,Republican,R+15,15.0,True,True,67.9,general,717
Gregg_Harper,2010,51,37,3386.0,12,12,1,2008-11-06 21:53:01+00:00,2010-10-25 04:38:43+00:00,House,Mississippi,Mississippi 3,Republican,R+15,15.0,True,True,68.0,general,717
Jane_Ballard_Dyer,2010,51,12,3666.0,8,2,3,2009-11-06 20:46:24+00:00,2010-09-24 00:35:05+00:00,House,South Carolina,South Carolina 3,Democratic,R+17,17.0,False,False,36.2,general,321
Laura_Richardson,2010,51,42,2110.0,10,21,2,2008-12-02 06:49:43+00:00,2010-11-02 12:57:07+00:00,House,California,California 37,Democratic,D+26,-26.0,True,True,68.4,general,700
Matt_Campbell_(politician),2010,51,6,4318.0,13,0,1,2010-07-19 17:02:38+00:00,2010-10-31 21:55:08+00:00,House,Iowa,Iowa 5,Democratic,R+9,9.0,False,False,32.3,general,104
Solomon_Ortiz,2010,51,28,324.0,12,11,2,2008-12-21 22:28:43+00:00,2010-10-26 21:15:37+00:00,House,Texas,Texas 27,Democratic,R+2,2.0,True,False,47.1,general,673
Tom_Graves,2010,51,24,4557.0,7,17,1,2010-05-23 19:06:56+00:00,2010-11-01 01:45:42+00:00,House,Georgia,Georgia 9,Republican,,,False,True,56.4,special,161
Bill_Young_(Florida_politician),2010,50,34,3035.0,10,21,3,2008-11-13 06:58:25+00:00,2010-11-02 08:48:30+00:00,House,Florida,Florida 10,Republican,R+1,1.0,True,True,65.9,general,719
Doc_Hastings,2010,50,34,1320.0,16,15,3,2008-12-02 21:12:48+00:00,2010-10-30 09:56:43+00:00,House,Washington,Washington 4,Republican,R+13,13.0,True,True,67.6,general,696
Ed_Case,2010,50,33,5411.0,9,10,2,2008-12-06 06:24:34+00:00,2010-09-29 14:21:39+00:00,House,Hawaii,Hawaii 1,Democratic,,,False,False,27.6,special,662
Hal_Rogers,2010,50,38,3741.0,16,11,1,2008-12-19 19:30:39+00:00,2010-11-02 22:35:52+00:00,House,Kentucky,Kentucky 5,Republican,R+16,16.0,True,True,77.4,general,683
Joe_Donnelly,2010,50,29,-227.0,7,13,1,2008-11-10 07:45:23+00:00,2010-10-24 17:31:27+00:00,House,Indiana,Indiana 2,Democratic,R+2,2.0,True,True,48.2,general,713
Eddie_Bernice_Johnson,2010,49,37,4710.0,10,21,2,2008-11-08 16:19:45+00:00,2010-09-28 02:39:27+00:00,House,Texas,Texas 30,Democratic,D+27,-27.0,True,True,75.7,general,688
Emanuel_Cleaver,2010,49,39,1328.0,12,14,1,2008-11-21 04:48:04+00:00,2010-10-27 19:30:36+00:00,House,Missouri,Missouri 5,Democratic,D+10,-10.0,True,True,53.3,general,705
Lynn_Westmoreland,2010,49,36,1313.0,12,21,3,2008-11-06 15:26:43+00:00,2010-11-01 16:54:58+00:00,House,Georgia,Georgia 3,Republican,R+19,19.0,True,True,69.5,general,725
Robert_Aderholt,2010,49,32,1878.0,11,16,3,2008-11-12 23:40:32+00:00,2010-10-23 17:15:22+00:00,House,Alabama,Alabama 4,Republican,R+26,26.0,True,True,98.8,general,709
Dick_Muri,2010,48,16,10782.0,9,1,3,2009-06-22 18:32:48+00:00,2010-10-27 08:36:14+00:00,House,Washington,Washington 9,Republican,D+5,-5.0,False,False,45.1,general,491
Edolphus_Towns,2010,48,39,1483.0,14,13,2,2008-11-07 21:19:36+00:00,2010-10-27 21:52:39+00:00,House,New York,New York 10,Democratic,D+38,-38.0,True,True,91.1,general,719
Glenn_Thompson_(politician),2010,48,26,3348.0,6,14,0,2008-11-05 08:30:27+00:00,2010-11-01 02:29:26+00:00,House,Pennsylvania,Pennsylvania 5,Republican,R+9,9.0,True,True,68.7,general,725
Steve_Southerland_(Florida_politician),2010,48,12,5219.0,7,3,2,2010-09-03 15:09:42+00:00,2010-11-02 08:16:40+00:00,House,Florida,Florida 2,Republican,R+6,6.0,False,True,53.6,general,59
Zoe_Lofgren,2010,48,34,12790.0,10,14,0,2008-12-03 05:24:13+00:00,2010-10-29 07:07:56+00:00,House,California,California 16,Democratic,D+16,-16.0,True,True,67.8,general,695
Adam_Smith_(Washington_politician),2010,47,34,4389.0,17,12,4,2008-11-10 19:36:44+00:00,2010-11-02 08:48:03+00:00,House,Washington,Washington 9,Democratic,D+5,-5.0,True,True,54.9,general,721
Fred_Upton,2010,47,31,-677.0,9,9,2,2008-11-08 19:05:47+00:00,2010-10-23 16:40:05+00:00,House,Michigan,Michigan 6,Republican,EVEN,0.0,True,True,62.0,general,713
Joe_Courtney_(politician),2010,47,36,4271.0,22,8,1,2008-11-05 17:22:58+00:00,2010-11-01 22:58:47+00:00,House,Connecticut,Connecticut 2,Democratic,D+6,-6.0,True,True,59.9,general,726
John_Sarbanes,2010,46,32,2469.0,14,14,2,2008-11-05 01:05:54+00:00,2010-10-28 18:30:49+00:00,House,Maryland,Maryland 3,Democratic,D+6,-6.0,True,True,61.1,general,722
Rick_Larsen,2010,46,31,5694.0,11,9,3,2008-11-19 03:18:02+00:00,2010-10-29 09:46:37+00:00,House,Washington,Washington 2,Democratic,D+3,-3.0,True,True,51.1,general,709
Sam_Caligiuri,2010,46,28,3338.0,11,17,2,2009-01-06 07:19:36+00:00,2010-10-30 07:47:30+00:00,House,Connecticut,Connecticut 5,Republican,D+2,-2.0,False,False,45.9,general,662
Francine_Busby,2010,45,28,5516.0,10,16,1,2009-04-15 17:10:17+00:00,2010-11-01 16:31:26+00:00,House,California,California 50,Democratic,R+3,3.0,False,False,39.0,general,564
Gus_Bilirakis,2010,45,26,2895.0,11,25,2,2008-11-07 02:23:50+00:00,2010-10-24 07:50:34+00:00,House,Florida,Florida 9,Republican,R+6,6.0,True,True,71.4,general,716
Todd_Akin,2010,45,30,2245.0,12,16,1,2008-12-06 18:42:36+00:00,2010-10-25 04:53:29+00:00,House,Missouri,Missouri 2,Republican,R+9,9.0,True,True,67.9,general,687
Elijah_Cummings,2010,44,32,772.0,10,19,1,2008-11-05 01:04:03+00:00,2010-10-28 18:56:45+00:00,House,Maryland,Maryland 7,Democratic,D+25,-25.0,True,True,75.2,general,722
Jo_Bonner,2010,44,26,-72.0,14,9,1,2008-11-15 01:48:00+00:00,2010-11-02 16:56:11+00:00,House,Alabama,Alabama 1,Republican,R+14,14.0,True,True,83.0,general,717
Lou_Barletta,2010,44,22,2970.0,8,13,1,2008-11-05 06:13:19+00:00,2010-10-16 19:20:32+00:00,House,Pennsylvania,Pennsylvania 11,Republican,D+4,-4.0,False,True,54.7,general,710
Pat_Tiberi,2010,44,31,3468.0,6,13,1,2008-11-25 19:47:40+00:00,2010-10-25 19:01:54+00:00,House,Ohio,Ohio 12,Republican,D+1,-1.0,True,True,55.8,general,698
Rob_Andrews,2010,44,31,11149.0,14,9,2,2008-11-05 01:09:31+00:00,2010-10-28 08:27:25+00:00,House,New Jersey,New Jersey 1,Democratic,D+12,-12.0,True,True,63.2,general,722
Roy_Herron,2010,44,20,3475.0,7,3,3,2008-12-01 17:01:38+00:00,2010-10-26 01:51:56+00:00,House,Tennessee,Tennessee 8,Democratic,R+6,6.0,False,False,38.8,general,693
Dutch_Ruppersberger,2010,43,29,1385.0,13,13,1,2008-11-05 01:04:30+00:00,2010-10-28 18:25:28+00:00,House,Maryland,Maryland 2,Democratic,D+7,-7.0,True,True,64.2,general,722
Jimmy_Duncan_(politician),2010,43,30,2879.0,15,2,1,2008-12-12 01:32:18+00:00,2010-10-27 01:14:12+00:00,House,Tennessee,Tennessee 2,Republican,R+16,16.0,True,True,81.7,general,683
Julie_Lassa,2010,43,23,3674.0,6,14,1,2008-12-05 07:09:43+00:00,2010-10-29 15:16:27+00:00,House,Wisconsin,Wisconsin 7,Democratic,D+3,-3.0,False,False,44.4,general,693
Tim_Burns_(businessman),2010,43,18,2975.0,5,9,2,2010-04-27 03:00:15+00:00,2010-11-02 19:21:05+00:00,House,Pennsylvania,Pennsylvania 12,Republican,,,False,False,45.1,special,189
Trey_Gowdy,2010,43,15,3418.0,4,12,1,2010-06-09 03:01:49+00:00,2010-11-02 23:22:21+00:00,House,South Carolina,South Carolina 4,Republican,R+15,15.0,False,True,63.5,general,146
Chris_Lee_(New_York_politician),2010,42,32,1581.0,11,12,3,2008-11-05 05:39:24+00:00,2010-10-28 03:27:11+00:00,House,New York,New York 26,Republican,R+6,6.0,True,True,73.6,general,721
Denny_Heck,2010,42,19,6040.0,11,3,3,2008-12-04 05:11:24+00:00,2010-10-26 03:18:21+00:00,House,Washington,Washington 3,Democratic,EVEN,0.0,False,False,47.0,general,690
Jack_Kingston,2010,42,32,6391.0,19,9,2,2009-01-08 21:31:20+00:00,2010-10-28 20:22:08+00:00,House,Georgia,Georgia 1,Republican,R+16,16.0,True,True,71.6,general,657
Jaime_Herrera_Beutler,2010,42,17,1199.0,14,9,0,2010-09-02 06:27:22+00:00,2010-11-02 13:16:38+00:00,House,Washington,Washington 3,Republican,EVEN,0.0,False,True,53.0,general,61
Joe_Heck,2010,42,24,2070.0,8,14,3,2008-11-05 08:30:35+00:00,2010-10-25 05:26:46+00:00,House,Nevada,Nevada 3,Republican,D+2,-2.0,False,True,48.1,general,718
Lacy_Clay,2010,42,30,2711.0,13,11,2,2009-01-04 15:22:13+00:00,2010-10-28 16:52:12+00:00,House,Missouri,Missouri 1,Democratic,D+27,-27.0,True,True,73.6,general,662
Sam_Farr,2010,42,34,26039.0,10,10,2,2008-11-14 02:03:37+00:00,2010-10-31 22:35:29+00:00,House,California,California 17,Democratic,D+19,-19.0,True,True,66.7,general,716
Terri_Sewell,2010,42,18,1538.0,8,5,3,2009-03-25 22:04:12+00:00,2010-10-16 17:21:32+00:00,House,Alabama,Alabama 7,Democratic,D+18,-18.0,False,True,72.6,general,569
Tim_Huelskamp,2010,42,18,3909.0,5,13,2,2009-02-28 05:37:54+00:00,2010-10-31 07:56:40+00:00,House,Kansas,Kansas 1,Republican,R+23,23.0,False,True,73.7,general,610
Bob_Gibbs,2010,41,21,1209.0,9,1,1,2009-02-28 23:19:01+00:00,2010-10-31 21:08:14+00:00,House,Ohio,Ohio 18,Republican,R+7,7.0,False,True,53.9,general,609
Justin_Coussoule,2010,41,19,4290.0,7,10,0,2010-05-10 20:07:42+00:00,2010-10-13 17:45:58+00:00,House,Ohio,Ohio 8,Democratic,R+14,14.0,False,False,30.3,general,155
Sam_Graves,2010,41,28,3011.0,14,7,4,2008-12-24 17:34:36+00:00,2010-10-25 04:59:57+00:00,House,Missouri,Missouri 6,Republican,R+7,7.0,True,True,69.4,general,669
Geoff_Davis,2010,40,25,694.0,10,17,4,2008-11-08 14:08:40+00:00,2010-10-24 19:33:14+00:00,House,Kentucky,Kentucky 4,Republican,R+14,14.0,True,True,69.5,general,715
John_Barrow_(American_politician),2010,40,30,2843.0,8,12,2,2008-11-12 01:01:28+00:00,2010-10-24 10:50:20+00:00,House,Georgia,Georgia 12,Democratic,D+1,-1.0,True,True,56.6,general,711
Lois_Herr,2010,40,15,6268.0,8,2,1,2008-11-09 16:10:59+00:00,2010-10-20 00:02:44+00:00,House,Pennsylvania,Pennsylvania 16,Democratic,R+8,8.0,False,False,34.6,general,709
Paul_Gosar,2010,40,8,5429.0,2,7,0,2010-08-27 05:03:14+00:00,2010-10-31 19:18:35+00:00,House,Arizona,Arizona 1,Republican,R+6,6.0,False,True,49.7,general,65
Rob_Bishop,2010,40,32,1577.0,14,15,1,2008-11-05 16:58:41+00:00,2010-11-02 00:41:28+00:00,House,Utah,Utah 1,Republican,R+21,21.0,True,True,69.2,general,726
Shelley_Moore_Capito,2010,40,30,1487.0,9,12,1,2008-11-07 01:54:09+00:00,2010-10-26 03:51:06+00:00,House,West Virginia,West Virginia 2,Republican,R+8,8.0,True,True,68.5,general,718
Spike_Maynard,2010,40,20,4939.0,3,11,1,2008-11-11 23:20:25+00:00,2010-10-25 18:09:08+00:00,House,West Virginia,West Virginia 3,Republican,R+6,6.0,False,False,44.0,general,712
Albio_Sires,2010,39,26,969.0,11,11,1,2008-11-08 01:48:22+00:00,2010-11-02 18:14:41+00:00,House,New Jersey,New Jersey 13,Democratic,D+21,-21.0,True,True,74.1,general,724
Bruce_Braley,2010,39,24,2228.0,5,14,1,2008-11-12 23:22:18+00:00,2010-10-28 20:01:49+00:00,House,Iowa,Iowa 1,Democratic,D+5,-5.0,True,True,49.5,general,714
Scott_Rigell,2010,39,15,4627.0,9,3,0,2010-05-12 22:39:12+00:00,2010-11-01 02:06:27+00:00,House,Virginia,Virginia 2,Republican,R+5,5.0,False,True,53.1,general,172
Tom_White_(Nebraska_politician),2010,39,26,19690.0,9,24,1,2008-11-21 06:33:41+00:00,2010-09-30 06:11:53+00:00,House,Nebraska,Nebraska 2,Democratic,R+6,6.0,False,False,39.2,general,677
Adrian_Smith_(politician),2010,38,29,813.0,15,13,3,2008-11-10 04:16:00+00:00,2010-10-28 14:39:24+00:00,House,Nebraska,Nebraska 3,Republican,R+24,24.0,True,True,70.1,general,717
Doris_Matsui,2010,38,28,6421.0,16,8,3,2008-11-21 13:54:29+00:00,2010-10-29 06:31:08+00:00,House,California,California 5,Democratic,D+15,-15.0,True,True,72.0,general,706
Gary_McDowell,2010,38,14,3223.0,7,10,0,2009-02-24 10:56:19+00:00,2010-10-23 17:02:35+00:00,House,Michigan,Michigan 1,Democratic,R+3,3.0,False,False,40.9,general,606
Gloria_La_Riva,2010,38,26,1223.0,24,3,2,2008-11-05 11:43:57+00:00,2010-10-24 19:18:22+00:00,House,California,California 8,Peace and Freedom,D+35,-35.0,False,False,2.5,general,718
Harold_Johnson_(sportscaster),2010,38,14,3840.0,7,7,1,2010-04-22 17:57:42+00:00,2010-10-25 23:04:51+00:00,House,North Carolina,North Carolina 8,Republican,R+2,2.0,False,False,43.7,general,186
Jim_Costa,2010,38,28,1326.0,11,5,1,2008-11-20 00:51:40+00:00,2010-10-29 02:51:58+00:00,House,California,California 20,Democratic,D+5,-5.0,True,True,51.7,general,708
Bill_Pascrell,2010,37,28,3612.0,10,12,1,2008-11-08 01:45:57+00:00,2010-10-28 15:19:52+00:00,House,New Jersey,New Jersey 8,Democratic,D+10,-10.0,True,True,62.7,general,719
Brett_Carter_(politician),2010,37,14,2196.0,7,10,0,2010-06-11 20:14:09+00:00,2010-10-13 22:05:55+00:00,House,Tennessee,Tennessee 6,Democratic,R+13,13.0,False,False,29.4,general,124
Charlie_Gonzalez,2010,37,30,2085.0,13,7,2,2008-11-11 17:53:31+00:00,2010-11-02 20:12:20+00:00,House,Texas,Texas 20,Democratic,D+8,-8.0,True,True,63.6,general,721
Doug_Lamborn,2010,37,27,1107.0,9,6,2,2008-11-05 06:38:18+00:00,2010-10-23 21:48:57+00:00,House,Colorado,Colorado 5,Republican,R+14,14.0,True,True,65.8,general,717
Joe_Crowley,2010,37,29,1538.0,8,14,3,2008-11-10 08:46:26+00:00,2010-10-27 21:45:49+00:00,House,New York,New York 7,Democratic,D+26,-26.0,True,True,80.6,general,716
Tim_Johnson_(Illinois_politician),2010,37,28,1805.0,8,12,2,2008-11-29 23:00:50+00:00,2010-10-24 16:54:20+00:00,House,Illinois,Illinois 15,Republican,R+6,6.0,True,True,64.3,general,693
Bob_Brady,2010,36,23,3799.0,10,7,5,2008-11-15 00:31:58+00:00,2010-10-27 17:24:11+00:00,House,Pennsylvania,Pennsylvania 1,Democratic,D+35,-35.0,True,True,100.0,general,711
Cedric_Richmond,2010,36,13,3363.0,9,0,1,2010-02-24 13:44:20+00:00,2010-10-28 04:06:03+00:00,House,Louisiana,Louisiana 2,Democratic,D+25,-25.0,False,True,64.6,general,245
Ed_Whitfield,2010,36,24,2547.0,5,9,1,2008-12-05 08:02:26+00:00,2010-10-24 19:29:46+00:00,House,Kentucky,Kentucky 1,Republican,R+15,15.0,True,True,71.2,general,688
Fran_Becker,2010,36,10,123.0,13,14,0,2010-08-04 15:53:00+00:00,2010-09-30 21:18:18+00:00,House,New York,New York 4,Republican,D+6,-6.0,False,False,46.4,general,57
Lee_Terry,2010,36,26,723.0,9,14,2,2008-11-06 21:43:00+00:00,2010-10-28 14:34:19+00:00,House,Nebraska,Nebraska 2,Republican,R+6,6.0,True,True,60.8,general,720
Michael_McCaul,2010,36,30,2147.0,10,7,1,2008-11-06 13:59:50+00:00,2010-09-27 05:14:09+00:00,House,Texas,Texas 10,Republican,R+10,10.0,True,True,64.7,general,689
Steve_Rothman,2010,36,26,69.0,12,10,5,2008-11-07 18:10:16+00:00,2010-10-28 15:24:48+00:00,House,New Jersey,New Jersey 9,Democratic,D+9,-9.0,True,True,60.7,general,719
Donald_M._Payne,2010,35,26,2074.0,14,2,3,2008-11-08 01:46:32+00:00,2010-10-28 15:28:54+00:00,House,New Jersey,New Jersey 10,Democratic,D+33,-33.0,True,True,85.2,general,719
Jeff_Denham,2010,35,20,1771.0,22,3,3,2008-11-06 09:13:24+00:00,2010-10-30 09:46:35+00:00,House,California,California 19,Republican,R+9,9.0,False,True,64.6,general,723
Jeff_Miller_(Florida_politician),2010,35,24,1077.0,6,12,2,2008-11-06 22:42:06+00:00,2010-11-02 08:48:16+00:00,House,Florida,Florida 1,Republican,R+21,21.0,True,True,80.0,general,725
Michael_C._Burgess,2010,35,26,1527.0,8,17,1,2008-12-21 22:22:16+00:00,2010-09-17 13:56:06+00:00,House,Texas,Texas 26,Republican,R+13,13.0,True,True,67.1,general,634
Teri_Newman,2010,35,12,4967.0,8,5,0,2010-02-05 23:08:16+00:00,2010-10-29 03:04:40+00:00,House,Illinois,Illinois 12,Republican,D+3,-3.0,False,False,36.5,general,265
Ander_Crenshaw,2010,34,20,1826.0,12,10,2,2008-11-19 16:53:14+00:00,2010-10-24 07:23:10+00:00,House,Florida,Florida 4,Republican,R+17,17.0,True,True,77.2,general,703
Campbell_Cavasso,2010,34,18,6592.0,14,4,3,2008-12-15 02:05:47+00:00,2010-10-23 20:03:53+00:00,Senate,Hawaii,,Republican,,,False,False,21.6,general,677
Steve_Raby,2010,34,8,1619.0,1,10,0,2010-08-17 19:08:04+00:00,2010-11-01 00:23:41+00:00,House,Alabama,Alabama 5,Democratic,R+12,12.0,False,False,41.5,general,75
Dale_Kildee,2010,33,25,3584.0,6,7,1,2009-02-20 15:50:03+00:00,2010-10-23 21:16:54+00:00,House,Michigan,Michigan 5,Democratic,D+11,-11.0,True,True,53.0,general,610
Al_Green_(politician),2010,32,25,2964.0,13,10,1,2008-11-14 18:20:15+00:00,2010-09-16 12:59:27+00:00,House,Texas,Texas 9,Democratic,D+22,-22.0,True,True,75.7,general,670
Jeff_Fortenberry,2010,32,21,4612.0,6,16,1,2009-01-22 09:35:10+00:00,2010-11-02 00:45:07+00:00,House,Nebraska,Nebraska 1,Republican,R+11,11.0,True,True,71.3,general,648
Kenny_Marchant,2010,32,25,1721.0,11,2,2,2008-11-16 10:47:04+00:00,2010-09-28 01:48:37+00:00,House,Texas,Texas 24,Republican,R+11,11.0,True,True,81.6,general,680
Kevin_Brady,2010,32,28,635.0,10,10,2,2008-11-14 18:37:57+00:00,2010-10-23 18:34:02+00:00,House,Texas,Texas 8,Republican,R+25,25.0,True,True,80.3,general,707
Sandy_Adams,2010,32,22,2914.0,11,5,2,2008-12-24 02:41:51+00:00,2010-10-31 22:36:27+00:00,House,Florida,Florida 24,Republican,R+4,4.0,False,True,59.6,general,676
John_Gomez,2010,31,10,-203.0,8,2,0,2010-05-07 01:09:35+00:00,2010-09-21 18:42:15+00:00,House,New York,New York 2,Republican,D+4,-4.0,False,False,42.9,general,137
Wynne_LeGrow,2010,31,18,9011.0,4,11,0,2010-09-05 15:36:55+00:00,2010-11-02 23:37:06+00:00,House,Virginia,Virginia 4,Democratic,R+4,4.0,False,False,37.5,general,58
David_Ratowitz,2010,30,10,1920.0,15,1,1,2010-04-19 02:08:14+00:00,2010-11-01 03:50:02+00:00,House,Illinois,Illinois 5,Republican,D+19,-19.0,False,False,25.4,general,196
Tom_Petri,2010,30,21,1411.0,8,6,2,2009-03-02 15:59:55+00:00,2010-10-30 16:09:16+00:00,House,Wisconsin,Wisconsin 6,Republican,R+4,4.0,True,True,70.7,general,607
Ben_Frasier,2010,29,6,2888.0,5,0,0,2010-06-17 14:24:47+00:00,2010-11-02 04:06:42+00:00,House,South Carolina,South Carolina 1,Democratic,R+10,10.0,False,False,28.7,general,137
David_McKinley,2010,29,10,4391.0,10,1,3,2010-08-24 07:29:10+00:00,2010-10-23 20:47:38+00:00,House,West Virginia,West Virginia 1,Republican,R+9,9.0,False,True,50.4,general,60
Dennis_Cardoza,2010,29,21,470.0,10,8,2,2008-12-08 23:22:29+00:00,2010-10-29 07:14:54+00:00,House,California,California 18,Democratic,D+4,-4.0,True,True,58.5,general,689
Nick_Popaditch,2010,29,15,944.0,6,5,1,2009-12-09 19:39:15+00:00,2010-10-30 19:17:36+00:00,House,California,California 51,Republican,D+8,-8.0,False,False,39.9,general,324
Edward_C._Noonan,2010,28,17,454.0,7,18,1,2008-11-05 00:05:14+00:00,2010-11-02 11:10:43+00:00,Senate,California,,American Independent,,,False,False,1.3,general,727
Lucille_Roybal-Allard,2010,28,23,676.0,9,11,2,2008-11-12 19:48:21+00:00,2010-10-30 23:27:09+00:00,House,California,California 34,Democratic,D+22,-22.0,True,True,77.2,general,717
Morgan_Philpot,2010,28,9,1251.0,4,0,2,2010-01-30 21:11:04+00:00,2010-11-02 00:55:09+00:00,House,Utah,Utah 2,Republican,R+15,15.0,False,False,46.1,general,275
Brad_Zaun,2010,27,14,1705.0,4,11,1,2009-08-18 16:37:54+00:00,2010-11-02 20:15:33+00:00,House,Iowa,Iowa 3,Republican,D+1,-1.0,False,False,46.5,general,441
Jackie_Walorski,2010,27,17,2676.0,7,1,1,2009-01-15 07:38:15+00:00,2010-10-28 14:22:56+00:00,House,Indiana,Indiana 2,Republican,R+2,2.0,False,False,46.8,general,651
Mac_Thornberry,2010,27,20,2091.0,8,6,1,2008-12-21 22:34:31+00:00,2010-11-01 08:36:48+00:00,House,Texas,Texas 13,Republican,R+29,29.0,True,True,87.1,general,679
Quico_Canseco,2010,27,8,5924.0,3,1,0,2010-09-24 03:05:48+00:00,2010-11-02 19:01:25+00:00,House,Texas,Texas 23,Republican,R+4,4.0,False,True,49.4,general,39
David_Sanders_(biologist),2010,26,14,704.0,10,6,0,2010-02-02 03:49:47+00:00,2010-09-27 16:51:55+00:00,House,Indiana,Indiana 4,Democratic,R+14,14.0,False,False,26.3,general,237
Gene_Green,2010,26,17,1516.0,7,7,2,2008-11-27 13:35:53+00:00,2010-10-29 14:25:36+00:00,House,Texas,Texas 29,Democratic,D+8,-8.0,True,True,64.6,general,701
Jeff_Landry,2010,26,8,197.0,3,0,3,2010-10-10 00:47:36+00:00,2010-11-02 04:31:14+00:00,House,Louisiana,Louisiana 3,Republican,R+12,12.0,False,True,63.8,general,23
Rocky_Raczkowski,2010,26,18,2823.0,7,3,2,2008-11-25 03:24:04+00:00,2010-10-31 14:07:52+00:00,House,Michigan,Michigan 9,Republican,D+2,-2.0,False,False,47.2,general,705
Colia_Clark,2010,25,9,475.0,14,1,2,2009-02-14 15:55:23+00:00,2010-10-28 21:59:36+00:00,Senate,New York,,Green,,,False,False,1.0,general,621
Norm_Dicks,2010,25,19,-288.0,9,2,1,2008-12-12 16:51:51+00:00,2010-10-29 17:54:12+00:00,House,Washington,Washington 6,Democratic,D+5,-5.0,True,True,58.0,general,686
Paula_Brooks_(politician),2010,25,10,1403.0,4,6,0,2010-04-01 00:09:56+00:00,2010-10-27 18:50:44+00:00,House,Ohio,Ohio 12,Democratic,D+1,-1.0,False,False,40.9,general,209
Steve_Pougnet,2010,25,9,1507.0,5,16,1,2010-06-02 07:00:02+00:00,2010-10-24 01:56:58+00:00,House,California,California 45,Democratic,R+3,3.0,False,False,42.1,general,143
Dan_Kapanke,2010,24,14,1726.0,3,6,1,2009-01-30 19:36:12+00:00,2010-10-25 22:24:21+00:00,House,Wisconsin,Wisconsin 3,Republican,D+4,-4.0,False,False,46.5,general,633
Scott_Harper_(candidate),2010,24,15,-2848.0,7,13,1,2008-11-30 21:22:25+00:00,2010-10-06 14:59:14+00:00,House,Illinois,Illinois 13,Democratic,R+1,1.0,False,False,36.2,general,674
Rebekah_Davis,2010,23,3,-663.0,2,0,0,2010-01-21 02:52:25+00:00,2010-04-22 13:23:48+00:00,House,Nebraska,Nebraska 3,Democratic,R+24,24.0,False,False,17.9,general,91
Todd_Young,2010,22,6,-6611.0,5,2,0,2010-01-11 02:04:57+00:00,2010-10-22 12:57:52+00:00,House,Indiana,Indiana 9,Republican,R+6,6.0,False,True,52.3,general,284
Mike_Conaway,2010,21,19,1882.0,11,1,1,2008-12-21 22:29:02+00:00,2010-10-14 01:09:49+00:00,House,Texas,Texas 11,Republican,R+28,28.0,True,True,80.8,general,661
Mike_Thurmond,2010,21,16,1276.0,9,4,0,2009-01-03 08:01:23+00:00,2010-10-26 15:02:45+00:00,Senate,Georgia,,Democratic,,,False,False,39.2,general,661
Ray_McKinney,2010,21,14,1865.0,4,8,1,2008-12-11 18:10:38+00:00,2010-10-28 12:29:05+00:00,House,Georgia,Georgia 12,Republican,D+1,-1.0,False,False,43.4,general,685
Rick_Crawford_(politician),2010,21,7,2238.0,1,0,0,2010-08-27 05:35:29+00:00,2010-11-02 04:28:11+00:00,House,Arkansas,Arkansas 1,Republican,R+8,8.0,False,True,51.8,general,66
Vicky_Hartzler,2010,21,13,795.0,5,4,0,2010-01-03 07:18:03+00:00,2010-10-21 12:50:35+00:00,House,Missouri,Missouri 4,Republican,R+14,14.0,False,True,50.4,general,291
Cory_Gardner,2010,20,9,1675.0,3,2,0,2010-09-03 03:46:47+00:00,2010-10-31 22:32:18+00:00,House,Colorado,Colorado 4,Republican,R+6,6.0,False,True,52.5,general,58
Ed_Martin_(Missouri_politician),2010,20,13,2077.0,2,3,0,2010-08-05 17:04:46+00:00,2010-10-22 02:41:16+00:00,House,Missouri,Missouri 3,Republican,D+7,-7.0,False,False,46.7,general,77
Frederica_Wilson,2010,20,9,1546.0,2,7,1,2008-12-16 13:26:53+00:00,2010-10-24 19:58:07+00:00,House,Florida,Florida 17,Democratic,D+34,-34.0,False,True,86.2,general,677
Randy_Demmer,2010,20,13,2104.0,5,1,1,2009-11-03 22:29:52+00:00,2010-10-25 02:04:26+00:00,House,Minnesota,Minnesota 1,Republican,R+1,1.0,False,False,44.1,general,355
Scott_Bruun,2010,20,8,1279.0,6,2,1,2008-11-10 09:18:15+00:00,2010-10-18 17:14:05+00:00,House,Oregon,Oregon 5,Republican,D+1,-1.0,False,False,46.0,general,707
None_of_These_Candidates,2010,19,12,1970.0,6,3,0,2008-12-07 19:37:11+00:00,2010-10-11 17:25:12+00:00,Senate,Nevada,,,,,False,False,2.2,general,672
Ken_Arnold,2010,18,16,231.0,7,5,2,2008-12-03 03:33:29+00:00,2010-10-23 15:52:32+00:00,House,California,California 46,Democratic,R+6,6.0,False,False,37.8,general,689
Lee_Hawkins,2010,17,11,792.0,3,3,0,2009-09-03 04:25:43+00:00,2010-10-28 15:46:33+00:00,House,Georgia,Georgia 9,Republican,,,False,False,43.6,special,420
Shelley_Madore,2010,17,10,3113.0,4,7,0,2008-11-16 17:38:09+00:00,2010-08-11 15:19:47+00:00,House,Minnesota,Minnesota 2,DFL,R+4,4.0,False,False,36.6,general,632
James_Lankford,2010,16,7,1784.0,2,4,0,2010-05-17 05:25:39+00:00,2010-09-25 21:53:42+00:00,House,Oklahoma,Oklahoma 5,Republican,R+13,13.0,False,True,62.5,general,131
Scott_Eckersley,2010,16,11,-6175.0,5,1,2,2009-05-24 21:52:53+00:00,2010-10-22 13:27:31+00:00,House,Missouri,Missouri 7,Democratic,R+17,17.0,False,False,30.4,general,515
Barry_Welsh,2010,15,13,-4587.0,5,4,1,2008-11-06 22:34:31+00:00,2010-10-22 13:00:20+00:00,House,Indiana,Indiana 6,Democratic,R+10,10.0,False,False,29.9,general,714
Randy_Credico,2010,15,13,2520.0,4,3,0,2009-03-18 19:05:30+00:00,2010-10-01 05:18:10+00:00,Senate,New York,,Libertarian,,,False,False,0.6,general,561
Tracy_Potter,2010,15,10,1715.0,5,4,1,2010-03-20 21:06:01+00:00,2010-09-30 07:51:51+00:00,Senate,North Dakota,,Democratic–NPL,,,False,False,22.2,general,193
Rich_Nugent,2010,14,8,676.0,5,5,2,2010-09-06 02:54:20+00:00,2010-11-02 21:44:43+00:00,House,Florida,Florida 5,Republican,R+9,9.0,False,True,67.4,general,57
Steve_Womack,2010,14,9,1465.0,3,3,1,2010-07-14 12:45:45+00:00,2010-10-27 02:27:24+00:00,House,Arkansas,Arkansas 3,Republican,R+16,16.0,False,True,72.4,general,104
Surya_Yalamanchili,2010,14,9,-1513.0,1,1,0,2010-05-22 19:22:20+00:00,2010-09-08 04:05:14+00:00,House,Ohio,Ohio 2,Democratic,R+13,13.0,False,False,34.7,general,108
Ami_Bera,2010,13,6,6645.0,1,1,0,2010-09-02 04:17:45+00:00,2010-10-31 22:42:52+00:00,House,California,California 3,Democratic,R+6,6.0,False,False,43.2,general,59
Chuck_Fleischmann,2010,13,4,344.0,4,0,0,2010-09-18 23:43:18+00:00,2010-10-14 12:48:03+00:00,House,Tennessee,Tennessee 3,Republican,R+13,13.0,False,True,56.8,general,25
Mike_Keown,2010,13,3,726.0,8,0,1,2010-08-27 19:15:53+00:00,2010-10-24 18:43:02+00:00,House,Georgia,Georgia 2,Republican,D+1,-1.0,False,False,48.6,general,57
Steven_Palazzo,2010,13,9,3114.0,3,6,1,2010-06-03 05:27:31+00:00,2010-11-01 09:01:12+00:00,House,Mississippi,Mississippi 4,Republican,R+20,20.0,False,True,51.9,general,151
Len_Britton,2010,12,9,-639.0,1,0,0,2010-10-06 14:46:40+00:00,2010-10-19 07:01:03+00:00,Senate,Vermont,,Republican,,,False,False,30.9,general,12
Nan_Hayworth,2010,12,7,1374.0,1,3,0,2010-09-18 00:35:18+00:00,2010-10-16 20:00:06+00:00,House,New York,New York 19,Republican,R+3,3.0,False,True,52.7,general,28
Charlie_Justice_(politician),2010,11,5,569.0,1,1,1,2008-11-23 18:25:23+00:00,2010-09-15 21:20:01+00:00,House,Florida,Florida 10,Democratic,R+1,1.0,False,False,34.1,general,661
Harry_Crawford_(politician),2010,9,7,367.0,3,2,1,2008-12-22 02:33:55+00:00,2010-10-15 04:20:36+00:00,House,Alaska,Alaska at-large,Democratic,R+13,13.0,False,False,30.5,general,662
Tom_Marino,2010,9,7,48.0,2,5,0,2010-10-14 21:24:58+00:00,2010-10-29 22:25:14+00:00,House,Pennsylvania,Pennsylvania 10,Republican,R+8,8.0,False,True,55.2,general,15
Mike_Kelly_(Pennsylvania_politician),2010,8,4,-1866.0,2,0,0,2010-09-24 02:14:54+00:00,2010-10-03 04:30:42+00:00,House,Pennsylvania,Pennsylvania 3,Republican,R+3,3.0,False,True,55.7,general,9
Bill_Gunn_(Massachusetts_politician),2010,6,5,-2570.0,1,0,0,2010-06-04 20:20:21+00:00,2010-10-16 20:25:57+00:00,House,Massachusetts,Massachusetts 1,Republican,D+14,-14.0,False,False,34.9,general,134
Dee_Adcock,2010,6,5,340.0,3,0,0,2010-09-26 17:27:20+00:00,2010-10-24 22:51:02+00:00,House,Pennsylvania,Pennsylvania 13,Republican,D+7,-7.0,False,False,43.7,general,28
Jeff_Duncan_(politician),2010,4,3,264.0,2,0,1,2010-09-19 02:54:52+00:00,2010-10-30 09:33:06+00:00,House,South Carolina,South Carolina 3,Republican,R+17,17.0,False,True,62.5,general,41
Marsha_Feinland,2010,4,4,51.0,3,0,0,2008-11-07 01:26:30+00:00,2010-10-14 22:33:48+00:00,Senate,California,,Peace and Freedom,,,False,False,1.3,general,706
Rob_Woodall,2010,4,3,146.0,2,0,0,2010-09-06 03:24:17+00:00,2010-09-28 03:28:59+00:00,House,Georgia,Georgia 7,Republican,R+16,16.0,False,True,67.1,general,22
Andy_Vidak,2010,3,3,281.0,1,0,0,2010-10-31 12:29:08+00:00,2010-10-31 18:25:02+00:00,House,California,California 20,Republican,D+5,-5.0,False,False,48.3,general,0
Joyce_Elliott,2010,3,2,68.0,0,0,0,2010-09-26 04:29:18+00:00,2010-10-10 03:13:45+00:00,House,Arkansas,Arkansas 2,Democratic,R+5,5.0,False,False,38.3,general,13
John_Larson,2010,2,1,0.0,0,0,0,2009-04-15 14:35:54+00:00,2009-04-15 14:39:57+00:00,House,Connecticut,Connecticut 1,Democratic,D+13,-13.0,True,True,61.3,general,0
Michael_Pipe,2010,2,2,-2103.0,0,0,0,2010-11-01 02:59:11+00:00,2010-11-01 03:14:09+00:00,House,Pennsylvania,Pennsylvania 5,Democratic,R+9,9.0,False,False,28.2,general,0
Ray_Lutz,2010,2,1,0.0,1,0,0,2010-08-04 06:43:10+00:00,2010-08-04 06:43:36+00:00,House,California,California 52,Democratic,R+9,9.0,False,False,32.1,general,0
Rebecca_Schneider_(politician),2010,2,1,0.0,0,0,0,2008-11-16 01:26:10+00:00,2010-10-16 19:14:06+00:00,House,Arizona,Arizona 6,Democratic,R+15,15.0,False,False,29.1,general,699
Renee_Ellmers,2010,2,1,1.0,0,0,0,2010-10-31 20:51:21+00:00,2010-10-31 20:53:08+00:00,House,North Carolina,North Carolina 2,Republican,R+2,2.0,False,True,49.5,general,0
Shannon_Roberts_(politician),2010,2,1,51.0,0,0,0,2010-08-22 15:16:25+00:00,2010-08-22 15:18:30+00:00,House,Florida,Florida 15,Democratic,R+6,6.0,False,False,35.3,general,0
Ben_Ray_Lujan,2010,1,1,0.0,0,0,0,2009-02-14 19:51:24+00:00,2009-02-14 19:51:24+00:00,House,New Mexico,New Mexico 3,Democratic,D+7,-7.0,True,True,57.0,general,0
Heather_Beaven,2010,1,1,0.0,0,0,0,2010-08-22 15:07:43+00:00,2010-08-22 15:07:43+00:00,House,Florida,Florida 7,Democratic,R+7,7.0,False,False,31.0,general,0
Jason_Levesque,2010,1,1,0.0,0,0,0,2010-10-24 16:00:05+00:00,2010-10-24 16:00:05+00:00,House,Maine,Maine 2,Republican,D+3,-3.0,False,False,44.9,general,0
Jim_Piccillo,2010,1,1,0.0,0,0,0,2010-08-22 15:10:47+00:00,2010-08-22 15:10:47+00:00,House,Florida,Florida 5,Democratic,R+9,9.0,False,False,32.6,general,0
John_C._Fleming,2010,1,1,0.0,0,0,0,2010-04-10 07:44:18+00:00,2010-04-10 07:44:18+00:00,House,Louisiana,Louisiana 4,Republican,R+11,11.0,True,True,62.3,general,0
Lori_Edwards,2010,1,1,0.0,0,0,0,2010-08-22 15:14:44+00:00,2010-08-22 15:14:44+00:00,House,Florida,Florida 12,Democratic,R+6,6.0,False,False,41.1,general,0
Martha_Roby,2010,1,1,0.0,0,0,0,2010-10-16 19:09:27+00:00,2010-10-16 19:09:27+00:00,House,Alabama,Alabama 2,Republican,R+16,16.0,False,True,51.3,general,0
Mike_Doyle_(Pennsylvania_politician),2010,1,1,0.0,0,0,0,2009-02-11 06:09:48+00:00,2009-02-11 06:09:48+00:00,House,Pennsylvania,Pennsylvania 14,Democratic,D+19,-19.0,True,True,68.8,general,0
Trent_VanHaaften,2010,1,1,0.0,0,0,0,2010-09-06 03:48:44+00:00,2010-09-06 03:48:44+00:00,House,Indiana,Indiana 8,Democratic,R+8,8.0,False,False,37.4,general,0
Paul_Ryan,2012,2792,651,98052.0,562,248,57,2010-11-03 01:36:03+00:00,2012-11-06 12:22:31+00:00,House,Wisconsin,Wisconsin 1,Republican,R+3,3.0,True,True,54.9,general,734
Michele_Bachmann,2012,1799,589,61289.0,430,304,44,2010-11-03 01:52:45+00:00,2012-11-03 21:46:52+00:00,House,Minnesota,Minnesota 6,Republican,R+8,8.0,True,True,50.6,general,731
Elizabeth_Warren,2012,1091,301,20831.0,205,139,31,2010-11-03 18:05:06+00:00,2012-11-04 22:27:13+00:00,Senate,Massachusetts,,Democratic,,,False,True,53.7,general,732
Allen_West_(politician),2012,1070,393,24750.0,203,324,24,2010-11-03 03:50:08+00:00,2012-11-06 19:25:34+00:00,House,Florida,Florida 18,Republican,R+1,1.0,False,False,49.8,general,734
John_Boehner,2012,655,307,22677.0,187,135,31,2010-11-03 01:41:11+00:00,2012-09-17 23:19:53+00:00,House,Ohio,Ohio 8,Republican,R+14,14.0,True,True,,general,684
Kristi_Noem,2012,633,145,27338.0,66,139,10,2010-11-03 03:29:37+00:00,2012-11-06 03:33:29+00:00,House,South Dakota,South Dakota at-large,Republican,R+9,9.0,True,True,57.5,general,734
Eric_Cantor,2012,569,298,6709.0,152,222,24,2010-11-03 18:47:50+00:00,2012-11-04 17:25:56+00:00,House,Virginia,Virginia 7,Republican,R+11,11.0,True,True,58.6,general,731
Nancy_Pelosi,2012,560,266,-350.0,142,129,27,2010-11-03 00:00:48+00:00,2012-11-04 01:22:01+00:00,House,California,California 12,Democratic,D+35,-35.0,False,True,84.8,general,732
Joe_Walsh_(Illinois_politician),2012,551,201,35908.0,101,153,17,2010-11-04 00:13:11+00:00,2012-11-06 15:13:29+00:00,House,Illinois,Illinois 8,Republican,D+6,-6.0,True,False,45.3,general,733
Darrell_Issa,2012,511,186,10764.0,113,91,13,2010-11-06 21:14:06+00:00,2012-11-04 21:04:40+00:00,House,California,California 49,Republican,R+5,5.0,True,True,58.9,general,728
Kirsten_Gillibrand,2012,505,164,-2653.0,89,111,19,2010-11-03 02:29:18+00:00,2012-11-06 14:56:19+00:00,Senate,New York,,Democratic,,,False,True,71.6,general,734
Lamar_Smith,2012,487,250,14432.0,128,216,51,2010-11-04 19:42:08+00:00,2012-09-14 11:51:04+00:00,House,Texas,Texas 21,Republican,R+11,11.0,True,True,60.6,general,679
Todd_Akin,2012,477,165,42413.0,99,94,13,2010-11-28 01:30:13+00:00,2012-11-06 15:33:19+00:00,Senate,Missouri,,Republican,,,False,False,39.0,general,709
Charles_Rangel,2012,417,124,27089.0,95,60,7,2010-11-03 11:11:57+00:00,2012-11-06 01:38:21+00:00,House,New York,New York 13,Democratic,D+41,-41.0,False,True,90.8,general,733
Alan_Grayson,2012,404,159,10958.0,60,134,14,2010-11-03 00:28:11+00:00,2012-11-04 09:57:40+00:00,House,Florida,Florida 9,Democratic,D+4,-4.0,False,True,62.5,general,732
Scott_Brown_(politician),2012,402,226,11397.0,116,129,16,2010-11-03 21:42:13+00:00,2012-11-06 23:52:42+00:00,Senate,Massachusetts,,Republican,,,False,False,46.3,general,734
Shmuley_Boteach,2012,375,88,9195.0,71,46,8,2010-12-01 02:25:28+00:00,2012-11-05 00:33:40+00:00,House,New Jersey,New Jersey 9,Republican,D+11,-11.0,False,False,25.4,general,704
Josh_Mandel,2012,365,122,19300.0,81,77,8,2010-11-03 07:38:44+00:00,2012-11-06 13:35:15+00:00,Senate,Ohio,,Republican,,,False,False,44.7,general,734
Linda_McMahon,2012,360,168,-3814.0,73,95,16,2010-11-03 01:49:50+00:00,2012-11-06 21:23:41+00:00,Senate,Connecticut,,Republican,,,False,False,43.1,general,734
Richard_Mourdock,2012,360,114,37283.0,48,60,9,2010-11-16 14:26:47+00:00,2012-11-06 18:39:36+00:00,Senate,Indiana,,Republican,,,False,False,44.2,general,721
Debbie_Wasserman_Schultz,2012,359,203,4148.0,80,159,14,2010-11-10 14:40:43+00:00,2012-11-04 15:53:26+00:00,House,Florida,Florida 23,Democratic,D+10,-10.0,False,True,63.3,general,725
Joe_Manchin,2012,324,140,14750.0,75,95,15,2010-11-03 00:36:14+00:00,2012-11-01 07:51:04+00:00,Senate,West Virginia,,Democratic,,,False,True,60.6,general,729
Dana_Rohrabacher,2012,316,108,11599.0,38,79,11,2010-11-06 13:26:36+00:00,2012-10-27 16:24:03+00:00,House,California,California 48,Republican,R+8,8.0,False,True,61.6,general,721
Sherrod_Brown,2012,306,132,9763.0,63,80,17,2010-11-04 05:12:56+00:00,2012-10-29 12:42:41+00:00,Senate,Ohio,,Democratic,,,False,True,50.7,general,725
Janice_Hahn,2012,288,89,19269.0,74,95,16,2010-12-30 19:45:48+00:00,2012-10-31 14:50:27+00:00,House,California,California 44,Democratic,D+29,-29.0,False,True,60.0,general,670
John_Fleming_(American_politician),2012,284,111,-638.0,33,115,9,2010-11-10 22:51:34+00:00,2012-11-02 19:20:31+00:00,House,Louisiana,Louisiana 4,Republican,R+11,11.0,True,True,75.3,general,722
Kathy_Hochul,2012,283,76,35652.0,37,36,3,2011-03-20 21:20:08+00:00,2012-10-12 09:15:28+00:00,House,New York,New York 27,Democratic,R+7,7.0,False,False,49.3,general,571
Tim_Scott,2012,279,95,20069.0,50,61,7,2010-11-03 04:58:54+00:00,2012-10-27 01:21:30+00:00,House,South Carolina,South Carolina 1,Republican,R+11,11.0,True,True,62.4,general,723
Jim_Moran,2012,278,97,8763.0,56,50,10,2010-11-03 02:38:20+00:00,2012-11-02 21:40:49+00:00,House,Virginia,Virginia 8,Democratic,D+15,-15.0,True,True,64.6,general,730
John_Lewis,2012,275,114,23683.0,50,83,16,2010-11-03 14:29:06+00:00,2012-10-25 17:31:26+00:00,House,Georgia,Georgia 5,Democratic,D+31,-31.0,True,True,84.3,general,722
Bobby_Schilling,2012,269,66,21069.0,44,26,2,2010-11-03 04:15:30+00:00,2012-10-29 05:16:26+00:00,House,Illinois,Illinois 17,Republican,D+6,-6.0,True,False,46.7,general,726
Aaron_Schock,2012,256,103,37239.0,48,59,9,2010-11-04 02:19:33+00:00,2012-11-04 01:12:22+00:00,House,Illinois,Illinois 18,Republican,R+10,10.0,True,True,74.2,general,730
Jared_Polis,2012,253,119,29649.0,47,103,10,2010-11-03 01:59:53+00:00,2012-10-30 08:22:00+00:00,House,Colorado,Colorado 2,Democratic,D+8,-8.0,True,True,56.0,general,727
Paul_Broun,2012,250,131,13910.0,37,94,10,2010-11-10 17:39:19+00:00,2012-11-03 15:27:22+00:00,House,Georgia,Georgia 10,Republican,R+13,13.0,True,True,,general,723
Ted_Cruz,2012,249,107,13499.0,48,91,0,2010-12-07 04:14:20+00:00,2012-11-03 20:05:09+00:00,Senate,Texas,,Republican,,,False,True,56.5,general,697
Mia_Love,2012,246,128,14697.0,41,68,6,2010-11-03 11:53:30+00:00,2012-11-02 21:14:36+00:00,House,Utah,Utah 4,Republican,R+14,14.0,False,False,48.1,general,730
Orrin_Hatch,2012,246,128,20071.0,70,75,10,2010-11-03 18:12:20+00:00,2012-10-11 16:16:29+00:00,Senate,Utah,,Republican,,,False,True,65.3,general,707
Justin_Amash,2012,240,104,11366.0,46,63,9,2010-11-03 14:34:05+00:00,2012-11-05 01:02:51+00:00,House,Michigan,Michigan 3,Republican,R+5,5.0,True,True,52.7,general,732
Tim_Kaine,2012,240,105,8416.0,49,71,12,2010-11-11 15:40:28+00:00,2012-11-05 14:58:11+00:00,Senate,Virginia,,Democratic,,,False,True,52.9,general,724
Brad_Sherman,2012,239,73,30640.0,38,98,9,2010-11-07 14:51:27+00:00,2012-11-04 08:57:21+00:00,House,California,California 30,Democratic,D+13,-13.0,False,True,60.5,general,727
Dianne_Feinstein,2012,239,149,6398.0,62,87,11,2010-11-03 20:10:48+00:00,2012-11-06 21:12:30+00:00,Senate,California,,Democratic,,,False,True,62.5,general,734
Robert_Hurt_(politician),2012,236,57,19296.0,30,16,2,2010-11-03 01:36:38+00:00,2012-11-02 20:22:00+00:00,House,Virginia,Virginia 5,Republican,R+6,6.0,True,True,55.3,general,730
Tammy_Duckworth,2012,232,89,-3674.0,54,35,10,2010-11-14 03:46:45+00:00,2012-11-05 23:20:49+00:00,House,Illinois,Illinois 8,Democratic,D+6,-6.0,False,True,54.7,general,722
Tammy_Baldwin,2012,231,106,23212.0,43,49,9,2010-11-03 05:55:09+00:00,2012-11-06 18:13:28+00:00,Senate,Wisconsin,,Democratic,,,False,True,51.4,general,734
Bernie_Sanders,2012,229,160,2627.0,57,88,9,2010-11-03 03:50:42+00:00,2012-11-01 23:11:46+00:00,Senate,Vermont,,Independent,,,False,True,71.0,general,729
Fred_Upton,2012,229,139,16710.0,46,121,19,2010-11-21 07:10:32+00:00,2012-11-05 02:43:12+00:00,House,Michigan,Michigan 6,Republican,R+1,1.0,True,True,54.4,general,714
Bob_Casey_Jr.,2012,228,101,22518.0,37,56,12,2010-11-03 21:20:01+00:00,2012-11-04 23:11:14+00:00,Senate,Pennsylvania,,Democratic,,,False,True,53.7,general,732
Cheri_Bustos,2012,224,26,12587.0,72,13,1,2012-05-23 19:43:35+00:00,2012-11-02 05:06:07+00:00,House,Illinois,Illinois 17,Democratic,D+6,-6.0,False,True,53.3,general,162
Pete_Hoekstra,2012,223,119,15630.0,43,90,4,2010-11-04 20:02:50+00:00,2012-11-05 14:44:11+00:00,Senate,Michigan,,Republican,,,False,False,38.0,general,731
Frank_Guinta,2012,219,68,13529.0,29,69,2,2010-11-07 10:42:13+00:00,2012-10-30 21:12:42+00:00,House,New Hampshire,New Hampshire 1,Republican,EVEN,0.0,True,False,46.0,general,723
Sean_Duffy,2012,219,93,10956.0,35,45,3,2010-11-03 12:19:51+00:00,2012-11-06 18:38:43+00:00,House,Wisconsin,Wisconsin 7,Republican,EVEN,0.0,True,True,56.1,general,734
Steve_King,2012,217,123,-303.0,39,94,6,2010-11-06 07:39:27+00:00,2012-11-04 17:40:13+00:00,House,Iowa,Iowa 4,Republican,R+4,4.0,False,True,53.2,general,729
Jim_McDermott,2012,214,53,11704.0,54,20,14,2010-11-15 22:51:46+00:00,2012-11-01 08:22:19+00:00,House,Washington,Washington 7,Democratic,D+28,-28.0,True,True,79.5,general,716
Randall_Terry,2012,214,128,3620.0,56,87,9,2010-11-07 08:36:37+00:00,2012-11-05 01:15:46+00:00,House,Florida,Florida 20,Independent,D+28,-28.0,False,False,12.0,general,728
George_Allen_(American_politician),2012,211,119,9314.0,53,53,7,2010-11-10 08:40:59+00:00,2012-11-04 01:22:29+00:00,Senate,Virginia,,Republican,,,False,False,47.0,general,724
Joe_Donnelly,2012,206,83,43172.0,33,76,7,2010-11-03 03:46:50+00:00,2012-11-06 21:22:28+00:00,Senate,Indiana,,Democratic,,,False,True,50.0,general,734
Louie_Gohmert,2012,205,94,15766.0,34,61,5,2010-11-13 05:24:09+00:00,2012-09-25 21:00:52+00:00,House,Texas,Texas 1,Republican,R+21,21.0,True,True,71.7,general,682
Tommy_Thompson,2012,205,108,51293.0,33,60,5,2010-11-06 07:02:43+00:00,2012-11-06 18:44:59+00:00,Senate,Wisconsin,,Republican,,,False,False,45.9,general,731
Dean_Heller,2012,202,116,8072.0,32,71,3,2010-11-12 21:29:41+00:00,2012-11-05 02:08:51+00:00,Senate,Nevada,,Republican,,,False,True,45.9,general,723
Michael_Grimm_(politician),2012,201,83,20299.0,49,40,6,2010-11-03 02:09:50+00:00,2012-11-03 14:04:49+00:00,House,New York,New York 11,Republican,R+4,4.0,False,True,52.8,general,731
Shelley_Berkley,2012,201,70,16180.0,57,36,5,2010-11-03 15:07:34+00:00,2012-10-25 23:20:44+00:00,Senate,Nevada,,Democratic,,,False,False,44.7,general,722
Chip_Cravaack,2012,194,80,22559.0,30,30,3,2010-11-03 13:05:20+00:00,2012-11-06 23:20:18+00:00,House,Minnesota,Minnesota 8,Republican,D+3,-3.0,True,False,45.5,general,734
Daniel_Webster_(Florida_politician),2012,191,58,9175.0,37,21,5,2010-11-03 02:53:08+00:00,2012-11-04 04:19:13+00:00,House,Florida,Florida 10,Republican,R+7,7.0,False,True,51.8,general,732
Keith_Ellison,2012,188,97,-6937.0,55,37,10,2010-11-03 06:29:54+00:00,2012-11-04 04:04:45+00:00,House,Minnesota,Minnesota 5,DFL,D+22,-22.0,True,True,74.5,general,731
Joe_the_Plumber,2012,185,115,6318.0,35,70,5,2010-11-05 09:06:57+00:00,2012-10-31 03:31:11+00:00,House,Ohio,Ohio 9,Republican,D+15,-15.0,False,False,23.5,general,725
Chris_Murphy,2012,184,94,4851.0,40,59,4,2010-11-04 23:25:07+00:00,2012-11-06 22:01:41+00:00,Senate,Connecticut,,Democratic,,,False,True,54.8,general,732
Dave_Camp,2012,184,75,4493.0,46,61,4,2010-11-08 23:02:16+00:00,2012-11-05 01:27:23+00:00,House,Michigan,Michigan 4,Republican,R+4,4.0,True,True,63.1,general,727
Bill_Flores,2012,182,61,4112.0,21,56,2,2010-11-03 02:02:00+00:00,2012-09-24 22:39:55+00:00,House,Texas,Texas 17,Republican,R+12,12.0,True,True,79.9,general,691
Bill_Nelson,2012,182,87,5018.0,32,45,13,2010-11-16 23:28:24+00:00,2012-11-06 21:25:39+00:00,Senate,Florida,,Democratic,,,False,True,55.2,general,720
Kevin_Yoder,2012,179,79,8698.0,33,62,4,2010-11-03 21:39:46+00:00,2012-11-03 15:43:52+00:00,House,Kansas,Kansas 3,Republican,R+5,5.0,True,True,68.5,general,730
Ileana_Ros-Lehtinen,2012,178,107,9650.0,35,53,9,2010-11-22 22:56:07+00:00,2012-11-04 16:39:15+00:00,House,Florida,Florida 27,Republican,R+5,5.0,False,True,60.2,general,712
Ann_Marie_Buerkle,2012,177,68,13444.0,23,54,7,2010-11-19 18:51:40+00:00,2012-11-05 19:22:51+00:00,House,New York,New York 24,Republican,D+3,-3.0,False,False,43.8,general,717
Debbie_Stabenow,2012,170,89,7898.0,39,56,9,2010-11-04 04:37:39+00:00,2012-11-03 21:16:46+00:00,Senate,Michigan,,Democratic,,,False,True,58.8,general,730
Maxine_Waters,2012,170,105,7602.0,45,76,7,2010-11-03 19:23:50+00:00,2012-11-04 04:52:05+00:00,House,California,California 43,Democratic,D+23,-23.0,False,True,70.6,general,731
Maria_Cantwell,2012,169,93,8192.0,37,75,11,2010-11-05 02:07:46+00:00,2012-11-06 21:10:14+00:00,Senate,Washington,,Democratic,,,False,True,60.5,general,732
Doc_Hastings,2012,167,46,10276.0,55,30,2,2010-11-09 20:51:10+00:00,2012-07-10 14:44:57+00:00,House,Washington,Washington 4,Republican,R+14,14.0,True,True,67.0,general,608
Jeff_Flake,2012,167,78,16644.0,41,55,4,2010-11-23 21:09:30+00:00,2012-11-06 20:58:07+00:00,Senate,Arizona,,Republican,,,False,True,49.2,general,713
Bob_Kerrey,2012,166,83,1070.0,38,63,5,2010-11-16 03:26:40+00:00,2012-11-01 21:54:28+00:00,Senate,Nebraska,,Democratic,,,False,False,42.2,general,716
Bob_Menendez,2012,166,100,9162.0,45,37,11,2010-11-04 05:59:57+00:00,2012-11-06 18:32:13+00:00,Senate,New Jersey,,Democratic,,,False,True,58.9,general,733
Claire_McCaskill,2012,166,106,2292.0,27,60,5,2010-11-17 08:04:05+00:00,2012-11-02 17:44:59+00:00,Senate,Missouri,,Democratic,,,False,True,54.8,general,716
Howard_Berman,2012,165,90,10780.0,40,68,12,2010-11-07 15:07:33+00:00,2012-10-31 08:47:53+00:00,House,California,California 30,Democratic,D+13,-13.0,False,False,39.5,general,723
Bob_Corker,2012,163,75,13494.0,38,22,3,2010-11-06 18:00:36+00:00,2012-10-25 02:46:48+00:00,Senate,Tennessee,,Republican,,,False,True,64.9,general,718
Mark_Amodei,2012,161,59,9368.0,26,41,3,2011-03-11 02:47:51+00:00,2012-11-04 22:56:24+00:00,House,Nevada,Nevada 2,Republican,R+5,5.0,True,True,57.6,general,604
Mike_Fitzpatrick,2012,159,68,6303.0,25,45,6,2010-11-03 19:42:05+00:00,2012-10-02 03:51:26+00:00,House,Pennsylvania,Pennsylvania 8,Republican,D+1,-1.0,True,True,56.7,general,698
Scott_DesJarlais,2012,151,76,7535.0,26,51,3,2010-11-03 02:57:48+00:00,2012-11-05 17:51:43+00:00,House,Tennessee,Tennessee 4,Republican,R+13,13.0,True,True,55.8,general,733
Chris_Gibson_(New_York_politician),2012,150,62,7522.0,30,24,5,2010-11-03 03:45:42+00:00,2012-10-15 19:28:18+00:00,House,New York,New York 19,Republican,EVEN,0.0,False,True,53.4,general,712
Kerry_Bentivolio,2012,150,58,8449.0,37,46,6,2012-05-26 18:06:25+00:00,2012-11-06 17:39:24+00:00,House,Michigan,Michigan 11,Republican,,,False,False,46.1,special,163
Denny_Rehberg,2012,148,82,10091.0,26,53,3,2010-11-03 16:29:02+00:00,2012-11-06 19:25:14+00:00,Senate,Montana,,Republican,,,False,False,44.9,general,734
David_Cicilline,2012,146,58,16168.0,36,22,4,2010-11-03 04:38:33+00:00,2012-10-26 11:38:09+00:00,House,Rhode Island,Rhode Island 1,Democratic,D+14,-14.0,True,True,53.0,general,723
Buck_McKeon,2012,143,61,17368.0,37,28,8,2010-11-07 14:15:38+00:00,2012-09-21 06:39:27+00:00,House,California,California 25,Republican,R+6,6.0,True,True,54.8,general,683
Linda_Lingle,2012,143,73,11024.0,34,39,5,2010-11-03 23:37:55+00:00,2012-10-30 02:36:11+00:00,Senate,Hawaii,,Republican,,,False,False,37.4,general,726
Amy_Klobuchar,2012,142,98,7312.0,38,59,13,2010-11-03 21:57:14+00:00,2012-11-06 00:15:14+00:00,Senate,Minnesota,,DFL,,,False,True,65.2,general,733
Carolyn_Maloney,2012,138,51,15847.0,38,23,2,2010-11-14 19:37:07+00:00,2012-11-05 00:57:31+00:00,House,New York,New York 12,Democratic,D+38,-38.0,False,True,80.9,general,721
Deb_Fischer,2012,138,50,5401.0,25,16,5,2010-11-16 03:24:51+00:00,2012-11-06 20:36:04+00:00,Senate,Nebraska,,Republican,,,False,True,57.8,general,721
Kyrsten_Sinema,2012,137,53,4710.0,24,24,3,2010-11-08 20:22:36+00:00,2012-10-30 07:39:10+00:00,House,Arizona,Arizona 9,Democratic,R+1,1.0,False,True,48.5,general,721
David_Rivera,2012,136,79,9629.0,34,24,5,2010-11-03 23:24:11+00:00,2012-10-25 13:28:33+00:00,House,Florida,Florida 26,Republican,R+3,3.0,False,False,43.0,general,721
Randy_Hultgren,2012,136,53,9133.0,17,38,2,2010-11-03 03:42:41+00:00,2012-10-18 13:58:19+00:00,House,Illinois,Illinois 14,Republican,R+6,6.0,True,True,58.8,general,715
Steven_Palazzo,2012,136,62,3668.0,18,79,5,2010-11-03 04:30:11+00:00,2012-11-05 15:22:08+00:00,House,Mississippi,Mississippi 4,Republican,R+20,20.0,True,True,64.1,general,733
Doug_Lamborn,2012,135,66,6062.0,17,79,3,2010-12-13 19:38:43+00:00,2012-11-04 19:58:18+00:00,House,Colorado,Colorado 5,Republican,R+15,15.0,True,True,65.3,general,692
Sheila_Jackson_Lee,2012,135,62,996.0,29,10,2,2010-11-03 02:50:24+00:00,2012-09-21 18:40:00+00:00,House,Texas,Texas 18,Democratic,D+22,-22.0,True,True,75.0,general,688
Thomas_Massie,2012,135,27,14228.0,13,7,0,2012-01-15 01:14:38+00:00,2012-10-27 20:13:08+00:00,House,Kentucky,Kentucky 4,Republican,,,False,True,59.9,special,286
Larry_Bucshon,2012,134,40,6098.0,16,21,2,2010-11-03 00:38:19+00:00,2012-07-31 22:14:09+00:00,House,Indiana,Indiana 8,Republican,R+8,8.0,True,True,53.4,general,636
Mo_Brooks,2012,134,63,17280.0,17,41,2,2010-11-03 04:56:50+00:00,2012-11-03 14:42:24+00:00,House,Alabama,Alabama 5,Republican,R+14,14.0,True,True,65.0,general,731
Nan_Hayworth,2012,133,76,11860.0,22,35,5,2010-11-03 07:46:04+00:00,2012-10-15 23:14:26+00:00,House,New York,New York 18,Republican,R+2,2.0,False,False,48.3,general,712
Morgan_Griffith,2012,132,44,12888.0,29,24,2,2010-11-03 01:10:02+00:00,2012-11-02 21:48:44+00:00,House,Virginia,Virginia 9,Republican,R+11,11.0,True,True,61.2,general,730
Tom_Rooney_(Florida_politician),2012,132,44,79168.0,28,19,3,2010-11-10 14:31:04+00:00,2012-11-04 10:29:06+00:00,House,Florida,Florida 17,Republican,R+10,10.0,False,True,58.7,general,724
Jon_Runyan,2012,131,66,6335.0,24,40,7,2010-11-03 02:27:53+00:00,2012-09-29 18:06:04+00:00,House,New Jersey,New Jersey 3,Republican,R+2,2.0,True,True,53.8,general,696
Steny_Hoyer,2012,130,77,6142.0,28,35,7,2010-11-03 02:55:35+00:00,2012-11-03 11:25:22+00:00,House,Maryland,Maryland 5,Democratic,D+11,-11.0,True,True,69.4,general,731
Connie_Mack_IV,2012,129,77,11965.0,29,51,4,2010-11-04 23:07:22+00:00,2012-11-06 01:41:35+00:00,Senate,Florida,,Republican,,,False,False,42.2,general,732
Randy_Altschuler,2012,129,39,8983.0,23,14,4,2010-11-03 17:40:14+00:00,2012-10-09 17:50:44+00:00,House,New York,New York 1,Republican,EVEN,0.0,False,False,47.8,general,706
Pete_Stark,2012,128,89,-12481.0,23,47,3,2010-11-03 22:31:51+00:00,2012-11-05 06:47:07+00:00,House,California,California 15,Democratic,D+15,-15.0,False,False,47.0,general,732
Judy_Chu,2012,127,65,7807.0,21,27,0,2010-11-03 08:21:49+00:00,2012-11-03 20:34:32+00:00,House,California,California 27,Democratic,D+9,-9.0,False,True,63.4,general,731
Martin_Heinrich,2012,126,51,12829.0,19,26,3,2010-11-03 04:46:14+00:00,2012-10-30 21:48:38+00:00,Senate,New Mexico,,Democratic,,,False,True,51.0,general,727
Steve_Cohen_(politician),2012,126,65,11936.0,24,34,4,2010-11-15 18:54:27+00:00,2012-10-24 04:43:26+00:00,House,Tennessee,Tennessee 9,Democratic,D+22,-22.0,True,True,75.1,general,708
Tom_Smith_(Pennsylvania_politician),2012,126,52,7368.0,19,23,6,2012-04-26 00:29:32+00:00,2012-11-04 14:28:41+00:00,Senate,Pennsylvania,,Republican,,,False,False,44.6,general,192
Jesse_Jackson_Jr.,2012,124,75,2563.0,34,35,10,2010-11-06 06:36:49+00:00,2012-10-16 20:31:36+00:00,House,Illinois,Illinois 2,Democratic,D+27,-27.0,True,True,62.1,general,710
George_Holding,2012,123,21,2596.0,7,14,2,2011-10-27 01:50:29+00:00,2012-10-29 18:08:15+00:00,House,North Carolina,North Carolina 13,Republican,R+9,9.0,False,True,57.1,general,368
Heather_Wilson,2012,123,57,16180.0,35,27,6,2010-11-15 02:45:59+00:00,2012-10-16 23:59:09+00:00,Senate,New Mexico,,Republican,,,False,False,45.3,general,701
Todd_Young,2012,123,68,14332.0,28,28,4,2010-11-03 04:44:49+00:00,2012-10-12 22:35:24+00:00,House,Indiana,Indiana 9,Republican,R+9,9.0,True,True,56.3,general,709
Andy_Harris_(politician),2012,121,66,8221.0,27,28,5,2010-11-03 18:19:29+00:00,2012-10-09 22:22:10+00:00,House,Maryland,Maryland 1,Republican,R+14,14.0,True,True,63.4,general,706
Quico_Canseco,2012,121,59,7184.0,15,28,1,2010-11-03 05:13:29+00:00,2012-10-28 17:12:00+00:00,House,Texas,Texas 23,Republican,R+5,5.0,True,False,45.5,general,725
Jim_Clyburn,2012,120,63,6907.0,17,33,3,2010-11-03 20:33:36+00:00,2012-10-09 01:29:09+00:00,House,South Carolina,South Carolina 6,Democratic,D+18,-18.0,True,True,94.4,general,705
Colleen_Hanabusa,2012,119,54,4095.0,28,24,3,2010-11-03 08:48:31+00:00,2012-10-25 18:36:09+00:00,House,Hawaii,Hawaii 1,Democratic,D+11,-11.0,True,True,54.6,general,722
Rick_Berg,2012,119,62,15704.0,26,32,5,2010-11-03 04:07:12+00:00,2012-10-27 15:35:14+00:00,Senate,North Dakota,,Republican,,,False,False,49.3,general,724
Abel_Maldonado,2012,118,57,4241.0,22,43,5,2010-11-03 09:04:14+00:00,2012-10-04 16:56:24+00:00,House,California,California 24,Republican,D+3,-3.0,False,False,44.9,general,701
Bobby_Rush,2012,118,70,12418.0,31,37,7,2010-11-07 14:30:34+00:00,2012-11-06 23:54:26+00:00,House,Illinois,Illinois 1,Democratic,D+28,-28.0,True,True,73.9,general,730
Martha_Roby,2012,118,53,15420.0,32,20,3,2010-11-03 04:55:02+00:00,2012-08-06 20:17:55+00:00,House,Alabama,Alabama 2,Republican,R+18,18.0,True,True,63.7,general,642
Art_Robinson,2012,117,38,9941.0,18,37,2,2010-11-03 08:39:12+00:00,2012-11-04 19:18:28+00:00,House,Oregon,Oregon 4,Republican,D+2,-2.0,False,False,39.5,general,732
Lois_Frankel,2012,116,36,5559.0,15,50,3,2011-03-21 21:34:38+00:00,2012-11-06 18:33:58+00:00,House,Florida,Florida 22,Democratic,D+5,-5.0,False,True,54.6,general,595
Wendy_Long,2012,116,32,6332.0,11,43,6,2010-12-02 00:39:54+00:00,2012-11-03 15:31:01+00:00,Senate,New York,,Republican,,,False,False,27.0,general,702
Angus_King,2012,115,65,6166.0,34,35,4,2010-11-06 13:01:47+00:00,2012-11-06 23:46:58+00:00,Senate,Maine,,Independent,,,False,True,52.9,general,731
Steve_Chabot,2012,114,56,5364.0,29,40,9,2010-11-03 16:38:54+00:00,2012-11-05 04:29:37+00:00,House,Ohio,Ohio 1,Republican,R+6,6.0,True,True,58.3,general,732
Vicky_Hartzler,2012,114,67,7390.0,16,43,5,2010-11-03 04:34:37+00:00,2012-09-27 14:21:13+00:00,House,Missouri,Missouri 4,Republican,R+11,11.0,True,True,60.3,general,694
Adam_Kinzinger,2012,112,58,188.0,24,37,1,2010-11-03 14:58:43+00:00,2012-09-08 06:36:39+00:00,House,Illinois,Illinois 16,Republican,R+4,4.0,False,True,61.9,general,674
Jerry_McNerney,2012,111,54,5253.0,19,31,2,2010-11-05 16:17:54+00:00,2012-08-02 15:37:18+00:00,House,California,California 9,Democratic,D+2,-2.0,False,True,55.5,general,635
Marsha_Blackburn,2012,110,60,5080.0,25,26,3,2010-11-08 10:18:55+00:00,2012-10-18 23:33:50+00:00,House,Tennessee,Tennessee 7,Republican,R+13,13.0,True,True,71.0,general,710
Brad_Schneider,2012,109,42,13173.0,18,23,3,2011-07-23 21:29:17+00:00,2012-11-06 20:56:17+00:00,House,Illinois,Illinois 10,Democratic,D+8,-8.0,False,True,50.5,general,471
Chris_Collins_(New_York_politician),2012,109,34,3890.0,17,24,2,2010-11-15 22:15:55+00:00,2012-11-06 16:12:54+00:00,House,New York,New York 27,Republican,R+7,7.0,False,True,50.7,general,721
Jon_Tester,2012,109,69,11165.0,23,26,5,2010-11-04 21:38:33+00:00,2012-10-26 03:37:36+00:00,Senate,Montana,,Democratic,,,False,True,48.6,general,721
Tom_Reed_(politician),2012,109,59,7857.0,20,32,1,2010-11-03 04:55:35+00:00,2012-11-05 21:46:20+00:00,House,New York,New York 23,Republican,R+3,3.0,False,True,52.1,general,733
Don_Young,2012,108,63,6213.0,42,28,5,2010-11-03 19:01:31+00:00,2012-11-03 13:36:19+00:00,House,Alaska,Alaska at-large,Republican,R+13,13.0,True,True,64.7,general,730
John_Dingell,2012,108,75,2446.0,28,55,4,2010-11-03 02:33:14+00:00,2012-11-05 05:36:38+00:00,House,Michigan,Michigan 12,Democratic,D+14,-14.0,False,True,68.5,general,733
Gwen_Moore,2012,107,49,8906.0,15,26,2,2010-11-05 02:40:20+00:00,2012-10-28 04:45:08+00:00,House,Wisconsin,Wisconsin 4,Democratic,D+21,-21.0,True,True,72.3,general,723
Frederica_Wilson,2012,105,50,13208.0,24,27,3,2010-11-04 16:07:35+00:00,2012-11-04 15:57:52+00:00,House,Florida,Florida 24,Democratic,D+33,-33.0,False,True,,general,730
Jim_Renacci,2012,105,52,-742.0,18,49,4,2010-11-03 05:06:30+00:00,2012-10-18 06:43:10+00:00,House,Ohio,Ohio 16,Republican,R+5,5.0,True,True,52.2,general,715
Joe_Barton,2012,105,73,11635.0,23,42,4,2010-11-11 22:37:48+00:00,2012-10-11 01:50:47+00:00,House,Texas,Texas 6,Republican,R+15,15.0,True,True,58.0,general,699
Blake_Farenthold,2012,104,59,7687.0,15,27,3,2010-11-03 20:48:37+00:00,2012-09-10 21:39:57+00:00,House,Texas,Texas 27,Republican,R+13,13.0,True,True,56.7,general,677
Chaka_Fattah,2012,104,55,13665.0,23,29,4,2010-11-15 06:17:22+00:00,2012-11-02 23:29:31+00:00,House,Pennsylvania,Pennsylvania 2,Democratic,D+39,-39.0,True,True,89.4,general,718
Jeff_Landry,2012,104,53,7239.0,19,40,5,2010-11-03 20:10:38+00:00,2012-11-03 14:33:26+00:00,House,Louisiana,Louisiana 3,Republican,R+15,15.0,True,False,39.1,general,730
Joe_Heck,2012,104,61,12812.0,24,27,2,2010-11-03 17:16:34+00:00,2012-10-26 17:45:36+00:00,House,Nevada,Nevada 3,Republican,EVEN,0.0,True,True,50.4,general,723
Mazie_Hirono,2012,104,60,7682.0,24,28,4,2010-12-04 05:37:48+00:00,2012-10-30 01:32:29+00:00,Senate,Hawaii,,Democratic,,,False,True,62.6,general,695
Rich_Nugent,2012,104,51,16126.0,17,29,3,2010-11-04 00:23:59+00:00,2012-11-04 04:28:21+00:00,House,Florida,Florida 11,Republican,R+8,8.0,False,True,64.5,general,731
Scott_Tipton,2012,104,48,6192.0,17,27,4,2010-11-05 16:00:22+00:00,2012-11-04 20:22:44+00:00,House,Colorado,Colorado 3,Republican,R+4,4.0,True,True,53.5,general,730
Bill_Foster_(politician),2012,103,47,1917.0,11,32,4,2010-11-03 03:19:41+00:00,2012-11-03 21:00:26+00:00,House,Illinois,Illinois 11,Democratic,D+6,-6.0,False,True,58.1,general,731
Pat_Meehan,2012,103,50,6708.0,20,30,1,2010-11-03 03:10:53+00:00,2012-11-03 01:03:42+00:00,House,Pennsylvania,Pennsylvania 7,Republican,EVEN,0.0,True,True,59.5,general,730
Richard_Carmona,2012,103,59,9577.0,25,36,2,2010-11-05 02:14:48+00:00,2012-11-06 21:06:02+00:00,Senate,Arizona,,Democratic,,,False,False,46.1,general,732
Charles_Djou,2012,102,57,3092.0,15,39,3,2010-11-03 08:58:42+00:00,2012-11-06 17:38:30+00:00,House,Hawaii,Hawaii 1,Republican,D+11,-11.0,False,False,45.4,general,734
Jan_Schakowsky,2012,102,54,672.0,19,33,3,2010-11-14 07:28:12+00:00,2012-10-08 23:15:35+00:00,House,Illinois,Illinois 9,Democratic,D+15,-15.0,True,True,66.1,general,694
Roscoe_Bartlett,2012,102,56,2135.0,28,41,2,2010-11-07 14:31:46+00:00,2012-10-24 02:30:15+00:00,House,Maryland,Maryland 6,Republican,D+2,-2.0,True,False,37.9,general,716
Adam_Hasner,2012,101,37,3810.0,18,22,4,2011-01-17 15:49:02+00:00,2012-11-05 15:23:59+00:00,House,Florida,Florida 22,Republican,D+5,-5.0,False,False,45.4,general,657
Chuck_Fleischmann,2012,101,42,9842.0,17,24,0,2010-11-04 23:40:25+00:00,2012-08-16 01:12:00+00:00,House,Tennessee,Tennessee 3,Republican,R+12,12.0,True,True,61.4,general,650
Corrine_Brown,2012,101,54,4465.0,27,25,5,2010-11-03 14:09:06+00:00,2012-11-04 10:08:02+00:00,House,Florida,Florida 5,Democratic,D+17,-17.0,False,True,70.8,general,731
Mary_Bono,2012,101,68,3894.0,17,35,3,2010-11-07 17:43:44+00:00,2012-10-24 06:01:10+00:00,House,California,California 36,Republican,R+3,3.0,False,False,48.6,general,716
Mel_Watt,2012,101,57,3864.0,21,27,7,2010-11-15 00:40:12+00:00,2012-11-06 07:45:34+00:00,House,North Carolina,North Carolina 12,Democratic,D+23,-23.0,True,True,79.7,general,722
Rob_Sobhani,2012,101,41,5691.0,32,29,6,2011-10-14 23:54:02+00:00,2012-11-06 12:40:32+00:00,Senate,Maryland,,Independent,,,False,False,16.4,general,388
Stephen_Fincher,2012,101,49,3027.0,16,25,2,2010-11-03 02:44:11+00:00,2012-07-04 14:23:39+00:00,House,Tennessee,Tennessee 8,Republican,R+15,15.0,True,True,68.3,general,609
David_McKinley,2012,99,53,4702.0,17,28,2,2010-11-03 03:06:33+00:00,2012-09-14 15:27:19+00:00,House,West Virginia,West Virginia 1,Republican,R+9,9.0,True,True,62.5,general,681
Gerry_Connolly,2012,99,51,12749.0,22,24,6,2010-11-04 21:02:14+00:00,2012-11-02 22:23:22+00:00,House,Virginia,Virginia 11,Democratic,D+7,-7.0,True,True,61.0,general,729
John_Shimkus,2012,99,58,-2320.0,25,23,4,2010-11-05 12:58:42+00:00,2012-10-04 15:49:09+00:00,House,Illinois,Illinois 15,Republican,R+11,11.0,False,True,68.9,general,699
Henry_Waxman,2012,98,67,20094.0,23,35,4,2010-11-04 21:37:37+00:00,2012-11-04 01:20:49+00:00,House,California,California 33,Democratic,D+12,-12.0,False,True,53.7,general,730
Suzanne_Bonamici,2012,98,43,6806.0,17,15,2,2011-01-02 02:59:12+00:00,2012-11-06 08:11:15+00:00,House,Oregon,Oregon 1,Democratic,,,False,True,53.8,special,674
Marlin_Stutzman,2012,97,50,6952.0,17,33,3,2010-11-10 22:00:36+00:00,2012-10-09 12:00:05+00:00,House,Indiana,Indiana 3,Republican,R+13,13.0,True,True,67.1,general,698
Lee_Terry,2012,96,51,2148.0,25,40,6,2010-11-04 21:22:46+00:00,2012-10-27 22:28:56+00:00,House,Nebraska,Nebraska 2,Republican,R+6,6.0,True,True,51.2,general,723
Walter_B._Jones_Jr.,2012,96,54,4976.0,15,29,6,2010-11-04 00:58:30+00:00,2012-11-06 03:16:22+00:00,House,North Carolina,North Carolina 3,Republican,R+10,10.0,True,True,63.2,general,733
Bob_Goodlatte,2012,95,50,12322.0,18,30,2,2010-11-05 02:53:00+00:00,2012-11-02 21:02:51+00:00,House,Virginia,Virginia 6,Republican,R+12,12.0,True,True,65.6,general,728
Carolyn_McCarthy,2012,95,63,6268.0,30,40,9,2010-11-04 00:04:36+00:00,2012-10-14 00:15:30+00:00,House,New York,New York 4,Democratic,D+4,-4.0,True,True,61.7,general,710
Jason_Chaffetz,2012,95,60,6694.0,30,30,3,2010-11-04 15:27:53+00:00,2012-10-30 18:42:00+00:00,House,Utah,Utah 3,Republican,R+25,25.0,True,True,76.4,general,726
Sean_Patrick_Maloney,2012,95,34,10454.0,15,52,3,2010-12-08 22:00:39+00:00,2012-11-05 00:48:56+00:00,House,New York,New York 18,Democratic,R+2,2.0,False,True,51.7,general,697
David_L._Williams_(politician),2012,94,53,13522.0,18,39,3,2010-11-13 15:34:42+00:00,2012-11-06 22:23:18+00:00,House,Kentucky,Kentucky 2,Democratic,R+15,15.0,False,False,31.7,general,724
Heidi_Heitkamp,2012,94,37,9210.0,18,16,4,2011-01-19 02:33:07+00:00,2012-11-04 14:31:53+00:00,Senate,North Dakota,,Democratic-NPL,,,False,True,50.2,general,655
Doug_LaMalfa,2012,93,28,2809.0,14,19,2,2010-11-04 18:11:25+00:00,2012-11-06 20:33:41+00:00,House,California,California 1,Republican,R+10,10.0,False,True,57.9,general,733
Steve_Stivers,2012,93,57,7320.0,18,35,4,2010-11-03 18:40:20+00:00,2012-10-31 07:21:46+00:00,House,Ohio,Ohio 15,Republican,R+6,6.0,True,True,61.8,general,727
Chris_Smith_(New_Jersey_politician),2012,92,61,2846.0,25,31,7,2010-11-03 06:21:12+00:00,2012-10-10 06:11:15+00:00,House,New Jersey,New Jersey 4,Republican,R+7,7.0,True,True,68.8,general,706
Hank_Johnson,2012,92,57,5899.0,20,29,5,2010-11-03 06:15:56+00:00,2012-10-15 04:15:19+00:00,House,Georgia,Georgia 4,Democratic,D+17,-17.0,True,True,73.6,general,711
Renee_Ellmers,2012,92,44,13409.0,20,17,3,2010-11-03 13:13:29+00:00,2012-11-05 06:23:28+00:00,House,North Carolina,North Carolina 2,Republican,R+11,11.0,True,True,55.9,general,732
James_Cargas,2012,91,11,6153.0,3,3,3,2012-09-20 02:47:00+00:00,2012-11-04 23:51:48+00:00,House,Texas,Texas 7,Democratic,R+14,14.0,False,False,36.4,general,45
Marcy_Kaptur,2012,91,67,6825.0,23,29,5,2010-11-05 15:41:53+00:00,2012-11-03 02:39:43+00:00,House,Ohio,Ohio 9,Democratic,D+15,-15.0,True,True,72.6,general,728
Peter_DeFazio,2012,91,48,9092.0,12,27,2,2010-11-04 21:38:38+00:00,2012-11-06 08:27:15+00:00,House,Oregon,Oregon 4,Democratic,D+2,-2.0,True,True,58.8,general,732
Reid_Ribble,2012,91,39,732.0,15,29,4,2010-11-03 04:06:50+00:00,2012-10-25 16:34:28+00:00,House,Wisconsin,Wisconsin 8,Republican,R+2,2.0,True,True,55.9,general,722
Tim_Huelskamp,2012,91,53,6837.0,19,25,4,2010-11-04 00:23:57+00:00,2012-11-04 18:40:35+00:00,House,Kansas,Kansas 1,Republican,R+22,22.0,True,True,,general,731
Tom_Marino,2012,91,34,7464.0,13,13,4,2010-11-03 02:52:06+00:00,2012-09-12 08:42:41+00:00,House,Pennsylvania,Pennsylvania 10,Republican,R+12,12.0,True,True,65.9,general,679
Barbara_Lee,2012,90,56,6156.0,29,29,6,2010-11-07 02:07:07+00:00,2012-09-28 23:11:02+00:00,House,California,California 13,Democratic,D+37,-37.0,False,True,86.3,general,691
Ben_Chandler,2012,90,45,10259.0,10,22,1,2010-11-12 08:42:00+00:00,2012-10-26 06:35:13+00:00,House,Kentucky,Kentucky 6,Democratic,R+7,7.0,True,False,46.7,general,713
Jaime_Herrera_Beutler,2012,90,52,7660.0,24,15,5,2010-11-03 06:02:09+00:00,2012-09-01 19:12:09+00:00,House,Washington,Washington 3,Republican,R+2,2.0,True,True,60.1,general,668
Jeff_Denham,2012,90,49,10119.0,16,16,3,2010-11-07 05:27:57+00:00,2012-10-27 04:29:03+00:00,House,California,California 10,Republican,R+5,5.0,False,True,53.8,general,719
Lou_Barletta,2012,90,48,4469.0,14,28,3,2010-11-03 02:41:03+00:00,2012-10-01 22:23:25+00:00,House,Pennsylvania,Pennsylvania 11,Republican,R+6,6.0,True,True,58.5,general,698
Niki_Tsongas,2012,90,34,3937.0,12,11,4,2010-11-05 02:38:29+00:00,2012-11-04 03:17:03+00:00,House,Massachusetts,Massachusetts 3,Democratic,D+8,-8.0,False,True,65.9,general,730
Paul_Gosar,2012,90,41,3992.0,15,17,1,2010-11-03 04:49:35+00:00,2012-10-14 19:36:30+00:00,House,Arizona,Arizona 4,Republican,R+16,16.0,False,True,67.0,general,711
Dan_Benishek,2012,89,45,5479.0,30,15,5,2010-11-04 14:36:49+00:00,2012-10-23 10:10:05+00:00,House,Michigan,Michigan 1,Republican,R+4,4.0,True,True,48.2,general,718
David_Schweikert,2012,89,48,1502.0,17,16,4,2010-11-05 02:41:58+00:00,2012-10-10 14:12:16+00:00,House,Arizona,Arizona 6,Republican,R+10,10.0,False,True,61.7,general,705
Jim_McGovern_(American_politician),2012,89,50,6747.0,25,26,5,2010-11-07 19:20:59+00:00,2012-09-24 19:40:35+00:00,House,Massachusetts,Massachusetts 2,Democratic,D+10,-10.0,False,True,,general,687
Loretta_Sanchez,2012,89,58,-210.0,23,29,5,2010-11-04 07:43:36+00:00,2012-11-02 03:24:36+00:00,House,California,California 46,Democratic,D+3,-3.0,False,True,60.6,general,728
Chris_Van_Hollen,2012,88,53,8568.0,27,31,4,2010-11-10 20:27:56+00:00,2012-11-03 01:07:02+00:00,House,Maryland,Maryland 8,Democratic,D+10,-10.0,True,True,63.4,general,723
Ed_Markey,2012,88,52,15076.0,20,23,4,2010-11-07 11:49:04+00:00,2012-10-20 10:17:41+00:00,House,Massachusetts,Massachusetts 5,Democratic,D+16,-16.0,False,True,75.5,general,712
Nick_Rahall,2012,88,39,14325.0,13,15,4,2010-11-04 13:54:39+00:00,2012-09-14 20:28:49+00:00,House,West Virginia,West Virginia 3,Democratic,R+6,6.0,True,True,53.9,general,680
Rob_Bishop,2012,88,46,6461.0,16,15,4,2010-11-04 15:39:46+00:00,2012-10-15 12:40:40+00:00,House,Utah,Utah 1,Republican,R+25,25.0,True,True,71.5,general,710
Terri_Sewell,2012,88,56,8525.0,16,23,3,2010-11-03 17:34:53+00:00,2012-10-19 23:23:41+00:00,House,Alabama,Alabama 7,Democratic,D+17,-17.0,True,True,75.8,general,716
Charlie_Dent,2012,87,46,3883.0,18,36,5,2010-11-03 02:51:55+00:00,2012-11-03 04:15:04+00:00,House,Pennsylvania,Pennsylvania 15,Republican,R+2,2.0,True,True,56.6,general,731
Duncan_D._Hunter,2012,87,50,4124.0,29,26,0,2010-11-10 20:57:24+00:00,2012-10-21 18:07:43+00:00,House,California,California 50,Republican,R+14,14.0,False,True,68.4,general,710
John_Mica,2012,87,41,3946.0,18,34,2,2010-11-09 02:12:09+00:00,2012-11-04 02:16:42+00:00,House,Florida,Florida 7,Republican,R+5,5.0,True,True,58.7,general,726
Leonard_Lance,2012,86,53,6956.0,15,27,1,2010-11-12 22:20:51+00:00,2012-10-11 17:43:42+00:00,House,New Jersey,New Jersey 7,Republican,R+6,6.0,True,True,57.2,general,698
Scott_Howell_(politician),2012,86,22,8865.0,8,14,2,2012-04-12 21:52:23+00:00,2012-10-26 22:52:57+00:00,Senate,Utah,,Democratic,,,False,False,30.0,general,197
Dutch_Ruppersberger,2012,85,34,2012.0,11,10,4,2010-11-12 05:03:21+00:00,2012-07-16 15:35:55+00:00,House,Maryland,Maryland 2,Democratic,D+7,-7.0,True,True,65.6,general,612
Joaquin_Castro,2012,85,40,11776.0,12,22,2,2010-11-03 00:24:51+00:00,2012-10-20 18:13:18+00:00,House,Texas,Texas 20,Democratic,D+3,-3.0,False,True,64.0,general,717
Joe_Kyrillos,2012,85,26,12783.0,9,11,2,2010-11-09 00:23:17+00:00,2012-11-03 10:29:25+00:00,Senate,New Jersey,,Republican,,,False,False,39.4,general,725
Laura_Richardson,2012,85,50,5376.0,29,24,4,2010-11-07 16:23:52+00:00,2012-11-02 08:35:36+00:00,House,California,California 44,Democratic,D+29,-29.0,False,False,40.0,general,725
Mike_Pompeo,2012,85,46,3970.0,16,25,2,2010-11-03 04:38:17+00:00,2012-11-03 15:31:06+00:00,House,Kansas,Kansas 4,Republican,R+14,14.0,True,True,62.2,general,731
Tom_Petri,2012,85,34,12901.0,24,22,3,2010-11-11 22:21:13+00:00,2012-10-28 07:26:54+00:00,House,Wisconsin,Wisconsin 6,Republican,R+5,5.0,True,True,62.1,general,716
Jim_Matheson,2012,84,60,7816.0,12,30,3,2010-11-04 14:52:24+00:00,2012-11-02 15:29:57+00:00,House,Utah,Utah 4,Democratic,R+14,14.0,False,True,49.3,general,729
Spencer_Bachus,2012,84,55,10869.0,17,24,4,2010-11-06 02:32:34+00:00,2012-10-15 04:37:12+00:00,House,Alabama,Alabama 6,Republican,R+28,28.0,True,True,71.4,general,709
Steven_Horsford,2012,84,26,11201.0,10,3,2,2010-12-02 10:37:52+00:00,2012-10-20 01:22:00+00:00,House,Nevada,Nevada 4,Democratic,D+2,-2.0,False,True,50.1,general,687
Trey_Gowdy,2012,84,50,10034.0,14,28,2,2010-11-03 03:30:55+00:00,2012-10-30 15:50:41+00:00,House,South Carolina,South Carolina 4,Republican,R+15,15.0,True,True,65.0,general,727
Jim_Sensenbrenner,2012,83,57,10799.0,15,31,6,2010-11-03 06:43:37+00:00,2012-11-03 20:25:52+00:00,House,Wisconsin,Wisconsin 5,Republican,R+12,12.0,True,True,67.9,general,731
Pete_Sessions,2012,83,58,-2371.0,15,29,6,2010-11-04 08:48:14+00:00,2012-10-11 05:37:56+00:00,House,Texas,Texas 32,Republican,R+10,10.0,True,True,58.3,general,706
Virginia_Foxx,2012,83,51,5576.0,26,24,7,2010-11-11 04:31:50+00:00,2012-11-06 04:16:41+00:00,House,North Carolina,North Carolina 5,Republican,R+12,12.0,True,True,57.5,general,725
Ben_Cardin,2012,82,59,2582.0,20,27,2,2010-11-08 01:50:11+00:00,2012-10-28 23:19:54+00:00,Senate,Maryland,,Democratic,,,False,True,56.0,general,720
John_F._Tierney,2012,82,38,5403.0,17,22,5,2010-11-03 00:37:47+00:00,2012-10-18 23:29:17+00:00,House,Massachusetts,Massachusetts 6,Democratic,D+7,-7.0,True,True,48.3,general,715
Tulsi_Gabbard,2012,82,39,3857.0,18,26,4,2010-12-27 15:55:11+00:00,2012-10-30 20:01:19+00:00,House,Hawaii,Hawaii 2,Democratic,D+14,-14.0,False,True,80.6,general,673
Bill_Young_(Florida_politician),2012,81,42,2941.0,18,9,1,2010-11-03 05:46:24+00:00,2012-11-04 10:19:05+00:00,House,Florida,Florida 13,Republican,R+1,1.0,False,True,57.6,general,732
Henry_Cuellar,2012,80,41,8716.0,13,35,2,2010-11-03 21:28:53+00:00,2012-09-27 16:37:57+00:00,House,Texas,Texas 28,Democratic,D+2,-2.0,True,True,67.9,general,693
Jackie_Walorski,2012,80,35,5431.0,18,27,2,2010-11-06 01:26:31+00:00,2012-10-12 12:40:30+00:00,House,Indiana,Indiana 2,Republican,R+7,7.0,False,True,49.0,general,706
Paul_Tonko,2012,80,41,8197.0,23,11,2,2010-11-05 02:41:05+00:00,2012-10-16 02:45:55+00:00,House,New York,New York 20,Democratic,D+7,-7.0,False,True,68.4,general,711
Scott_Perry,2012,80,19,8230.0,12,2,6,2011-02-18 01:17:04+00:00,2012-11-03 00:45:36+00:00,House,Pennsylvania,Pennsylvania 4,Republican,R+9,9.0,False,True,59.7,general,623
Tom_Cotton,2012,80,26,4593.0,16,3,2,2011-12-02 22:26:11+00:00,2012-11-03 15:32:06+00:00,House,Arkansas,Arkansas 4,Republican,R+9,9.0,False,True,59.5,general,336
Cory_Gardner,2012,79,39,8932.0,11,15,5,2010-11-04 01:14:46+00:00,2012-11-04 20:01:48+00:00,House,Colorado,Colorado 4,Republican,R+12,12.0,True,True,58.6,general,731
John_Raese,2012,79,48,700.0,20,25,5,2010-11-03 00:37:56+00:00,2012-11-03 01:40:32+00:00,Senate,West Virginia,,Republican,,,False,False,36.5,general,731
Rush_Holt_Jr.,2012,79,59,6511.0,19,30,4,2010-11-03 03:20:25+00:00,2012-10-11 15:29:29+00:00,House,New Jersey,New Jersey 12,Democratic,D+12,-12.0,True,True,69.2,general,708
Ann_Wagner,2012,78,46,2201.0,11,27,3,2010-11-12 19:27:05+00:00,2012-10-08 01:31:48+00:00,House,Missouri,Missouri 2,Republican,R+7,7.0,False,True,60.1,general,695
Jim_Cooper,2012,78,47,7990.0,16,19,7,2010-11-06 21:14:05+00:00,2012-10-19 20:06:39+00:00,House,Tennessee,Tennessee 5,Democratic,D+5,-5.0,True,True,65.2,general,712
Michael_Baumgartner,2012,78,40,7647.0,12,24,2,2011-10-03 03:44:45+00:00,2012-11-06 02:49:38+00:00,Senate,Washington,,Republican,,,False,False,39.5,general,399
Rick_Nolan,2012,78,25,7314.0,15,13,3,2010-11-15 20:02:39+00:00,2012-11-05 13:20:06+00:00,House,Minnesota,Minnesota 8,DFL,D+3,-3.0,False,True,54.5,general,720
Tim_Bishop,2012,78,60,6367.0,20,20,3,2010-11-06 03:41:50+00:00,2012-10-22 02:02:52+00:00,House,New York,New York 1,Democratic,EVEN,0.0,True,True,52.2,general,715
Adam_Smith_(Washington_politician),2012,77,43,3848.0,18,27,8,2010-11-05 05:11:04+00:00,2012-10-30 16:29:01+00:00,House,Washington,Washington 9,Democratic,D+15,-15.0,True,True,71.5,general,725
Dan_Lungren,2012,77,42,5884.0,15,17,2,2010-11-03 09:28:58+00:00,2012-11-02 21:47:18+00:00,House,California,California 7,Republican,R+3,3.0,False,False,48.9,general,730
Joe_Kennedy_III,2012,77,42,2482.0,14,33,1,2012-01-26 05:02:39+00:00,2012-10-31 20:33:05+00:00,House,Massachusetts,Massachusetts 4,Democratic,D+10,-10.0,False,True,61.1,general,279
Bob_Brady,2012,76,36,6708.0,20,19,4,2010-11-24 06:01:55+00:00,2012-11-02 23:19:26+00:00,House,Pennsylvania,Pennsylvania 1,Democratic,D+25,-25.0,True,True,85.1,general,709
G._K._Butterfield,2012,76,52,6908.0,16,26,7,2010-11-04 18:45:43+00:00,2012-11-05 06:13:19+00:00,House,North Carolina,North Carolina 1,Democratic,D+17,-17.0,True,True,75.2,general,731
Paul_Sadler,2012,76,35,8726.0,21,28,3,2011-12-20 13:37:11+00:00,2012-11-05 06:26:24+00:00,Senate,Texas,,Democratic,,,False,False,40.7,general,320
Dan_Halloran,2012,75,36,-1548.0,20,16,3,2010-11-04 03:46:14+00:00,2012-10-24 22:46:16+00:00,House,New York,New York 6,Republican,D+12,-12.0,False,False,31.2,general,720
Dave_Reichert,2012,75,47,4957.0,19,34,9,2010-11-12 12:49:55+00:00,2012-11-06 19:17:13+00:00,House,Washington,Washington 8,Republican,R+2,2.0,True,True,59.9,general,725
James_Lankford,2012,75,45,4722.0,13,26,3,2010-11-03 06:47:52+00:00,2012-10-10 20:29:24+00:00,House,Oklahoma,Oklahoma 5,Republican,R+13,13.0,True,True,58.7,general,707
Joe_Garcia,2012,75,28,1406.0,13,19,2,2010-11-08 05:31:15+00:00,2012-11-04 16:36:01+00:00,House,Florida,Florida 26,Democratic,R+3,3.0,False,True,53.6,general,727
Michael_C._Burgess,2012,75,36,6246.0,17,33,4,2010-11-08 12:59:36+00:00,2012-09-24 16:40:56+00:00,House,Texas,Texas 26,Republican,R+20,20.0,True,True,68.3,general,686
Mike_Coffman,2012,75,52,6998.0,16,30,4,2010-11-05 03:39:14+00:00,2012-10-21 09:13:05+00:00,House,Colorado,Colorado 6,Republican,R+1,1.0,True,True,48.7,general,716
Scott_Rigell,2012,75,42,8795.0,18,17,4,2010-11-03 01:24:04+00:00,2012-10-01 18:06:01+00:00,House,Virginia,Virginia 2,Republican,R+5,5.0,True,True,53.8,general,698
Yvette_Clarke,2012,75,51,-591.0,12,33,2,2010-11-04 15:30:55+00:00,2012-10-29 04:27:18+00:00,House,New York,New York 9,Democratic,D+31,-31.0,False,True,87.0,general,724
Bruce_Braley,2012,74,32,8567.0,12,9,4,2010-11-11 22:59:54+00:00,2012-10-25 07:20:30+00:00,House,Iowa,Iowa 1,Democratic,D+5,-5.0,True,True,56.9,general,713
Louise_Slaughter,2012,74,51,1561.0,14,28,5,2010-11-10 02:16:00+00:00,2012-11-05 22:39:53+00:00,House,New York,New York 25,Democratic,D+5,-5.0,False,True,57.2,general,726
Mark_Critz,2012,74,42,6718.0,15,17,3,2010-11-04 23:06:45+00:00,2012-09-12 08:50:43+00:00,House,Pennsylvania,Pennsylvania 12,Democratic,R+6,6.0,True,False,48.5,general,677
Todd_Rokita,2012,74,38,699.0,14,12,1,2010-11-03 21:05:56+00:00,2012-10-30 01:03:31+00:00,House,Indiana,Indiana 4,Republican,R+13,13.0,True,True,61.9,general,726
Jim_Jordan,2012,73,50,4178.0,18,20,5,2010-11-03 18:24:06+00:00,2012-11-03 02:16:10+00:00,House,Ohio,Ohio 4,Republican,R+9,9.0,True,True,58.7,general,730
Ralph_Hall,2012,73,43,7955.0,11,20,1,2010-11-06 17:13:21+00:00,2012-10-30 07:13:36+00:00,House,Texas,Texas 4,Republican,R+21,21.0,True,True,73.0,general,723
Ron_Kind,2012,73,37,4903.0,13,21,5,2010-11-26 03:53:28+00:00,2012-10-25 08:03:21+00:00,House,Wisconsin,Wisconsin 3,Democratic,D+6,-6.0,True,True,64.1,general,699
Billy_Long,2012,72,44,5052.0,15,23,2,2010-11-05 00:00:42+00:00,2012-11-03 22:47:46+00:00,House,Missouri,Missouri 7,Republican,R+17,17.0,True,True,63.9,general,729
Brian_Bilbray,2012,72,46,8226.0,15,26,4,2010-11-03 16:35:00+00:00,2012-11-05 05:28:00+00:00,House,California,California 52,Republican,D+1,-1.0,False,False,48.8,general,732
Jim_Costa,2012,72,32,3858.0,9,17,2,2010-11-03 15:24:28+00:00,2012-08-21 16:04:52+00:00,House,California,California 16,Democratic,D+2,-2.0,False,True,57.4,general,657
John_Garamendi,2012,72,47,10122.0,11,17,4,2010-11-07 02:11:24+00:00,2012-10-12 13:40:45+00:00,House,California,California 3,Democratic,D+1,-1.0,False,True,54.2,general,705
Rick_Crawford_(politician),2012,72,39,3022.0,9,23,1,2010-11-03 18:05:40+00:00,2012-10-31 23:43:14+00:00,House,Arkansas,Arkansas 1,Republican,R+7,7.0,True,True,56.4,general,728
Diane_Black,2012,71,37,1263.0,11,15,1,2010-11-13 02:33:53+00:00,2012-11-05 22:08:26+00:00,House,Tennessee,Tennessee 6,Republican,R+15,15.0,True,True,76.6,general,723
Gary_Peters,2012,71,41,12002.0,19,18,2,2010-11-04 07:44:30+00:00,2012-11-05 06:00:06+00:00,House,Michigan,Michigan 14,Democratic,D+27,-27.0,False,True,85.1,general,731
Jackie_Speier,2012,71,62,6275.0,22,21,4,2010-11-07 04:05:48+00:00,2012-10-25 05:53:54+00:00,House,California,California 14,Democratic,D+23,-23.0,False,True,73.7,general,718
Kenny_Marchant,2012,71,41,179.0,14,20,4,2010-11-11 04:02:44+00:00,2012-10-28 12:13:16+00:00,House,Texas,Texas 24,Republican,R+14,14.0,True,True,61.0,general,717
Kurt_Bills,2012,71,34,6283.0,34,17,5,2011-01-25 15:55:41+00:00,2012-10-07 15:12:58+00:00,Senate,Minnesota,,Republican,,,False,False,30.6,general,620
Karen_Bass,2012,70,46,7913.0,12,13,4,2010-11-03 10:12:37+00:00,2012-10-09 06:09:10+00:00,House,California,California 37,Democratic,D+33,-33.0,False,True,86.4,general,705
Mick_Mulvaney,2012,70,42,4707.0,17,14,1,2010-11-03 02:54:47+00:00,2012-10-24 14:53:05+00:00,House,South Carolina,South Carolina 5,Republican,R+9,9.0,True,True,55.6,general,721
Peter_Roskam,2012,70,45,2093.0,14,22,2,2010-11-07 00:15:39+00:00,2012-10-28 17:57:15+00:00,House,Illinois,Illinois 6,Republican,R+5,5.0,True,True,59.2,general,721
Ron_Barber,2012,70,34,8007.0,13,8,1,2011-01-09 22:57:37+00:00,2012-10-24 00:06:51+00:00,House,Arizona,Arizona 8,Democratic,,,False,True,52.3,special,653
Ted_Yoho,2012,70,31,1562.0,17,15,2,2012-04-11 20:57:08+00:00,2012-11-06 23:43:07+00:00,House,Florida,Florida 3,Republican,R+12,12.0,False,True,64.7,general,209
Tom_Carper,2012,70,50,9775.0,12,18,3,2010-11-03 07:48:04+00:00,2012-10-31 05:47:38+00:00,Senate,Delaware,,Democratic,,,False,True,66.4,general,727
Ed_Royce_(politician),2012,69,41,1431.0,17,29,3,2010-11-07 16:57:25+00:00,2012-10-27 13:58:13+00:00,House,California,California 39,Republican,R+7,7.0,False,True,59.2,general,719
Leonard_Boswell,2012,69,35,5496.0,14,13,3,2010-11-03 03:47:17+00:00,2012-11-01 11:15:35+00:00,House,Iowa,Iowa 3,Democratic,R+1,1.0,True,False,43.6,general,729
Mike_Kelly_(Pennsylvania_politician),2012,69,42,7229.0,13,27,2,2010-11-03 14:18:12+00:00,2012-11-02 23:49:36+00:00,House,Pennsylvania,Pennsylvania 3,Republican,R+5,5.0,True,True,54.7,general,730
Cathy_McMorris_Rodgers,2012,68,46,4724.0,13,32,4,2010-11-15 22:32:58+00:00,2012-10-31 22:19:36+00:00,House,Washington,Washington 5,Republican,R+6,6.0,True,True,62.1,general,715
Kesha_Rogers,2012,68,29,4365.0,21,23,3,2010-11-03 02:31:09+00:00,2012-11-01 22:00:30+00:00,House,Texas,Texas 22,Democratic,R+15,15.0,False,False,31.9,general,729
Kevin_McCarthy,2012,68,43,2178.0,14,23,4,2010-11-07 00:41:54+00:00,2012-10-11 08:09:50+00:00,House,California,California 23,Republican,R+18,18.0,False,True,73.8,general,704
Zoe_Lofgren,2012,68,51,2618.0,16,27,7,2010-11-07 06:40:53+00:00,2012-09-11 14:07:13+00:00,House,California,California 19,Democratic,D+16,-16.0,False,True,72.7,general,674
Alcee_Hastings,2012,67,43,3462.0,21,15,3,2010-11-09 17:25:36+00:00,2012-11-04 10:37:50+00:00,House,Florida,Florida 20,Democratic,D+28,-28.0,False,True,88.0,general,725
John_Carney_(Delaware_politician),2012,67,39,7607.0,15,12,0,2010-11-03 11:35:39+00:00,2012-10-11 13:27:11+00:00,House,Delaware,Delaware at-large,Democratic,D+7,-7.0,True,True,64.4,general,708
Tim_Walz,2012,67,43,1132.0,13,26,4,2010-11-06 22:42:17+00:00,2012-11-02 03:57:37+00:00,House,Minnesota,Minnesota 1,DFL,R+1,1.0,True,True,57.6,general,726
Devin_Nunes,2012,66,37,3942.0,17,13,2,2010-11-07 07:16:40+00:00,2012-11-06 19:49:56+00:00,House,California,California 22,Republican,R+12,12.0,False,True,63.1,general,730
Andrew_Roraback,2012,65,25,9045.0,20,21,2,2011-01-28 05:38:56+00:00,2012-11-03 21:49:29+00:00,House,Connecticut,Connecticut 5,Republican,D+2,-2.0,False,False,48.5,general,645
Herb_Rule,2012,65,7,623.0,31,6,1,2012-06-29 03:40:05+00:00,2012-09-19 11:34:00+00:00,House,Arkansas,Arkansas 2,Democratic,R+5,5.0,False,False,39.5,general,82
John_Yarmuth,2012,65,35,4216.0,7,28,2,2010-11-06 07:13:17+00:00,2012-10-31 19:59:10+00:00,House,Kentucky,Kentucky 3,Democratic,D+3,-3.0,True,True,64.0,general,725
Kurt_Schrader,2012,65,40,679.0,12,19,3,2010-11-04 01:16:29+00:00,2012-11-06 08:32:34+00:00,House,Oregon,Oregon 5,Democratic,EVEN,0.0,True,True,54.0,general,733
Mac_Thornberry,2012,65,37,1093.0,9,27,2,2010-11-08 12:52:57+00:00,2012-10-22 23:36:12+00:00,House,Texas,Texas 13,Republican,R+29,29.0,True,True,91.0,general,714
Nick_Popaditch,2012,65,33,22113.0,16,8,0,2010-11-03 04:19:04+00:00,2012-09-28 20:52:49+00:00,House,California,California 53,Republican,D+7,-7.0,False,False,39.6,general,695
Nicole_LeFavour,2012,65,21,8090.0,27,6,5,2010-12-01 23:29:10+00:00,2012-10-29 23:52:36+00:00,House,Idaho,Idaho 2,Democratic,R+17,17.0,False,False,34.8,general,698
Terry_Phillips,2012,65,18,2410.0,7,48,3,2011-06-15 10:31:56+00:00,2012-06-19 18:37:27+00:00,House,California,California 23,Independent,R+18,18.0,False,False,26.2,general,370
Tom_Graves,2012,65,40,6755.0,17,24,1,2010-11-10 17:00:38+00:00,2012-08-13 20:07:33+00:00,House,Georgia,Georgia 14,Republican,R+23,23.0,False,True,73.0,general,642
Bob_Gibbs,2012,64,41,4370.0,10,14,1,2010-11-06 08:44:43+00:00,2012-10-31 04:41:55+00:00,House,Ohio,Ohio 7,Republican,R+5,5.0,False,True,56.7,general,724
Cedric_Richmond,2012,64,28,4089.0,14,10,1,2010-11-03 07:26:47+00:00,2012-11-05 03:22:28+00:00,House,Louisiana,Louisiana 2,Democratic,D+22,-22.0,True,True,55.2,general,732
Chellie_Pingree,2012,64,40,6957.0,7,23,4,2010-11-04 01:42:27+00:00,2012-10-19 15:08:56+00:00,House,Maine,Maine 1,Democratic,D+8,-8.0,True,True,64.7,general,715
Matt_Cartwright,2012,64,23,7423.0,14,16,0,2012-06-08 16:37:09+00:00,2012-10-27 12:51:09+00:00,House,Pennsylvania,Pennsylvania 17,Democratic,D+4,-4.0,False,True,60.5,general,140
Mike_Rogers_(Michigan_politician),2012,64,48,3621.0,24,29,3,2010-11-24 02:28:42+00:00,2012-11-05 05:20:49+00:00,House,Michigan,Michigan 8,Republican,R+2,2.0,True,True,58.6,general,712
Patrick_McHenry,2012,64,41,1133.0,19,16,5,2010-11-15 00:53:46+00:00,2012-11-06 07:33:26+00:00,House,North Carolina,North Carolina 10,Republican,R+11,11.0,True,True,57.0,general,722
Shelley_Moore_Capito,2012,64,30,3099.0,9,22,4,2010-11-12 18:59:46+00:00,2012-08-27 14:06:31+00:00,House,West Virginia,West Virginia 2,Republican,R+8,8.0,True,True,69.8,general,653
Bill_Pascrell,2012,63,47,9334.0,15,17,4,2010-11-12 22:22:44+00:00,2012-09-23 14:14:12+00:00,House,New Jersey,New Jersey 9,Democratic,D+11,-11.0,False,True,73.6,general,680
Candice_Miller,2012,63,41,14760.0,11,30,3,2010-11-03 18:59:26+00:00,2012-11-05 05:30:26+00:00,House,Michigan,Michigan 10,Republican,R+5,5.0,True,True,68.7,general,732
Charles_Bass,2012,63,39,12659.0,22,12,2,2010-11-03 04:31:50+00:00,2012-10-18 09:27:52+00:00,House,New Hampshire,New Hampshire 2,Republican,D+3,-3.0,True,False,45.1,general,715
Collin_Peterson,2012,63,37,5234.0,14,31,5,2010-11-04 04:22:09+00:00,2012-11-02 03:19:21+00:00,House,Minnesota,Minnesota 7,DFL,R+5,5.0,True,True,60.4,general,728
Gary_Miller_(politician),2012,63,45,17128.0,16,22,3,2010-11-07 17:15:55+00:00,2012-10-16 21:04:03+00:00,House,California,California 31,Republican,D+12,-12.0,False,True,55.2,general,709
Lloyd_Doggett,2012,63,33,12236.0,12,16,2,2010-11-05 02:16:35+00:00,2012-10-23 23:51:04+00:00,House,Texas,Texas 35,Democratic,D+9,-9.0,False,True,64.0,general,718
Steve_Israel,2012,63,44,-4480.0,16,21,3,2010-11-14 16:33:12+00:00,2012-11-04 22:20:13+00:00,House,New York,New York 3,Democratic,D+3,-3.0,False,True,57.5,general,721
Steve_Stockman,2012,63,31,4397.0,6,39,1,2011-02-02 10:59:27+00:00,2012-11-02 23:04:45+00:00,House,Texas,Texas 36,Republican,R+20,20.0,False,True,70.8,general,639
George_Zimmer,2012,62,46,506.0,16,33,8,2010-11-03 04:20:12+00:00,2012-11-01 03:05:45+00:00,House,Michigan,Michigan 4,US Taxpayers,R+4,4.0,False,False,1.1,general,728
Sheldon_Whitehouse,2012,62,44,5249.0,15,12,3,2010-11-03 18:38:56+00:00,2012-10-11 08:03:41+00:00,Senate,Rhode Island,,Democratic,,,False,True,64.8,general,707
Charlie_Wilson_(Ohio_politician),2012,61,38,4906.0,17,17,2,2010-11-03 03:52:37+00:00,2012-11-03 02:35:01+00:00,House,Ohio,Ohio 6,Democratic,R+5,5.0,False,False,46.7,general,730
Dan_Maffei,2012,61,37,3790.0,17,24,3,2010-11-06 22:05:36+00:00,2012-11-06 21:15:37+00:00,House,New York,New York 24,Democratic,D+3,-3.0,False,True,48.4,general,730
Eddie_Bernice_Johnson,2012,61,29,4486.0,13,8,3,2010-11-13 05:51:40+00:00,2012-10-16 23:56:16+00:00,House,Texas,Texas 30,Democratic,D+23,-23.0,True,True,78.9,general,703
John_Barrasso,2012,61,49,6462.0,9,23,2,2010-11-05 02:03:20+00:00,2012-11-06 01:20:05+00:00,Senate,Wyoming,,Republican,,,False,True,75.7,general,731
Richard_Tisei,2012,61,26,10187.0,9,12,2,2010-11-03 02:43:18+00:00,2012-09-30 14:33:21+00:00,House,Massachusetts,Massachusetts 6,Republican,D+7,-7.0,False,False,47.3,general,697
Steve_Pearce_(politician),2012,61,34,1626.0,13,19,1,2010-11-03 10:42:41+00:00,2012-08-25 00:19:35+00:00,House,New Mexico,New Mexico 2,Republican,R+6,6.0,True,True,59.1,general,660
Bill_Huizenga,2012,60,39,-663.0,15,24,2,2010-11-04 23:28:07+00:00,2012-11-05 00:52:49+00:00,House,Michigan,Michigan 2,Republican,R+7,7.0,True,True,61.1,general,731
Jerry_Nadler,2012,60,40,6411.0,17,10,6,2010-11-12 02:01:53+00:00,2012-11-05 18:01:31+00:00,House,New York,New York 10,Democratic,D+24,-24.0,False,True,80.7,general,724
Joyce_Beatty,2012,60,27,3837.0,11,11,2,2010-11-10 16:00:02+00:00,2012-11-03 02:05:03+00:00,House,Ohio,Ohio 3,Democratic,D+14,-14.0,False,True,67.8,general,723
Judy_Biggert,2012,60,37,9737.0,13,24,7,2010-11-03 00:03:30+00:00,2012-11-06 21:57:58+00:00,House,Illinois,Illinois 11,Republican,D+6,-6.0,False,False,41.9,general,734
Mike_Capuano,2012,60,35,3963.0,18,15,6,2010-11-04 22:35:14+00:00,2012-10-10 21:41:37+00:00,House,Massachusetts,Massachusetts 7,Democratic,D+30,-30.0,False,True,83.6,general,705
Pete_Olson,2012,60,41,-880.0,13,27,2,2010-11-11 01:32:21+00:00,2012-10-19 03:56:00+00:00,House,Texas,Texas 22,Republican,R+15,15.0,True,True,64.1,general,708
Danny_Tarkanian,2012,59,36,4642.0,13,15,0,2010-11-04 01:06:23+00:00,2012-10-20 01:40:41+00:00,House,Nevada,Nevada 4,Republican,D+2,-2.0,False,False,42.1,general,716
Jeff_Duncan_(politician),2012,59,34,5876.0,12,21,5,2010-11-04 02:36:16+00:00,2012-10-30 15:49:37+00:00,House,South Carolina,South Carolina 3,Republican,R+16,16.0,True,True,66.7,general,726
Steve_Southerland_(Florida_politician),2012,59,33,3748.0,8,14,2,2010-11-03 03:50:16+00:00,2012-11-05 12:09:38+00:00,House,Florida,Florida 2,Republican,R+3,3.0,True,True,52.7,general,733
Sukhee_Kang,2012,59,17,4298.0,2,46,0,2010-11-03 12:57:38+00:00,2012-06-21 08:24:47+00:00,House,California,California 45,Democratic,R+8,8.0,False,False,40.7,general,595
Alan_Nunnelee,2012,58,33,2615.0,12,12,1,2010-11-03 12:58:51+00:00,2012-08-20 22:04:05+00:00,House,Mississippi,Mississippi 1,Republican,R+14,14.0,True,True,60.4,general,656
Anna_Eshoo,2012,58,44,2892.0,16,20,4,2010-11-07 04:39:32+00:00,2012-11-04 22:37:10+00:00,House,California,California 18,Democratic,D+18,-18.0,False,True,70.0,general,728
Carol_Shea-Porter,2012,58,39,1663.0,13,22,6,2010-11-03 01:51:07+00:00,2012-11-02 17:03:50+00:00,House,New Hampshire,New Hampshire 1,Democratic,EVEN,0.0,False,True,49.7,general,730
Cynthia_Lummis,2012,58,42,6103.0,11,24,3,2010-11-05 01:58:08+00:00,2012-11-06 08:03:27+00:00,House,Wyoming,Wyoming at-large,Republican,R+20,20.0,True,True,69.1,general,732
Dan_Lipinski,2012,58,43,1958.0,12,17,3,2010-11-16 03:41:20+00:00,2012-10-27 23:45:20+00:00,House,Illinois,Illinois 3,Democratic,D+5,-5.0,True,True,68.5,general,711
Joe_Pitts_(Pennsylvania_politician),2012,58,34,5575.0,13,29,3,2010-11-15 06:26:34+00:00,2012-10-25 17:36:56+00:00,House,Pennsylvania,Pennsylvania 16,Republican,R+6,6.0,True,True,55.0,general,710
Roger_Wicker,2012,58,42,4910.0,11,20,2,2010-11-17 07:14:33+00:00,2012-11-05 15:23:12+00:00,Senate,Mississippi,,Republican,,,False,True,57.2,general,719
Sanford_Bishop,2012,58,36,8303.0,17,10,2,2010-11-03 05:47:58+00:00,2012-08-26 22:08:13+00:00,House,Georgia,Georgia 2,Democratic,D+4,-4.0,True,True,63.8,general,662
Xavier_Becerra,2012,58,37,2310.0,11,17,0,2010-11-07 15:46:47+00:00,2012-11-01 15:25:29+00:00,House,California,California 34,Democratic,D+28,-28.0,False,True,85.6,general,724
Randy_Neugebauer,2012,57,35,2887.0,11,24,1,2010-11-04 23:38:52+00:00,2012-09-04 00:06:53+00:00,House,Texas,Texas 19,Republican,R+26,26.0,True,True,85.0,general,669
Bobby_Scott_(politician),2012,56,42,3919.0,20,12,5,2010-11-03 21:04:36+00:00,2012-11-02 19:48:41+00:00,House,Virginia,Virginia 3,Democratic,D+23,-23.0,True,True,81.2,general,729
Ed_Pastor,2012,56,24,3660.0,8,26,3,2010-11-20 02:00:49+00:00,2012-10-15 17:42:41+00:00,House,Arizona,Arizona 7,Democratic,D+12,-12.0,False,True,80.3,general,695
Jack_Kingston,2012,56,37,2693.0,7,21,1,2010-11-03 15:03:32+00:00,2012-08-28 21:27:17+00:00,House,Georgia,Georgia 1,Republican,R+9,9.0,True,True,63.0,general,664
Larry_Kissell,2012,56,26,4732.0,8,13,2,2010-11-03 12:39:11+00:00,2012-10-24 02:36:12+00:00,House,North Carolina,North Carolina 8,Democratic,R+12,12.0,True,False,45.9,general,720
Steve_Womack,2012,56,35,3764.0,11,12,1,2010-11-16 02:05:09+00:00,2012-10-09 15:23:52+00:00,House,Arkansas,Arkansas 3,Republican,R+16,16.0,True,True,75.8,general,693
Eliot_Engel,2012,55,38,6817.0,16,12,1,2010-11-10 09:48:00+00:00,2012-10-05 20:23:30+00:00,House,New York,New York 16,Democratic,D+19,-19.0,False,True,77.5,general,695
Rosa_DeLauro,2012,55,39,6233.0,10,26,1,2010-11-06 07:35:51+00:00,2012-11-05 12:58:38+00:00,House,Connecticut,Connecticut 3,Democratic,D+9,-9.0,True,True,74.6,general,730
Erik_Paulsen,2012,54,36,5747.0,9,22,4,2010-11-29 05:33:07+00:00,2012-11-04 21:12:03+00:00,House,Minnesota,Minnesota 3,Republican,R+2,2.0,True,True,58.2,general,706
Jim_Himes,2012,54,40,7598.0,10,20,1,2010-11-05 02:25:32+00:00,2012-10-23 05:23:22+00:00,House,Connecticut,Connecticut 4,Democratic,D+5,-5.0,True,True,59.8,general,718
Lynn_Jenkins,2012,54,32,9114.0,7,21,1,2010-11-09 00:37:01+00:00,2012-11-03 15:03:55+00:00,House,Kansas,Kansas 2,Republican,R+7,7.0,True,True,57.0,general,725
Shelley_Adler,2012,54,8,2649.0,6,0,1,2012-09-18 17:31:46+00:00,2012-10-25 19:37:08+00:00,House,New Jersey,New Jersey 3,Democratic,R+2,2.0,False,False,44.8,general,37
Tim_Walberg,2012,54,38,2758.0,17,16,3,2010-11-03 01:59:28+00:00,2012-11-05 04:56:11+00:00,House,Michigan,Michigan 7,Republican,R+3,3.0,True,True,53.3,general,733
Vern_Buchanan,2012,54,30,9945.0,10,9,3,2010-11-10 03:03:04+00:00,2012-11-04 05:08:01+00:00,House,Florida,Florida 16,Republican,R+5,5.0,False,True,53.6,general,725
Christie_Vilsack,2012,53,29,4537.0,13,12,1,2010-11-09 09:14:00+00:00,2012-11-04 14:32:47+00:00,House,Iowa,Iowa 4,Democratic,R+4,4.0,False,False,44.6,general,726
Craig_Schley,2012,53,21,10509.0,5,6,3,2011-08-30 00:44:31+00:00,2012-08-16 16:55:25+00:00,House,New York,New York 13,Republican,D+41,-41.0,False,False,6.3,general,352
George_Miller_(California_politician),2012,53,32,10865.0,9,14,1,2010-11-03 23:19:29+00:00,2012-10-27 15:54:08+00:00,House,California,California 11,Democratic,D+17,-17.0,False,True,69.1,general,723
Jo_Bonner,2012,53,28,13176.0,13,12,2,2010-11-07 00:41:03+00:00,2012-08-19 14:53:45+00:00,House,Alabama,Alabama 1,Republican,R+14,14.0,True,True,97.9,general,651
Kathy_Castor,2012,53,29,-549.0,7,31,4,2010-11-09 19:52:08+00:00,2012-11-05 03:39:00+00:00,House,Florida,Florida 14,Democratic,D+11,-11.0,False,True,70.2,general,726
Michael_McCaul,2012,53,30,2484.0,6,20,1,2010-11-12 17:07:19+00:00,2012-08-29 05:57:23+00:00,House,Texas,Texas 10,Republican,R+11,11.0,True,True,60.6,general,655
Tom_McClintock,2012,53,35,-1277.0,9,22,3,2010-11-07 01:48:08+00:00,2012-11-05 14:56:30+00:00,House,California,California 4,Republican,R+10,10.0,True,True,61.1,general,729
Allen_Quist,2012,52,18,9096.0,9,12,2,2010-12-24 12:51:01+00:00,2012-10-18 18:38:00+00:00,House,Minnesota,Minnesota 1,Republican,R+1,1.0,False,False,42.4,general,664
Charlie_Summers,2012,52,26,7673.0,11,9,0,2010-11-16 04:05:12+00:00,2012-10-31 14:18:15+00:00,Senate,Maine,,Republican,,,False,False,30.7,general,715
Emanuel_Cleaver,2012,52,37,6383.0,15,15,4,2010-11-05 01:27:56+00:00,2012-09-09 05:13:15+00:00,House,Missouri,Missouri 5,Democratic,D+10,-10.0,True,True,60.5,general,674
Grace_Meng,2012,52,31,4690.0,9,7,1,2010-11-28 21:21:03+00:00,2012-10-26 21:00:27+00:00,House,New York,New York 6,Democratic,D+12,-12.0,False,True,67.7,general,697
Mike_McIntyre,2012,51,38,6827.0,12,14,4,2010-11-03 02:50:02+00:00,2012-11-03 16:47:30+00:00,House,North Carolina,North Carolina 7,Democratic,R+11,11.0,True,True,50.1,general,731
Tim_Ryan_(Ohio_politician),2012,51,40,947.0,14,12,4,2010-11-03 13:18:37+00:00,2012-11-03 03:40:30+00:00,House,Ohio,Ohio 13,Democratic,D+12,-12.0,False,True,69.9,general,730
John_W._Douglass,2012,50,16,4538.0,1,13,1,2010-11-23 03:38:36+00:00,2012-11-02 20:58:18+00:00,House,Virginia,Virginia 5,Democratic,R+6,6.0,False,False,42.2,general,710
Mike_Simpson,2012,50,30,4050.0,17,12,2,2010-11-17 10:45:24+00:00,2012-07-19 01:41:29+00:00,House,Idaho,Idaho 2,Republican,R+17,17.0,True,True,65.2,general,609
Pete_Gallego,2012,50,21,-1229.0,4,18,1,2011-01-23 01:58:39+00:00,2012-11-05 13:10:15+00:00,House,Texas,Texas 23,Democratic,R+5,5.0,False,True,50.3,general,652
Rob_Woodall,2012,50,28,5536.0,9,11,1,2010-11-03 18:05:21+00:00,2012-10-28 09:29:52+00:00,House,Georgia,Georgia 7,Republican,R+16,16.0,True,True,62.2,general,724
Sam_Johnson,2012,50,33,875.0,18,18,5,2010-11-08 12:41:01+00:00,2012-10-02 02:10:31+00:00,House,Texas,Texas 3,Republican,R+18,18.0,True,True,100.0,general,693
Scott_Garrett,2012,50,37,1867.0,14,18,4,2010-11-03 20:12:48+00:00,2012-11-03 15:28:51+00:00,House,New Jersey,New Jersey 5,Republican,R+4,4.0,True,True,55.5,general,730
David_Price_(American_politician),2012,49,34,2965.0,17,16,5,2010-11-03 20:34:51+00:00,2012-11-06 03:45:17+00:00,House,North Carolina,North Carolina 4,Democratic,D+17,-17.0,True,True,74.4,general,733
Kevin_Brady,2012,49,27,5288.0,11,9,1,2010-11-03 16:16:23+00:00,2012-11-04 17:58:36+00:00,House,Texas,Texas 8,Republican,R+26,26.0,True,True,77.4,general,732
Scott_Peters_(politician),2012,49,15,12128.0,5,10,1,2011-07-11 16:01:11+00:00,2012-10-27 16:22:31+00:00,House,California,California 52,Democratic,D+1,-1.0,False,True,51.2,general,474
Betty_Sutton,2012,48,31,4124.0,6,25,2,2010-11-03 04:14:09+00:00,2012-11-04 05:40:44+00:00,House,Ohio,Ohio 16,Democratic,R+5,5.0,False,False,47.8,general,732
Joe_Crowley,2012,48,34,3411.0,18,14,4,2010-11-14 18:10:24+00:00,2012-08-17 16:22:08+00:00,House,New York,New York 14,Democratic,D+23,-23.0,False,True,83.0,general,641
Sean_Bielat,2012,48,17,10727.0,10,19,3,2010-11-14 23:44:32+00:00,2012-10-17 21:14:30+00:00,House,Massachusetts,Massachusetts 4,Republican,D+10,-10.0,False,False,36.0,general,702
Allyson_Schwartz,2012,47,28,1618.0,8,30,1,2010-11-10 17:56:17+00:00,2012-11-03 03:51:40+00:00,House,Pennsylvania,Pennsylvania 13,Democratic,D+12,-12.0,True,True,69.0,general,723
Donna_Edwards,2012,47,39,1161.0,17,16,3,2010-11-12 13:52:34+00:00,2012-10-24 19:07:09+00:00,House,Maryland,Maryland 4,Democratic,D+23,-23.0,True,True,77.2,general,712
Gene_Stilp,2012,47,15,4939.0,6,13,2,2010-11-27 19:44:12+00:00,2012-11-06 13:19:32+00:00,House,Pennsylvania,Pennsylvania 11,Democratic,R+6,6.0,False,False,41.5,general,709
Rodney_Alexander,2012,47,34,4200.0,12,15,1,2010-11-30 15:54:32+00:00,2012-10-22 00:20:19+00:00,House,Louisiana,Louisiana 5,Republican,R+14,14.0,True,True,77.8,general,691
Sam_Farr,2012,47,33,1442.0,11,11,3,2010-11-07 06:46:28+00:00,2012-10-27 02:05:54+00:00,House,California,California 20,Democratic,D+19,-19.0,False,True,72.9,general,719
Ann_Kirkpatrick,2012,46,29,1351.0,7,15,0,2010-11-04 18:10:15+00:00,2012-10-24 03:45:52+00:00,House,Arizona,Arizona 1,Democratic,R+3,3.0,False,True,48.8,general,719
Bennie_Thompson,2012,46,27,4438.0,13,17,2,2010-11-03 03:12:46+00:00,2012-08-15 03:41:21+00:00,House,Mississippi,Mississippi 2,Democratic,D+10,-10.0,True,True,67.1,general,651
Bill_Owens_(New_York_politician),2012,46,38,5757.0,6,10,2,2010-11-03 08:29:46+00:00,2012-10-21 09:27:15+00:00,House,New York,New York 21,Democratic,R+2,2.0,False,True,50.2,general,718
Brandon_Shaffer,2012,46,23,-769.0,10,21,2,2011-05-02 16:45:23+00:00,2012-11-04 20:06:46+00:00,House,Colorado,Colorado 4,Democratic,R+12,12.0,False,False,36.7,general,552
Dave_Crooks,2012,46,12,3346.0,6,20,2,2011-04-20 19:19:45+00:00,2012-09-08 20:02:39+00:00,House,Indiana,Indiana 8,Democratic,R+8,8.0,False,False,43.1,general,507
Dina_Titus,2012,46,21,1160.0,10,12,0,2010-11-03 10:54:51+00:00,2012-11-04 22:51:02+00:00,House,Nevada,Nevada 1,Democratic,D+11,-11.0,False,True,63.6,general,732
Elijah_Cummings,2012,46,37,3552.0,10,14,2,2010-11-12 16:34:12+00:00,2012-07-15 03:40:25+00:00,House,Maryland,Maryland 7,Democratic,D+23,-23.0,True,True,76.5,general,610
Ken_Calvert,2012,46,26,-1812.0,6,14,2,2010-11-06 20:42:03+00:00,2012-10-07 10:12:10+00:00,House,California,California 42,Republican,R+12,12.0,False,True,61.4,general,700
Martha_McSally,2012,46,27,9154.0,9,8,3,2010-11-29 19:09:32+00:00,2012-11-04 06:21:15+00:00,House,Arizona,Arizona 2,Republican,R+2,2.0,False,False,49.58,general,705
Mike_Quigley,2012,46,31,4926.0,9,18,2,2010-11-17 17:19:56+00:00,2012-10-30 13:33:41+00:00,House,Illinois,Illinois 5,Democratic,D+16,-16.0,True,True,65.6,general,712
Patrick_Murphy_(Florida_politician),2012,46,19,5194.0,13,10,1,2012-07-17 18:29:27+00:00,2012-11-04 06:15:26+00:00,House,Florida,Florida 18,Democratic,R+1,1.0,False,True,50.2,general,109
Richard_Neal,2012,46,26,1485.0,12,12,3,2010-11-04 15:49:35+00:00,2012-09-07 11:43:58+00:00,House,Massachusetts,Massachusetts 1,Democratic,D+13,-13.0,False,True,,general,672
Trent_Franks,2012,46,42,2472.0,9,19,2,2010-11-27 06:21:20+00:00,2012-10-10 14:14:23+00:00,House,Arizona,Arizona 8,Republican,R+13,13.0,False,True,63.6,general,683
Brian_Higgins,2012,45,25,6234.0,9,13,2,2010-11-14 22:38:41+00:00,2012-11-01 11:34:46+00:00,House,New York,New York 26,Democratic,D+13,-13.0,False,True,74.6,general,717
Cynthia_Dill,2012,45,26,5938.0,13,11,3,2011-05-15 15:04:07+00:00,2012-11-06 16:25:29+00:00,Senate,Maine,,Democratic,,,False,False,13.3,general,541
Earl_Blumenauer,2012,45,33,1723.0,6,20,1,2010-11-08 21:53:42+00:00,2012-11-06 08:20:25+00:00,House,Oregon,Oregon 3,Democratic,D+21,-21.0,True,True,74.5,general,728
Ed_Perlmutter,2012,45,29,441.0,11,17,3,2010-11-28 03:37:26+00:00,2012-10-23 04:28:04+00:00,House,Colorado,Colorado 7,Democratic,D+3,-3.0,True,True,53.3,general,695
Frank_Wolf_(politician),2012,45,35,10302.0,12,16,3,2010-11-03 01:10:40+00:00,2012-11-06 00:46:38+00:00,House,Virginia,Virginia 10,Republican,R+4,4.0,True,True,58.8,general,733
Jeff_Miller_(Florida_politician),2012,45,32,865.0,16,15,2,2010-11-04 13:36:07+00:00,2012-11-05 09:38:07+00:00,House,Florida,Florida 1,Republican,R+21,21.0,True,True,69.6,general,731
Joe_Baca,2012,45,34,1462.0,14,20,4,2010-11-03 21:32:48+00:00,2012-10-09 20:55:05+00:00,House,California,California 35,Democratic,D+10,-10.0,False,False,44.3,general,705
John_Barrow_(American_politician),2012,45,31,4248.0,10,11,4,2010-11-10 17:51:33+00:00,2012-11-03 23:35:01+00:00,House,Georgia,Georgia 12,Democratic,R+9,9.0,True,True,53.7,general,724
Kay_Granger,2012,45,28,3172.0,8,8,4,2010-11-13 06:06:57+00:00,2012-11-06 00:15:34+00:00,House,Texas,Texas 12,Republican,R+17,17.0,True,True,70.9,general,723
Peter_Welch,2012,45,32,2338.0,16,18,3,2010-11-04 16:06:08+00:00,2012-11-05 03:12:39+00:00,House,Vermont,Vermont at-large,Democratic,D+13,-13.0,True,True,72.0,general,731
Phil_Roe_(politician),2012,45,35,1294.0,13,11,1,2010-11-09 01:42:58+00:00,2012-05-17 20:28:30+00:00,House,Tennessee,Tennessee 1,Republican,R+21,21.0,True,True,76.1,general,555
Ted_Poe,2012,45,33,4397.0,9,13,1,2010-11-05 23:11:12+00:00,2012-11-03 20:33:29+00:00,House,Texas,Texas 2,Republican,R+16,16.0,True,True,64.8,general,728
Jeb_Hensarling,2012,44,35,2446.0,8,16,3,2010-11-05 22:27:26+00:00,2012-10-03 23:09:24+00:00,House,Texas,Texas 5,Republican,R+15,15.0,True,True,64.4,general,698
Jim_Graves,2012,44,18,6802.0,6,12,0,2012-09-10 22:57:18+00:00,2012-11-06 14:44:40+00:00,House,Minnesota,Minnesota 6,DFL,R+8,8.0,False,False,49.4,general,56
John_Kline_(politician),2012,44,26,5821.0,12,11,3,2010-11-12 17:52:03+00:00,2012-11-02 03:52:25+00:00,House,Minnesota,Minnesota 2,Republican,R+2,2.0,True,True,54.1,general,720
Ted_Deutch,2012,44,37,5491.0,12,22,2,2010-11-10 14:39:46+00:00,2012-11-04 10:52:40+00:00,House,Florida,Florida 21,Democratic,D+12,-12.0,False,True,77.7,general,724
Hakeem_Jeffries,2012,43,25,8667.0,14,2,2,2010-12-16 05:32:08+00:00,2012-11-03 16:30:11+00:00,House,New York,New York 8,Democratic,D+33,-33.0,False,True,90.0,general,688
Hal_Rogers,2012,43,33,8614.0,10,14,2,2010-12-05 03:15:36+00:00,2012-10-12 02:41:56+00:00,House,Kentucky,Kentucky 5,Republican,R+16,16.0,True,True,77.9,general,676
Jay_Patrick_Murray,2012,43,18,-8298.0,5,3,1,2010-11-03 02:07:47+00:00,2012-06-23 14:57:42+00:00,House,Virginia,Virginia 8,Republican,D+15,-15.0,False,False,30.7,general,598
Jimmy_Duncan_(politician),2012,43,21,2866.0,12,17,2,2010-11-11 00:45:37+00:00,2012-08-24 14:48:40+00:00,House,Tennessee,Tennessee 2,Republican,R+16,16.0,True,True,74.4,general,652
Lacy_Clay,2012,43,33,8696.0,9,22,2,2010-11-04 18:09:04+00:00,2012-08-08 23:12:39+00:00,House,Missouri,Missouri 1,Democratic,D+27,-27.0,True,True,78.7,general,643
Lois_Capps,2012,43,23,2838.0,4,22,0,2010-11-07 07:31:12+00:00,2012-11-05 21:03:34+00:00,House,California,California 24,Democratic,D+3,-3.0,False,True,55.1,general,729
Rob_Andrews,2012,43,36,1471.0,9,10,1,2010-11-03 02:11:06+00:00,2012-11-01 10:30:32+00:00,House,New Jersey,New Jersey 1,Democratic,D+12,-12.0,True,True,67.9,general,729
Barry_Hinckley,2012,42,10,-3235.0,8,0,2,2011-07-26 19:46:09+00:00,2011-10-22 04:55:33+00:00,Senate,Rhode Island,,Republican,,,False,False,35.0,general,87
Betty_McCollum,2012,42,27,5084.0,9,11,2,2010-12-12 00:24:05+00:00,2012-11-03 15:36:11+00:00,House,Minnesota,Minnesota 4,DFL,D+11,-11.0,True,True,62.4,general,692
Blaine_Luetkemeyer,2012,42,30,1104.0,9,19,1,2010-11-03 15:28:22+00:00,2012-09-20 02:02:59+00:00,House,Missouri,Missouri 3,Republican,R+9,9.0,False,True,63.5,general,686
Doris_Matsui,2012,42,30,-319.0,11,7,0,2010-11-03 04:52:12+00:00,2012-10-26 07:00:12+00:00,House,California,California 6,Democratic,D+13,-13.0,False,True,74.4,general,723
Marcia_Fudge,2012,42,31,809.0,15,12,3,2010-11-07 22:57:33+00:00,2012-10-31 07:04:44+00:00,House,Ohio,Ohio 11,Democratic,D+30,-30.0,True,True,,general,723
Mark_Pocan,2012,42,24,3660.0,10,12,0,2011-02-19 15:49:00+00:00,2012-11-02 17:04:39+00:00,House,Wisconsin,Wisconsin 2,Democratic,D+16,-16.0,False,True,68.0,general,622
Matt_Salmon,2012,42,23,8096.0,15,5,1,2010-12-22 02:41:42+00:00,2012-10-10 14:09:44+00:00,House,Arizona,Arizona 5,Republican,R+16,16.0,False,True,67.2,general,658
Sal_Pace,2012,41,22,4557.0,7,14,2,2010-11-03 18:28:37+00:00,2012-10-30 14:12:53+00:00,House,Colorado,Colorado 3,Democratic,R+4,4.0,False,False,41.1,general,726
William_Enyart,2012,41,16,2545.0,1,9,0,2012-06-25 12:42:36+00:00,2012-11-06 03:03:16+00:00,House,Illinois,Illinois 12,Democratic,D+2,-2.0,False,True,51.5,general,133
David_Scott_(Georgia_politician),2012,40,23,-930.0,14,9,5,2010-11-10 17:53:37+00:00,2012-07-18 20:26:23+00:00,House,Georgia,Georgia 13,Democratic,D+10,-10.0,True,True,71.7,general,616
Grace_Napolitano,2012,40,31,1842.0,7,17,4,2010-11-07 16:33:55+00:00,2012-10-29 02:30:19+00:00,House,California,California 32,Democratic,D+9,-9.0,False,True,65.4,general,721
Rick_Larsen,2012,40,32,2235.0,10,17,3,2010-11-05 19:33:56+00:00,2012-10-09 18:22:30+00:00,House,Washington,Washington 2,Democratic,D+8,-8.0,True,True,60.9,general,703
Sam_Graves,2012,40,33,946.0,9,15,3,2010-11-04 18:10:16+00:00,2012-08-20 22:34:31+00:00,House,Missouri,Missouri 6,Republican,R+9,9.0,True,True,65.0,general,655
Tom_Rice,2012,40,10,-6970.0,1,13,1,2012-07-17 04:03:54+00:00,2012-08-15 07:44:59+00:00,House,South Carolina,South Carolina 7,Republican,R+7,7.0,False,True,55.5,general,29
Frank_Lucas_(Oklahoma_politician),2012,39,26,2374.0,9,11,4,2010-11-15 05:20:28+00:00,2012-10-09 14:32:10+00:00,House,Oklahoma,Oklahoma 3,Republican,R+24,24.0,True,True,75.3,general,694
Greg_Walden,2012,39,30,2365.0,7,9,2,2010-11-15 05:46:04+00:00,2012-11-06 08:15:51+00:00,House,Oregon,Oregon 2,Republican,R+10,10.0,True,True,69.2,general,722
Gus_Bilirakis,2012,39,30,476.0,10,18,1,2010-11-09 19:48:34+00:00,2012-11-04 04:39:17+00:00,House,Florida,Florida 12,Republican,R+6,6.0,False,True,63.5,general,725
Pat_Kreitlow,2012,39,17,249.0,8,17,1,2010-11-06 23:45:01+00:00,2012-10-25 08:20:43+00:00,House,Wisconsin,Wisconsin 7,Democratic,EVEN,0.0,False,False,43.9,general,718
Adam_Schiff,2012,38,27,1009.0,10,15,4,2010-11-03 21:14:03+00:00,2012-10-20 18:52:45+00:00,House,California,California 28,Democratic,D+19,-19.0,False,True,76.0,general,716
Albio_Sires,2012,38,24,4968.0,11,7,1,2010-11-12 22:33:41+00:00,2012-08-06 21:03:11+00:00,House,New Jersey,New Jersey 8,Democratic,D+20,-20.0,False,True,78.1,general,632
Ander_Crenshaw,2012,38,29,2125.0,13,8,4,2010-11-09 17:03:32+00:00,2012-11-04 01:08:45+00:00,House,Florida,Florida 4,Republican,R+19,19.0,True,True,76.1,general,725
Bill_Cassidy,2012,38,24,1385.0,4,25,1,2010-12-05 10:15:20+00:00,2012-10-30 21:59:07+00:00,House,Louisiana,Louisiana 6,Republican,R+19,19.0,True,True,79.0,general,695
Mike_Michaud,2012,38,28,4055.0,10,14,1,2010-11-04 01:49:52+00:00,2012-10-28 15:22:35+00:00,House,Maine,Maine 2,Democratic,D+3,-3.0,True,True,58.1,general,724
Mike_Turner,2012,38,29,-821.0,7,13,3,2010-12-12 01:21:05+00:00,2012-11-03 03:02:25+00:00,House,Ohio,Ohio 10,Republican,R+2,2.0,False,True,60.2,general,692
Scott_Boman,2012,38,19,13592.0,12,12,2,2010-11-05 17:57:30+00:00,2012-09-13 03:43:08+00:00,Senate,Michigan,,Libertarian,,,False,False,1.8,general,677
John_Culberson,2012,37,25,491.0,6,11,1,2010-11-13 06:04:41+00:00,2012-11-06 22:35:49+00:00,House,Texas,Texas 7,Republican,R+14,14.0,True,True,60.8,general,724
Mike_Honda,2012,37,29,3515.0,11,16,2,2010-11-07 06:32:49+00:00,2012-06-26 05:41:16+00:00,House,California,California 17,Democratic,D+18,-18.0,False,True,73.3,general,596
Randy_Forbes,2012,37,28,793.0,9,14,1,2010-11-05 05:21:44+00:00,2012-11-02 19:57:05+00:00,House,Virginia,Virginia 4,Republican,R+6,6.0,True,True,57.1,general,728
Robert_Aderholt,2012,37,28,4047.0,5,13,1,2010-11-07 00:46:49+00:00,2012-10-15 03:02:35+00:00,House,Alabama,Alabama 4,Republican,R+23,23.0,True,True,74.0,general,708
Rodney_Frelinghuysen,2012,37,27,2661.0,13,9,2,2010-11-12 22:29:53+00:00,2012-10-21 02:11:52+00:00,House,New Jersey,New Jersey 11,Republican,R+5,5.0,True,True,58.9,general,708
Tom_Price_(American_politician),2012,37,32,3865.0,10,16,3,2010-11-17 19:40:45+00:00,2012-10-12 08:41:49+00:00,House,Georgia,Georgia 6,Republican,R+14,14.0,True,True,64.6,general,694
Brett_Guthrie,2012,36,25,-135.0,8,14,3,2010-12-16 10:04:57+00:00,2012-10-07 10:05:34+00:00,House,Kentucky,Kentucky 2,Republican,R+15,15.0,True,True,64.3,general,661
Charles_Boustany,2012,36,26,3325.0,7,19,1,2010-11-29 19:38:25+00:00,2012-10-31 16:19:19+00:00,House,Louisiana,Louisiana 3,Republican,R+15,15.0,False,True,60.9,general,701
Howard_Coble,2012,36,26,2502.0,8,10,2,2010-11-04 00:57:03+00:00,2012-11-06 04:34:09+00:00,House,North Carolina,North Carolina 6,Republican,R+11,11.0,True,True,60.9,general,733
Kevin_Raye,2012,36,22,5042.0,13,5,2,2010-12-03 11:22:51+00:00,2012-10-23 23:18:49+00:00,House,Maine,Maine 2,Republican,D+3,-3.0,False,False,41.9,general,690
Rose_Meza_Harrison,2012,36,13,3463.0,3,5,0,2012-05-09 06:15:47+00:00,2012-10-09 14:54:03+00:00,House,Texas,Texas 27,Democratic,R+13,13.0,False,False,39.2,general,153
Sander_Levin,2012,36,29,4613.0,12,10,3,2010-11-19 05:29:00+00:00,2012-11-05 05:25:21+00:00,House,Michigan,Michigan 9,Democratic,D+5,-5.0,False,True,61.9,general,716
Conservative_Party_of_New_York_State,2012,35,19,1456.0,4,8,2,2010-11-19 22:11:39+00:00,2012-11-03 23:12:13+00:00,House,New York,New York 7,Conservative,D+31,-31.0,False,False,5.5,general,715
Frank_Pallone,2012,35,28,2778.0,11,8,2,2010-11-12 22:14:46+00:00,2012-09-19 17:34:55+00:00,House,New Jersey,New Jersey 6,Democratic,D+6,-6.0,True,True,63.3,general,676
Jo_Ann_Emerson,2012,35,27,1198.0,7,10,2,2010-11-23 17:53:16+00:00,2012-10-12 04:31:56+00:00,House,Missouri,Missouri 8,Republican,R+13,13.0,True,True,71.9,general,688
Lynn_Westmoreland,2012,35,30,-377.0,9,20,3,2010-11-10 15:25:39+00:00,2012-11-06 13:19:05+00:00,House,Georgia,Georgia 3,Republican,R+19,19.0,True,True,,general,726
Roger_Williams_(Texas_politician),2012,35,18,2054.0,8,5,2,2010-12-04 18:00:13+00:00,2012-10-26 20:15:08+00:00,House,Texas,Texas 25,Republican,R+10,10.0,False,True,58.5,general,692
Steve_Scalise,2012,35,32,735.0,10,12,2,2010-11-11 12:09:59+00:00,2012-11-02 19:03:39+00:00,House,Louisiana,Louisiana 1,Republican,R+23,23.0,True,True,66.6,general,722
Bob_Latta,2012,34,27,1256.0,7,13,2,2010-11-06 18:15:41+00:00,2012-11-03 02:30:44+00:00,House,Ohio,Ohio 5,Republican,R+8,8.0,True,True,57.6,general,727
Dan_Bongino,2012,34,17,-66.0,6,1,1,2011-09-13 02:26:58+00:00,2012-11-06 14:05:14+00:00,Senate,Maryland,,Republican,,,False,False,26.3,general,420
Gregg_Harper,2012,34,25,606.0,4,16,3,2010-11-04 03:45:52+00:00,2012-09-21 21:22:46+00:00,House,Mississippi,Mississippi 3,Republican,R+15,15.0,True,True,80.0,general,687
Jim_Gerlach,2012,34,27,4371.0,6,11,1,2010-11-08 04:48:58+00:00,2012-10-30 20:32:46+00:00,House,Pennsylvania,Pennsylvania 6,Republican,R+1,1.0,True,True,57.1,general,722
Nick_Lampson,2012,34,24,2056.0,11,5,1,2010-11-11 01:32:59+00:00,2012-09-26 21:20:39+00:00,House,Texas,Texas 14,Democratic,R+8,8.0,False,False,44.6,general,685
Susan_Narvaiz,2012,34,15,117.0,3,10,2,2010-11-09 21:56:51+00:00,2012-10-05 17:29:21+00:00,House,Texas,Texas 35,Republican,D+9,-9.0,False,False,32.0,general,695
Brad_Wenstrup,2012,33,22,3785.0,4,13,0,2012-03-07 05:36:32+00:00,2012-09-16 01:44:54+00:00,House,Ohio,Ohio 2,Republican,R+9,9.0,False,True,59.1,general,192
Brendan_Doherty,2012,33,9,2177.0,6,18,0,2012-06-08 19:02:17+00:00,2012-11-02 18:01:03+00:00,House,Rhode Island,Rhode Island 1,Republican,D+14,-14.0,False,False,40.8,general,146
Gary_McDowell,2012,33,21,1809.0,6,14,3,2010-11-04 16:59:04+00:00,2012-11-05 00:11:10+00:00,House,Michigan,Michigan 1,Democratic,R+4,4.0,False,False,47.5,general,731
Gene_Green,2012,33,24,1633.0,10,10,2,2010-11-13 06:23:02+00:00,2012-09-24 04:36:15+00:00,House,Texas,Texas 29,Democratic,D+8,-8.0,True,True,90.0,general,680
Jared_Huffman,2012,33,22,2578.0,5,8,0,2010-12-18 19:29:45+00:00,2012-11-01 07:36:17+00:00,House,California,California 2,Democratic,D+19,-19.0,False,True,70.1,general,683
Jeff_Fortenberry,2012,33,26,891.0,7,8,2,2010-11-04 21:20:19+00:00,2012-10-12 11:21:32+00:00,House,Nebraska,Nebraska 1,Republican,R+11,11.0,True,True,68.3,general,707
Colin_Beavan,2012,32,23,920.0,13,15,1,2010-11-08 15:13:16+00:00,2012-08-21 02:05:02+00:00,House,New York,New York 8,Green,D+33,-33.0,False,False,1.2,general,651
Ed_Whitfield,2012,32,27,824.0,7,12,3,2010-12-04 21:28:19+00:00,2012-10-07 10:02:22+00:00,House,Kentucky,Kentucky 1,Republican,R+14,14.0,True,True,69.6,general,672
Joe_Courtney_(politician),2012,32,28,3833.0,12,8,4,2010-11-06 07:46:24+00:00,2012-09-26 23:44:06+00:00,House,Connecticut,Connecticut 2,Democratic,D+6,-6.0,True,True,68.3,general,690
John_Sarbanes,2012,32,28,1795.0,8,12,3,2010-11-03 04:08:17+00:00,2012-09-05 05:40:00+00:00,House,Maryland,Maryland 3,Democratic,D+7,-7.0,True,True,66.8,general,672
Nita_Lowey,2012,32,28,1354.0,12,7,1,2010-11-05 20:45:28+00:00,2012-08-29 02:52:38+00:00,House,New York,New York 17,Democratic,D+5,-5.0,False,True,64.2,general,662
Suzan_DelBene,2012,32,21,1615.0,8,9,3,2010-11-03 06:47:49+00:00,2012-10-21 15:51:22+00:00,House,Washington,Washington 1,Democratic,,,False,True,60.1,special,718
Tom_Cole,2012,32,23,1914.0,8,8,3,2010-11-15 05:29:13+00:00,2012-10-31 04:50:42+00:00,House,Oklahoma,Oklahoma 4,Republican,R+18,18.0,True,True,67.9,general,715
Al_Green_(politician),2012,31,24,-325.0,14,6,2,2010-11-13 06:04:02+00:00,2012-09-06 06:56:13+00:00,House,Texas,Texas 9,Democratic,D+21,-21.0,True,True,78.5,general,663
Annie_Kuster,2012,31,25,4086.0,7,7,1,2010-11-03 21:40:30+00:00,2012-11-06 19:22:23+00:00,House,New Hampshire,New Hampshire 2,Democratic,D+3,-3.0,False,True,50.2,general,733
Bill_Posey,2012,31,23,780.0,12,8,1,2010-11-27 00:39:49+00:00,2012-11-04 03:58:00+00:00,House,Florida,Florida 8,Republican,R+8,8.0,False,True,58.9,general,708
Bill_Shuster,2012,31,24,2988.0,7,15,1,2010-11-29 06:51:14+00:00,2012-09-12 08:37:00+00:00,House,Pennsylvania,Pennsylvania 9,Republican,R+10,10.0,True,True,61.6,general,653
Frank_LoBiondo,2012,31,19,3296.0,10,4,1,2010-11-12 22:06:11+00:00,2012-09-09 18:54:24+00:00,House,New Jersey,New Jersey 2,Republican,EVEN,0.0,True,True,58.0,general,666
Glenn_Thompson_(politician),2012,31,22,617.0,7,16,2,2010-11-22 01:28:32+00:00,2012-10-30 14:01:47+00:00,House,Pennsylvania,Pennsylvania 5,Republican,R+6,6.0,True,True,62.9,general,708
Imad-ad-Dean_Ahmad,2012,31,16,6180.0,9,5,3,2010-11-28 23:31:43+00:00,2012-11-06 21:07:09+00:00,Senate,Maryland,,Libertarian,,,False,False,1.2,general,708
Jimmy_Farris,2012,31,19,1667.0,9,13,3,2010-11-08 23:22:09+00:00,2012-10-28 12:54:40+00:00,House,Idaho,Idaho 1,Democratic,R+18,18.0,False,False,30.8,general,719
Pat_Tiberi,2012,31,24,464.0,8,10,1,2010-11-09 22:08:47+00:00,2012-11-05 19:13:35+00:00,House,Ohio,Ohio 12,Republican,R+8,8.0,True,True,63.7,general,726
Rob_Wittman,2012,31,22,3173.0,6,11,1,2010-11-15 19:44:52+00:00,2012-11-02 19:18:43+00:00,House,Virginia,Virginia 1,Republican,R+8,8.0,True,True,56.1,general,717
Tom_Latham_(politician),2012,31,21,2253.0,6,13,2,2010-12-07 00:21:36+00:00,2012-10-25 07:27:14+00:00,House,Iowa,Iowa 3,Republican,R+1,1.0,False,True,52.3,general,688
Tony_Strickland,2012,31,17,5098.0,11,6,1,2011-02-07 20:05:45+00:00,2012-10-24 05:20:30+00:00,House,California,California 26,Republican,D+2,-2.0,False,False,48.3,general,624
Juan_Vargas,2012,30,19,942.0,7,13,2,2011-02-03 22:20:43+00:00,2012-09-24 01:16:41+00:00,House,California,California 51,Democratic,D+11,-11.0,False,True,69.9,general,598
Pete_Visclosky,2012,30,25,1614.0,10,6,2,2010-11-03 13:45:22+00:00,2012-10-30 20:34:45+00:00,House,Indiana,Indiana 1,Democratic,D+9,-9.0,True,True,67.3,general,727
Adrian_Smith_(politician),2012,29,26,1040.0,8,14,2,2010-11-04 21:25:21+00:00,2012-06-27 19:15:14+00:00,House,Nebraska,Nebraska 3,Republican,R+23,23.0,True,True,74.2,general,600
Diana_DeGette,2012,29,21,294.0,9,16,2,2010-11-11 16:26:15+00:00,2012-11-04 20:46:06+00:00,House,Colorado,Colorado 1,Democratic,D+17,-17.0,True,True,68.1,general,724
Jonathan_Paton,2012,29,17,1005.0,3,14,1,2010-11-03 20:08:54+00:00,2012-10-24 00:54:40+00:00,House,Arizona,Arizona 1,Republican,R+3,3.0,False,False,45.1,general,720
Robert_Dutton_(politician),2012,29,18,3475.0,9,3,2,2010-11-17 17:59:51+00:00,2012-07-13 03:38:35+00:00,House,California,California 31,Republican,D+12,-12.0,False,False,44.8,general,603
Susan_Davis_(politician),2012,29,22,1602.0,5,8,1,2010-11-07 18:19:06+00:00,2012-10-07 10:46:56+00:00,House,California,California 53,Democratic,D+7,-7.0,True,True,60.4,general,699
Gloria_Bromell_Tinubu,2012,28,16,4496.0,10,5,3,2012-05-09 23:21:56+00:00,2012-10-19 15:09:34+00:00,House,South Carolina,South Carolina 7,Democratic,R+7,7.0,False,False,44.4,general,162
Kawika_Crowley,2012,28,11,3018.0,1,4,0,2012-09-13 05:06:20+00:00,2012-10-22 00:56:15+00:00,House,Hawaii,Hawaii 2,Republican,D+14,-14.0,False,False,19.4,general,38
Rich_Cowan,2012,28,8,3697.0,6,0,1,2012-06-21 19:36:49+00:00,2012-10-04 10:44:09+00:00,House,Washington,Washington 5,Democratic,R+6,6.0,False,False,37.9,general,104
Jay_Seegmiller_(politician),2012,27,15,3068.0,6,12,2,2010-11-09 17:28:13+00:00,2012-09-30 13:10:42+00:00,House,Utah,Utah 2,Democratic,R+16,16.0,False,False,33.6,general,690
Joe_Miklosi,2012,27,15,3229.0,12,4,1,2011-03-10 21:03:12+00:00,2012-11-04 21:39:07+00:00,House,Colorado,Colorado 6,Democratic,R+1,1.0,False,False,45.1,general,605
Mike_Conaway,2012,27,21,-318.0,10,4,3,2010-11-13 06:06:20+00:00,2012-02-01 18:28:45+00:00,House,Texas,Texas 11,Republican,R+29,29.0,True,True,78.6,general,445
Daniel_Boman,2012,26,17,4363.0,5,11,2,2011-05-27 04:58:18+00:00,2012-10-03 04:13:09+00:00,House,Alabama,Alabama 4,Democratic,R+23,23.0,False,False,26.0,general,494
Pro-Life_(politician),2012,26,3,12232.0,10,0,0,2012-10-03 03:32:16+00:00,2012-10-09 15:17:36+00:00,House,Idaho,Idaho 1,Independent,R+18,18.0,False,False,2.4,general,6
Kevin_Lundberg,2012,25,14,1187.0,9,13,3,2010-11-04 18:41:08+00:00,2012-11-04 20:38:10+00:00,House,Colorado,Colorado 2,Republican,D+8,-8.0,False,False,38.6,general,731
Phil_Gingrey,2012,25,20,2255.0,5,11,1,2010-11-10 17:47:36+00:00,2012-08-02 04:43:28+00:00,House,Georgia,Georgia 11,Republican,R+19,19.0,True,True,68.6,general,630
Steve_Daines,2012,25,18,-1448.0,5,5,1,2010-11-17 02:34:06+00:00,2012-10-17 18:09:41+00:00,House,Montana,Montana at-large,Republican,R+7,7.0,False,True,53.2,general,700
Steve_Obsitnik,2012,25,9,-3723.0,2,4,0,2012-05-23 18:46:20+00:00,2012-06-04 13:46:14+00:00,House,Connecticut,Connecticut 4,Republican,D+5,-5.0,False,False,40.2,general,11
John_Oceguera,2012,24,10,3198.0,3,12,0,2011-08-23 22:40:17+00:00,2012-10-20 01:39:46+00:00,House,Nevada,Nevada 3,Democratic,EVEN,0.0,False,False,42.9,general,423
Keith_Fitzgerald,2012,24,16,3335.0,7,8,2,2011-04-02 05:56:18+00:00,2012-11-04 05:23:48+00:00,House,Florida,Florida 16,Democratic,R+5,5.0,False,False,46.4,general,581
James_L._Hart,2012,23,11,20.0,16,1,1,2010-12-27 23:38:35+00:00,2012-06-23 22:35:18+00:00,House,Tennessee,Tennessee 8,Independent,R+15,15.0,False,False,2.2,general,543
John_Carter_(Texas_politician),2012,23,16,1062.0,4,8,3,2010-11-13 06:24:17+00:00,2012-05-08 02:24:19+00:00,House,Texas,Texas 31,Republican,R+13,13.0,True,True,61.3,general,541
Sharon_Cissna,2012,23,11,5269.0,12,0,1,2010-11-12 06:39:01+00:00,2012-10-15 05:33:26+00:00,House,Alaska,Alaska at-large,Democratic,R+13,13.0,False,False,28.4,general,702
Chris_Perkins_(politician),2012,22,14,1746.0,9,2,2,2011-03-17 15:07:59+00:00,2012-10-19 00:05:08+00:00,House,Virginia,Virginia 11,Republican,D+7,-7.0,False,False,35.5,general,581
Mark_Takano,2012,22,5,5248.0,0,0,0,2012-09-14 18:57:06+00:00,2012-11-05 18:26:49+00:00,House,California,California 41,Democratic,D+3,-3.0,False,True,56.4,general,51
Otto_Lee,2012,22,10,2467.0,7,4,1,2010-11-28 20:12:46+00:00,2012-10-17 23:57:16+00:00,House,California,California 22,Democratic,R+12,12.0,False,False,36.9,general,689
Alan_Lowenthal,2012,21,16,1542.0,10,4,3,2010-11-27 10:01:32+00:00,2012-10-06 15:54:38+00:00,House,California,California 47,Democratic,D+5,-5.0,False,True,56.6,general,679
Julia_Brownley,2012,21,16,1507.0,6,5,2,2011-01-02 06:11:44+00:00,2012-10-25 10:59:07+00:00,House,California,California 26,Democratic,D+2,-2.0,False,True,51.7,general,662
Manan_Trivedi,2012,21,19,2575.0,10,4,2,2010-11-03 16:37:00+00:00,2012-10-31 11:07:10+00:00,House,Pennsylvania,Pennsylvania 6,Democratic,R+1,1.0,False,False,42.9,general,727
Shelli_Yoder,2012,21,5,9598.0,0,3,0,2012-05-09 00:54:19+00:00,2012-09-30 16:39:44+00:00,House,Indiana,Indiana 9,Democratic,R+9,9.0,False,False,43.7,general,144
Andy_Schmookler,2012,20,9,878.0,4,7,0,2012-06-27 21:35:31+00:00,2012-10-01 21:01:57+00:00,House,Virginia,Virginia 6,Democratic,R+12,12.0,False,False,34.4,general,95
Ron_Williams,2012,20,11,7026.0,4,7,1,2011-01-06 19:21:49+00:00,2012-09-06 18:59:45+00:00,House,Mississippi,Mississippi 4,Libertarian,R+20,20.0,False,False,6.3,general,608
Ami_Bera,2012,19,12,-6645.0,4,2,1,2010-11-04 22:36:22+00:00,2012-06-25 16:13:35+00:00,House,California,California 7,Democratic,R+3,3.0,False,True,51.1,general,598
Elizabeth_Esty,2012,19,7,2638.0,1,9,0,2012-08-16 02:10:01+00:00,2012-10-23 06:58:00+00:00,House,Connecticut,Connecticut 5,Democratic,D+2,-2.0,False,True,51.5,general,68
Jim_Bridenstine,2012,19,14,3600.0,6,3,1,2012-05-21 05:17:02+00:00,2012-09-17 07:23:22+00:00,House,Oklahoma,Oklahoma 1,Republican,R+16,16.0,False,True,63.5,general,119
Julian_Schreibman,2012,19,12,-2314.0,3,1,0,2012-06-24 03:18:04+00:00,2012-08-22 16:30:10+00:00,House,New York,New York 19,Democratic,EVEN,0.0,False,False,46.6,general,59
Val_Demings,2012,19,6,5636.0,3,3,0,2012-09-20 18:05:03+00:00,2012-11-04 06:09:10+00:00,House,Florida,Florida 10,Democratic,R+7,7.0,False,False,48.2,general,44
Derek_Kilmer,2012,18,8,958.0,6,0,2,2011-02-13 05:35:14+00:00,2012-08-01 13:41:00+00:00,House,Washington,Washington 6,Democratic,D+5,-5.0,False,True,58.8,general,535
Lee_Rogers_(podiatrist),2012,18,11,3334.0,5,0,0,2011-09-27 07:52:59+00:00,2012-09-21 06:34:40+00:00,House,California,California 25,Democratic,R+6,6.0,False,False,45.2,general,359
Denny_Heck,2012,17,14,1184.0,5,7,1,2010-11-10 06:56:36+00:00,2012-09-26 22:53:13+00:00,House,Washington,Washington 10,Democratic,D+4,-4.0,False,True,58.6,general,686
Jim_Slezak,2012,17,10,227.0,3,7,0,2011-07-29 17:01:03+00:00,2012-04-14 00:53:09+00:00,House,Michigan,Michigan 5,Republican,D+10,-10.0,False,False,32.2,general,259
Patsy_Keever,2012,17,12,3315.0,4,4,1,2010-11-05 16:46:26+00:00,2012-11-06 17:49:40+00:00,House,North Carolina,North Carolina 10,Democratic,R+11,11.0,False,False,43.0,general,732
Scott_Reske,2012,17,11,4795.0,4,1,2,2011-02-11 03:27:14+00:00,2012-05-30 19:18:28+00:00,House,Indiana,Indiana 5,Democratic,R+11,11.0,False,False,37.6,general,474
David_Joyce_(politician),2012,16,11,456.0,5,6,1,2012-08-11 04:09:11+00:00,2012-11-02 19:01:21+00:00,House,Ohio,Ohio 14,Republican,R+3,3.0,False,True,54.3,general,83
David_Rouzer,2012,16,11,1354.0,2,6,0,2012-05-10 18:30:10+00:00,2012-11-03 16:47:12+00:00,House,North Carolina,North Carolina 7,Republican,R+11,11.0,False,False,49.9,general,176
Eric_Knowles,2012,16,8,2377.0,7,1,4,2011-01-04 11:39:12+00:00,2012-10-12 15:14:25+00:00,House,Maryland,Maryland 3,Republican,D+7,-7.0,False,False,29.6,general,647
Marc_Veasey,2012,16,3,3213.0,1,0,0,2012-08-01 18:36:47+00:00,2012-11-03 02:22:34+00:00,House,Texas,Texas 33,Democratic,D+14,-14.0,False,True,72.5,general,93
Mike_Obermueller,2012,16,12,744.0,10,6,2,2010-11-07 23:38:08+00:00,2012-10-31 00:00:24+00:00,House,Minnesota,Minnesota 2,DFL,R+2,2.0,False,False,45.9,general,723
Al_Lawson,2012,15,8,1195.0,4,11,2,2011-03-05 12:55:19+00:00,2012-10-10 00:52:00+00:00,House,Florida,Florida 2,Democratic,R+3,3.0,False,False,47.3,general,584
Brendan_Mullen_(politician),2012,15,3,0.0,0,0,0,2012-05-08 23:58:40+00:00,2012-06-08 12:47:43+00:00,House,Indiana,Indiana 2,Democratic,R+7,7.0,False,False,47.6,general,30
Gloria_Negrete_McLeod,2012,15,9,2795.0,7,0,2,2010-11-27 20:05:44+00:00,2012-07-09 11:31:49+00:00,House,California,California 35,Democratic,D+10,-10.0,False,True,55.7,general,589
Pam_Gulleson,2012,15,9,2390.0,8,2,2,2011-01-12 23:41:03+00:00,2012-09-22 16:27:47+00:00,House,North Dakota,North Dakota at-large,Democratic-NPL,R+10,10.0,False,False,41.8,general,618
Sharen_Neuhardt,2012,15,7,-1097.0,1,9,1,2011-09-26 17:08:20+00:00,2012-08-02 01:37:32+00:00,House,Ohio,Ohio 10,Democratic,R+2,2.0,False,False,36.9,general,310
Susan_Brooks,2012,15,10,222.0,1,1,0,2012-05-09 20:22:19+00:00,2012-09-29 22:12:51+00:00,House,Indiana,Indiana 5,Republican,R+11,11.0,False,True,58.4,general,143
Wayne_Winsley,2012,15,11,-187.0,1,5,1,2011-06-16 14:56:41+00:00,2012-11-05 12:50:14+00:00,House,Connecticut,Connecticut 3,Republican,D+9,-9.0,False,False,25.4,general,507
Colia_Clark,2012,14,8,-2388.0,2,0,0,2010-11-24 19:19:51+00:00,2012-06-16 15:05:45+00:00,Senate,New York,,Green,,,False,False,0.6,general,569
David_Valadao,2012,14,12,2530.0,4,1,0,2010-12-19 06:12:08+00:00,2012-10-03 23:09:25+00:00,House,California,California 21,Republican,R+3,3.0,False,True,59.9,general,654
Lucille_Roybal-Allard,2012,14,14,615.0,6,4,2,2010-11-07 16:06:06+00:00,2012-10-09 21:18:46+00:00,House,California,California 40,Democratic,D+25,-25.0,False,True,59.4,general,702
Luke_Messer,2012,14,2,6212.0,0,0,0,2012-09-14 19:28:12+00:00,2012-09-18 17:39:24+00:00,House,Indiana,Indiana 6,Republican,R+12,12.0,False,True,59.1,general,3
Cesar_Henao,2012,13,5,-1489.0,1,2,1,2012-06-17 12:29:36+00:00,2012-06-25 01:43:36+00:00,House,Florida,Florida 21,Independent,D+12,-12.0,False,False,8.9,general,7
Nancy_Jacobs,2012,13,12,-812.0,4,4,2,2011-01-18 13:24:18+00:00,2012-09-24 23:09:00+00:00,House,Maryland,Maryland 2,Republican,D+7,-7.0,False,False,31.1,general,615
Trey_Radel,2012,13,7,1318.0,4,5,2,2012-08-15 01:50:16+00:00,2012-11-01 19:49:21+00:00,House,Florida,Florida 19,Republican,R+11,11.0,False,True,62.0,general,78
Andrew_Groff,2012,12,2,2806.0,1,0,0,2012-11-04 18:49:46+00:00,2012-11-06 13:11:40+00:00,Senate,Delaware,,Green,,,False,False,0.8,general,1
Donald_Payne_Jr.,2012,12,8,5428.0,2,1,0,2012-05-26 07:04:17+00:00,2012-09-14 20:23:22+00:00,House,New Jersey,New Jersey 10,Democratic,,,False,True,97.4,special,111
Kevin_Cramer,2012,12,9,290.0,4,8,2,2010-12-04 15:43:05+00:00,2012-10-23 14:13:12+00:00,House,North Dakota,North Dakota at-large,Republican,R+10,10.0,False,True,55.0,general,688
Paul_Cook_(politician),2012,12,9,809.0,9,1,1,2011-01-23 05:11:11+00:00,2012-03-16 20:40:46+00:00,House,California,California 8,Republican,R+12,12.0,False,True,57.6,general,418
Robert_Pittenger,2012,12,9,1440.0,2,6,1,2011-04-20 20:17:56+00:00,2012-10-18 23:32:21+00:00,House,North Carolina,North Carolina 9,Republican,R+10,10.0,False,True,51.8,general,547
Gene_Jeffress,2012,11,4,719.0,2,0,0,2012-09-19 01:04:35+00:00,2012-10-19 16:32:38+00:00,House,Arkansas,Arkansas 4,Democratic,R+9,9.0,False,False,36.7,general,30
Phil_Dodds,2012,11,10,62.0,5,2,2,2010-11-27 08:51:51+00:00,2012-10-29 02:41:26+00:00,House,Florida,Florida 3,Independent,R+12,12.0,False,False,2.8,general,701
Virginia_Fuller,2012,11,4,-151.0,1,0,0,2012-07-02 11:40:25+00:00,2012-07-09 07:47:57+00:00,House,California,California 11,Republican,D+17,-17.0,False,False,30.9,general,6
Charles_Hatchett,2012,10,10,99.0,9,1,2,2010-11-07 16:37:53+00:00,2012-08-11 22:39:56+00:00,House,Kentucky,Kentucky 1,Democratic,R+14,14.0,False,False,30.4,general,643
Tom_Kovach,2012,10,8,1314.0,1,3,0,2011-11-02 17:28:54+00:00,2012-09-24 06:42:04+00:00,House,Delaware,Delaware at-large,Republican,D+7,-7.0,False,False,33.4,general,326
Dick_Muri,2012,9,8,-4017.0,6,1,4,2010-11-15 06:07:47+00:00,2011-11-06 17:13:22+00:00,House,Washington,Washington 10,Republican,D+4,-4.0,False,False,41.4,general,356
Douglas_Campbell_(Michigan_politician),2012,9,6,4213.0,4,5,1,2011-02-02 22:37:43+00:00,2012-07-28 21:15:22+00:00,House,Michigan,Michigan 14,Green,D+27,-27.0,False,False,0.9,general,541
Jonathan_Courtney,2012,9,5,1715.0,3,1,1,2011-03-10 17:35:59+00:00,2012-11-01 17:53:11+00:00,House,Maine,Maine 1,Republican,D+8,-8.0,False,False,35.3,general,602
Kim_Gillan,2012,9,6,755.0,2,0,1,2010-11-15 21:30:36+00:00,2011-11-05 23:14:41+00:00,House,Montana,Montana at-large,Democratic,R+7,7.0,False,False,42.9,general,355
None_of_These_Candidates,2012,9,5,2432.0,2,1,0,2010-11-03 06:17:57+00:00,2012-09-28 20:18:31+00:00,Senate,Nevada,,,,,False,False,4.5,general,695
Richard_Hudson_(American_politician),2012,9,5,-1991.0,3,0,0,2012-09-01 20:30:43+00:00,2012-09-12 18:24:13+00:00,House,North Carolina,North Carolina 8,Republican,R+12,12.0,False,True,54.1,general,10
Janice_Arnold-Jones,2012,8,7,1378.0,3,1,1,2012-03-23 22:13:30+00:00,2012-10-17 04:49:28+00:00,House,New Mexico,New Mexico 1,Republican,D+5,-5.0,False,False,40.9,general,207
Mark_Meadows,2012,8,7,-1706.0,2,1,0,2012-09-01 02:09:11+00:00,2012-09-12 21:38:35+00:00,House,North Carolina,North Carolina 11,Republican,R+12,12.0,False,True,57.4,general,11
Candace_Duval,2012,7,4,792.0,1,0,0,2012-09-13 20:36:07+00:00,2012-09-14 17:13:37+00:00,House,Texas,Texas 21,Democratic,R+11,11.0,False,False,35.4,general,0
Rick_Snuffer,2012,7,4,515.0,1,0,0,2012-03-31 04:38:44+00:00,2012-05-10 02:55:45+00:00,House,West Virginia,West Virginia 3,Republican,R+6,6.0,False,False,46.1,general,39
John_MacGovern,2012,6,5,764.0,3,0,0,2012-08-29 05:15:24+00:00,2012-09-14 09:21:48+00:00,Senate,Vermont,,Republican,,,False,False,24.9,general,16
Randy_Weber,2012,6,3,312.0,1,0,0,2012-08-04 04:16:59+00:00,2012-09-14 21:58:32+00:00,House,Texas,Texas 14,Republican,R+8,8.0,False,True,53.5,general,41
Dan_Kildee,2012,5,1,7246.0,0,0,0,2012-09-14 20:18:57+00:00,2012-09-28 00:19:44+00:00,House,Michigan,Michigan 5,Democratic,D+10,-10.0,False,True,64.2,general,13
Doug_Collins_(politician),2012,5,5,656.0,1,0,0,2012-09-01 19:58:26+00:00,2012-09-27 11:03:23+00:00,House,Georgia,Georgia 9,Republican,R+27,27.0,False,True,76.2,general,25
Hayden_Rogers,2012,5,5,-1318.0,1,0,0,2012-07-23 18:58:46+00:00,2012-08-22 16:29:50+00:00,House,North Carolina,North Carolina 11,Democratic,R+12,12.0,False,False,42.6,general,29
Filemon_Vela_Jr.,2012,4,3,86.0,1,1,0,2012-08-21 03:35:21+00:00,2012-11-03 20:51:49+00:00,House,Texas,Texas 34,Democratic,D+3,-3.0,False,True,62.2,general,74
Bob_Fitrakis,2012,3,3,0.0,1,0,1,2010-12-01 06:17:35+00:00,2011-06-01 07:33:40+00:00,House,Ohio,Ohio 3,Green,D+14,-14.0,False,False,2.2,general,182
Christopher_Wight,2012,3,3,104.0,2,0,0,2012-01-30 22:55:34+00:00,2012-10-05 00:49:13+00:00,House,New York,New York 12,Republican,D+38,-38.0,False,False,19.1,general,248
Ron_DeSantis,2012,3,3,-5057.0,0,0,0,2012-08-15 16:27:32+00:00,2012-09-14 19:09:45+00:00,House,Florida,Florida 6,Republican,R+6,6.0,False,True,57.2,general,30
Greg_Horton,2012,2,2,28.0,1,0,0,2012-08-05 12:56:06+00:00,2012-08-10 04:42:22+00:00,House,New Jersey,New Jersey 1,Republican,D+12,-12.0,False,False,30.3,general,4
Kathy_Boockvar,2012,2,2,66.0,1,0,0,2012-09-19 18:39:50+00:00,2012-09-19 19:01:54+00:00,House,Pennsylvania,Pennsylvania 8,Democratic,D+1,-1.0,False,False,43.4,general,0
Keith_Rothfus,2012,2,2,1.0,0,0,0,2012-05-17 21:11:25+00:00,2012-06-09 16:46:14+00:00,House,Pennsylvania,Pennsylvania 12,Republican,R+6,6.0,False,True,51.5,general,22
Mike_Thompson_(California_politician),2012,2,1,-21.0,0,0,0,2012-08-04 21:57:12+00:00,2012-08-04 22:00:08+00:00,House,California,California 5,Democratic,D+18,-18.0,False,True,74.1,general,0
Shannon_Roberts_(politician),2012,2,1,0.0,2,0,0,2011-06-03 23:36:33+00:00,2011-06-03 23:43:08+00:00,House,Florida,Florida 8,Democratic,R+8,8.0,False,False,37.5,general,0
Bill_Keating_(politician),2012,1,1,0.0,0,0,0,2011-04-10 00:28:10+00:00,2011-04-10 00:28:10+00:00,House,Massachusetts,Massachusetts 9,Democratic,D+8,-8.0,False,True,58.3,general,0
Charlie_Holley,2012,1,1,0.0,0,0,0,2012-09-19 09:53:56+00:00,2012-09-19 09:53:56+00:00,House,Alabama,Alabama 5,Democratic,R+14,14.0,False,False,35.0,general,0
Dan_Lamb,2012,1,1,0.0,0,0,0,2012-09-19 18:35:17+00:00,2012-09-19 18:35:17+00:00,House,New York,New York 22,Democratic,R+3,3.0,False,False,39.1,general,0
David_Gill_(physician),2012,1,1,0.0,0,0,0,2012-10-01 14:27:45+00:00,2012-10-01 14:27:45+00:00,House,Illinois,Illinois 13,Democratic,D+1,-1.0,False,False,46.2,general,0
Don_Chamberlain,2012,1,1,0.0,0,0,0,2012-09-19 10:01:46+00:00,2012-09-19 10:01:46+00:00,House,Alabama,Alabama 7,Republican,D+17,-17.0,False,False,24.2,general,0
Eric_Swalwell,2012,1,1,0.0,0,0,0,2012-09-21 01:33:39+00:00,2012-09-21 01:33:39+00:00,House,California,California 15,Democratic,D+15,-15.0,False,True,53.0,general,0
Gene_Scharer,2012,1,1,0.0,0,0,0,2012-09-19 11:14:31+00:00,2012-09-19 11:14:31+00:00,House,Arizona,Arizona 8,Democratic,R+13,13.0,False,False,34.8,general,0
Gregg_Imus,2012,1,1,0.0,0,0,0,2012-09-30 02:11:09+00:00,2012-09-30 02:11:09+00:00,House,California,California 8,Republican,R+12,12.0,False,False,42.4,general,0
Heather_Beaven,2012,1,1,0.0,0,0,0,2012-09-19 01:17:18+00:00,2012-09-19 01:17:18+00:00,House,Florida,Florida 6,Democratic,R+6,6.0,False,False,42.8,general,0
Jack_Uppal,2012,1,1,0.0,0,0,0,2012-09-29 16:00:38+00:00,2012-09-29 16:00:38+00:00,House,California,California 4,Democratic,R+10,10.0,False,False,38.9,general,0
John_Andrew_Harris,2012,1,1,0.0,0,0,0,2012-09-19 09:46:46+00:00,2012-09-19 09:46:46+00:00,House,Alabama,Alabama 3,Democratic,R+15,15.0,False,False,35.9,general,0
John_Tavaglione,2012,1,1,0.0,0,0,0,2012-09-14 19:02:25+00:00,2012-09-14 19:02:25+00:00,House,California,California 41,Republican,D+3,-3.0,False,False,43.6,general,0
Johnnie_Robinson,2012,1,1,0.0,0,0,0,2012-09-19 10:26:07+00:00,2012-09-19 10:26:07+00:00,House,Arizona,Arizona 4,Democratic,R+16,16.0,False,False,28.3,general,0
Jon_Golnik,2012,1,1,0.0,0,0,0,2011-06-14 05:14:59+00:00,2011-06-14 05:14:59+00:00,House,Massachusetts,Massachusetts 3,Republican,D+8,-8.0,False,False,34.1,general,0
Kim_Vann,2012,1,1,0.0,0,0,0,2012-09-29 15:57:49+00:00,2012-09-29 15:57:49+00:00,House,California,California 3,Republican,D+1,-1.0,False,False,45.8,general,0
Larry_Maggi,2012,1,1,0.0,0,0,0,2012-06-09 15:29:25+00:00,2012-06-09 15:29:25+00:00,House,Pennsylvania,Pennsylvania 18,Democratic,R+6,6.0,False,False,36.2,general,0
Laureen_Cummings,2012,1,1,0.0,0,0,0,2012-06-09 13:06:05+00:00,2012-06-09 13:06:05+00:00,House,Pennsylvania,Pennsylvania 17,Republican,D+4,-4.0,False,False,39.5,general,0
Marilyn_Singleton,2012,1,1,0.0,0,0,0,2012-09-30 04:30:25+00:00,2012-09-30 04:30:25+00:00,House,California,California 13,Independent,D+37,-37.0,False,False,13.7,general,0
Markwayne_Mullin,2012,1,1,0.0,0,0,0,2012-10-03 18:04:18+00:00,2012-10-03 18:04:18+00:00,House,Oklahoma,Oklahoma 2,Republican,R+14,14.0,False,True,57.4,general,0
Matt_Jette,2012,1,1,0.0,0,0,0,2012-09-19 10:54:18+00:00,2012-09-19 10:54:18+00:00,House,Arizona,Arizona 6,Democratic,R+10,10.0,False,False,33.1,general,0
Paul_Hirschbiel,2012,1,1,0.0,0,0,0,2012-10-03 18:35:16+00:00,2012-10-03 18:35:16+00:00,House,Virginia,Virginia 2,Democratic,R+5,5.0,False,False,46.2,general,0
Penny_Bailey,2012,1,1,0.0,0,0,0,2012-09-19 09:58:13+00:00,2012-09-19 09:58:13+00:00,House,Alabama,Alabama 6,Democratic,R+28,28.0,False,False,28.6,general,0
Randy_Loftin,2012,1,1,0.0,0,0,0,2012-09-30 01:58:41+00:00,2012-09-30 01:58:41+00:00,House,California,California 5,Republican,D+18,-18.0,False,False,25.9,general,0
Rick_Daugherty,2012,1,1,0.0,0,0,0,2012-06-09 15:31:17+00:00,2012-06-09 15:31:17+00:00,House,Pennsylvania,Pennsylvania 15,Democratic,R+2,2.0,False,False,43.4,general,0
Ricky_Gill,2012,1,1,0.0,0,0,0,2012-09-19 14:47:29+00:00,2012-09-19 14:47:29+00:00,House,California,California 9,Republican,D+2,-2.0,False,False,44.5,general,0
Rob_Oates,2012,1,1,0.0,0,0,0,2012-03-12 03:16:47+00:00,2012-03-12 03:16:47+00:00,House,Idaho,Idaho 1,Libertarian,R+18,18.0,False,False,3.9,general,0
Spencer_Morgan,2012,1,1,0.0,0,0,0,2012-09-19 10:51:08+00:00,2012-09-19 10:51:08+00:00,House,Arizona,Arizona 5,Democratic,R+16,16.0,False,False,32.7,general,0
Steve_Pestka,2012,1,1,0.0,0,0,0,2012-10-15 15:03:02+00:00,2012-10-15 15:03:02+00:00,House,Michigan,Michigan 3,Democratic,R+5,5.0,False,False,44.1,general,0
Therese_Ford,2012,1,1,0.0,0,0,0,2012-09-19 09:41:32+00:00,2012-09-19 09:41:32+00:00,House,Alabama,Alabama 2,Democratic,R+18,18.0,False,False,36.3,general,0
Joni_Ernst,2014,770,110,39471.0,92,111,12,2013-05-07 02:16:06+00:00,2014-11-04 17:50:37+00:00,Senate,Iowa,,Republican,D+1,-1.0,False,True,52.1,general,546
Dave_Brat,2014,604,163,40491.0,136,115,5,2014-06-10 23:45:50+00:00,2014-11-01 00:37:03+00:00,House,Virginia,Virginia 7,Republican,,,False,True,62.0,special,143
Mitch_McConnell,2014,597,281,29859.0,139,181,31,2012-11-07 09:43:26+00:00,2014-11-04 23:56:41+00:00,Senate,Kentucky,,Republican,R+13,13.0,False,True,56.1,general,727
Cory_Booker,2014,578,247,34104.0,156,133,21,2012-11-07 23:27:03+00:00,2014-10-31 15:38:35+00:00,Senate,New Jersey,,Democratic,D+6,-6.0,False,True,55.8,general,722
Greg_Orman,2014,462,65,19214.0,50,39,8,2014-08-19 04:51:48+00:00,2014-11-04 22:27:43+00:00,Senate,Kansas,,Independent,R+12,12.0,False,False,42.5,general,77
Lee_Zeldin,2014,443,57,9731.0,144,51,3,2012-12-12 06:03:34+00:00,2014-11-04 19:30:46+00:00,House,New York,New York 1,Republican,R+2,2.0,False,True,54.4,general,692
Brian_Schatz,2014,415,153,15030.0,67,97,4,2012-12-19 16:28:31+00:00,2014-11-04 22:35:22+00:00,Senate,Hawaii,,Democratic,D+20,-20.0,False,True,69.8,special,685
Michael_Grimm_(politician),2014,400,134,17104.0,69,69,15,2012-11-09 19:22:25+00:00,2014-11-04 02:30:28+00:00,House,New York,New York 11,Republican,R+2,2.0,True,True,54.9,general,724
Mark_Udall,2014,383,87,34855.0,64,39,11,2012-11-24 04:22:45+00:00,2014-11-04 03:36:30+00:00,Senate,Colorado,,Democratic,D+1,-1.0,False,False,46.3,general,709
Lindsey_Graham,2014,376,204,41937.0,68,126,24,2012-11-11 21:26:51+00:00,2014-11-04 04:47:44+00:00,Senate,South Carolina,,Republican,R+8,8.0,False,True,54.3,general,722
Mark_Sanford,2014,364,133,23045.0,46,159,14,2012-11-21 23:21:52+00:00,2014-11-01 20:47:19+00:00,House,South Carolina,South Carolina 1,Republican,R+11,11.0,True,True,,general,709
Tim_Scott,2014,359,170,15215.0,67,99,10,2012-11-14 09:27:06+00:00,2014-10-30 17:21:04+00:00,Senate,South Carolina,,Republican,R+8,8.0,False,True,61.1,special,715
Ben_Sasse,2014,356,77,18891.0,49,35,6,2013-06-16 17:30:52+00:00,2014-10-27 20:33:05+00:00,Senate,Nebraska,,Republican,R+12,12.0,False,True,64.4,general,498
Tulsi_Gabbard,2014,333,141,45477.0,85,73,13,2012-11-07 08:23:48+00:00,2014-11-02 23:52:42+00:00,House,Hawaii,Hawaii 2,Democratic,D+21,-21.0,True,True,78.8,general,725
Ed_Markey,2014,331,141,9058.0,67,97,6,2012-11-16 13:24:22+00:00,2014-10-30 15:30:14+00:00,Senate,Massachusetts,,Democratic,D+10,-10.0,False,True,62.0,general,713
Vance_McAllister,2014,328,76,30908.0,36,39,4,2013-10-24 14:01:02+00:00,2014-09-26 15:21:31+00:00,House,Louisiana,Louisiana 5,Republican,R+15,15.0,True,False,11.1,general,337
Robert_Sarvis,2014,322,89,60202.0,87,72,15,2013-06-11 23:09:37+00:00,2014-11-03 12:59:24+00:00,Senate,Virginia,,Libertarian,EVEN,0.0,False,False,2.4,general,509
Chris_Collins_(New_York_politician),2014,313,57,30097.0,46,27,4,2012-11-07 07:45:21+00:00,2014-10-20 07:07:20+00:00,House,New York,New York 27,Republican,R+8,8.0,True,True,71.0,general,711
Rick_Nolan,2014,312,66,17457.0,89,49,12,2012-11-07 07:29:46+00:00,2014-10-26 17:13:13+00:00,House,Minnesota,Minnesota 8,DFL,D+1,-1.0,True,True,48.5,general,718
Joe_Kennedy_III,2014,286,108,17972.0,75,58,4,2012-11-07 02:56:34+00:00,2014-11-04 12:36:42+00:00,House,Massachusetts,Massachusetts 4,Democratic,D+6,-6.0,True,True,,general,727
Scott_Brown_(politician),2014,284,160,15049.0,68,84,16,2012-11-07 02:44:16+00:00,2014-11-03 20:05:46+00:00,Senate,New Hampshire,,Republican,D+1,-1.0,False,False,48.2,general,726
Alison_Lundergan_Grimes,2014,276,83,16045.0,49,32,6,2012-11-23 04:34:15+00:00,2014-10-27 19:55:47+00:00,Senate,Kentucky,,Democratic,R+13,13.0,False,False,40.7,general,703
Mark_Begich,2014,272,83,34145.0,50,29,10,2012-11-13 00:38:27+00:00,2014-11-04 10:52:13+00:00,Senate,Alaska,,Democratic,R+12,12.0,False,False,45.8,general,721
Carl_DeMaio,2014,269,71,14437.0,49,33,10,2012-11-07 02:59:53+00:00,2014-11-03 17:32:58+00:00,House,California,California 52,Republican,D+2,-2.0,False,False,48.4,general,726
Kyrsten_Sinema,2014,269,131,25791.0,53,56,10,2012-11-08 03:01:48+00:00,2014-10-24 01:39:46+00:00,House,Arizona,Arizona 9,Democratic,R+1,1.0,True,True,54.7,general,714
Paul_Ryan,2014,268,87,29546.0,55,0,9,2012-11-07 04:40:56+00:00,2014-10-30 15:19:55+00:00,House,Wisconsin,Wisconsin 1,Republican,R+3,3.0,True,True,63.3,general,722
Terri_Lynn_Land,2014,265,64,5956.0,48,33,17,2012-11-19 03:51:52+00:00,2014-11-02 21:19:51+00:00,Senate,Michigan,,Republican,D+4,-4.0,False,False,41.3,general,713
Al_Franken,2014,264,123,30170.0,53,51,8,2012-11-07 02:45:15+00:00,2014-11-04 23:01:26+00:00,Senate,Minnesota,,DFL,D+2,-2.0,False,True,53.2,general,727
Mary_Landrieu,2014,262,107,36525.0,29,53,17,2012-11-15 17:48:41+00:00,2014-11-03 09:48:58+00:00,Senate,Louisiana,,Democratic,R+12,12.0,False,False,44.1,general,717
Derek_Kilmer,2014,260,68,12565.0,51,48,8,2012-11-08 03:40:47+00:00,2014-10-19 01:17:18+00:00,House,Washington,Washington 6,Democratic,D+5,-5.0,True,True,63.0,general,709
Tom_Cotton,2014,258,115,11801.0,46,78,15,2012-11-07 19:46:41+00:00,2014-10-27 18:23:48+00:00,Senate,Arkansas,,Republican,R+14,14.0,False,True,56.5,general,718
Louie_Gohmert,2014,253,156,9947.0,62,97,9,2012-11-10 22:23:08+00:00,2014-10-30 20:35:30+00:00,House,Texas,Texas 1,Republican,R+24,24.0,True,True,77.5,general,718
Sean_Patrick_Maloney,2014,247,95,20110.0,45,59,9,2012-11-07 08:33:35+00:00,2014-10-28 23:56:37+00:00,House,New York,New York 18,Democratic,EVEN,0.0,True,True,49.7,general,720
John_Cornyn,2014,245,118,16731.0,32,87,4,2012-11-07 02:55:50+00:00,2014-10-31 05:05:25+00:00,Senate,Texas,,Republican,R+10,10.0,False,True,61.6,general,723
Clay_Aiken,2014,244,148,7957.0,77,86,18,2012-11-15 18:14:55+00:00,2014-10-27 14:38:33+00:00,House,North Carolina,North Carolina 2,Democratic,R+10,10.0,False,False,41.17,general,710
Cathy_McMorris_Rodgers,2014,240,79,13739.0,45,43,7,2012-11-14 21:49:42+00:00,2014-10-16 05:34:46+00:00,House,Washington,Washington 5,Republican,R+7,7.0,True,True,60.7,general,700
Kevin_McCarthy,2014,236,82,11370.0,37,61,5,2012-11-14 22:09:40+00:00,2014-11-04 23:52:22+00:00,House,California,California 23,Republican,R+16,16.0,True,True,74.8,general,720
Steve_King,2014,236,111,8345.0,47,53,12,2012-11-08 07:53:45+00:00,2014-10-25 03:11:39+00:00,House,Iowa,Iowa 4,Republican,R+5,5.0,True,True,61.6,general,715
Michelle_Nunn,2014,234,83,40338.0,32,52,7,2013-05-25 14:38:41+00:00,2014-11-04 20:53:58+00:00,Senate,Georgia,,Democratic,R+6,6.0,False,False,45.2,general,528
Justin_Amash,2014,233,126,9659.0,42,64,6,2012-11-08 02:28:25+00:00,2014-11-03 05:01:06+00:00,House,Michigan,Michigan 3,Republican,R+4,4.0,True,True,57.9,general,725
John_Lewis,2014,232,132,12337.0,59,90,13,2012-11-07 06:26:02+00:00,2014-10-26 18:40:16+00:00,House,Georgia,Georgia 5,Democratic,D+32,-32.0,True,True,100.0,general,718
Alan_Grayson,2014,228,111,9940.0,42,64,9,2012-11-07 06:01:37+00:00,2014-11-03 16:17:46+00:00,House,Florida,Florida 9,Democratic,D+4,-4.0,True,True,54.0,general,726
Kay_Hagan,2014,227,87,29334.0,34,49,11,2012-11-12 00:46:17+00:00,2014-11-04 14:44:41+00:00,Senate,North Carolina,,Democratic,R+3,3.0,False,False,47.3,general,722
Tammy_Duckworth,2014,225,125,-5030.0,55,56,13,2012-11-07 02:24:33+00:00,2014-10-15 20:19:37+00:00,House,Illinois,Illinois 8,Democratic,D+8,-8.0,True,True,55.7,general,707
Patrick_Murphy_(Florida_politician),2014,222,97,13701.0,50,51,5,2012-11-08 02:38:42+00:00,2014-10-29 14:41:08+00:00,House,Florida,Florida 18,Democratic,R+3,3.0,True,True,59.8,general,720
Raul_Ruiz_(politician),2014,203,93,10703.0,27,81,10,2012-11-07 18:21:40+00:00,2014-10-22 20:31:18+00:00,House,California,California 36,Democratic,R+1,1.0,True,True,54.2,general,714
Edwin_Edwards,2014,202,75,26354.0,20,85,6,2012-11-19 07:07:10+00:00,2014-10-29 17:13:27+00:00,House,Louisiana,Louisiana 6,Democratic,R+21,21.0,False,True,30.1,general,709
Tom_Rice,2014,200,55,26523.0,21,33,6,2012-11-08 22:56:08+00:00,2014-07-31 04:56:12+00:00,House,South Carolina,South Carolina 7,Republican,R+7,7.0,True,True,60.0,general,629
Ami_Bera,2014,198,74,20227.0,33,42,9,2012-11-07 13:13:45+00:00,2014-10-20 07:11:14+00:00,House,California,California 7,Democratic,EVEN,0.0,True,True,50.4,general,711
John_Kline_(politician),2014,196,61,2926.0,38,28,11,2012-12-26 20:31:10+00:00,2014-11-02 03:02:17+00:00,House,Minnesota,Minnesota 2,Republican,R+2,2.0,True,True,56.1,general,675
Steve_Daines,2014,195,94,21435.0,37,41,3,2012-11-07 20:13:15+00:00,2014-10-28 16:58:54+00:00,Senate,Montana,,Republican,R+7,7.0,False,True,57.8,general,719
Marsha_Blackburn,2014,194,75,3780.0,30,59,11,2012-11-15 23:35:18+00:00,2014-10-21 00:24:05+00:00,House,Tennessee,Tennessee 7,Republican,R+18,18.0,True,True,70.0,general,704
Joe_Garcia,2014,189,70,9364.0,29,25,10,2012-11-07 08:35:12+00:00,2014-10-14 01:12:42+00:00,House,Florida,Florida 26,Democratic,R+4,4.0,True,False,48.5,general,705
Cory_Gardner,2014,187,49,16066.0,34,20,5,2012-11-09 07:56:45+00:00,2014-11-03 16:55:18+00:00,Senate,Colorado,,Republican,D+1,-1.0,False,True,48.2,general,724
Bruce_Braley,2014,182,61,18018.0,20,29,4,2012-11-20 03:26:37+00:00,2014-11-03 18:44:02+00:00,Senate,Iowa,,Democratic,D+1,-1.0,False,False,43.8,general,713
Staci_Appel,2014,180,31,7564.0,57,17,7,2013-02-26 22:28:22+00:00,2014-10-27 22:09:39+00:00,House,Iowa,Iowa 3,Democratic,EVEN,0.0,False,False,42.2,general,607
Thom_Tillis,2014,180,66,10061.0,39,55,5,2012-11-15 17:26:08+00:00,2014-11-01 21:22:07+00:00,Senate,North Carolina,,Republican,R+3,3.0,False,True,48.8,general,716
Don_Young,2014,174,85,9060.0,47,49,8,2012-11-17 12:07:56+00:00,2014-10-27 03:50:19+00:00,House,Alaska,Alaska at-large,Republican,R+12,12.0,True,True,51.0,general,708
Gary_Peters,2014,174,74,6219.0,41,28,11,2012-11-13 06:20:38+00:00,2014-11-04 13:55:58+00:00,Senate,Michigan,,Democratic,D+4,-4.0,False,True,54.6,general,721
Mark_Pryor,2014,170,72,21117.0,29,47,5,2012-11-24 03:37:17+00:00,2014-11-03 12:42:31+00:00,Senate,Arkansas,,Democratic,R+14,14.0,False,False,39.4,general,709
Mia_Love,2014,169,85,6554.0,36,35,5,2012-11-07 08:11:57+00:00,2014-11-04 23:43:11+00:00,House,Utah,Utah 4,Republican,R+16,16.0,False,True,50.9,general,727
Doug_Ose,2014,168,45,4853.0,39,31,7,2012-12-13 02:30:20+00:00,2014-10-20 17:40:18+00:00,House,California,California 7,Republican,EVEN,0.0,False,False,49.6,general,676
Nick_Rahall,2014,168,51,16603.0,21,20,6,2012-11-10 09:27:47+00:00,2014-11-03 20:03:38+00:00,House,West Virginia,West Virginia 3,Democratic,R+14,14.0,True,False,44.7,general,723
Aaron_Schock,2014,163,87,9424.0,35,53,10,2012-11-07 19:58:59+00:00,2014-11-04 00:43:44+00:00,House,Illinois,Illinois 18,Republican,R+11,11.0,True,True,74.7,general,726
John_Fleming_(American_politician),2014,163,66,8143.0,30,56,4,2012-11-11 05:53:45+00:00,2014-10-21 05:33:21+00:00,House,Louisiana,Louisiana 4,Republican,R+13,13.0,True,True,73.4,general,708
Keith_Ellison,2014,163,66,1454.0,51,38,12,2012-11-07 10:14:37+00:00,2014-09-11 15:54:38+00:00,House,Minnesota,Minnesota 5,DFL,D+22,-22.0,True,True,70.9,general,673
Brad_Schneider,2014,161,64,6753.0,36,26,13,2012-11-07 07:53:05+00:00,2014-11-04 21:55:25+00:00,House,Illinois,Illinois 10,Democratic,D+8,-8.0,True,False,48.7,general,727
Ro_Khanna,2014,161,52,13147.0,23,33,4,2013-01-24 17:04:52+00:00,2014-10-31 20:54:36+00:00,House,California,California 17,Democratic,D+20,-20.0,False,False,48.2,general,645
Scott_Peters_(politician),2014,160,48,15767.0,23,32,6,2012-11-09 00:30:16+00:00,2014-10-23 23:26:28+00:00,House,California,California 52,Democratic,D+2,-2.0,True,True,51.6,general,713
Mark_Warner,2014,159,91,33762.0,34,45,12,2012-11-07 19:55:51+00:00,2014-11-03 12:57:06+00:00,Senate,Virginia,,Democratic,EVEN,0.0,False,True,49.1,general,725
Trey_Gowdy,2014,159,95,8232.0,32,69,12,2012-11-10 19:37:17+00:00,2014-10-22 21:16:56+00:00,House,South Carolina,South Carolina 4,Republican,R+15,15.0,True,True,84.8,general,711
Lamar_Alexander,2014,158,83,22466.0,63,33,7,2012-11-07 12:05:40+00:00,2014-10-31 13:14:55+00:00,Senate,Tennessee,,Republican,R+12,12.0,False,True,61.9,general,723
Hakeem_Jeffries,2014,156,72,12521.0,30,78,7,2012-11-08 00:24:35+00:00,2014-10-31 19:52:34+00:00,House,New York,New York 8,Democratic,D+35,-35.0,True,True,92.0,general,722
David_Perdue,2014,155,48,8830.0,28,35,7,2014-06-18 14:54:55+00:00,2014-11-03 19:30:41+00:00,Senate,Georgia,,Republican,R+6,6.0,False,True,52.9,general,138
Duncan_D._Hunter,2014,151,50,19927.0,21,23,6,2012-11-09 00:53:36+00:00,2014-10-16 05:45:02+00:00,House,California,California 50,Republican,R+14,14.0,True,True,71.2,general,706
Collin_Peterson,2014,150,42,12221.0,46,14,7,2012-11-07 09:58:51+00:00,2014-09-21 02:48:59+00:00,House,Minnesota,Minnesota 7,DFL,R+6,6.0,True,True,54.3,general,682
Marilinda_Garcia,2014,150,40,22057.0,18,16,3,2013-10-23 14:39:38+00:00,2014-11-03 22:01:24+00:00,House,New Hampshire,New Hampshire 2,Republican,D+3,-3.0,False,False,45.0,general,376
Jaime_Herrera_Beutler,2014,148,61,18063.0,31,22,7,2012-11-09 02:52:48+00:00,2014-10-15 18:52:40+00:00,House,Washington,Washington 3,Republican,R+2,2.0,True,True,61.5,general,705
Mike_Pompeo,2014,148,57,10156.0,20,24,5,2012-11-07 20:54:57+00:00,2014-10-20 07:10:59+00:00,House,Kansas,Kansas 4,Republican,R+14,14.0,True,True,66.8,general,711
Tim_Huelskamp,2014,148,75,4712.0,27,47,6,2012-11-10 11:42:16+00:00,2014-10-19 21:34:58+00:00,House,Kansas,Kansas 1,Republican,R+23,23.0,True,True,67.5,general,708
Dave_Reichert,2014,147,43,-502.0,12,87,1,2012-11-12 04:57:02+00:00,2014-10-08 04:27:49+00:00,House,Washington,Washington 8,Republican,R+1,1.0,True,True,63.3,general,694
Renee_Ellmers,2014,147,82,3240.0,20,70,7,2013-01-27 18:11:56+00:00,2014-08-11 03:34:26+00:00,House,North Carolina,North Carolina 2,Republican,R+10,10.0,True,True,58.83,general,560
Darrell_Issa,2014,145,72,21035.0,35,0,7,2012-11-19 23:57:10+00:00,2014-10-26 22:58:30+00:00,House,California,California 49,Republican,R+4,4.0,True,True,60.2,general,705
David_Jolly,2014,142,48,10309.0,15,36,4,2013-11-21 14:12:25+00:00,2014-09-20 02:22:52+00:00,House,Florida,Florida 13,Republican,,,False,True,48.4,special,302
Mo_Brooks,2014,140,58,10300.0,34,67,4,2012-11-21 07:08:54+00:00,2014-10-03 06:11:10+00:00,House,Alabama,Alabama 5,Republican,R+17,17.0,True,True,74.4,general,680
Mark_Meadows,2014,139,62,19430.0,26,42,4,2012-11-08 04:21:45+00:00,2014-09-28 21:28:08+00:00,House,North Carolina,North Carolina 11,Republican,R+13,13.0,True,True,62.9,general,689
Ileana_Ros-Lehtinen,2014,138,70,6921.0,43,37,5,2012-11-09 06:11:55+00:00,2014-10-17 15:20:51+00:00,House,Florida,Florida 27,Republican,R+2,2.0,True,True,100.0,general,707
Mike_Honda,2014,138,62,16834.0,58,29,7,2012-11-07 09:26:08+00:00,2014-10-30 01:57:03+00:00,House,California,California 17,Democratic,D+20,-20.0,True,True,51.8,general,721
Eric_Swalwell,2014,136,62,16793.0,19,35,4,2012-11-07 06:10:46+00:00,2014-10-25 18:31:21+00:00,House,California,California 15,Democratic,D+16,-16.0,True,True,69.8,general,717
Paul_Tonko,2014,135,76,132.0,40,60,10,2013-01-04 14:21:20+00:00,2014-11-03 00:14:48+00:00,House,New York,New York 20,Democratic,D+7,-7.0,True,True,61.2,general,667
Bill_Cassidy,2014,133,49,13490.0,20,20,8,2012-12-02 01:08:06+00:00,2014-10-20 02:32:04+00:00,Senate,Louisiana,,Republican,R+12,12.0,False,True,55.9,general,687
Scott_DesJarlais,2014,132,61,4917.0,28,22,7,2012-11-10 18:49:47+00:00,2014-09-05 05:20:08+00:00,House,Tennessee,Tennessee 4,Republican,R+18,18.0,True,True,58.3,general,663
Jared_Polis,2014,130,74,13039.0,44,33,14,2012-11-07 20:12:07+00:00,2014-11-02 21:55:06+00:00,House,Colorado,Colorado 2,Democratic,D+8,-8.0,True,True,56.7,general,725
William_Enyart,2014,130,53,15658.0,25,27,5,2012-11-07 02:25:38+00:00,2014-10-28 16:40:29+00:00,House,Illinois,Illinois 12,Democratic,EVEN,0.0,False,False,41.9,general,720
John_Boehner,2014,129,70,16409.0,46,0,6,2012-11-07 23:59:12+00:00,2014-10-31 13:46:23+00:00,House,Ohio,Ohio 8,Republican,R+15,15.0,True,True,67.2,general,722
Robin_Kelly,2014,127,65,9040.0,20,43,3,2012-11-18 16:40:06+00:00,2014-10-05 01:57:19+00:00,House,Illinois,Illinois 2,Democratic,D+29,-29.0,True,True,78.5,general,685
Dana_Rohrabacher,2014,126,83,-6055.0,28,30,12,2012-11-08 22:19:04+00:00,2014-10-03 12:11:09+00:00,House,California,California 48,Republican,R+7,7.0,True,True,64.1,general,693
Susan_Collins,2014,125,82,26351.0,20,46,3,2012-11-07 01:17:54+00:00,2014-10-31 21:19:37+00:00,Senate,Maine,,Republican,D+6,-6.0,False,True,68.5,general,723
Tom_Reed_(politician),2014,125,48,7910.0,20,49,8,2012-11-11 04:22:01+00:00,2014-10-14 16:33:33+00:00,House,New York,New York 23,Republican,R+3,3.0,True,True,61.7,general,702
Ann_Kirkpatrick,2014,124,49,11763.0,24,13,7,2012-11-07 23:22:48+00:00,2014-10-07 00:23:55+00:00,House,Arizona,Arizona 1,Democratic,R+4,4.0,True,True,52.6,general,698
Debbie_Wasserman_Schultz,2014,124,82,4215.0,38,30,12,2012-11-07 02:42:41+00:00,2014-11-03 01:51:48+00:00,House,Florida,Florida 23,Democratic,D+11,-11.0,True,True,62.7,general,725
Thomas_Massie,2014,124,67,10584.0,17,39,3,2012-11-07 22:49:05+00:00,2014-10-21 15:34:20+00:00,House,Kentucky,Kentucky 4,Republican,R+16,16.0,True,True,67.7,general,712
Kevin_Yoder,2014,123,45,9957.0,16,76,4,2012-11-10 11:52:18+00:00,2014-10-20 07:09:46+00:00,House,Kansas,Kansas 3,Republican,R+6,6.0,True,True,60.0,general,708
Katherine_Clark,2014,121,45,19559.0,17,24,1,2013-02-15 21:25:54+00:00,2014-08-09 17:02:16+00:00,House,Massachusetts,Massachusetts 5,Democratic,D+14,-14.0,True,True,,general,539
Thad_Cochran,2014,120,74,20123.0,16,35,9,2012-11-27 01:54:18+00:00,2014-10-31 05:03:24+00:00,Senate,Mississippi,,Republican,R+9,9.0,False,True,59.9,general,703
Barbara_Comstock,2014,119,36,9488.0,27,14,2,2013-01-01 23:46:34+00:00,2014-10-27 18:36:38+00:00,House,Virginia,Virginia 10,Republican,R+2,2.0,False,True,56.6,general,663
Dan_Sullivan_(U.S._senator),2014,119,45,6837.0,22,25,5,2012-12-06 09:34:08+00:00,2014-10-29 02:49:47+00:00,Senate,Alaska,,Republican,R+12,12.0,False,True,48.0,general,691
Markwayne_Mullin,2014,119,61,12716.0,30,17,3,2012-11-08 05:21:15+00:00,2014-10-20 07:12:37+00:00,House,Oklahoma,Oklahoma 2,Republican,R+20,20.0,True,True,70.0,general,711
Nancy_Pelosi,2014,119,75,9888.0,40,0,8,2012-11-14 22:49:53+00:00,2014-11-03 12:49:38+00:00,House,California,California 12,Democratic,D+34,-34.0,True,True,83.3,general,718
Mike_Capuano,2014,116,37,5678.0,33,17,4,2012-11-16 13:12:55+00:00,2014-09-09 01:08:44+00:00,House,Massachusetts,Massachusetts 7,Democratic,D+31,-31.0,True,True,,general,661
Shelley_Moore_Capito,2014,116,56,7102.0,20,28,3,2012-11-07 14:46:50+00:00,2014-11-02 09:01:57+00:00,Senate,West Virginia,,Republican,R+13,13.0,False,True,62.1,general,724
Dick_Durbin,2014,115,82,12761.0,40,39,9,2012-11-07 21:13:20+00:00,2014-11-02 00:51:05+00:00,Senate,Illinois,,Democratic,D+8,-8.0,False,True,53.5,general,724
Rodney_Frelinghuysen,2014,115,37,17489.0,29,16,5,2012-12-06 18:29:33+00:00,2014-09-25 14:19:43+00:00,House,New Jersey,New Jersey 11,Republican,R+6,6.0,True,True,62.6,general,657
Ann_Callis,2014,114,30,9638.0,16,15,6,2013-08-07 14:45:53+00:00,2014-11-02 15:19:08+00:00,House,Illinois,Illinois 13,Democratic,EVEN,0.0,False,False,41.3,general,452
Maxine_Waters,2014,114,62,6093.0,36,40,16,2012-11-07 18:34:04+00:00,2014-08-09 05:34:48+00:00,House,California,California 43,Democratic,D+26,-26.0,True,True,71.0,general,639
Pat_Roberts,2014,114,57,2106.0,23,19,5,2012-11-18 01:20:36+00:00,2014-10-30 15:12:30+00:00,Senate,Kansas,,Republican,R+12,12.0,False,True,53.1,general,711
Dan_Kildee,2014,113,54,8030.0,17,22,3,2012-11-07 16:17:02+00:00,2014-08-07 04:21:10+00:00,House,Michigan,Michigan 5,Democratic,D+10,-10.0,True,True,66.7,general,637
Nan_Hayworth,2014,113,54,2188.0,18,33,6,2012-11-07 07:44:00+00:00,2014-10-30 06:14:43+00:00,House,New York,New York 18,Republican,EVEN,0.0,False,False,47.8,general,721
Seth_Moulton,2014,113,30,19353.0,44,14,2,2014-09-01 16:09:07+00:00,2014-11-04 03:34:02+00:00,House,Massachusetts,Massachusetts 6,Democratic,D+4,-4.0,False,True,55.0,general,63
Jim_Sensenbrenner,2014,108,58,7793.0,31,31,10,2012-11-08 02:04:50+00:00,2014-10-28 23:18:34+00:00,House,Wisconsin,Wisconsin 5,Republican,R+13,13.0,True,True,69.5,general,719
Randy_Neugebauer,2014,108,59,8266.0,23,26,6,2013-01-19 08:03:18+00:00,2014-09-01 19:01:59+00:00,House,Texas,Texas 19,Republican,R+26,26.0,True,True,77.2,general,590
Ron_Barber,2014,108,57,8390.0,13,30,3,2012-11-09 13:51:18+00:00,2014-10-23 05:06:16+00:00,House,Arizona,Arizona 2,Democratic,R+3,3.0,True,False,49.96,general,712
Yvette_Clarke,2014,108,38,10080.0,17,61,9,2012-11-20 05:33:55+00:00,2014-09-24 22:30:01+00:00,House,New York,New York 9,Democratic,D+32,-32.0,True,True,89.3,general,673
Amanda_Curtis,2014,107,38,14274.0,16,16,1,2013-04-15 21:09:03+00:00,2014-11-02 19:15:18+00:00,Senate,Montana,,Democratic,R+7,7.0,False,False,40.1,general,565
Charles_Rangel,2014,107,64,2949.0,19,28,4,2012-11-07 03:11:01+00:00,2014-10-18 17:32:17+00:00,House,New York,New York 13,Democratic,D+42,-42.0,True,True,87.3,general,710
Lee_Terry,2014,105,60,12774.0,17,42,6,2012-11-08 13:38:34+00:00,2014-11-04 03:53:49+00:00,House,Nebraska,Nebraska 2,Republican,R+4,4.0,True,False,45.7,general,725
Jeanne_Shaheen,2014,104,58,22241.0,19,25,6,2012-12-01 18:36:10+00:00,2014-11-04 17:37:18+00:00,Senate,New Hampshire,,Democratic,D+1,-1.0,False,True,51.5,general,702
Brian_Higgins,2014,103,30,19813.0,5,17,1,2012-11-19 22:41:29+00:00,2014-09-27 18:03:48+00:00,House,New York,New York 26,Democratic,D+7,-7.0,True,True,68.15,general,676
Jackie_Walorski,2014,103,53,13381.0,16,27,5,2012-11-07 16:40:52+00:00,2014-10-27 06:18:33+00:00,House,Indiana,Indiana 2,Republican,R+6,6.0,True,True,58.9,general,718
Travis_Childers,2014,103,29,2001.0,62,20,5,2012-12-23 16:59:59+00:00,2014-10-29 15:50:44+00:00,Senate,Mississippi,,Democratic,R+9,9.0,False,False,37.9,general,674
Chaka_Fattah,2014,102,53,5211.0,28,38,6,2012-11-16 13:26:34+00:00,2014-10-20 06:07:00+00:00,House,Pennsylvania,Pennsylvania 2,Democratic,D+38,-38.0,True,True,87.7,general,702
Larry_Pressler,2014,102,49,18463.0,16,34,4,2012-11-18 13:10:57+00:00,2014-10-20 20:10:45+00:00,Senate,South Dakota,,Independent,R+10,10.0,False,False,17.1,general,701
Jeff_Sessions,2014,101,70,24397.0,21,27,5,2012-11-08 11:10:04+00:00,2014-11-03 20:44:01+00:00,Senate,Alabama,,Republican,R+14,14.0,False,True,97.25,general,725
Kathleen_Rice,2014,101,28,12378.0,9,16,3,2013-06-04 20:37:27+00:00,2014-10-29 07:31:22+00:00,House,New York,New York 4,Democratic,D+3,-3.0,False,True,52.8,general,511
Pete_Gallego,2014,101,39,13555.0,15,8,8,2012-11-08 04:02:26+00:00,2014-10-15 02:47:25+00:00,House,Texas,Texas 23,Democratic,R+3,3.0,True,False,47.7,general,705
James_Lankford,2014,100,59,8292.0,18,31,4,2012-11-13 08:57:08+00:00,2014-11-04 14:36:40+00:00,Senate,Oklahoma,,Republican,R+19,19.0,False,True,67.9,special,721
Trent_Franks,2014,100,57,10130.0,17,35,5,2012-11-11 21:55:50+00:00,2014-10-17 15:19:34+00:00,House,Arizona,Arizona 8,Republican,R+15,15.0,True,True,75.8,general,704
Ted_Yoho,2014,99,67,7373.0,20,37,3,2012-11-07 19:56:37+00:00,2014-10-14 09:03:51+00:00,House,Florida,Florida 3,Republican,R+12,12.0,True,True,65.0,general,705
Bill_Shuster,2014,98,39,10444.0,13,57,6,2013-01-13 18:42:10+00:00,2014-11-04 17:18:13+00:00,House,Pennsylvania,Pennsylvania 9,Republican,R+14,14.0,True,True,63.5,general,659
David_Valadao,2014,97,54,11212.0,13,37,4,2012-11-08 03:38:46+00:00,2014-11-01 06:45:46+00:00,House,California,California 21,Republican,D+2,-2.0,True,True,57.8,general,723
Jody_Hice,2014,96,31,3838.0,8,25,0,2012-12-17 13:35:29+00:00,2014-10-20 19:39:05+00:00,House,Georgia,Georgia 10,Republican,R+14,14.0,False,True,66.5,general,672
Curt_Clawson,2014,95,39,7963.0,12,20,0,2014-04-23 05:13:24+00:00,2014-11-01 07:22:05+00:00,House,Florida,Florida 19,Republican,,,False,True,66.65,special,192
Vicky_Hartzler,2014,95,47,-318.0,22,42,8,2012-11-11 02:28:22+00:00,2014-10-19 21:36:13+00:00,House,Missouri,Missouri 4,Republican,R+13,13.0,True,True,68.1,general,707
Diana_DeGette,2014,94,55,4070.0,17,36,3,2012-11-16 02:21:22+00:00,2014-09-22 22:48:56+00:00,House,Colorado,Colorado 1,Democratic,D+18,-18.0,True,True,65.8,general,675
Stephen_Fincher,2014,94,56,5467.0,22,28,7,2012-11-07 20:35:43+00:00,2014-11-04 22:07:05+00:00,House,Tennessee,Tennessee 8,Republican,R+19,19.0,True,True,70.8,general,727
Grace_Meng,2014,93,56,8576.0,13,43,3,2012-11-07 05:37:44+00:00,2014-10-20 07:08:06+00:00,House,New York,New York 6,Democratic,D+13,-13.0,True,True,98.8,general,712
Joe_Heck,2014,93,53,7200.0,16,23,5,2012-11-11 09:39:34+00:00,2014-10-25 13:01:09+00:00,House,Nevada,Nevada 3,Republican,EVEN,0.0,True,True,60.8,general,713
Mark_Takano,2014,93,55,5968.0,13,21,3,2012-11-07 16:26:56+00:00,2014-08-19 15:18:13+00:00,House,California,California 41,Democratic,D+9,-9.0,True,True,56.6,general,649
Monica_Wehby,2014,93,24,32715.0,5,29,3,2014-05-15 18:29:00+00:00,2014-11-04 11:14:15+00:00,Senate,Oregon,,Republican,D+5,-5.0,False,False,36.9,general,172
Ed_Gillespie,2014,91,48,6267.0,8,29,0,2012-11-27 16:41:15+00:00,2014-11-03 12:52:49+00:00,Senate,Virginia,,Republican,EVEN,0.0,False,False,48.3,general,705
Elan_Carr,2014,91,28,4949.0,5,27,1,2014-06-22 08:59:04+00:00,2014-11-03 03:22:14+00:00,House,California,California 33,Republican,D+11,-11.0,False,False,40.8,general,133
Mike_Enzi,2014,91,61,11204.0,16,28,4,2012-12-27 19:28:43+00:00,2014-10-30 15:12:18+00:00,Senate,Wyoming,,Republican,R+22,22.0,False,True,71.2,general,671
Carolyn_Maloney,2014,90,50,11157.0,37,26,5,2012-11-08 19:34:20+00:00,2014-11-03 18:26:07+00:00,House,New York,New York 12,Democratic,D+27,-27.0,True,True,79.9,general,724
Jeff_Denham,2014,90,48,4839.0,25,9,9,2013-01-04 08:31:13+00:00,2014-11-01 21:31:30+00:00,House,California,California 10,Republican,R+1,1.0,True,True,56.1,general,666
Mike_Coffman,2014,90,37,8929.0,19,10,4,2012-11-24 04:16:59+00:00,2014-10-14 20:16:51+00:00,House,Colorado,Colorado 6,Republican,D+1,-1.0,True,True,51.9,general,689
Randy_Weber,2014,90,47,3801.0,12,34,3,2012-11-07 20:44:55+00:00,2014-08-12 03:54:56+00:00,House,Texas,Texas 14,Republican,R+12,12.0,True,True,61.8,general,642
Suzan_DelBene,2014,90,54,8584.0,20,33,3,2012-11-07 05:23:38+00:00,2014-10-20 07:09:11+00:00,House,Washington,Washington 1,Democratic,D+4,-4.0,True,True,55.0,general,712
Barbara_Lee,2014,89,51,4992.0,31,23,9,2012-11-07 09:21:44+00:00,2014-10-24 08:51:23+00:00,House,California,California 13,Democratic,D+37,-37.0,True,True,88.5,general,715
Cheri_Bustos,2014,89,45,5357.0,16,23,5,2012-11-08 02:22:29+00:00,2014-10-03 20:13:19+00:00,House,Illinois,Illinois 17,Democratic,D+7,-7.0,True,True,55.5,general,694
Doug_LaMalfa,2014,89,58,7933.0,16,26,4,2012-11-07 09:31:03+00:00,2014-10-20 18:30:38+00:00,House,California,California 1,Republican,R+10,10.0,True,True,61.0,general,712
John_Barrow_(American_politician),2014,89,40,3873.0,9,21,4,2012-11-24 13:57:57+00:00,2014-10-31 20:15:40+00:00,House,Georgia,Georgia 12,Democratic,R+9,9.0,True,False,45.2,general,706
Joe_Barton,2014,88,66,17781.0,24,32,7,2013-01-04 17:07:14+00:00,2014-10-29 06:43:09+00:00,House,Texas,Texas 6,Republican,R+11,11.0,True,True,61.2,general,662
Matt_Salmon,2014,88,52,10404.0,19,16,3,2012-11-07 07:00:40+00:00,2014-10-17 15:26:44+00:00,House,Arizona,Arizona 5,Republican,R+17,17.0,True,True,69.6,general,709
Pete_Sessions,2014,88,40,2732.0,5,61,1,2012-11-14 22:22:42+00:00,2014-09-01 19:05:08+00:00,House,Texas,Texas 32,Republican,R+10,10.0,True,True,61.8,general,655
Steven_Horsford,2014,88,51,3235.0,16,29,1,2012-11-07 08:28:16+00:00,2014-10-08 16:07:59+00:00,House,Nevada,Nevada 4,Democratic,D+4,-4.0,True,False,45.8,general,700
Luke_Messer,2014,87,45,11898.0,15,20,4,2012-11-07 14:16:45+00:00,2014-10-30 12:38:01+00:00,House,Indiana,Indiana 6,Republican,R+12,12.0,True,True,65.9,general,721
Brian_Nestande,2014,86,37,8577.0,9,27,4,2012-12-05 06:01:12+00:00,2014-11-03 20:17:35+00:00,House,California,California 36,Republican,R+1,1.0,False,False,45.8,general,698
Carol_Shea-Porter,2014,86,37,5841.0,15,15,7,2012-11-07 06:08:39+00:00,2014-10-26 06:05:20+00:00,House,New Hampshire,New Hampshire 1,Democratic,R+1,1.0,True,False,48.2,general,717
David_Cicilline,2014,86,53,-12.0,15,37,5,2012-11-07 19:11:23+00:00,2014-10-21 00:29:00+00:00,House,Rhode Island,Rhode Island 1,Democratic,D+15,-15.0,True,True,59.6,general,712
Jim_Oberweis,2014,86,33,5734.0,31,24,5,2012-11-07 18:00:48+00:00,2014-10-30 21:29:22+00:00,Senate,Illinois,,Republican,D+8,-8.0,False,False,42.7,general,722
Jim_Sherow,2014,86,10,17885.0,9,3,2,2014-05-21 15:10:27+00:00,2014-10-02 14:59:09+00:00,House,Kansas,Kansas 1,Democratic,R+23,23.0,False,False,32.5,general,133
Matt_Cartwright,2014,86,42,12160.0,15,14,2,2012-11-07 14:59:08+00:00,2014-10-20 07:12:25+00:00,House,Pennsylvania,Pennsylvania 17,Democratic,D+4,-4.0,True,True,56.8,general,711
David_Schweikert,2014,85,48,7425.0,15,20,7,2012-11-07 06:57:48+00:00,2014-10-20 07:07:39+00:00,House,Arizona,Arizona 6,Republican,R+12,12.0,True,True,64.9,general,712
Tom_Emmer,2014,85,31,3039.0,13,12,2,2013-02-05 22:15:02+00:00,2014-10-17 14:42:28+00:00,House,Minnesota,Minnesota 6,Republican,R+10,10.0,False,True,56.3,general,618
Tom_McClintock,2014,84,48,8215.0,21,26,4,2012-11-10 15:57:15+00:00,2014-10-18 02:32:06+00:00,House,California,California 4,Republican,R+10,10.0,True,True,60.0,general,706
David_Joyce_(politician),2014,83,49,4660.0,13,22,4,2012-11-07 02:38:05+00:00,2014-10-19 01:42:35+00:00,House,Ohio,Ohio 14,Republican,R+4,4.0,True,True,63.3,general,710
Mark_Pocan,2014,83,58,3723.0,20,23,4,2012-11-07 18:37:51+00:00,2014-10-11 22:58:06+00:00,House,Wisconsin,Wisconsin 2,Democratic,D+17,-17.0,True,True,68.5,general,703
Kevin_Cramer,2014,82,46,7819.0,17,25,6,2012-11-07 23:59:19+00:00,2014-10-06 20:50:33+00:00,House,North Dakota,North Dakota at-large,Republican,R+10,10.0,True,True,55.5,general,697
Kristi_Noem,2014,82,52,2176.0,21,28,4,2012-11-07 05:06:12+00:00,2014-11-03 22:19:09+00:00,House,South Dakota,South Dakota at-large,Republican,R+10,10.0,True,True,66.5,general,726
Todd_Rokita,2014,82,51,6894.0,18,28,2,2012-11-10 08:50:54+00:00,2014-11-02 12:34:59+00:00,House,Indiana,Indiana 4,Republican,R+11,11.0,True,True,66.9,general,722
Cynthia_Lummis,2014,81,42,8959.0,18,30,4,2012-11-10 09:15:14+00:00,2014-10-29 15:05:43+00:00,House,Wyoming,Wyoming at-large,Republican,R+22,22.0,True,True,68.5,general,718
Mike_Rounds,2014,81,39,3223.0,21,24,6,2012-11-14 02:23:41+00:00,2014-10-25 23:44:10+00:00,Senate,South Dakota,,Republican,R+10,10.0,False,True,50.4,general,710
Alex_Sink,2014,80,37,1893.0,9,13,5,2012-12-19 13:23:35+00:00,2014-10-26 05:21:32+00:00,House,Florida,Florida 13,Democratic,,,False,False,46.6,special,675
Chris_Coons,2014,80,49,16417.0,16,28,2,2012-11-17 16:16:13+00:00,2014-10-31 05:27:55+00:00,Senate,Delaware,,Democratic,D+8,-8.0,False,True,55.8,general,712
Dan_Lipinski,2014,80,36,6690.0,12,16,2,2012-11-10 03:17:16+00:00,2014-10-10 05:42:40+00:00,House,Illinois,Illinois 3,Democratic,D+5,-5.0,True,True,64.6,general,699
Fred_Upton,2014,80,53,15043.0,21,33,4,2012-11-22 08:11:14+00:00,2014-11-02 00:15:57+00:00,House,Michigan,Michigan 6,Republican,R+1,1.0,True,True,55.9,general,709
Jim_Inhofe,2014,79,55,25816.0,27,0,7,2012-11-16 09:42:55+00:00,2014-11-03 18:56:14+00:00,Senate,Oklahoma,,Republican,R+19,19.0,False,True,68.0,general,717
Steve_Cohen_(politician),2014,79,55,6166.0,14,22,6,2012-11-19 18:21:57+00:00,2014-09-30 04:17:15+00:00,House,Tennessee,Tennessee 9,Democratic,D+25,-25.0,True,True,75.0,general,679
Mac_Thornberry,2014,77,29,13647.0,9,18,5,2012-11-07 06:31:29+00:00,2014-09-29 14:11:18+00:00,House,Texas,Texas 13,Republican,R+32,32.0,True,True,84.3,general,691
Robert_Aderholt,2014,77,51,7573.0,16,16,5,2012-11-19 03:59:19+00:00,2014-11-01 18:43:23+00:00,House,Alabama,Alabama 4,Republican,R+28,28.0,True,True,98.6,general,712
Ryan_Zinke,2014,77,33,4544.0,13,23,1,2013-02-20 18:49:51+00:00,2014-10-28 19:43:34+00:00,House,Montana,Montana at-large,Republican,R+7,7.0,False,True,55.4,general,615
Sean_Eldridge,2014,77,54,3106.0,20,31,4,2012-12-03 14:51:43+00:00,2014-11-03 20:31:01+00:00,House,New York,New York 19,Democratic,D+1,-1.0,False,False,35.5,general,700
Bob_Dold,2014,76,40,12701.0,16,19,6,2012-11-07 21:54:50+00:00,2014-10-20 22:38:47+00:00,House,Illinois,Illinois 10,Republican,D+8,-8.0,False,True,51.3,general,712
Chris_Gibson_(New_York_politician),2014,76,44,5753.0,13,22,8,2012-11-07 17:11:10+00:00,2014-10-06 22:11:55+00:00,House,New York,New York 19,Republican,D+1,-1.0,True,True,64.5,general,698
Jackie_Speier,2014,76,57,1337.0,15,35,5,2012-11-30 10:12:16+00:00,2014-10-19 05:15:57+00:00,House,California,California 14,Democratic,D+23,-23.0,True,True,76.7,general,687
Ted_Poe,2014,76,47,4484.0,30,16,7,2012-11-15 04:16:57+00:00,2014-10-29 23:59:31+00:00,House,Texas,Texas 2,Republican,R+16,16.0,True,True,68.0,general,713
Donald_Payne_Jr.,2014,75,41,8344.0,18,26,2,2012-11-07 18:58:02+00:00,2014-10-30 15:09:41+00:00,House,New Jersey,New Jersey 10,Democratic,D+34,-34.0,True,True,85.4,general,721
Ed_Royce_(politician),2014,75,46,6544.0,29,21,5,2012-11-08 09:58:37+00:00,2014-09-01 19:04:09+00:00,House,California,California 39,Republican,R+5,5.0,True,True,68.5,general,662
Niki_Tsongas,2014,75,37,2273.0,17,15,4,2012-11-14 14:05:04+00:00,2014-10-20 04:23:03+00:00,House,Massachusetts,Massachusetts 3,Democratic,D+6,-6.0,True,True,63.0,general,704
Scott_Tipton,2014,75,29,-347.0,11,39,6,2012-11-09 07:48:31+00:00,2014-10-22 17:55:54+00:00,House,Colorado,Colorado 3,Republican,R+5,5.0,True,True,58.0,general,712
Barry_Loudermilk,2014,74,35,2991.0,22,13,1,2013-08-13 15:47:45+00:00,2014-10-23 21:06:36+00:00,House,Georgia,Georgia 11,Republican,R+19,19.0,False,True,100.0,general,436
Bob_Goodlatte,2014,74,45,4407.0,19,14,5,2012-11-09 03:33:40+00:00,2014-11-04 16:48:46+00:00,House,Virginia,Virginia 6,Republican,R+12,12.0,True,True,75.5,general,725
Steve_Scalise,2014,74,35,7325.0,10,16,3,2012-11-11 06:09:25+00:00,2014-11-01 00:50:06+00:00,House,Louisiana,Louisiana 1,Republican,R+26,26.0,True,True,77.5,general,719
Steven_Palazzo,2014,74,48,5443.0,9,37,2,2012-11-11 09:26:46+00:00,2014-11-04 05:08:29+00:00,House,Mississippi,Mississippi 4,Republican,R+21,21.0,True,True,69.9,general,722
Susan_Brooks,2014,74,51,8149.0,17,16,2,2012-11-07 16:49:18+00:00,2014-10-27 06:18:03+00:00,House,Indiana,Indiana 5,Republican,R+9,9.0,True,True,65.2,general,718
Charles_Boustany,2014,72,37,6066.0,11,34,2,2012-11-11 05:12:44+00:00,2014-10-20 06:14:44+00:00,House,Louisiana,Louisiana 3,Republican,R+19,19.0,True,True,78.7,general,708
Eddie_Bernice_Johnson,2014,72,39,6116.0,14,25,6,2012-11-20 18:36:58+00:00,2014-11-03 23:14:04+00:00,House,Texas,Texas 30,Democratic,D+27,-27.0,True,True,87.9,general,713
Jan_Schakowsky,2014,72,42,2573.0,11,32,4,2012-11-07 09:43:12+00:00,2014-11-03 22:21:58+00:00,House,Illinois,Illinois 9,Democratic,D+15,-15.0,True,True,66.1,general,726
Jim_McDermott,2014,72,40,5153.0,25,24,8,2012-12-22 04:43:04+00:00,2014-07-31 02:55:15+00:00,House,Washington,Washington 7,Democratic,D+29,-29.0,True,True,81.0,general,585
Ken_Calvert,2014,72,36,260.0,24,17,3,2013-01-04 21:16:02+00:00,2014-10-18 05:40:58+00:00,House,California,California 42,Republican,R+10,10.0,True,True,65.7,general,651
Chris_Smith_(New_Jersey_politician),2014,71,40,19386.0,14,13,3,2012-11-09 18:48:38+00:00,2014-10-01 20:21:33+00:00,House,New Jersey,New Jersey 4,Republican,R+7,7.0,True,True,68.0,general,691
David_Domina,2014,71,19,11987.0,11,12,1,2014-01-20 03:51:01+00:00,2014-10-31 21:19:32+00:00,Senate,Nebraska,,Democratic,R+12,12.0,False,False,31.5,general,284
Julia_Brownley,2014,71,39,8488.0,14,14,5,2012-11-07 10:56:35+00:00,2014-09-13 16:52:29+00:00,House,California,California 26,Democratic,D+4,-4.0,True,True,51.3,general,675
Richard_Neal,2014,71,29,-247.0,19,31,4,2012-11-08 15:20:08+00:00,2014-10-20 06:02:48+00:00,House,Massachusetts,Massachusetts 1,Democratic,D+13,-13.0,True,True,,general,710
Ann_Wagner,2014,70,42,7048.0,13,30,2,2012-11-09 00:39:51+00:00,2014-10-29 14:41:41+00:00,House,Missouri,Missouri 2,Republican,R+8,8.0,True,True,64.1,general,719
Marc_Veasey,2014,70,33,17148.0,9,24,2,2012-11-07 15:08:28+00:00,2014-10-20 07:12:32+00:00,House,Texas,Texas 33,Democratic,D+18,-18.0,True,True,86.5,general,711
Virginia_Foxx,2014,70,41,2804.0,12,26,4,2012-11-18 01:56:53+00:00,2014-10-08 17:57:59+00:00,House,North Carolina,North Carolina 5,Republican,R+11,11.0,True,True,61.02,general,689
Elizabeth_Esty,2014,69,45,6983.0,14,15,4,2012-11-07 06:24:14+00:00,2014-07-31 23:31:03+00:00,House,Connecticut,Connecticut 5,Democratic,D+3,-3.0,True,True,53.3,general,631
Frank_Guinta,2014,69,33,-1641.0,7,14,2,2012-11-07 06:10:04+00:00,2014-10-20 17:49:31+00:00,House,New Hampshire,New Hampshire 1,Republican,R+1,1.0,False,True,51.8,general,712
Keith_Rothfus,2014,69,38,8474.0,8,15,1,2012-11-07 05:10:11+00:00,2014-10-20 07:12:14+00:00,House,Pennsylvania,Pennsylvania 12,Republican,R+9,9.0,True,True,59.3,general,712
Steve_Israel,2014,69,44,7019.0,22,16,4,2012-11-11 02:10:29+00:00,2014-11-04 08:19:01+00:00,House,New York,New York 3,Democratic,EVEN,0.0,True,True,54.8,general,723
Doug_Collins_(politician),2014,68,44,14650.0,10,22,4,2012-11-08 04:51:03+00:00,2014-10-26 00:37:35+00:00,House,Georgia,Georgia 9,Republican,R+30,30.0,True,True,80.7,general,716
Jared_Huffman,2014,68,49,8685.0,12,26,2,2012-11-07 15:14:15+00:00,2014-10-20 06:51:26+00:00,House,California,California 2,Democratic,D+20,-20.0,True,True,75.0,general,711
Joe_Crowley,2014,68,40,7312.0,17,35,5,2012-11-15 13:45:29+00:00,2014-10-20 04:48:18+00:00,House,New York,New York 14,Democratic,D+26,-26.0,True,True,88.0,general,703
Martha_Roby,2014,68,45,1884.0,16,18,5,2012-11-09 15:36:38+00:00,2014-10-20 07:11:46+00:00,House,Alabama,Alabama 2,Republican,R+17,17.0,True,True,67.3,general,709
Michael_McCaul,2014,68,35,3884.0,10,29,2,2012-11-20 02:20:50+00:00,2014-09-13 04:39:51+00:00,House,Texas,Texas 10,Republican,R+11,11.0,True,True,62.2,general,662
Ron_DeSantis,2014,68,49,11658.0,13,21,3,2012-11-08 16:00:08+00:00,2014-10-08 21:19:09+00:00,House,Florida,Florida 6,Republican,R+8,8.0,True,True,62.5,general,699
Steny_Hoyer,2014,68,58,3547.0,19,26,5,2012-11-07 13:16:35+00:00,2014-11-01 19:31:06+00:00,House,Maryland,Maryland 5,Democratic,D+14,-14.0,True,True,64.1,general,724
Jim_Bridenstine,2014,67,48,4956.0,15,17,6,2012-11-07 03:44:22+00:00,2014-10-25 21:06:21+00:00,House,Oklahoma,Oklahoma 1,Republican,R+18,18.0,True,True,,general,717
Louise_Slaughter,2014,67,37,7196.0,13,30,5,2012-11-07 07:07:47+00:00,2014-09-04 23:46:51+00:00,House,New York,New York 25,Democratic,D+7,-7.0,True,True,50.2,general,666
Michael_C._Burgess,2014,67,39,5979.0,22,16,5,2012-11-10 00:06:59+00:00,2014-10-20 06:11:20+00:00,House,Texas,Texas 26,Republican,R+20,20.0,True,True,82.7,general,709
Peace_and_Freedom_Party,2014,67,43,672.0,13,17,5,2012-11-22 01:17:02+00:00,2014-10-31 21:09:06+00:00,House,California,California 44,Peace & Freedom,D+32,-32.0,False,False,13.3,general,708
Adam_Kinzinger,2014,66,35,4174.0,22,26,5,2012-11-08 12:01:27+00:00,2014-10-20 07:09:39+00:00,House,Illinois,Illinois 16,Republican,R+4,4.0,True,True,70.6,general,710
Bill_Foster_(politician),2014,66,44,4900.0,16,16,4,2012-11-08 02:26:04+00:00,2014-10-14 00:50:10+00:00,House,Illinois,Illinois 11,Democratic,D+8,-8.0,True,True,53.5,general,704
Blake_Farenthold,2014,66,43,3093.0,10,36,4,2012-11-20 04:29:40+00:00,2014-09-01 18:55:22+00:00,House,Texas,Texas 27,Republican,R+13,13.0,True,True,63.6,general,650
Bradley_Byrne,2014,66,41,4989.0,8,25,2,2013-05-24 00:35:46+00:00,2014-07-24 23:35:52+00:00,House,Alabama,Alabama 1,Republican,R+15,15.0,True,True,68.2,general,426
John_Conyers,2014,66,45,4780.0,13,25,3,2012-11-13 06:24:31+00:00,2014-09-11 00:36:07+00:00,House,Michigan,Michigan 13,Democratic,D+34,-34.0,True,True,79.5,general,666
John_Garamendi,2014,66,36,4007.0,19,17,3,2012-11-15 12:49:37+00:00,2014-10-22 20:10:30+00:00,House,California,California 3,Democratic,D+3,-3.0,True,True,52.7,general,706
Juan_Vargas,2014,66,32,8262.0,15,9,3,2012-11-07 17:57:02+00:00,2014-10-20 06:21:34+00:00,House,California,California 51,Democratic,D+16,-16.0,True,True,68.8,general,711
Randy_Forbes,2014,66,30,5267.0,8,37,6,2013-01-24 00:18:22+00:00,2014-10-18 04:48:35+00:00,House,Virginia,Virginia 4,Republican,R+4,4.0,True,True,60.2,general,632
Randy_Hultgren,2014,66,37,7053.0,25,15,5,2012-11-08 12:05:05+00:00,2014-10-31 21:35:09+00:00,House,Illinois,Illinois 14,Republican,R+5,5.0,True,True,65.4,general,722
Hank_Johnson,2014,65,46,2459.0,18,22,4,2012-11-07 16:25:32+00:00,2014-10-24 14:42:53+00:00,House,Georgia,Georgia 4,Democratic,D+21,-21.0,True,True,99.9,general,715
Mimi_Walters,2014,65,21,2163.0,16,15,5,2012-12-26 03:12:31+00:00,2014-11-02 03:30:56+00:00,House,California,California 45,Republican,R+7,7.0,False,True,65.1,general,676
Sean_Duffy,2014,65,41,3342.0,13,18,3,2012-11-14 23:25:52+00:00,2014-09-08 03:38:01+00:00,House,Wisconsin,Wisconsin 7,Republican,R+2,2.0,True,True,59.3,general,662
Natalie_Tennant,2014,64,30,8639.0,17,3,5,2013-01-09 02:58:26+00:00,2014-09-11 10:21:29+00:00,Senate,West Virginia,,Democratic,R+13,13.0,False,False,34.5,general,610
Paul_Cook_(politician),2014,64,40,7461.0,15,18,3,2012-11-07 14:28:45+00:00,2014-09-26 05:48:44+00:00,House,California,California 8,Republican,R+10,10.0,True,True,67.7,general,687
Bobby_Rush,2014,63,42,443.0,19,27,5,2012-11-07 05:59:46+00:00,2014-08-28 03:03:41+00:00,House,Illinois,Illinois 1,Democratic,D+28,-28.0,True,True,73.1,general,658
Chellie_Pingree,2014,63,28,7354.0,10,15,3,2012-11-20 18:27:41+00:00,2014-10-24 12:08:05+00:00,House,Maine,Maine 1,Democratic,D+9,-9.0,True,True,60.4,general,702
Peter_Roskam,2014,63,41,2632.0,16,25,5,2012-11-10 03:02:17+00:00,2014-10-26 09:24:36+00:00,House,Illinois,Illinois 6,Republican,R+4,4.0,True,True,67.1,general,715
Steve_Russell_(politician),2014,63,20,14654.0,18,0,4,2014-01-22 23:41:53+00:00,2014-11-02 23:16:05+00:00,House,Oklahoma,Oklahoma 5,Republican,R+12,12.0,False,True,60.1,general,283
Vern_Buchanan,2014,63,23,-8129.0,6,12,2,2013-01-02 18:34:18+00:00,2014-09-07 04:55:11+00:00,House,Florida,Florida 16,Republican,R+5,5.0,True,True,61.6,general,612
Xavier_Becerra,2014,63,42,14908.0,15,24,5,2012-11-08 08:50:02+00:00,2014-10-12 15:50:57+00:00,House,California,California 34,Democratic,D+30,-30.0,True,True,72.5,general,703
Martha_McSally,2014,62,29,9266.0,12,21,3,2012-11-08 00:44:25+00:00,2014-11-03 02:04:05+00:00,House,Arizona,Arizona 2,Republican,R+3,3.0,False,True,50.04,general,725
Mick_Mulvaney,2014,62,36,4111.0,14,13,6,2012-11-14 09:41:41+00:00,2014-10-20 05:49:08+00:00,House,South Carolina,South Carolina 5,Republican,R+9,9.0,True,True,58.9,general,704
Scott_Perry,2014,62,42,2533.0,7,17,5,2012-11-07 20:35:23+00:00,2014-11-03 18:24:08+00:00,House,Pennsylvania,Pennsylvania 4,Republican,R+9,9.0,True,True,74.5,general,725
Sheila_Jackson_Lee,2014,62,32,3532.0,16,0,4,2012-11-16 19:16:30+00:00,2014-10-13 00:52:18+00:00,House,Texas,Texas 18,Democratic,D+24,-24.0,True,True,71.8,general,695
Chris_Van_Hollen,2014,61,40,6322.0,20,14,5,2012-11-10 22:16:04+00:00,2014-11-01 21:38:43+00:00,House,Maryland,Maryland 8,Democratic,D+11,-11.0,True,True,60.9,general,720
Mike_McFadden,2014,61,25,12095.0,20,13,1,2013-06-20 23:07:21+00:00,2014-11-03 02:57:39+00:00,Senate,Minnesota,,Republican,D+2,-2.0,False,False,42.9,general,500
Tom_Udall,2014,61,42,8950.0,14,24,6,2012-11-07 09:25:10+00:00,2014-10-30 15:21:23+00:00,Senate,New Mexico,,Democratic,D+4,-4.0,False,True,55.6,general,722
G._K._Butterfield,2014,60,38,3489.0,13,17,4,2012-11-20 19:17:16+00:00,2014-10-24 10:04:42+00:00,House,North Carolina,North Carolina 1,Democratic,D+19,-19.0,True,True,73.38,general,702
Jim_McGovern_(American_politician),2014,60,41,3674.0,20,15,7,2012-11-10 23:32:03+00:00,2014-09-08 12:46:14+00:00,House,Massachusetts,Massachusetts 2,Democratic,D+8,-8.0,True,True,,general,666
Steve_Pearce_(politician),2014,60,41,5068.0,9,17,2,2012-11-20 03:06:13+00:00,2014-09-07 21:43:24+00:00,House,New Mexico,New Mexico 2,Republican,R+5,5.0,True,True,64.5,general,656
Dina_Titus,2014,59,36,1646.0,11,10,3,2012-11-08 22:19:52+00:00,2014-11-02 05:49:20+00:00,House,Nevada,Nevada 1,Democratic,D+14,-14.0,True,True,56.8,general,723
Gerry_Connolly,2014,59,40,8777.0,9,18,3,2012-11-29 00:47:35+00:00,2014-11-03 06:13:10+00:00,House,Virginia,Virginia 11,Democratic,D+10,-10.0,True,True,56.9,general,704
Dave_Trott_(politician),2014,58,19,2394.0,12,6,0,2013-09-10 05:53:11+00:00,2014-10-14 21:31:02+00:00,House,Michigan,Michigan 11,Republican,R+4,4.0,False,True,55.9,general,399
Domenic_Recchia,2014,58,23,5245.0,17,6,5,2013-01-30 18:01:11+00:00,2014-10-15 16:46:03+00:00,House,New York,New York 11,Democratic,R+2,2.0,False,False,42.1,general,622
Kevin_Brady,2014,58,35,4154.0,16,14,4,2012-11-07 16:37:11+00:00,2014-10-20 06:10:14+00:00,House,Texas,Texas 8,Republican,R+29,29.0,True,True,89.3,general,711
Grace_Napolitano,2014,57,34,3409.0,17,22,4,2012-11-18 16:45:08+00:00,2014-09-20 02:14:34+00:00,House,California,California 32,Democratic,D+12,-12.0,True,True,59.7,general,670
Jeff_Boss,2014,57,36,3042.0,14,17,0,2012-11-07 03:32:10+00:00,2014-11-04 13:23:18+00:00,Senate,New Jersey,,Independent,D+6,-6.0,False,False,0.2,general,727
Mark_Amodei,2014,57,35,3631.0,16,18,7,2012-11-11 09:34:18+00:00,2014-11-02 02:25:48+00:00,House,Nevada,Nevada 2,Republican,R+5,5.0,True,True,65.8,general,720
Marlin_Stutzman,2014,57,33,2638.0,11,17,4,2012-11-10 08:48:25+00:00,2014-10-13 22:20:59+00:00,House,Indiana,Indiana 3,Republican,R+13,13.0,True,True,65.8,general,702
Shenna_Bellows,2014,57,21,10011.0,11,1,3,2013-10-22 13:35:55+00:00,2014-10-11 05:13:56+00:00,Senate,Maine,,Democratic,D+6,-6.0,False,False,31.5,general,353
Tom_Cole,2014,57,43,3243.0,13,21,4,2012-11-08 18:53:19+00:00,2014-09-19 19:53:49+00:00,House,Oklahoma,Oklahoma 4,Republican,R+19,19.0,True,True,70.8,general,680
Tom_Price_(American_politician),2014,57,37,9440.0,15,13,4,2012-11-14 18:16:16+00:00,2014-10-08 21:55:45+00:00,House,Georgia,Georgia 6,Republican,R+14,14.0,True,True,66.0,general,693
Amanda_Renteria,2014,56,24,5684.0,12,19,2,2013-09-19 10:05:01+00:00,2014-11-01 21:22:24+00:00,House,California,California 21,Democratic,D+2,-2.0,False,False,42.2,general,408
Eliot_Engel,2014,56,45,-984.0,20,19,4,2012-11-17 13:42:14+00:00,2014-09-13 03:37:22+00:00,House,New York,New York 16,Democratic,D+21,-21.0,True,True,99.3,general,664
Steve_Stivers,2014,56,37,6589.0,10,15,4,2012-11-07 16:36:58+00:00,2014-10-20 06:24:41+00:00,House,Ohio,Ohio 15,Republican,R+6,6.0,True,True,66.0,general,711
Brad_Wenstrup,2014,55,44,2596.0,8,17,4,2012-11-07 03:32:49+00:00,2014-09-08 18:13:42+00:00,House,Ohio,Ohio 2,Republican,R+8,8.0,True,True,66.0,general,670
Karen_Bass,2014,55,34,5674.0,11,13,4,2013-01-03 20:51:20+00:00,2014-11-04 06:19:17+00:00,House,California,California 37,Democratic,D+34,-34.0,True,True,84.3,general,669
Marcia_Fudge,2014,55,32,6690.0,13,14,2,2012-12-14 14:11:51+00:00,2014-10-28 14:45:21+00:00,House,Ohio,Ohio 11,Democratic,D+30,-30.0,True,True,79.4,general,683
Mike_Simpson,2014,55,36,11088.0,12,18,3,2012-11-10 16:02:15+00:00,2014-10-26 18:38:34+00:00,House,Idaho,Idaho 2,Republican,R+17,17.0,True,True,61.4,general,715
Tim_Walberg,2014,55,31,14.0,12,16,4,2012-11-18 01:45:54+00:00,2014-10-13 06:00:29+00:00,House,Michigan,Michigan 7,Republican,R+3,3.0,True,True,53.5,general,694
Zoe_Lofgren,2014,55,37,6080.0,12,9,6,2012-11-12 20:26:38+00:00,2014-10-01 23:36:51+00:00,House,California,California 19,Democratic,D+19,-19.0,True,True,67.2,general,688
Dan_Benishek,2014,54,34,5996.0,10,21,4,2012-11-23 01:12:36+00:00,2014-11-04 03:42:08+00:00,House,Michigan,Michigan 1,Republican,R+5,5.0,True,True,52.1,general,711
Evan_Jenkins_(politician),2014,54,18,9371.0,13,2,3,2013-03-09 22:01:56+00:00,2014-10-07 06:42:31+00:00,House,West Virginia,West Virginia 3,Republican,R+14,14.0,False,True,55.3,general,576
Frank_Pallone,2014,54,39,4623.0,13,20,2,2013-01-03 23:03:32+00:00,2014-10-29 17:26:52+00:00,House,New Jersey,New Jersey 6,Democratic,D+8,-8.0,True,True,59.9,general,663
Glenn_Grothman,2014,54,14,10003.0,22,0,2,2012-12-31 20:42:11+00:00,2014-10-10 14:41:05+00:00,House,Wisconsin,Wisconsin 6,Republican,R+5,5.0,False,True,56.8,general,647
Jerry_Cannon,2014,54,23,4794.0,13,8,4,2013-08-07 13:52:10+00:00,2014-10-13 15:31:51+00:00,House,Michigan,Michigan 1,Democratic,R+5,5.0,False,False,45.3,general,432
Lynn_Jenkins,2014,54,35,2338.0,19,15,6,2012-11-15 00:26:38+00:00,2014-10-16 05:58:44+00:00,House,Kansas,Kansas 2,Republican,R+8,8.0,True,True,57.2,general,700
Robert_Pittenger,2014,54,36,10065.0,13,15,1,2012-11-07 20:25:16+00:00,2014-10-20 05:49:42+00:00,House,North Carolina,North Carolina 9,Republican,R+8,8.0,True,True,93.9,general,711
Walter_B._Jones_Jr.,2014,54,41,2364.0,14,18,4,2012-11-09 02:52:11+00:00,2014-09-10 04:45:57+00:00,House,North Carolina,North Carolina 3,Republican,R+11,11.0,True,True,67.81,general,670
Bobby_Schilling,2014,53,24,3775.0,13,13,1,2012-11-08 06:37:52+00:00,2014-10-20 07:10:08+00:00,House,Illinois,Illinois 17,Republican,D+7,-7.0,False,False,44.5,general,711
Gwen_Moore,2014,53,34,2195.0,13,21,3,2012-11-12 19:42:54+00:00,2014-09-28 12:37:39+00:00,House,Wisconsin,Wisconsin 4,Democratic,D+23,-23.0,True,True,70.2,general,684
John_Shimkus,2014,53,32,706.0,10,27,2,2012-11-10 04:09:51+00:00,2014-10-03 10:07:38+00:00,House,Illinois,Illinois 15,Republican,R+14,14.0,True,True,75.0,general,692
John_Yarmuth,2014,53,37,631.0,7,23,3,2012-11-10 16:23:39+00:00,2014-10-19 21:07:58+00:00,House,Kentucky,Kentucky 3,Democratic,D+4,-4.0,True,True,63.5,general,708
Sander_Levin,2014,53,34,13449.0,6,28,2,2012-11-13 01:34:42+00:00,2014-10-22 02:59:29+00:00,House,Michigan,Michigan 9,Democratic,D+6,-6.0,True,True,60.4,general,708
Tom_Graves,2014,53,30,1512.0,10,15,2,2012-11-10 18:53:01+00:00,2014-10-19 21:33:45+00:00,House,Georgia,Georgia 14,Republican,R+26,26.0,True,True,100.0,general,708
Dan_Maffei,2014,52,36,1880.0,5,20,2,2012-11-07 18:58:25+00:00,2014-10-31 01:00:32+00:00,House,New York,New York 24,Democratic,D+5,-5.0,True,False,40.3,general,722
Diane_Black,2014,52,32,5603.0,17,3,4,2013-02-01 02:37:46+00:00,2014-10-23 09:22:40+00:00,House,Tennessee,Tennessee 6,Republican,R+21,21.0,True,True,71.1,general,629
Doug_Lamborn,2014,52,39,5448.0,11,22,2,2013-01-14 23:40:54+00:00,2014-10-27 20:09:55+00:00,House,Colorado,Colorado 5,Republican,R+13,13.0,True,True,59.8,general,650
Jason_Chaffetz,2014,52,35,4519.0,11,17,5,2012-11-14 16:36:00+00:00,2014-11-03 20:01:26+00:00,House,Utah,Utah 3,Republican,R+28,28.0,True,True,72.2,general,719
Jeff_Bell_(politician),2014,52,27,2718.0,13,12,4,2012-11-13 07:04:51+00:00,2014-10-29 16:35:59+00:00,Senate,New Jersey,,Republican,D+6,-6.0,False,False,42.3,general,715
Judy_Chu,2014,52,40,892.0,16,16,2,2012-11-08 08:38:08+00:00,2014-10-22 04:37:31+00:00,House,California,California 27,Democratic,D+11,-11.0,True,True,59.4,general,712
Leonard_Lance,2014,52,41,1817.0,10,21,4,2012-11-08 21:28:21+00:00,2014-09-23 02:33:59+00:00,House,New Jersey,New Jersey 7,Republican,R+6,6.0,True,True,59.2,general,683
Mike_Bost,2014,52,21,6078.0,10,10,5,2013-03-16 05:01:03+00:00,2014-11-03 19:51:02+00:00,House,Illinois,Illinois 12,Republican,EVEN,0.0,False,True,52.5,general,597
Scott_Garrett,2014,52,38,4105.0,9,20,2,2012-11-22 15:29:08+00:00,2014-11-01 03:53:25+00:00,House,New Jersey,New Jersey 5,Republican,R+4,4.0,True,True,55.4,general,708
David_McKinley,2014,51,40,6255.0,11,20,1,2012-11-10 09:20:00+00:00,2014-11-01 01:44:42+00:00,House,West Virginia,West Virginia 1,Republican,R+14,14.0,True,True,64.0,general,720
Erik_Paulsen,2014,51,32,4550.0,13,14,6,2012-11-07 10:04:32+00:00,2014-10-10 13:04:26+00:00,House,Minnesota,Minnesota 3,Republican,R+2,2.0,True,True,62.2,general,702
Frederica_Wilson,2014,51,41,2137.0,18,15,4,2012-11-22 21:57:53+00:00,2014-10-20 07:07:07+00:00,House,Florida,Florida 24,Democratic,D+33,-33.0,True,True,86.2,general,696
John_Foust,2014,51,22,7174.0,11,12,2,2013-06-21 19:52:47+00:00,2014-11-03 19:25:41+00:00,House,Virginia,Virginia 10,Democratic,R+2,2.0,False,False,40.4,general,499
Richard_Hudson_(American_politician),2014,51,29,13625.0,9,6,2,2012-11-08 04:30:26+00:00,2014-09-11 20:30:55+00:00,House,North Carolina,North Carolina 8,Republican,R+11,11.0,True,True,64.86,general,672
Doris_Matsui,2014,50,22,9400.0,8,7,2,2012-12-03 06:28:24+00:00,2014-08-04 05:01:22+00:00,House,California,California 6,Democratic,D+18,-18.0,True,True,72.7,general,608
Henry_Cuellar,2014,50,33,5838.0,9,18,5,2012-11-07 18:38:39+00:00,2014-10-01 01:11:18+00:00,House,Texas,Texas 28,Democratic,D+7,-7.0,True,True,82.1,general,692
Jeff_Merkley,2014,50,41,28436.0,12,16,5,2012-11-19 01:45:38+00:00,2014-11-04 23:21:13+00:00,Senate,Oregon,,Democratic,D+5,-5.0,False,True,55.7,general,715
Paul_Gosar,2014,50,36,8259.0,12,5,2,2012-11-07 07:06:40+00:00,2014-10-02 19:11:41+00:00,House,Arizona,Arizona 4,Republican,R+20,20.0,True,True,70.0,general,694
Tim_Ryan_(Ohio_politician),2014,50,38,2547.0,8,16,3,2012-11-24 00:01:12+00:00,2014-10-21 13:31:13+00:00,House,Ohio,Ohio 13,Democratic,D+11,-11.0,True,True,68.5,general,696
Andrew_Romanoff,2014,49,17,4086.0,9,5,6,2013-01-16 17:45:08+00:00,2014-11-01 05:51:07+00:00,House,Colorado,Colorado 6,Democratic,D+1,-1.0,False,False,43.0,general,653
Bill_Flores,2014,49,33,3423.0,14,20,4,2012-11-14 01:46:39+00:00,2014-07-31 04:03:11+00:00,House,Texas,Texas 17,Republican,R+13,13.0,True,True,64.6,general,624
Pete_Olson,2014,49,29,1943.0,11,16,6,2012-12-22 00:01:19+00:00,2014-07-31 04:04:28+00:00,House,Texas,Texas 22,Republican,R+15,15.0,True,True,66.6,general,586
Richard_Tisei,2014,49,36,4500.0,14,8,4,2012-11-08 13:08:15+00:00,2014-09-26 20:46:44+00:00,House,Massachusetts,Massachusetts 6,Republican,D+4,-4.0,False,False,41.1,general,687
Don_Beyer,2014,48,25,4274.0,14,10,1,2012-11-07 17:14:06+00:00,2014-10-03 07:41:05+00:00,House,Virginia,Virginia 8,Democratic,D+16,-16.0,False,True,63.1,general,694
Filemon_Vela_Jr.,2014,48,32,5742.0,8,10,2,2012-11-07 03:58:58+00:00,2014-08-19 05:45:43+00:00,House,Texas,Texas 34,Democratic,D+8,-8.0,True,True,59.5,general,650
Jack_Reed_(Rhode_Island_politician),2014,48,33,8594.0,8,15,1,2012-12-01 02:28:51+00:00,2014-10-30 15:35:54+00:00,Senate,Rhode Island,,Democratic,D+11,-11.0,False,True,70.6,general,698
Jim_Jordan,2014,48,34,5437.0,14,13,3,2012-11-09 03:00:39+00:00,2014-09-29 18:42:58+00:00,House,Ohio,Ohio 4,Republican,R+9,9.0,True,True,67.7,general,689
Kathy_Castor,2014,48,25,8353.0,7,25,4,2012-12-09 03:08:12+00:00,2014-08-01 03:13:50+00:00,House,Florida,Florida 14,Democratic,D+11,-11.0,True,True,100.0,general,600
Mike_Quigley,2014,48,27,2965.0,8,14,4,2012-11-09 10:37:00+00:00,2014-08-08 05:48:06+00:00,House,Illinois,Illinois 5,Democratic,D+16,-16.0,True,True,63.2,general,636
Mike_Turner,2014,48,31,1957.0,12,15,2,2012-11-15 01:13:37+00:00,2014-09-15 10:13:52+00:00,House,Ohio,Ohio 10,Republican,R+3,3.0,True,True,65.2,general,669
Scott_Rigell,2014,48,32,4259.0,8,13,2,2013-01-25 22:28:55+00:00,2014-10-20 07:10:37+00:00,House,Virginia,Virginia 2,Republican,R+2,2.0,True,True,58.8,general,632
Steve_Womack,2014,48,35,3688.0,10,15,3,2012-11-09 07:45:10+00:00,2014-10-02 20:40:59+00:00,House,Arkansas,Arkansas 3,Republican,R+19,19.0,True,True,79.4,general,692
Thomas_Ravenel,2014,48,33,1752.0,1,26,0,2012-12-04 07:53:08+00:00,2014-10-26 09:09:45+00:00,Senate,South Carolina,,Independent,R+8,8.0,False,False,3.8,general,691
Bill_Pascrell,2014,47,29,3430.0,10,23,3,2012-11-15 14:37:21+00:00,2014-08-08 03:45:47+00:00,House,New Jersey,New Jersey 9,Democratic,D+14,-14.0,True,True,68.5,general,630
Brad_Sherman,2014,47,40,3447.0,17,14,7,2012-11-08 03:05:18+00:00,2014-10-02 06:08:54+00:00,House,California,California 30,Democratic,D+14,-14.0,True,True,65.6,general,693
Bruce_Poliquin,2014,47,16,6966.0,5,8,1,2012-11-28 17:52:32+00:00,2014-11-02 12:55:17+00:00,House,Maine,Maine 2,Republican,D+2,-2.0,False,True,47.1,general,703
Dutch_Ruppersberger,2014,47,25,3877.0,5,29,1,2012-11-09 07:09:02+00:00,2014-08-13 02:16:54+00:00,House,Maryland,Maryland 2,Democratic,D+10,-10.0,True,True,61.3,general,641
Elijah_Cummings,2014,47,31,3870.0,11,15,6,2012-11-20 12:20:40+00:00,2014-10-20 06:01:39+00:00,House,Maryland,Maryland 7,Democratic,D+24,-24.0,True,True,70.0,general,698
Lloyd_Doggett,2014,47,37,397.0,18,12,8,2012-11-10 20:18:37+00:00,2014-10-27 13:33:15+00:00,House,Texas,Texas 35,Democratic,D+11,-11.0,True,True,62.5,general,715
Mike_Rogers_(Alabama_politician),2014,47,34,1565.0,15,19,3,2012-11-18 15:27:46+00:00,2014-09-01 06:34:31+00:00,House,Alabama,Alabama 3,Republican,R+16,16.0,True,True,66.1,general,651
Reid_Ribble,2014,47,32,6470.0,16,14,2,2012-11-20 04:33:31+00:00,2014-10-20 07:11:38+00:00,House,Wisconsin,Wisconsin 8,Republican,R+2,2.0,True,True,65.0,general,699
Rick_Weiland,2014,47,22,5611.0,11,9,2,2013-05-19 22:33:28+00:00,2014-10-28 20:41:55+00:00,Senate,South Dakota,,Democratic,R+10,10.0,False,False,29.5,general,526
Candice_Miller,2014,46,35,5683.0,11,15,2,2012-11-15 21:23:56+00:00,2014-10-20 06:09:53+00:00,House,Michigan,Michigan 10,Republican,R+6,6.0,True,True,68.7,general,703
Danny_Davis_(Illinois_politician),2014,46,34,844.0,10,15,4,2012-11-10 03:27:55+00:00,2014-09-26 17:58:27+00:00,House,Illinois,Illinois 7,Democratic,D+36,-36.0,True,True,85.0,general,685
Jerry_McNerney,2014,46,29,4105.0,11,15,3,2012-11-07 11:01:38+00:00,2014-09-29 03:07:43+00:00,House,California,California 9,Democratic,D+6,-6.0,True,True,52.4,general,690
Jim_Risch,2014,46,36,5723.0,8,18,4,2012-11-24 12:37:08+00:00,2014-10-30 17:10:02+00:00,Senate,Idaho,,Republican,R+18,18.0,False,True,65.3,general,705
Jimmy_Duncan_(politician),2014,46,30,1439.0,11,16,5,2012-11-15 14:15:41+00:00,2014-09-20 15:17:44+00:00,House,Tennessee,Tennessee 2,Republican,R+20,20.0,True,True,72.5,general,674
Kay_Granger,2014,46,35,1341.0,13,11,4,2012-11-12 17:09:53+00:00,2014-10-16 05:27:02+00:00,House,Texas,Texas 12,Republican,R+19,19.0,True,True,71.3,general,702
Lois_Capps,2014,46,35,2281.0,13,14,4,2012-11-07 19:33:30+00:00,2014-11-01 18:11:52+00:00,House,California,California 24,Democratic,D+4,-4.0,True,True,51.9,general,723
Adam_Smith_(Washington_politician),2014,45,32,2582.0,8,15,4,2012-11-21 21:10:21+00:00,2014-09-28 01:27:34+00:00,House,Washington,Washington 9,Democratic,D+17,-17.0,True,True,70.8,general,675
Daniel_Webster_(Florida_politician),2014,45,32,1719.0,7,16,2,2012-11-08 16:42:05+00:00,2014-10-20 07:07:11+00:00,House,Florida,Florida 10,Republican,R+7,7.0,True,True,61.5,general,710
Dave_Loebsack,2014,45,26,192.0,10,16,2,2012-11-20 00:14:11+00:00,2014-09-21 08:23:19+00:00,House,Iowa,Iowa 2,Democratic,D+4,-4.0,True,True,52.4,general,670
Hal_Rogers,2014,45,28,5662.0,8,15,4,2012-11-09 02:42:03+00:00,2014-10-17 15:22:02+00:00,House,Kentucky,Kentucky 5,Republican,R+25,25.0,True,True,78.2,general,707
Jim_Clyburn,2014,45,29,2117.0,13,14,4,2012-11-15 13:36:26+00:00,2014-10-27 17:38:31+00:00,House,South Carolina,South Carolina 6,Democratic,D+21,-21.0,True,True,72.5,general,711
Jim_Himes,2014,45,30,2757.0,8,23,4,2012-11-24 04:45:49+00:00,2014-08-30 18:03:48+00:00,House,Connecticut,Connecticut 4,Democratic,D+5,-5.0,True,True,53.7,general,644
Jim_Renacci,2014,45,30,6967.0,15,12,5,2012-12-14 13:23:18+00:00,2014-10-20 07:09:59+00:00,House,Ohio,Ohio 16,Republican,R+6,6.0,True,True,63.7,general,674
Suzanne_Scholte,2014,45,26,5459.0,11,8,4,2013-06-05 02:20:08+00:00,2014-10-25 01:46:20+00:00,House,Virginia,Virginia 11,Republican,D+10,-10.0,False,False,40.4,general,506
Devin_Nunes,2014,44,31,5617.0,10,14,3,2012-11-08 16:44:34+00:00,2014-09-22 22:26:50+00:00,House,California,California 22,Republican,R+10,10.0,True,True,72.0,general,683
Emanuel_Cleaver,2014,44,34,4577.0,11,19,5,2012-11-07 04:20:01+00:00,2014-11-04 08:20:29+00:00,House,Missouri,Missouri 5,Democratic,D+9,-9.0,True,True,51.6,general,727
Frank_LoBiondo,2014,44,26,3493.0,10,10,3,2012-11-22 15:15:59+00:00,2014-09-02 08:29:24+00:00,House,New Jersey,New Jersey 2,Republican,D+1,-1.0,True,True,61.4,general,648
John_Carney_(Delaware_politician),2014,44,32,3253.0,10,10,5,2012-11-09 22:29:42+00:00,2014-10-28 02:01:03+00:00,House,Delaware,Delaware at-large,Democratic,D+8,-8.0,True,True,59.3,general,717
Lois_Frankel,2014,44,35,3280.0,9,12,3,2012-11-07 01:16:24+00:00,2014-09-07 20:07:53+00:00,House,Florida,Florida 22,Democratic,D+4,-4.0,True,True,58.0,general,669
Pat_Meehan,2014,44,31,5564.0,8,10,3,2012-11-11 02:37:06+00:00,2014-08-11 18:47:56+00:00,House,Pennsylvania,Pennsylvania 7,Republican,R+2,2.0,True,True,62.0,general,638
Rob_Wittman,2014,44,28,4120.0,7,19,1,2012-12-08 03:26:03+00:00,2014-10-14 00:28:25+00:00,House,Virginia,Virginia 1,Republican,R+6,6.0,True,True,62.9,general,674
Todd_Young,2014,44,35,3194.0,8,15,3,2012-11-10 09:03:56+00:00,2014-10-21 15:48:45+00:00,House,Indiana,Indiana 9,Republican,R+9,9.0,True,True,62.2,general,710
Tom_Marino,2014,44,34,7955.0,12,9,5,2012-11-09 15:43:22+00:00,2014-10-27 19:06:33+00:00,House,Pennsylvania,Pennsylvania 10,Republican,R+12,12.0,True,True,62.6,general,717
Write-in_candidate,2014,44,21,7148.0,9,10,4,2012-11-09 19:54:21+00:00,2014-09-23 16:51:24+00:00,Senate,Alabama,,,R+14,14.0,False,False,2.75,general,682
Brett_Guthrie,2014,43,24,3973.0,4,10,3,2012-11-10 16:19:54+00:00,2014-10-18 16:52:17+00:00,House,Kentucky,Kentucky 2,Republican,R+16,16.0,True,True,69.2,general,707
Roger_Williams_(Texas_politician),2014,43,30,4186.0,6,8,2,2012-11-07 20:45:37+00:00,2014-08-19 05:44:22+00:00,House,Texas,Texas 25,Republican,R+12,12.0,True,True,60.2,general,649
Sam_Johnson,2014,43,37,1717.0,12,13,5,2012-11-20 17:00:11+00:00,2014-09-27 02:33:46+00:00,House,Texas,Texas 3,Republican,R+17,17.0,True,True,82.0,general,675
Ted_Lieu,2014,43,30,4769.0,10,11,1,2012-12-03 00:16:42+00:00,2014-11-03 12:09:12+00:00,House,California,California 33,Democratic,D+11,-11.0,False,True,59.2,general,700
Alma_Adams,2014,42,16,9718.0,4,7,1,2013-01-19 17:21:01+00:00,2014-10-30 11:30:24+00:00,House,North Carolina,North Carolina 12,Democratic,,,False,True,75.4,special,648
Bob_Latta,2014,42,28,8478.0,7,14,3,2012-11-07 15:55:30+00:00,2014-09-24 02:19:44+00:00,House,Ohio,Ohio 5,Republican,R+7,7.0,True,True,66.5,general,685
David_Alameel,2014,42,20,2001.0,3,17,1,2013-12-10 03:59:25+00:00,2014-11-04 23:19:06+00:00,Senate,Texas,,Democratic,R+10,10.0,False,False,34.4,general,329
Jim_Cooper,2014,42,28,4237.0,12,9,7,2012-11-10 20:13:03+00:00,2014-10-20 04:48:01+00:00,House,Tennessee,Tennessee 5,Democratic,D+5,-5.0,True,True,62.3,general,708
Mike_Kelly_(Pennsylvania_politician),2014,42,27,1157.0,6,12,2,2012-11-11 02:27:07+00:00,2014-09-27 01:31:41+00:00,House,Pennsylvania,Pennsylvania 3,Republican,R+8,8.0,True,True,60.6,general,684
Peter_DeFazio,2014,42,31,9781.0,13,16,4,2012-11-18 22:54:29+00:00,2014-11-01 07:43:55+00:00,House,Oregon,Oregon 4,Democratic,D+2,-2.0,True,True,58.6,general,712
Rosa_DeLauro,2014,42,32,4380.0,11,16,1,2012-11-15 14:18:00+00:00,2014-10-30 23:42:58+00:00,House,Connecticut,Connecticut 3,Democratic,D+11,-11.0,True,True,67.1,general,714
George_Holding,2014,41,31,3220.0,8,17,3,2012-11-08 04:14:02+00:00,2014-08-11 03:38:06+00:00,House,North Carolina,North Carolina 13,Republican,R+8,8.0,True,True,57.31,general,640
Jeff_Duncan_(politician),2014,41,34,5319.0,9,13,4,2012-11-14 09:32:34+00:00,2014-09-20 07:48:43+00:00,House,South Carolina,South Carolina 3,Republican,R+18,18.0,True,True,71.2,general,674
Lynn_Westmoreland,2014,41,30,1364.0,9,19,4,2012-11-10 19:11:29+00:00,2014-10-08 21:53:54+00:00,House,Georgia,Georgia 3,Republican,R+19,19.0,True,True,100.0,general,697
Mike_Fitzpatrick,2014,41,28,1566.0,9,9,4,2012-11-08 04:30:45+00:00,2014-10-27 23:00:09+00:00,House,Pennsylvania,Pennsylvania 8,Republican,R+1,1.0,True,True,61.9,general,718
Rob_Bishop,2014,41,28,4424.0,11,15,3,2012-11-27 18:54:04+00:00,2014-09-01 18:47:18+00:00,House,Utah,Utah 1,Republican,R+27,27.0,True,True,64.2,general,642
Ted_Deutch,2014,41,32,2890.0,11,10,5,2012-11-09 01:27:48+00:00,2014-09-18 20:22:59+00:00,House,Florida,Florida 21,Democratic,D+12,-12.0,True,True,100.0,general,678
Andy_Tobin,2014,40,16,3499.0,8,4,2,2013-05-18 23:32:43+00:00,2014-10-17 06:27:19+00:00,House,Arizona,Arizona 1,Republican,R+4,4.0,False,False,47.4,general,516
Elise_Stefanik,2014,40,11,7298.0,3,1,0,2014-01-21 17:06:12+00:00,2014-10-24 04:15:17+00:00,House,New York,New York 21,Republican,EVEN,0.0,False,True,55.1,general,275
Jeff_Miller_(Florida_politician),2014,40,27,6825.0,10,16,4,2012-11-09 06:41:38+00:00,2014-11-02 18:08:59+00:00,House,Florida,Florida 1,Republican,R+21,21.0,True,True,70.2,general,723
Joyce_Beatty,2014,40,27,2974.0,9,9,3,2012-11-08 00:13:39+00:00,2014-09-29 20:45:16+00:00,House,Ohio,Ohio 3,Democratic,D+17,-17.0,True,True,64.1,general,690
Larry_Bucshon,2014,40,29,4036.0,9,10,1,2012-11-10 09:01:37+00:00,2014-10-13 22:28:27+00:00,House,Indiana,Indiana 8,Republican,R+8,8.0,True,True,60.3,general,702
Michael_Eggman,2014,40,13,-11.0,8,11,1,2013-10-21 16:57:26+00:00,2014-06-17 06:45:23+00:00,House,California,California 10,Democratic,R+1,1.0,False,False,43.9,general,238
Pete_Visclosky,2014,40,30,9091.0,9,15,2,2012-11-07 07:14:12+00:00,2014-08-06 04:15:39+00:00,House,Indiana,Indiana 1,Democratic,D+10,-10.0,True,True,60.9,general,636
Alcee_Hastings,2014,39,29,2377.0,12,8,2,2012-11-26 10:26:37+00:00,2014-09-12 18:26:37+00:00,House,Florida,Florida 20,Democratic,D+28,-28.0,True,True,81.6,general,655
Betty_McCollum,2014,39,25,1485.0,9,13,4,2012-11-07 10:09:12+00:00,2014-10-31 16:43:39+00:00,House,Minnesota,Minnesota 4,DFL,D+11,-11.0,True,True,61.2,general,723
Ed_Whitfield,2014,39,28,3836.0,5,18,1,2012-11-10 16:17:10+00:00,2014-10-14 00:27:31+00:00,House,Kentucky,Kentucky 1,Republican,R+18,18.0,True,True,73.1,general,702
Jeb_Hensarling,2014,39,26,2762.0,6,13,2,2012-11-14 22:14:12+00:00,2014-09-30 02:31:23+00:00,House,Texas,Texas 5,Republican,R+17,17.0,True,True,85.5,general,684
Alan_Lowenthal,2014,38,27,5139.0,6,10,1,2012-11-07 18:40:53+00:00,2014-08-04 04:58:49+00:00,House,California,California 47,Democratic,D+8,-8.0,True,True,56.0,general,634
Ander_Crenshaw,2014,38,25,1513.0,4,14,2,2013-01-12 19:36:01+00:00,2014-09-01 18:53:29+00:00,House,Florida,Florida 4,Republican,R+17,17.0,True,True,78.3,general,596
Anna_Eshoo,2014,38,33,2913.0,13,11,7,2012-11-22 12:41:52+00:00,2014-10-06 04:14:07+00:00,House,California,California 18,Democratic,D+18,-18.0,True,True,67.8,general,682
Rick_Larsen,2014,38,28,1269.0,15,14,2,2012-12-22 04:50:39+00:00,2014-10-22 18:00:08+00:00,House,Washington,Washington 2,Democratic,D+8,-8.0,True,True,60.6,general,669
Robert_Hurt_(politician),2014,38,30,5052.0,11,7,4,2012-11-08 01:42:13+00:00,2014-10-24 22:35:50+00:00,House,Virginia,Virginia 5,Republican,R+5,5.0,True,True,60.9,general,715
Tom_Rooney_(Florida_politician),2014,38,35,-155.0,15,9,7,2012-11-10 15:00:56+00:00,2014-10-14 05:05:25+00:00,House,Florida,Florida 17,Republican,R+10,10.0,True,True,63.2,general,702
Greg_Walden,2014,37,26,5353.0,11,8,4,2012-11-15 16:57:36+00:00,2014-08-20 07:15:11+00:00,House,Oregon,Oregon 2,Republican,R+10,10.0,True,True,70.4,general,642
Mark_Takai,2014,37,22,6125.0,6,13,2,2013-10-16 20:40:41+00:00,2014-11-03 09:06:45+00:00,House,Hawaii,Hawaii 1,Democratic,D+18,-18.0,False,True,51.9,general,382
Rich_Nugent,2014,37,26,581.0,8,10,5,2012-11-24 14:19:48+00:00,2014-10-20 07:11:24+00:00,House,Florida,Florida 11,Republican,R+8,8.0,True,True,66.7,general,694
Steve_Southerland_(Florida_politician),2014,37,25,2515.0,6,11,2,2012-12-03 09:01:43+00:00,2014-11-04 23:37:35+00:00,House,Florida,Florida 2,Republican,R+6,6.0,True,False,49.3,general,701
Donna_Edwards,2014,36,27,1355.0,9,9,4,2012-12-06 13:49:57+00:00,2014-10-31 20:44:32+00:00,House,Maryland,Maryland 4,Democratic,D+26,-26.0,True,True,70.2,general,694
Ken_Buck,2014,36,30,2694.0,10,8,4,2012-11-08 22:24:55+00:00,2014-10-12 16:42:16+00:00,House,Colorado,Colorado 4,Republican,R+11,11.0,False,True,64.7,general,702
Pat_Tiberi,2014,36,28,7312.0,11,10,3,2012-11-20 23:47:30+00:00,2014-10-23 13:05:13+00:00,House,Ohio,Ohio 12,Republican,R+8,8.0,True,True,68.1,general,701
Steve_Chabot,2014,36,23,2364.0,13,9,6,2012-11-16 21:34:50+00:00,2014-08-09 05:14:56+00:00,House,Ohio,Ohio 1,Republican,R+6,6.0,True,True,63.2,general,630
Adam_Schiff,2014,35,24,8294.0,12,11,5,2013-01-04 13:53:18+00:00,2014-09-18 04:21:46+00:00,House,California,California 28,Democratic,D+20,-20.0,True,True,76.5,general,621
Alex_Mooney,2014,35,24,2777.0,9,7,2,2012-11-12 02:33:25+00:00,2014-10-25 23:37:42+00:00,House,West Virginia,West Virginia 2,Republican,R+11,11.0,False,True,47.1,general,712
Bill_Posey,2014,35,25,2337.0,6,6,2,2012-11-07 13:37:05+00:00,2014-10-14 22:48:35+00:00,House,Florida,Florida 8,Republican,R+8,8.0,True,True,65.9,general,706
Bruce_Westerman,2014,35,6,5926.0,2,1,0,2013-08-01 15:21:23+00:00,2014-10-16 20:22:12+00:00,House,Arkansas,Arkansas 4,Republican,R+15,15.0,False,True,53.8,general,441
Jeff_Gorell,2014,35,16,7157.0,10,10,2,2012-12-03 18:21:35+00:00,2014-09-21 09:48:11+00:00,House,California,California 26,Republican,D+4,-4.0,False,False,48.7,general,656
Marcy_Kaptur,2014,35,30,8655.0,11,11,3,2012-11-18 18:09:16+00:00,2014-10-20 06:06:41+00:00,House,Ohio,Ohio 9,Democratic,D+15,-15.0,True,True,67.7,general,700
Nita_Lowey,2014,35,24,1234.0,9,14,4,2012-11-10 19:53:42+00:00,2014-10-28 20:18:34+00:00,House,New York,New York 17,Democratic,D+5,-5.0,True,True,56.4,general,717
Ron_Kind,2014,35,31,727.0,5,22,3,2012-11-21 20:59:03+00:00,2014-10-20 19:23:04+00:00,House,Wisconsin,Wisconsin 3,Democratic,D+5,-5.0,True,True,56.5,general,697
Alan_Nunnelee,2014,34,22,1869.0,9,8,3,2012-11-11 09:20:40+00:00,2014-10-19 01:21:00+00:00,House,Mississippi,Mississippi 1,Republican,R+16,16.0,True,True,67.9,general,706
Albio_Sires,2014,34,24,3275.0,8,13,3,2012-12-01 09:05:20+00:00,2014-08-08 03:50:23+00:00,House,New Jersey,New Jersey 8,Democratic,D+24,-24.0,True,True,77.4,general,614
Corrine_Brown,2014,34,29,554.0,12,9,6,2013-01-04 16:46:30+00:00,2014-09-30 23:09:38+00:00,House,Florida,Florida 5,Democratic,D+16,-16.0,True,True,65.5,general,634
Gus_Bilirakis,2014,34,26,1756.0,4,14,2,2012-12-08 06:01:02+00:00,2014-10-08 21:26:10+00:00,House,Florida,Florida 12,Republican,R+6,6.0,True,True,100.0,general,669
Jim_Costa,2014,34,23,3873.0,19,6,3,2012-11-07 23:34:20+00:00,2014-10-20 10:08:49+00:00,House,California,California 16,Democratic,D+7,-7.0,True,True,50.7,general,711
John_Mica,2014,34,25,4550.0,6,11,4,2012-11-08 19:50:42+00:00,2014-11-03 20:10:56+00:00,House,Florida,Florida 7,Republican,R+4,4.0,True,True,63.6,general,725
Pedro_Celis,2014,34,14,1564.0,6,20,4,2013-01-27 11:26:41+00:00,2014-10-02 08:23:31+00:00,House,Washington,Washington 1,Republican,D+4,-4.0,False,False,45.0,general,612
Ruben_Gallego,2014,34,22,2073.0,8,4,1,2013-08-22 05:13:29+00:00,2014-10-20 00:30:24+00:00,House,Arizona,Arizona 7,Democratic,D+16,-16.0,False,True,74.3,general,423
Terri_Sewell,2014,34,28,484.0,8,13,3,2012-11-17 18:43:23+00:00,2014-10-25 00:47:20+00:00,House,Alabama,Alabama 7,Democratic,D+20,-20.0,True,True,98.4,general,706
Aimee_Belgard,2014,33,13,9474.0,8,1,4,2013-10-22 14:56:27+00:00,2014-08-23 18:29:11+00:00,House,New Jersey,New Jersey 3,Democratic,R+1,1.0,False,False,44.3,general,305
Kurt_Schrader,2014,33,29,4098.0,6,10,2,2012-11-20 05:06:28+00:00,2014-08-07 07:45:11+00:00,House,Oregon,Oregon 5,Democratic,EVEN,0.0,True,True,53.9,general,625
Tony_Strickland,2014,33,13,2176.0,6,15,2,2012-12-03 20:56:07+00:00,2014-10-25 08:05:44+00:00,House,California,California 25,Republican,R+3,3.0,False,False,46.7,general,690
Bennie_Thompson,2014,32,27,1624.0,10,10,5,2012-11-19 01:09:49+00:00,2014-10-20 06:05:12+00:00,House,Mississippi,Mississippi 2,Democratic,D+13,-13.0,True,True,67.7,general,700
Billy_Long,2014,32,22,1508.0,8,11,2,2012-11-24 15:23:16+00:00,2014-11-04 21:15:01+00:00,House,Missouri,Missouri 7,Republican,R+19,19.0,True,True,63.5,general,710
Blaine_Luetkemeyer,2014,32,27,3951.0,8,11,3,2012-11-08 20:34:37+00:00,2014-09-01 19:00:02+00:00,House,Missouri,Missouri 3,Republican,R+13,13.0,True,True,68.3,general,661
Bob_Brady,2014,32,19,-540.0,7,11,3,2012-11-11 09:10:54+00:00,2014-11-02 09:42:00+00:00,House,Pennsylvania,Pennsylvania 1,Democratic,D+28,-28.0,True,True,82.8,general,721
Bobby_Scott_(politician),2014,32,30,1931.0,5,12,1,2012-11-08 18:46:15+00:00,2014-10-02 23:00:34+00:00,House,Virginia,Virginia 3,Democratic,D+27,-27.0,True,True,94.4,general,693
Earl_Blumenauer,2014,32,20,5258.0,5,3,1,2012-11-09 20:04:53+00:00,2014-09-22 02:06:15+00:00,House,Oregon,Oregon 3,Democratic,D+22,-22.0,True,True,73.0,general,681
Gene_Green,2014,32,23,-46.0,9,14,5,2012-11-18 07:05:18+00:00,2014-07-31 03:32:18+00:00,House,Texas,Texas 29,Democratic,D+12,-12.0,True,True,89.5,general,619
Glenn_Thompson_(politician),2014,32,23,467.0,9,11,2,2012-11-10 12:05:19+00:00,2014-10-20 07:07:55+00:00,House,Pennsylvania,Pennsylvania 5,Republican,R+8,8.0,True,True,63.6,general,708
Loretta_Sanchez,2014,32,24,-794.0,7,12,2,2012-11-21 21:07:08+00:00,2014-08-04 05:10:31+00:00,House,California,California 46,Democratic,D+9,-9.0,True,True,59.7,general,620
Lou_Barletta,2014,32,24,3660.0,7,14,4,2012-11-11 18:43:17+00:00,2014-08-11 03:55:51+00:00,House,Pennsylvania,Pennsylvania 11,Republican,R+6,6.0,True,True,66.3,general,637
Lucille_Roybal-Allard,2014,32,22,2090.0,14,6,4,2013-01-04 21:11:55+00:00,2014-09-22 22:31:11+00:00,House,California,California 40,Democratic,D+29,-29.0,True,True,61.2,general,626
Morgan_Griffith,2014,32,23,3013.0,3,12,2,2012-11-07 21:56:44+00:00,2014-08-18 06:44:34+00:00,House,Virginia,Virginia 9,Republican,R+15,15.0,True,True,72.2,general,648
Pete_Aguilar,2014,32,14,4505.0,3,5,0,2012-12-20 10:20:49+00:00,2014-09-14 22:07:26+00:00,House,California,California 31,Democratic,D+5,-5.0,False,True,51.7,general,633
Susan_Davis_(politician),2014,32,23,627.0,7,8,4,2013-01-05 04:34:21+00:00,2014-09-05 05:37:40+00:00,House,California,California 53,Democratic,D+10,-10.0,True,True,58.8,general,608
Frank_Lucas,2014,31,19,3983.0,14,0,3,2012-11-09 18:06:27+00:00,2014-08-12 10:06:55+00:00,House,Oklahoma,Oklahoma 3,Republican,R+26,26.0,True,True,78.6,general,640
John_Culberson,2014,31,20,2038.0,7,8,2,2012-11-29 09:28:51+00:00,2014-10-20 06:09:29+00:00,House,Texas,Texas 7,Republican,R+13,13.0,True,True,63.3,general,689
Peter_Welch,2014,31,24,2244.0,9,6,2,2012-11-16 23:29:12+00:00,2014-10-08 17:07:11+00:00,House,Vermont,Vermont at-large,Democratic,D+16,-16.0,True,True,64.4,general,690
Rick_Crawford_(politician),2014,31,25,2741.0,6,7,2,2012-11-09 13:10:26+00:00,2014-10-02 20:37:23+00:00,House,Arkansas,Arkansas 1,Republican,R+14,14.0,True,True,63.3,general,692
Stewart_Mills_III,2014,31,9,-681.0,8,1,1,2014-02-03 01:03:42+00:00,2014-10-09 03:53:27+00:00,House,Minnesota,Minnesota 8,Republican,D+1,-1.0,False,False,47.1,general,248
Tim_Walz,2014,31,21,2136.0,3,11,2,2012-11-07 09:46:48+00:00,2014-10-16 12:46:21+00:00,House,Minnesota,Minnesota 1,DFL,R+1,1.0,True,True,54.3,general,708
Art_Robinson,2014,30,19,833.0,5,6,1,2012-11-21 03:09:05+00:00,2014-10-12 18:34:04+00:00,House,Oregon,Oregon 4,Republican,D+2,-2.0,False,False,37.7,general,690
Ed_Perlmutter,2014,30,23,-541.0,9,13,3,2012-11-24 04:20:22+00:00,2014-10-02 16:10:58+00:00,House,Colorado,Colorado 7,Democratic,D+5,-5.0,True,True,55.1,general,677
Janice_Hahn,2014,30,23,2358.0,4,7,2,2012-11-09 02:20:49+00:00,2014-08-30 04:01:34+00:00,House,California,California 44,Democratic,D+32,-32.0,True,True,86.7,general,659
Manan_Trivedi,2014,30,21,439.0,7,5,3,2012-11-07 05:15:11+00:00,2014-11-04 15:06:48+00:00,House,Pennsylvania,Pennsylvania 6,Democratic,R+2,2.0,False,False,43.7,general,727
Mike_Conaway,2014,30,27,2222.0,8,8,4,2013-01-06 13:05:54+00:00,2014-07-31 04:02:35+00:00,House,Texas,Texas 11,Republican,R+31,31.0,True,True,90.3,general,570
Pat_Hays,2014,30,5,5161.0,4,0,1,2013-10-22 13:38:49+00:00,2014-10-23 20:33:25+00:00,House,Arkansas,Arkansas 2,Democratic,R+8,8.0,False,False,43.6,general,366
Al_Green_(politician),2014,29,19,5120.0,7,14,1,2012-11-19 23:43:20+00:00,2014-08-02 09:34:59+00:00,House,Texas,Texas 9,Democratic,D+25,-25.0,True,True,90.8,general,620
Brendan_Boyle,2014,29,11,2766.0,5,8,1,2013-07-08 14:30:26+00:00,2014-10-21 17:32:26+00:00,House,Pennsylvania,Pennsylvania 13,Democratic,D+13,-13.0,False,True,67.1,general,470
Sam_Farr,2014,29,21,3083.0,10,6,7,2012-11-07 09:28:32+00:00,2014-10-27 13:32:32+00:00,House,California,California 20,Democratic,D+21,-21.0,True,True,75.2,general,719
Sanford_Bishop,2014,28,23,1292.0,9,7,2,2012-11-07 01:19:11+00:00,2014-08-01 04:21:10+00:00,House,Georgia,Georgia 2,Democratic,D+6,-6.0,True,True,59.1,general,632
Charlie_Dent,2014,27,23,1709.0,3,8,1,2012-11-11 02:40:53+00:00,2014-08-28 01:16:01+00:00,House,Pennsylvania,Pennsylvania 15,Republican,R+2,2.0,True,True,100.0,general,654
Debbie_Dingell,2014,27,17,3571.0,8,10,2,2013-03-08 04:27:45+00:00,2014-09-26 02:54:44+00:00,House,Michigan,Michigan 12,Democratic,D+15,-15.0,False,True,65.0,general,566
James_Cargas,2014,27,11,1471.0,11,1,2,2013-03-08 08:28:59+00:00,2014-10-15 09:52:19+00:00,House,Texas,Texas 7,Democratic,R+13,13.0,False,False,34.5,general,586
Lacy_Clay,2014,27,23,212.0,9,11,3,2012-11-20 18:15:17+00:00,2014-08-16 17:28:13+00:00,House,Missouri,Missouri 1,Democratic,D+28,-28.0,True,True,72.9,general,633
Linda_D._Thompson,2014,27,19,1123.0,6,11,0,2012-12-27 21:19:13+00:00,2014-03-30 02:08:46+00:00,House,Pennsylvania,Pennsylvania 4,Democratic,R+9,9.0,False,False,25.5,general,457
Charles_Djou,2014,26,15,1599.0,5,2,3,2012-11-19 02:45:10+00:00,2014-10-27 06:18:02+00:00,House,Hawaii,Hawaii 1,Republican,D+18,-18.0,False,False,48.1,general,707
Constance_N._Johnson,2014,26,16,2970.0,5,8,1,2012-12-03 19:26:48+00:00,2014-10-12 00:16:27+00:00,Senate,Oklahoma,,Democratic,R+19,19.0,False,False,29.0,special,677
Elisabeth_Jensen,2014,26,11,5893.0,3,6,1,2014-02-23 15:16:27+00:00,2014-10-24 16:40:39+00:00,House,Kentucky,Kentucky 6,Democratic,R+9,9.0,False,False,40.0,general,243
Jeff_Fortenberry,2014,26,17,280.0,13,8,1,2013-01-30 04:14:01+00:00,2014-10-20 04:49:25+00:00,House,Nebraska,Nebraska 1,Republican,R+10,10.0,True,True,68.8,general,628
Phil_Roe_(politician),2014,26,20,2030.0,9,6,3,2012-11-16 23:23:02+00:00,2014-09-01 19:03:57+00:00,House,Tennessee,Tennessee 1,Republican,R+25,25.0,True,True,82.8,general,653
Rob_Woodall,2014,26,20,2140.0,5,9,2,2012-11-24 13:34:49+00:00,2014-10-20 07:11:31+00:00,House,Georgia,Georgia 7,Republican,R+14,14.0,True,True,65.4,general,694
Sam_Graves,2014,26,22,413.0,4,9,3,2012-11-10 11:28:44+00:00,2014-10-17 15:25:53+00:00,House,Missouri,Missouri 6,Republican,R+12,12.0,True,True,66.6,general,706
Brad_Ashford,2014,25,16,3581.0,3,12,0,2012-12-29 15:33:59+00:00,2014-10-17 17:39:04+00:00,House,Nebraska,Nebraska 2,Democratic,R+4,4.0,False,True,49.0,general,657
Cedric_Richmond,2014,25,23,1246.0,8,5,2,2012-11-10 11:58:29+00:00,2014-10-20 07:10:18+00:00,House,Louisiana,Louisiana 2,Democratic,D+23,-23.0,True,True,68.7,general,708
David_Rouzer,2014,25,15,1753.0,2,8,1,2012-11-07 19:26:46+00:00,2014-08-06 11:26:50+00:00,House,North Carolina,North Carolina 7,Republican,R+12,12.0,False,True,59.35,general,636
Emily_Cain,2014,25,11,12022.0,5,3,1,2012-12-06 02:14:22+00:00,2014-10-19 17:29:59+00:00,House,Maine,Maine 2,Democratic,D+2,-2.0,False,False,41.8,general,682
Paul_Chabot,2014,25,9,4648.0,3,2,0,2014-06-08 02:01:02+00:00,2014-06-29 04:56:07+00:00,House,California,California 31,Republican,D+5,-5.0,False,False,48.3,general,21
Brian_Babin,2014,24,6,15261.0,3,0,1,2014-03-05 15:06:09+00:00,2014-09-15 13:37:21+00:00,House,Texas,Texas 36,Republican,R+25,25.0,False,True,76.0,general,193
David_Scott_(Georgia_politician),2014,24,21,1078.0,8,7,6,2012-11-20 18:43:39+00:00,2014-08-01 05:30:59+00:00,House,Georgia,Georgia 13,Democratic,D+16,-16.0,True,True,100.0,general,618
James_Langevin,2014,24,17,4444.0,5,6,2,2012-11-21 04:55:04+00:00,2014-08-18 20:19:46+00:00,House,Rhode Island,Rhode Island 2,Democratic,D+8,-8.0,True,True,62.3,general,635
John_Carter_(Texas_politician),2014,24,20,104.0,5,9,1,2012-11-14 22:19:37+00:00,2014-11-01 12:44:21+00:00,House,Texas,Texas 31,Republican,R+12,12.0,True,True,64.1,general,716
Suzanne_Bonamici,2014,24,22,2963.0,3,6,1,2012-11-13 09:02:45+00:00,2014-09-10 17:42:05+00:00,House,Oregon,Oregon 1,Democratic,D+7,-7.0,True,True,57.6,general,666
Brenda_Lawrence,2014,23,10,5410.0,2,7,0,2013-03-13 04:27:13+00:00,2014-10-08 18:41:51+00:00,House,Michigan,Michigan 14,Democratic,D+29,-29.0,False,True,77.8,general,574
Cresent_Hardy,2014,23,6,2125.0,1,11,0,2013-10-17 19:42:50+00:00,2014-07-04 21:46:19+00:00,House,Nevada,Nevada 4,Republican,D+4,-4.0,False,True,48.5,general,260
Patrick_McHenry,2014,23,17,2748.0,6,6,3,2012-11-17 04:53:39+00:00,2014-10-25 15:15:32+00:00,House,North Carolina,North Carolina 10,Republican,R+11,11.0,True,True,61.02,general,707
Bill_Huizenga,2014,22,20,1055.0,4,8,1,2012-11-23 01:14:15+00:00,2014-09-26 00:54:17+00:00,House,Michigan,Michigan 2,Republican,R+7,7.0,True,True,63.6,general,671
Dan_Logue,2014,22,9,1963.0,4,15,0,2013-04-18 18:08:26+00:00,2014-10-26 00:16:30+00:00,House,California,California 3,Republican,D+3,-3.0,False,False,47.3,general,555
Joe_Courtney_(politician),2014,22,18,-3206.0,6,6,2,2012-11-24 04:40:58+00:00,2014-10-25 17:56:11+00:00,House,Connecticut,Connecticut 2,Democratic,D+5,-5.0,True,True,62.3,general,700
Allen_Weh,2014,21,14,1081.0,2,13,0,2013-03-07 17:25:22+00:00,2014-10-28 13:55:37+00:00,Senate,New Mexico,,Republican,D+4,-4.0,False,False,44.4,general,599
Campbell_Cavasso,2014,21,14,1498.0,7,3,2,2012-12-18 01:03:51+00:00,2014-10-02 15:57:53+00:00,Senate,Hawaii,,Republican,D+20,-20.0,False,False,27.7,special,653
Darlene_Senger,2014,21,6,513.0,1,10,0,2012-11-20 02:03:45+00:00,2014-03-19 17:49:26+00:00,House,Illinois,Illinois 11,Republican,D+8,-8.0,False,False,46.5,general,484
John_Sarbanes,2014,21,18,931.0,6,4,3,2012-12-30 07:19:45+00:00,2014-10-23 20:31:59+00:00,House,Maryland,Maryland 3,Democratic,D+9,-9.0,True,True,59.6,general,662
Suzanne_Patrick,2014,21,12,2938.0,7,0,1,2013-09-05 22:30:06+00:00,2014-09-13 16:32:43+00:00,House,Virginia,Virginia 2,Democratic,R+2,2.0,False,False,41.2,general,372
Bob_Gibbs,2014,20,16,2454.0,3,5,2,2012-11-17 07:44:15+00:00,2014-09-29 14:09:18+00:00,House,Ohio,Ohio 7,Republican,R+6,6.0,True,True,100.0,general,681
Donald_Norcross,2014,20,10,2372.0,1,11,0,2013-05-17 16:35:30+00:00,2014-10-07 13:36:58+00:00,House,New Jersey,New Jersey 1,Democratic,,,False,True,57.3,special,507
Kenny_Marchant,2014,20,15,690.0,6,7,3,2012-12-12 09:59:57+00:00,2014-09-01 19:00:43+00:00,House,Texas,Texas 24,Republican,R+13,13.0,True,True,65.1,general,628
Norma_Torres,2014,20,8,3085.0,6,0,1,2012-12-05 06:22:19+00:00,2014-03-11 07:31:42+00:00,House,California,California 35,Democratic,D+15,-15.0,False,True,63.5,general,461
Richard_H._Stallings,2014,20,13,682.0,7,9,4,2013-03-11 00:30:46+00:00,2014-10-27 19:44:20+00:00,House,Idaho,Idaho 2,Democratic,R+17,17.0,False,False,38.6,general,595
Gregg_Harper,2014,19,19,2014.0,4,7,2,2012-12-22 04:21:20+00:00,2014-08-08 01:10:06+00:00,House,Mississippi,Mississippi 3,Republican,R+14,14.0,True,True,68.9,general,593
Jim_Mowrer,2014,19,10,2855.0,6,3,1,2013-09-17 14:42:14+00:00,2014-10-16 20:36:46+00:00,House,Iowa,Iowa 4,Democratic,R+5,5.0,False,False,38.3,general,394
John_Moolenaar,2014,19,8,1396.0,0,2,0,2013-11-11 03:25:59+00:00,2014-10-29 16:34:26+00:00,House,Michigan,Michigan 4,Republican,R+5,5.0,False,True,56.5,general,352
Al_McAffrey,2014,18,14,684.0,4,4,1,2012-11-08 04:00:32+00:00,2014-09-06 16:11:37+00:00,House,Oklahoma,Oklahoma 5,Democratic,R+12,12.0,False,False,36.3,general,667
Buddy_Carter,2014,18,12,-408.0,5,2,1,2013-06-28 21:11:48+00:00,2014-10-23 21:02:42+00:00,House,Georgia,Georgia 1,Republican,R+9,9.0,False,True,60.9,general,481
Chuck_Fleischmann,2014,18,17,882.0,5,5,2,2012-11-10 13:14:37+00:00,2014-07-31 04:11:30+00:00,House,Tennessee,Tennessee 3,Republican,R+16,16.0,True,True,62.4,general,627
Steve_Knight_(politician),2014,18,6,1370.0,2,5,0,2012-12-04 07:36:38+00:00,2014-10-26 06:15:03+00:00,House,California,California 25,Republican,R+3,3.0,False,True,53.3,general,690
Irv_Halter,2014,17,10,-12.0,2,4,0,2013-08-16 14:30:37+00:00,2014-09-18 22:29:09+00:00,House,Colorado,Colorado 5,Democratic,R+13,13.0,False,False,40.2,general,398
James_Lee_Witt,2014,17,13,784.0,3,3,2,2012-11-08 11:02:01+00:00,2014-11-02 02:23:33+00:00,House,Arkansas,Arkansas 4,Democratic,R+15,15.0,False,False,42.6,general,723
Jim_Evans_(politician),2014,17,1,875.0,14,0,0,2014-05-07 00:19:17+00:00,2014-08-06 23:04:50+00:00,House,Missouri,Missouri 7,Democratic,R+19,19.0,False,False,28.8,general,91
Mark_Walker_(North_Carolina_politician),2014,17,6,2539.0,3,5,1,2014-07-16 16:36:07+00:00,2014-10-23 21:48:49+00:00,House,North Carolina,North Carolina 6,Republican,R+10,10.0,False,True,58.67,general,99
Mike_Bishop_(politician),2014,17,12,2827.0,1,4,0,2013-06-27 13:12:06+00:00,2014-08-07 16:22:14+00:00,House,Michigan,Michigan 8,Republican,R+2,2.0,False,True,54.6,general,406
Pam_Byrnes,2014,17,8,2521.0,7,0,0,2013-05-01 18:59:49+00:00,2014-10-02 13:43:20+00:00,House,Michigan,Michigan 7,Democratic,R+3,3.0,False,False,41.2,general,518
Dan_Debicella,2014,16,11,-13325.0,5,2,2,2012-11-15 07:08:42+00:00,2014-10-23 19:56:32+00:00,House,Connecticut,Connecticut 4,Republican,D+5,-5.0,False,False,46.3,general,707
Pat_Murphy_(Iowa_politician),2014,16,14,-1228.0,5,9,0,2013-02-07 17:04:20+00:00,2014-09-10 16:39:05+00:00,House,Iowa,Iowa 1,Democratic,D+5,-5.0,False,False,48.8,general,579
Brad_Hutto,2014,15,10,2163.0,5,2,1,2013-03-16 22:12:39+00:00,2014-09-01 20:31:39+00:00,Senate,South Carolina,,Democratic,R+8,8.0,False,False,38.8,general,533
Clint_Didier,2014,15,10,1296.0,3,7,1,2013-03-16 00:59:37+00:00,2014-10-02 00:12:20+00:00,House,Washington,Washington 4,Republican,R+13,13.0,False,False,49.1,general,564
Dan_Newhouse,2014,15,5,1833.0,0,1,0,2014-02-21 20:22:56+00:00,2014-10-23 03:25:01+00:00,House,Washington,Washington 4,Republican,R+13,13.0,False,True,50.9,general,243
Jennifer_Garrison,2014,15,12,683.0,2,8,1,2013-07-15 13:22:53+00:00,2014-10-24 02:51:50+00:00,House,Ohio,Ohio 6,Democratic,R+8,8.0,False,False,38.6,general,465
Nick_Casey,2014,14,9,522.0,2,3,1,2013-08-13 13:12:19+00:00,2014-06-18 06:47:33+00:00,House,West Virginia,West Virginia 2,Democratic,R+11,11.0,False,False,43.9,general,308
Torrey_Westrom,2014,14,5,1228.0,1,2,0,2012-12-04 03:01:17+00:00,2014-04-14 01:27:46+00:00,House,Minnesota,Minnesota 7,Republican,R+6,6.0,False,False,45.7,general,495
Gordon_Howie,2014,13,5,4555.0,3,0,0,2014-04-04 13:30:22+00:00,2014-10-09 13:56:05+00:00,Senate,South Dakota,,Independent,R+10,10.0,False,False,3.0,general,188
Kevin_L._Wade,2014,13,9,-3674.0,2,2,0,2012-11-09 05:53:19+00:00,2014-09-03 20:20:54+00:00,Senate,Delaware,,Republican,D+8,-8.0,False,False,42.2,general,663
Abel_Tapia,2014,12,8,-1615.0,4,1,1,2013-11-15 01:49:30+00:00,2014-09-14 07:48:07+00:00,House,Colorado,Colorado 3,Democratic,R+5,5.0,False,False,35.7,general,303
Garry_Cobb,2014,12,6,5808.0,1,8,1,2012-11-13 06:21:01+00:00,2014-09-14 00:53:46+00:00,House,New Jersey,New Jersey 1,Republican,,,False,False,39.5,special,669
George_B._Sinner,2014,12,6,1005.0,0,0,0,2013-12-19 01:05:42+00:00,2014-10-13 21:49:09+00:00,House,North Dakota,North Dakota at-large,Democratic-NPL,R+10,10.0,False,False,38.5,general,298
Joe_Bock_(academic),2014,12,5,949.0,2,0,0,2013-10-21 21:43:17+00:00,2013-12-14 10:15:09+00:00,House,Indiana,Indiana 2,Democratic,R+6,6.0,False,False,38.3,general,53
Kawika_Crowley,2014,12,10,441.0,1,2,2,2012-11-08 21:06:58+00:00,2014-09-02 18:06:12+00:00,House,Hawaii,Hawaii 2,Republican,D+21,-21.0,False,False,18.7,general,662
Mark_DeSaulnier,2014,12,10,1209.0,3,2,0,2013-01-02 08:15:13+00:00,2014-03-27 02:04:17+00:00,House,California,California 11,Democratic,D+17,-17.0,False,True,67.3,general,448
Annette_Teijeiro,2014,11,8,-408.0,2,0,1,2014-09-24 01:41:54+00:00,2014-10-25 23:03:41+00:00,House,Nevada,Nevada 1,Republican,D+14,-14.0,False,False,37.9,general,31
Bill_Bailey_(Indiana_politician),2014,10,5,1108.0,2,1,0,2013-09-30 18:18:37+00:00,2014-08-24 16:54:08+00:00,House,Indiana,Indiana 9,Democratic,R+9,9.0,False,False,33.7,general,327
Joyce_McDonald,2014,10,4,658.0,2,2,0,2014-03-07 21:30:16+00:00,2014-11-03 20:15:35+00:00,House,Washington,Washington 10,Republican,D+5,-5.0,False,False,45.3,general,240
Andrew_Groff,2014,9,8,539.0,3,1,2,2013-03-01 06:52:29+00:00,2014-09-04 01:11:39+00:00,Senate,Delaware,,Green,D+8,-8.0,False,False,1.9,general,551
Eric_Schechter,2014,9,6,868.0,3,1,2,2012-11-08 22:23:53+00:00,2014-10-02 16:12:28+00:00,Senate,Tennessee,,Independent,R+12,12.0,False,False,0.1,general,692
Susan_Narvaiz,2014,9,6,599.0,4,2,0,2013-02-28 15:46:33+00:00,2014-07-01 14:25:54+00:00,House,Texas,Texas 35,Republican,D+11,-11.0,False,False,33.3,general,487
Alan_Cohn,2014,8,4,45.0,3,1,0,2013-09-06 07:42:46+00:00,2014-06-20 18:08:45+00:00,House,Florida,Florida 15,Democratic,R+6,6.0,False,False,39.7,general,287
Ray_Woods,2014,8,7,-252.0,1,0,1,2012-11-26 15:44:03+00:00,2014-08-20 18:11:28+00:00,Senate,Oklahoma,,Independent,R+19,19.0,False,False,1.2,general,632
Bonnie_Watson_Coleman,2014,7,6,1051.0,3,0,0,2012-12-03 20:21:12+00:00,2014-06-06 06:23:58+00:00,House,New Jersey,New Jersey 12,Democratic,D+14,-14.0,False,True,61.0,general,549
Glen_Gainer_III,2014,7,3,4243.0,1,0,0,2013-11-07 16:43:42+00:00,2013-12-26 23:57:30+00:00,House,West Virginia,West Virginia 1,Democratic,R+14,14.0,False,False,36.0,general,49
Rocky_Lara,2014,7,5,79.0,0,4,0,2013-09-10 01:51:03+00:00,2014-06-08 01:44:20+00:00,House,New Mexico,New Mexico 2,Democratic,R+5,5.0,False,False,35.5,general,270
Corinna_Robinson,2014,6,4,-2798.0,0,0,0,2013-10-18 19:12:43+00:00,2014-01-28 14:58:38+00:00,House,South Dakota,South Dakota at-large,Democratic,R+10,10.0,False,False,33.5,general,101
Shirley_Ringo,2014,6,4,51.0,0,5,0,2013-09-20 08:00:39+00:00,2014-08-20 16:16:31+00:00,House,Idaho,Idaho 1,Democratic,R+18,18.0,False,False,35.0,general,334
Mike_Obermueller,2014,5,5,201.0,2,2,0,2012-11-12 04:47:18+00:00,2014-06-25 06:28:39+00:00,House,Minnesota,Minnesota 2,DFL,R+2,2.0,False,False,38.9,general,590
Aaron_Woolf,2014,4,2,36.0,1,0,0,2014-02-26 19:37:52+00:00,2014-09-12 14:24:24+00:00,House,New York,New York 21,Democratic,EVEN,0.0,False,False,33.8,general,197
Bob_Dingethal,2014,4,4,-4022.0,1,0,0,2013-12-11 00:32:50+00:00,2014-01-30 17:55:31+00:00,House,Washington,Washington 3,Democratic,R+2,2.0,False,False,38.5,general,50
Joyce_Dickerson,2014,4,1,287.0,0,0,0,2014-10-22 03:15:21+00:00,2014-10-29 22:36:54+00:00,Senate,South Carolina,,Democratic,R+8,8.0,False,False,37.1,special,7
Ryan_Costello,2014,4,2,4262.0,1,0,0,2014-07-23 17:59:39+00:00,2014-11-04 21:37:41+00:00,House,Pennsylvania,Pennsylvania 6,Republican,R+2,2.0,False,True,56.3,general,104
Tom_Houghton,2014,4,3,213.0,0,1,0,2014-01-28 04:29:27+00:00,2014-05-08 22:47:11+00:00,House,Pennsylvania,Pennsylvania 16,Democratic,R+4,4.0,False,False,42.3,general,100
Kelly_Kultala,2014,3,3,192.0,1,1,1,2013-03-07 20:42:07+00:00,2014-07-04 00:31:33+00:00,House,Kansas,Kansas 3,Democratic,R+6,6.0,False,False,40.0,general,483
Adrian_M._Smith,2014,2,2,-1.0,1,0,0,2012-11-09 09:58:20+00:00,2012-12-21 18:03:54+00:00,House,Nebraska,Nebraska 3,Republican,R+23,23.0,True,True,75.4,general,42
Alieta_Eck,2014,2,1,7.0,0,0,0,2013-06-21 00:03:00+00:00,2013-06-21 00:03:43+00:00,House,New Jersey,New Jersey 12,Republican,D+14,-14.0,False,False,36.5,general,0
Austin_Scott_(politician),2014,2,2,28.0,1,0,1,2012-11-27 13:47:01+00:00,2012-12-06 08:03:43+00:00,House,Georgia,Georgia 8,Republican,R+15,15.0,True,True,99.9,general,8
Daniel_Bongino,2014,2,1,-36.0,1,0,0,2014-10-17 16:21:00+00:00,2014-10-17 16:21:17+00:00,House,Maryland,Maryland 6,Republican,D+4,-4.0,False,False,48.3,general,0
Gloria_Tinubu,2014,2,2,-63.0,2,0,0,2013-05-28 03:17:12+00:00,2013-05-28 10:58:25+00:00,House,South Carolina,South Carolina 7,Democratic,R+7,7.0,False,False,40.0,general,0
John_Katko,2014,2,1,0.0,0,0,0,2014-10-31 15:03:10+00:00,2014-10-31 15:03:20+00:00,House,New York,New York 24,Republican,D+5,-5.0,False,True,59.5,general,0
Arthur_Lieber,2014,1,1,0.0,0,0,0,2014-05-25 11:04:41+00:00,2014-05-25 11:04:41+00:00,House,Missouri,Missouri 2,Democratic,R+8,8.0,False,False,32.6,general,0
Bill_Keating_(politician),2014,1,1,-3.0,0,0,0,2012-12-02 19:27:12+00:00,2012-12-02 19:27:12+00:00,House,Massachusetts,Massachusetts 9,Democratic,D+5,-5.0,True,True,55.0,general,0
Bill_Slantz,2014,1,1,0.0,0,0,0,2013-05-17 23:43:58+00:00,2013-05-17 23:43:58+00:00,House,Missouri,Missouri 2,Libertarian,R+8,8.0,False,False,3.3,general,0
Bobby_McKenzie,2014,1,1,0.0,0,0,0,2013-10-24 17:29:38+00:00,2013-10-24 17:29:38+00:00,House,Michigan,Michigan 11,Democratic,R+4,4.0,False,False,40.5,general,0
Brian_Herr,2014,1,1,0.0,0,0,0,2014-05-12 17:11:22+00:00,2014-05-12 17:11:22+00:00,Senate,Massachusetts,,Republican,D+10,-10.0,False,False,38.0,general,0
Burton_LeFlore,2014,1,1,0.0,0,0,0,2013-10-31 21:43:35+00:00,2013-10-31 21:43:35+00:00,House,Alabama,Alabama 1,Democratic,R+15,15.0,False,False,31.7,general,0
Carl_Domino,2014,1,1,0.0,0,0,0,2013-10-21 15:20:34+00:00,2013-10-21 15:20:34+00:00,House,Florida,Florida 18,Republican,R+3,3.0,False,False,40.2,general,0
Carlos_Curbelo,2014,1,1,0.0,0,0,0,2014-11-02 17:49:28+00:00,2014-11-02 17:49:28+00:00,House,Florida,Florida 26,Republican,R+4,4.0,False,True,51.5,general,0
Darrel_Miller,2014,1,1,0.0,0,0,0,2014-03-28 00:57:19+00:00,2014-03-28 00:57:19+00:00,House,Illinois,Illinois 18,Democratic,R+11,11.0,False,False,25.3,general,0
David_Young_(Iowa_politician),2014,1,1,0.0,0,0,0,2014-08-15 19:34:17+00:00,2014-08-15 19:34:17+00:00,House,Iowa,Iowa 3,Republican,EVEN,0.0,False,True,52.8,general,0
Dee_Adcock,2014,1,1,-1046.0,0,0,0,2013-09-12 18:37:15+00:00,2013-09-12 18:37:15+00:00,House,Pennsylvania,Pennsylvania 13,Republican,D+13,-13.0,False,False,32.9,general,0
Doug_Owens,2014,1,1,0.0,0,0,0,2014-10-30 18:53:22+00:00,2014-10-30 18:53:22+00:00,House,Utah,Utah 4,Democratic,R+16,16.0,False,False,45.8,general,0
Eric_Schertzing,2014,1,1,0.0,0,0,0,2014-08-06 13:58:11+00:00,2014-08-06 13:58:11+00:00,House,Michigan,Michigan 8,Democratic,R+2,2.0,False,False,42.1,general,0
Erin_McClelland,2014,1,1,0.0,0,0,0,2014-06-14 18:49:52+00:00,2014-06-14 18:49:52+00:00,House,Pennsylvania,Pennsylvania 12,Democratic,R+9,9.0,False,False,40.7,general,0
French_Hill_(politician),2014,1,1,0.0,0,0,0,2014-11-02 17:38:57+00:00,2014-11-02 17:38:57+00:00,House,Arkansas,Arkansas 2,Republican,R+8,8.0,False,True,51.9,general,0
Gwen_Graham,2014,1,1,0.0,0,0,0,2014-10-21 15:26:19+00:00,2014-10-21 15:26:19+00:00,House,Florida,Florida 2,Democratic,R+6,6.0,False,True,50.5,general,0
Jacob_Turk,2014,1,1,0.0,0,0,0,2014-05-25 11:44:40+00:00,2014-05-25 11:44:40+00:00,House,Missouri,Missouri 5,Republican,D+9,-9.0,False,False,45.0,general,0
Jason_Ritchie,2014,1,1,0.0,0,0,0,2014-06-25 02:31:33+00:00,2014-06-25 02:31:33+00:00,House,Washington,Washington 8,Democratic,R+1,1.0,False,False,36.7,general,0
John_K._Delaney,2014,1,1,0.0,0,0,0,2013-01-01 23:12:30+00:00,2013-01-01 23:12:30+00:00,House,Maryland,Maryland 6,Democratic,D+4,-4.0,True,True,49.7,general,0
Joseph_R._Pitts,2014,1,1,0.0,0,0,0,2013-10-20 15:29:02+00:00,2013-10-20 15:29:02+00:00,House,Pennsylvania,Pennsylvania 16,Republican,R+4,4.0,True,True,57.7,general,0
Kelly_Westlund,2014,1,1,0.0,0,0,0,2014-07-04 21:24:22+00:00,2014-07-04 21:24:22+00:00,House,Wisconsin,Wisconsin 7,Democratic,R+2,2.0,False,False,39.4,general,0
Kevin_Strouse,2014,1,1,0.0,0,0,0,2014-05-17 22:50:41+00:00,2014-05-17 22:50:41+00:00,House,Pennsylvania,Pennsylvania 8,Democratic,R+1,1.0,False,False,38.1,general,0
Margie_Wakefield,2014,1,1,0.0,0,0,0,2013-10-17 13:51:46+00:00,2013-10-17 13:51:46+00:00,House,Kansas,Kansas 2,Democratic,R+8,8.0,False,False,38.5,general,0
Martha_Robertson,2014,1,1,0.0,0,0,0,2014-07-04 21:29:03+00:00,2014-07-04 21:29:03+00:00,House,New York,New York 23,Democratic,R+3,3.0,False,False,38.3,general,0
Pete_Crossland,2014,1,1,0.0,0,1,0,2014-02-17 18:30:44+00:00,2014-02-17 18:30:44+00:00,House,Ohio,Ohio 16,Democratic,R+6,6.0,False,False,36.3,general,0
Ralph_Abraham_(politician),2014,1,1,0.0,0,0,0,2014-11-02 17:56:17+00:00,2014-11-02 17:56:17+00:00,House,Louisiana,Louisiana 5,Republican,R+15,15.0,False,True,23.2,general,0
Robb_Cunningham,2014,1,1,0.0,0,0,0,2014-05-25 10:59:21+00:00,2014-05-25 10:59:21+00:00,House,Missouri,Missouri 1,Libertarian,D+28,-28.0,False,False,5.5,general,0
Rod_Blum,2014,1,1,0.0,0,0,0,2014-11-02 17:51:02+00:00,2014-11-02 17:51:02+00:00,House,Iowa,Iowa 1,Republican,D+5,-5.0,False,True,51.1,general,0
Roy_Cho,2014,1,1,0.0,0,0,0,2013-10-09 11:39:25+00:00,2013-10-09 11:39:25+00:00,House,New Jersey,New Jersey 5,Democratic,R+4,4.0,False,False,43.3,general,0
Sean_Haugh,2014,1,1,0.0,0,0,0,2014-06-01 10:00:20+00:00,2014-06-01 10:00:20+00:00,Senate,North Carolina,,Libertarian,R+3,3.0,False,False,3.7,general,0
Steven_Hedrick,2014,1,1,0.0,0,0,0,2014-05-25 11:16:05+00:00,2014-05-25 11:16:05+00:00,House,Missouri,Missouri 3,Libertarian,R+13,13.0,False,False,4.5,general,0
Susanne_Atanus,2014,1,1,0.0,0,0,0,2014-03-20 05:05:54+00:00,2014-03-20 05:05:54+00:00,House,Illinois,Illinois 9,Republican,D+15,-15.0,False,False,33.9,general,0
Tom_MacArthur,2014,1,1,0.0,0,0,0,2014-05-14 20:11:47+00:00,2014-05-14 20:11:47+00:00,House,New Jersey,New Jersey 3,Republican,R+1,1.0,False,True,54.0,general,0
Marco_Rubio,2016,1897,544,113795.0,296,287,47,2014-11-07 05:23:46+00:00,2016-11-02 19:20:33+00:00,Senate,Florida,,Republican,R+2,2.0,False,True,52.0,general,726
Debbie_Wasserman_Schultz,2016,794,331,13061.0,174,242,28,2014-11-09 22:30:11+00:00,2016-11-07 00:30:38+00:00,House,Florida,Florida 23,Democratic,D+9,-9.0,True,True,56.7,general,728
Lee_Zeldin,2016,770,142,19380.0,145,142,12,2014-11-05 05:10:31+00:00,2016-10-30 00:50:58+00:00,House,New York,New York 1,Republican,R+2,2.0,True,True,58.9,general,724
Rand_Paul,2016,492,156,40364.0,82,0,11,2014-11-06 15:54:37+00:00,2016-10-23 09:08:16+00:00,Senate,Kentucky,,Republican,R+13,13.0,False,True,57.3,general,716
Steve_Womack,2016,385,195,1294.0,124,163,29,2014-12-26 01:35:15+00:00,2016-10-29 04:28:59+00:00,House,Arkansas,Arkansas 3,Republican,R+19,19.0,True,True,77.3,general,673
Joe_Heck,2016,345,54,25126.0,98,21,10,2014-11-05 16:06:22+00:00,2016-11-07 21:34:13+00:00,Senate,Nevada,,Republican,D+2,-2.0,False,False,44.7,general,733
Paul_Ryan,2016,325,136,-47336.0,58,0,4,2014-11-08 21:08:24+00:00,2016-10-18 18:12:16+00:00,House,Wisconsin,Wisconsin 1,Republican,R+3,3.0,True,True,65.0,general,709
Mia_Love,2016,323,127,22467.0,46,59,10,2014-11-05 00:00:25+00:00,2016-10-20 11:00:28+00:00,House,Utah,Utah 4,Republican,R+16,16.0,True,True,53.8,general,715
Kelly_Ayotte,2016,319,79,37174.0,79,30,10,2014-11-07 17:08:38+00:00,2016-11-08 05:39:42+00:00,Senate,New Hampshire,,Republican,D+1,-1.0,False,False,47.87,general,731
Chuck_Schumer,2016,295,175,28656.0,61,105,14,2014-11-06 16:12:46+00:00,2016-11-07 16:33:51+00:00,Senate,New York,,Democratic,D+11,-11.0,False,True,70.4,general,732
John_McCain,2016,294,111,40616.0,57,0,4,2014-11-06 15:04:38+00:00,2016-11-06 01:04:51+00:00,Senate,Arizona,,Republican,R+7,7.0,False,True,53.7,general,730
Roy_Blunt,2016,277,68,31376.0,50,34,8,2014-11-06 17:00:40+00:00,2016-11-07 17:22:20+00:00,Senate,Missouri,,Republican,R+5,5.0,False,True,49.3,general,732
Ted_Strickland,2016,275,78,-422.0,45,76,14,2014-12-02 05:17:00+00:00,2016-11-08 22:01:51+00:00,Senate,Ohio,,Democratic,R+1,1.0,False,False,37.1,general,707
Trey_Gowdy,2016,269,143,6857.0,49,98,8,2014-11-05 05:23:03+00:00,2016-11-08 15:26:28+00:00,House,South Carolina,South Carolina 4,Republican,R+15,15.0,True,True,67.2,general,734
Tulsi_Gabbard,2016,268,133,23972.0,61,63,11,2014-11-05 21:44:41+00:00,2016-11-08 07:30:46+00:00,House,Hawaii,Hawaii 2,Democratic,D+21,-21.0,True,True,81.2,general,733
Maggie_Hassan,2016,262,116,9696.0,59,36,12,2014-11-05 08:25:27+00:00,2016-11-08 21:22:37+00:00,Senate,New Hampshire,,Democratic,D+1,-1.0,False,True,47.97,general,734
Tammy_Duckworth,2016,261,100,5259.0,46,33,11,2014-11-08 08:09:57+00:00,2016-11-07 22:34:11+00:00,Senate,Illinois,,Democratic,D+8,-8.0,False,True,54.9,general,730
Kamala_Harris,2016,260,154,23612.0,57,95,13,2014-11-10 20:26:57+00:00,2016-11-08 23:57:04+00:00,Senate,California,,Democratic,D+9,-9.0,False,True,61.8,general,729
Russ_Feingold,2016,251,84,5016.0,63,39,8,2014-11-08 06:08:27+00:00,2016-10-29 03:05:45+00:00,Senate,Wisconsin,,Democratic,D+2,-2.0,False,False,46.84,general,720
Mark_Kirk,2016,248,67,36904.0,63,0,6,2014-11-06 23:43:24+00:00,2016-11-06 08:10:51+00:00,Senate,Illinois,,Republican,D+8,-8.0,False,False,39.8,general,730
John_Lewis,2016,247,155,7615.0,61,92,12,2014-11-13 06:13:31+00:00,2016-11-07 21:23:42+00:00,House,Georgia,Georgia 5,Democratic,D+32,-32.0,True,True,84.4,general,725
Richard_Burr,2016,242,68,19855.0,66,31,12,2014-11-05 04:57:31+00:00,2016-11-07 07:50:22+00:00,Senate,North Carolina,,Republican,R+3,3.0,False,True,51.1,general,733
Steve_Knight_(politician),2016,232,43,17485.0,50,11,7,2014-11-05 23:46:43+00:00,2016-11-08 04:46:19+00:00,House,California,California 25,Republican,R+3,3.0,True,True,53.1,general,733
Rob_Portman,2016,220,91,63840.0,44,58,10,2014-11-05 00:35:22+00:00,2016-11-08 15:36:40+00:00,Senate,Ohio,,Republican,R+1,1.0,False,True,58.0,general,734
Steve_Scalise,2016,219,83,8594.0,33,39,4,2014-12-08 06:12:29+00:00,2016-10-10 08:25:11+00:00,House,Louisiana,Louisiana 1,Republican,R+26,26.0,True,True,74.6,general,672
Patrick_Leahy,2016,205,91,21821.0,42,53,2,2014-11-05 23:54:00+00:00,2016-10-23 18:58:01+00:00,Senate,Vermont,,Democratic,D+18,-18.0,False,True,61.3,general,717
Kevin_McCarthy,2016,204,81,11347.0,32,69,4,2014-12-24 00:23:18+00:00,2016-11-02 03:53:02+00:00,House,California,California 23,Republican,R+16,16.0,True,True,69.2,general,679
Patrick_Murphy_(Florida_politician),2016,199,87,13729.0,54,49,6,2014-11-06 01:39:35+00:00,2016-11-04 01:32:30+00:00,Senate,Florida,,Democratic,R+2,2.0,False,False,44.3,general,728
Ron_Johnson,2016,197,84,26033.0,37,52,5,2014-11-06 18:35:54+00:00,2016-11-07 02:33:42+00:00,Senate,Wisconsin,,Republican,D+2,-2.0,False,True,50.19,general,731
Mike_Honda,2016,194,77,18829.0,33,51,4,2014-12-19 08:16:09+00:00,2016-10-27 19:13:50+00:00,House,California,California 17,Democratic,D+20,-20.0,True,False,39.0,general,678
David_Jolly,2016,187,66,12590.0,37,24,13,2014-11-07 11:57:35+00:00,2016-10-01 04:03:30+00:00,House,Florida,Florida 13,Republican,D+3,-3.0,True,False,48.1,general,693
Steve_King,2016,187,102,12638.0,45,73,7,2014-11-19 00:11:48+00:00,2016-10-07 23:54:28+00:00,House,Iowa,Iowa 4,Republican,R+5,5.0,True,True,61.3,general,688
Richard_Shelby,2016,185,71,16256.0,44,56,7,2014-11-06 17:02:18+00:00,2016-10-25 20:54:41+00:00,Senate,Alabama,,Republican,R+14,14.0,False,True,64.0,general,719
Jason_Chaffetz,2016,182,112,12629.0,45,70,8,2014-11-13 21:29:58+00:00,2016-11-06 02:13:20+00:00,House,Utah,Utah 3,Republican,R+28,28.0,True,True,73.5,general,723
Zephyr_Teachout,2016,181,72,8295.0,30,35,11,2014-12-03 20:30:09+00:00,2016-11-08 01:55:45+00:00,House,New York,New York 19,Democratic,D+1,-1.0,False,False,45.7,general,705
Katie_McGinty,2016,179,66,8658.0,28,29,8,2014-11-14 21:50:22+00:00,2016-11-06 14:12:19+00:00,Senate,Pennsylvania,,Democratic,D+1,-1.0,False,False,47.2,general,722
Kevin_Yoder,2016,179,79,13274.0,53,54,18,2014-12-13 00:46:08+00:00,2016-10-23 15:58:57+00:00,House,Kansas,Kansas 3,Republican,R+6,6.0,True,True,51.3,general,680
Jason_Kander,2016,174,75,5401.0,31,32,7,2014-12-31 18:26:01+00:00,2016-11-08 15:40:58+00:00,Senate,Missouri,,Democratic,R+5,5.0,False,False,46.2,general,677
Scott_DesJarlais,2016,171,42,13208.0,26,71,5,2014-11-08 20:56:15+00:00,2016-10-08 16:22:30+00:00,House,Tennessee,Tennessee 4,Republican,R+18,18.0,True,True,65.0,general,699
Jan_Schakowsky,2016,170,60,1954.0,25,51,7,2014-11-05 20:15:08+00:00,2016-10-23 11:41:14+00:00,House,Illinois,Illinois 9,Democratic,D+15,-15.0,True,True,66.5,general,717
Seth_Moulton,2016,170,73,9764.0,30,30,6,2014-11-05 02:49:49+00:00,2016-10-14 17:18:38+00:00,House,Massachusetts,Massachusetts 6,Democratic,D+4,-4.0,True,True,98.4,general,709
Scott_Garrett,2016,167,36,-650.0,38,14,5,2014-12-13 00:22:37+00:00,2016-11-06 01:14:38+00:00,House,New Jersey,New Jersey 5,Republican,R+4,4.0,True,False,46.7,general,694
Will_Hurd,2016,166,61,13601.0,24,27,1,2014-11-05 04:24:55+00:00,2016-10-26 01:20:49+00:00,House,Texas,Texas 23,Republican,R+3,3.0,True,True,48.3,general,720
Devin_Nunes,2016,157,48,19418.0,26,24,5,2014-11-18 22:03:20+00:00,2016-11-01 04:01:43+00:00,House,California,California 22,Republican,R+10,10.0,True,True,67.6,general,713
Ted_Deutch,2016,155,38,-2377.0,16,105,0,2014-12-04 01:44:40+00:00,2016-10-13 03:48:05+00:00,House,Florida,Florida 22,Democratic,D+5,-5.0,False,True,58.9,general,679
Elise_Stefanik,2016,153,60,10800.0,24,31,2,2014-11-05 13:35:54+00:00,2016-11-01 13:04:57+00:00,House,New York,New York 21,Republican,EVEN,0.0,True,True,65.3,general,726
Michael_Bennet,2016,152,51,9257.0,30,29,4,2014-11-07 05:59:22+00:00,2016-10-23 08:20:31+00:00,Senate,Colorado,,Democratic,D+1,-1.0,False,True,50.0,general,716
John_Faso,2016,150,35,525.0,21,12,7,2015-06-16 17:15:03+00:00,2016-11-01 23:03:21+00:00,House,New York,New York 19,Republican,D+1,-1.0,False,True,54.2,general,504
Barbara_Comstock,2016,148,48,8788.0,36,8,9,2014-11-05 18:20:15+00:00,2016-10-09 20:18:39+00:00,House,Virginia,Virginia 10,Republican,R+2,2.0,True,True,52.7,general,704
Brian_Babin,2016,148,53,16827.0,23,22,4,2014-11-05 21:41:02+00:00,2016-11-02 03:12:44+00:00,House,Texas,Texas 36,Republican,R+25,25.0,True,True,88.6,general,727
Evan_Bayh,2016,147,56,-1729.0,28,23,4,2014-12-15 01:13:22+00:00,2016-11-06 15:54:26+00:00,Senate,Indiana,,Democratic,R+5,5.0,False,False,42.4,general,692
Andy_Harris_(politician),2016,143,90,12004.0,41,45,16,2014-11-05 20:30:03+00:00,2016-11-01 08:03:59+00:00,House,Maryland,Maryland 1,Republican,R+14,14.0,True,True,67.0,general,726
Bruce_Poliquin,2016,140,44,10777.0,24,19,2,2014-11-05 03:28:30+00:00,2016-11-06 01:11:02+00:00,House,Maine,Maine 2,Republican,D+2,-2.0,True,True,54.8,general,731
Pat_Toomey,2016,140,61,30521.0,37,23,8,2014-11-06 16:39:58+00:00,2016-11-07 15:55:59+00:00,Senate,Pennsylvania,,Republican,D+1,-1.0,False,True,48.9,general,731
Dave_Brat,2016,138,89,9155.0,36,33,5,2014-11-05 05:29:15+00:00,2016-11-01 03:18:43+00:00,House,Virginia,Virginia 7,Republican,R+8,8.0,True,True,57.5,general,726
Scott_Angelle,2016,137,32,7439.0,14,37,4,2014-11-09 07:41:16+00:00,2016-09-14 02:39:08+00:00,House,Louisiana,Louisiana 3,Republican,R+19,19.0,False,True,28.6,general,674
Loretta_Sanchez,2016,135,75,15938.0,22,41,4,2014-11-26 16:25:12+00:00,2016-11-07 20:01:31+00:00,Senate,California,,Democratic,D+9,-9.0,False,False,38.2,general,712
Martha_McSally,2016,134,66,8226.0,22,37,5,2014-11-06 20:32:46+00:00,2016-11-05 22:03:44+00:00,House,Arizona,Arizona 2,Republican,R+3,3.0,True,True,57.0,general,730
Justin_Amash,2016,133,80,9744.0,21,26,6,2014-11-16 19:02:58+00:00,2016-10-28 06:53:47+00:00,House,Michigan,Michigan 3,Republican,R+4,4.0,True,True,59.5,general,711
Darin_LaHood,2016,129,56,6786.0,16,32,3,2014-12-10 06:50:30+00:00,2016-09-28 02:31:48+00:00,House,Illinois,Illinois 18,Republican,R+11,11.0,True,True,72.1,general,657
Keith_Ellison,2016,128,75,1847.0,31,34,10,2014-11-13 19:19:50+00:00,2016-11-07 20:50:01+00:00,House,Minnesota,Minnesota 5,DFL,D+22,-22.0,True,True,69.1,general,725
John_Thune,2016,125,81,15506.0,28,39,2,2014-11-07 17:27:49+00:00,2016-11-04 19:55:22+00:00,Senate,South Dakota,,Republican,R+10,10.0,False,True,71.8,general,728
Denise_Juneau,2016,124,26,2360.0,30,6,5,2014-11-07 00:03:06+00:00,2016-11-08 02:22:17+00:00,House,Montana,Montana at-large,Democratic,R+7,7.0,False,False,40.5,general,732
Dan_Donovan_(politician),2016,123,53,10910.0,25,15,9,2014-12-05 00:04:25+00:00,2016-11-03 06:35:53+00:00,House,New York,New York 11,Republican,R+2,2.0,True,True,61.5,general,699
Lisa_Murkowski,2016,123,71,21550.0,29,38,6,2014-11-07 05:57:51+00:00,2016-11-04 01:30:46+00:00,Senate,Alaska,,Republican,R+12,12.0,False,True,44.5,general,727
Louie_Gohmert,2016,123,76,2080.0,35,33,11,2014-11-08 05:27:07+00:00,2016-11-05 00:40:35+00:00,House,Texas,Texas 1,Republican,R+24,24.0,True,True,73.9,general,727
Ryan_Zinke,2016,121,54,4437.0,19,25,4,2014-11-06 03:54:21+00:00,2016-10-31 19:11:46+00:00,House,Montana,Montana at-large,Republican,R+7,7.0,True,True,56.2,general,725
Tom_Graves,2016,120,63,8197.0,38,31,8,2014-12-01 10:48:49+00:00,2016-11-02 14:46:19+00:00,House,Georgia,Georgia 14,Republican,R+26,26.0,True,True,99.9,general,702
Johnny_Isakson,2016,119,66,19937.0,26,26,4,2014-11-07 17:40:49+00:00,2016-11-08 02:58:56+00:00,Senate,Georgia,,Republican,R+6,6.0,False,True,54.8,general,731
Pete_Aguilar,2016,118,37,13606.0,6,70,3,2014-11-09 13:45:33+00:00,2016-10-25 23:37:44+00:00,House,California,California 31,Democratic,D+5,-5.0,True,True,56.1,general,716
Brad_Ashford,2016,117,54,4635.0,12,21,4,2014-11-05 20:20:04+00:00,2016-11-07 01:47:23+00:00,House,Nebraska,Nebraska 2,Democratic,R+4,4.0,True,False,47.7,general,732
Robert_Aderholt,2016,116,75,1262.0,41,31,13,2015-01-06 04:43:23+00:00,2016-10-21 17:30:46+00:00,House,Alabama,Alabama 4,Republican,R+28,28.0,True,True,98.5,general,654
Todd_Young,2016,116,54,7817.0,24,20,4,2014-11-06 06:17:50+00:00,2016-11-07 00:39:19+00:00,Senate,Indiana,,Republican,R+5,5.0,False,True,52.1,general,731
Chuck_Grassley,2016,115,75,17659.0,23,32,4,2014-11-06 18:10:21+00:00,2016-11-08 16:58:44+00:00,Senate,Iowa,,Republican,D+1,-1.0,False,True,60.1,general,732
Charlie_Crist,2016,113,75,21513.0,27,24,8,2014-11-05 02:33:39+00:00,2016-11-08 10:07:11+00:00,House,Florida,Florida 13,Democratic,D+3,-3.0,False,True,51.9,general,734
Catherine_Cortez_Masto,2016,112,48,8571.0,15,36,1,2014-11-05 09:45:36+00:00,2016-11-08 08:31:03+00:00,Senate,Nevada,,Democratic,D+2,-2.0,False,True,47.1,general,733
Don_Young,2016,112,54,10391.0,26,18,10,2014-11-07 00:37:14+00:00,2016-10-27 21:39:01+00:00,House,Alaska,Alaska at-large,Republican,R+12,12.0,True,True,50.3,general,720
Hank_Johnson,2016,111,58,7489.0,21,33,8,2014-11-18 08:53:06+00:00,2016-10-15 02:01:58+00:00,House,Georgia,Georgia 4,Democratic,D+21,-21.0,True,True,75.7,general,696
Tim_Scott,2016,110,67,10112.0,17,23,5,2014-11-05 03:51:33+00:00,2016-10-18 22:20:39+00:00,Senate,South Carolina,,Republican,R+8,8.0,False,True,60.5,general,713
Barbara_Lee,2016,109,61,9800.0,27,15,10,2014-11-22 05:03:48+00:00,2016-10-17 14:51:47+00:00,House,California,California 13,Democratic,D+37,-37.0,True,True,90.8,general,695
Jim_Gray_(American_politician),2016,109,58,682.0,20,51,6,2014-11-05 00:47:09+00:00,2016-10-23 09:09:20+00:00,Senate,Kentucky,,Democratic,R+13,13.0,False,False,42.7,general,718
Alex_Mooney,2016,108,50,4600.0,30,17,2,2014-11-06 12:20:57+00:00,2016-10-31 20:57:15+00:00,House,West Virginia,West Virginia 2,Republican,R+11,11.0,True,True,58.2,general,725
Evan_Jenkins_(politician),2016,108,50,5963.0,22,11,9,2014-11-05 03:37:22+00:00,2016-10-18 14:45:53+00:00,House,West Virginia,West Virginia 3,Republican,R+14,14.0,True,True,67.9,general,713
Scott_Milne,2016,106,27,8331.0,24,17,3,2014-11-12 20:31:23+00:00,2016-11-05 20:59:43+00:00,Senate,Vermont,,Republican,D+18,-18.0,False,False,33.0,general,724
Mark_Walker_(North_Carolina_politician),2016,105,51,8465.0,31,23,8,2014-11-06 04:48:24+00:00,2016-09-15 11:25:39+00:00,House,North Carolina,North Carolina 6,Republican,R+10,10.0,True,True,59.2,general,679
Marsha_Blackburn,2016,105,58,6633.0,27,30,6,2014-11-08 20:53:08+00:00,2016-10-10 12:40:36+00:00,House,Tennessee,Tennessee 7,Republican,R+18,18.0,True,True,72.2,general,701
Brendan_Boyle,2016,104,30,9658.0,13,19,3,2014-11-05 15:01:38+00:00,2016-10-10 11:46:25+00:00,House,Pennsylvania,Pennsylvania 13,Democratic,D+13,-13.0,True,True,100.0,general,704
James_Lankford,2016,104,52,9350.0,22,33,2,2014-11-05 04:47:55+00:00,2016-11-06 14:30:34+00:00,Senate,Oklahoma,,Republican,R+19,19.0,False,True,67.7,general,732
Ted_Lieu,2016,104,72,7902.0,19,26,0,2014-11-05 07:48:39+00:00,2016-10-09 14:39:29+00:00,House,California,California 33,Democratic,D+11,-11.0,True,True,66.4,general,704
Brian_Schatz,2016,103,66,6732.0,18,40,2,2014-11-07 05:52:58+00:00,2016-11-08 08:07:59+00:00,Senate,Hawaii,,Democratic,D+20,-20.0,False,True,73.6,general,732
Mo_Brooks,2016,103,51,691.0,19,46,2,2014-11-06 02:17:47+00:00,2016-09-27 20:43:29+00:00,House,Alabama,Alabama 5,Republican,R+17,17.0,True,True,66.7,general,691
Morgan_Carroll,2016,103,25,13387.0,21,8,3,2015-02-23 16:50:33+00:00,2016-10-13 15:24:52+00:00,House,Colorado,Colorado 6,Democratic,D+1,-1.0,False,False,42.6,general,597
Nancy_Pelosi,2016,103,63,3056.0,32,0,8,2014-11-06 19:24:55+00:00,2016-11-04 23:53:16+00:00,House,California,California 12,Democratic,D+34,-34.0,True,True,80.9,general,729
Darrell_Issa,2016,100,47,2378.0,22,0,7,2014-11-10 20:38:18+00:00,2016-11-01 20:35:09+00:00,House,California,California 49,Republican,R+4,4.0,True,True,50.3,general,721
Jim_Jordan,2016,99,61,3530.0,20,32,5,2014-12-29 19:46:20+00:00,2016-10-11 04:18:17+00:00,House,Ohio,Ohio 4,Republican,R+9,9.0,True,True,68.0,general,651
Steve_Russell_(politician),2016,99,34,5737.0,27,6,10,2014-11-05 14:19:59+00:00,2016-09-18 14:17:46+00:00,House,Oklahoma,Oklahoma 5,Republican,R+12,12.0,True,True,57.1,general,682
John_Conyers,2016,98,58,5715.0,33,21,5,2014-11-29 16:37:02+00:00,2016-11-07 08:37:33+00:00,House,Michigan,Michigan 13,Democratic,D+34,-34.0,True,True,77.1,general,708
Deborah_Ross_(politician),2016,97,30,8364.0,24,17,5,2015-09-23 20:19:04+00:00,2016-11-04 13:48:49+00:00,Senate,North Carolina,,Democratic,R+3,3.0,False,False,45.3,general,407
Liz_Cheney,2016,97,56,-478.0,19,25,6,2014-12-17 08:35:02+00:00,2016-10-18 20:35:24+00:00,House,Wyoming,Wyoming at-large,Republican,R+22,22.0,False,True,60.3,general,671
Ron_DeSantis,2016,97,47,29957.0,18,9,6,2014-11-12 15:03:54+00:00,2016-10-18 19:09:43+00:00,House,Florida,Florida 6,Republican,R+4,4.0,True,True,58.6,general,706
Jared_Polis,2016,96,55,4731.0,16,45,4,2014-11-07 23:28:08+00:00,2016-10-23 04:01:27+00:00,House,Colorado,Colorado 2,Democratic,D+8,-8.0,True,True,56.9,general,715
Kyrsten_Sinema,2016,96,58,8647.0,21,22,6,2014-11-05 05:10:38+00:00,2016-10-13 08:01:23+00:00,House,Arizona,Arizona 9,Democratic,R+1,1.0,True,True,60.9,general,708
Mike_Coffman,2016,95,34,2677.0,20,7,8,2014-11-05 21:24:32+00:00,2016-10-26 20:35:45+00:00,House,Colorado,Colorado 6,Republican,D+1,-1.0,True,True,50.9,general,720
Richard_Blumenthal,2016,94,62,27823.0,24,19,6,2014-11-07 17:46:20+00:00,2016-11-04 02:03:50+00:00,Senate,Connecticut,,Democratic,D+7,-7.0,False,True,63.2,general,727
Mike_Bost,2016,92,34,5868.0,19,8,4,2014-11-05 15:51:59+00:00,2016-10-20 19:19:00+00:00,House,Illinois,Illinois 12,Republican,EVEN,0.0,True,True,54.3,general,715
Yvette_Clarke,2016,92,38,1233.0,25,7,4,2014-11-08 18:21:33+00:00,2016-11-08 11:09:10+00:00,House,New York,New York 9,Democratic,D+32,-32.0,True,True,92.3,general,730
Martha_Roby,2016,91,70,4244.0,29,21,7,2014-12-01 16:38:48+00:00,2016-10-19 03:56:03+00:00,House,Alabama,Alabama 2,Republican,R+17,17.0,True,True,48.8,general,687
Mike_Lee,2016,91,63,28886.0,30,28,2,2014-11-06 16:21:16+00:00,2016-10-24 00:59:28+00:00,Senate,Utah,,Republican,R+22,22.0,False,True,68.1,general,717
Carolyn_Maloney,2016,90,42,11382.0,29,20,9,2014-11-11 14:06:56+00:00,2016-11-08 20:05:30+00:00,House,New York,New York 12,Democratic,D+27,-27.0,True,True,83.1,general,728
Henry_Cuellar,2016,90,56,1361.0,32,25,13,2015-01-05 01:12:38+00:00,2016-10-21 13:16:31+00:00,House,Texas,Texas 28,Democratic,D+7,-7.0,True,True,66.2,general,655
Patty_Murray,2016,90,49,20898.0,16,20,4,2014-11-06 18:13:26+00:00,2016-10-29 12:11:21+00:00,Senate,Washington,,Democratic,D+5,-5.0,False,True,59.01,general,722
David_Young_(Iowa_politician),2016,89,46,11934.0,26,10,8,2014-11-05 05:06:11+00:00,2016-11-02 17:14:01+00:00,House,Iowa,Iowa 3,Republican,EVEN,0.0,True,True,53.5,general,728
Ralph_Abraham_(politician),2016,88,24,8233.0,7,6,1,2014-12-06 23:15:03+00:00,2016-11-06 16:41:35+00:00,House,Louisiana,Louisiana 5,Republican,R+15,15.0,True,True,81.6,general,700
Tim_Ryan_(Ohio_politician),2016,88,50,3202.0,28,16,12,2014-11-05 01:44:34+00:00,2016-10-29 05:54:21+00:00,House,Ohio,Ohio 13,Democratic,D+11,-11.0,True,True,67.7,general,724
Dana_Rohrabacher,2016,87,52,5477.0,26,23,3,2014-12-08 06:43:17+00:00,2016-10-27 04:56:13+00:00,House,California,California 48,Republican,R+7,7.0,True,True,58.3,general,688
Mike_Pompeo,2016,86,37,-133.0,17,27,6,2014-11-28 22:59:34+00:00,2016-11-05 05:32:02+00:00,House,Kansas,Kansas 4,Republican,R+14,14.0,True,True,60.7,general,707
Conner_Eldridge,2016,85,26,17754.0,11,51,1,2015-06-20 12:33:12+00:00,2016-11-07 23:34:30+00:00,Senate,Arkansas,,Democratic,R+14,14.0,False,False,36.3,general,506
Mac_Thornberry,2016,84,29,8750.0,10,8,3,2014-12-29 18:58:42+00:00,2016-10-27 22:30:15+00:00,House,Texas,Texas 13,Republican,R+32,32.0,True,True,90.0,general,668
Carlos_Curbelo,2016,83,43,9479.0,8,13,1,2014-11-05 03:09:46+00:00,2016-11-01 22:14:51+00:00,House,Florida,Florida 26,Republican,EVEN,0.0,True,True,53.0,general,727
John_Boozman,2016,83,47,15599.0,13,33,2,2014-11-06 16:37:12+00:00,2016-11-05 01:54:20+00:00,Senate,Arkansas,,Republican,R+14,14.0,False,True,59.7,general,729
Tom_Cole,2016,83,52,1932.0,31,21,8,2014-11-05 20:20:07+00:00,2016-11-08 02:12:19+00:00,House,Oklahoma,Oklahoma 4,Republican,R+19,19.0,True,True,69.6,general,733
Trent_Kelly,2016,83,29,8912.0,10,8,0,2015-05-13 18:11:39+00:00,2016-09-15 11:29:21+00:00,House,Mississippi,Mississippi 1,Republican,R+16,16.0,True,True,68.7,general,490
Adam_Schiff,2016,82,44,9651.0,31,14,4,2014-11-21 15:37:43+00:00,2016-10-04 00:34:58+00:00,House,California,California 28,Democratic,D+20,-20.0,True,True,78.0,general,682
Rodney_Frelinghuysen,2016,82,56,226.0,34,22,11,2014-11-19 01:39:35+00:00,2016-11-03 13:23:35+00:00,House,New Jersey,New Jersey 11,Republican,R+6,6.0,True,True,58.0,general,715
Bob_Dold,2016,81,48,5547.0,18,15,2,2014-11-05 08:30:38+00:00,2016-11-02 21:08:17+00:00,House,Illinois,Illinois 10,Republican,D+8,-8.0,True,False,47.4,general,728
Margaret_Stock,2016,81,16,8380.0,5,1,1,2014-11-05 16:20:17+00:00,2016-11-07 00:19:03+00:00,Senate,Alaska,,Independent,R+12,12.0,False,False,13.3,general,732
Monica_Vernon,2016,79,27,-196.0,23,7,3,2015-01-14 19:08:30+00:00,2016-06-23 07:14:18+00:00,House,Iowa,Iowa 1,Democratic,D+5,-5.0,False,False,46.2,general,525
Paul_Babeu,2016,79,31,2304.0,21,7,5,2014-11-28 02:27:41+00:00,2016-11-01 23:03:52+00:00,House,Arizona,Arizona 1,Republican,R+4,4.0,False,False,43.4,general,704
Pramila_Jayapal,2016,79,47,3987.0,14,32,4,2015-02-04 05:31:20+00:00,2016-11-08 12:54:49+00:00,House,Washington,Washington 7,Democratic,D+29,-29.0,False,True,56.0,general,643
Alcee_Hastings,2016,78,40,1945.0,14,37,6,2014-12-08 04:10:36+00:00,2016-11-08 12:06:33+00:00,House,Florida,Florida 20,Democratic,D+30,-30.0,True,True,80.3,general,701
Daniel_Webster_(Florida_politician),2016,78,46,3405.0,11,32,4,2014-12-03 20:12:37+00:00,2016-09-20 02:39:38+00:00,House,Florida,Florida 11,Republican,R+11,11.0,False,True,65.4,general,656
John_Katko,2016,78,36,9148.0,13,12,3,2014-11-05 05:03:33+00:00,2016-11-03 19:59:35+00:00,House,New York,New York 24,Republican,D+5,-5.0,True,True,60.5,general,729
Adam_Kinzinger,2016,77,39,8294.0,19,5,6,2014-12-02 15:35:34+00:00,2016-10-03 23:10:47+00:00,House,Illinois,Illinois 16,Republican,R+4,4.0,True,True,99.9,general,671
Alma_Adams,2016,77,35,4697.0,4,14,1,2014-11-05 06:32:04+00:00,2016-09-15 10:54:47+00:00,House,North Carolina,North Carolina 12,Democratic,D+16,-16.0,True,True,67.0,general,680
Anthony_Brown_(Maryland_politician),2016,77,41,4843.0,35,11,5,2014-11-05 05:41:57+00:00,2016-10-18 06:43:26+00:00,House,Maryland,Maryland 4,Democratic,D+26,-26.0,False,True,74.1,general,713
Duncan_D._Hunter,2016,77,46,6172.0,20,18,5,2014-12-25 01:43:04+00:00,2016-10-30 02:18:35+00:00,House,California,California 50,Republican,R+14,14.0,True,True,63.5,general,675
Elijah_Cummings,2016,77,49,2676.0,18,25,3,2014-11-08 20:22:39+00:00,2016-11-02 02:32:09+00:00,House,Maryland,Maryland 7,Democratic,D+24,-24.0,True,True,74.9,general,724
Frank_Guinta,2016,76,42,1201.0,18,18,3,2014-11-06 03:59:11+00:00,2016-11-03 20:35:38+00:00,House,New Hampshire,New Hampshire 1,Republican,R+1,1.0,True,False,43.0,general,728
Tom_MacArthur,2016,76,35,15024.0,11,9,0,2014-11-05 02:43:56+00:00,2016-09-15 11:18:58+00:00,House,New Jersey,New Jersey 3,Republican,R+1,1.0,True,True,59.3,general,680
Xavier_Becerra,2016,76,41,-1258.0,19,17,9,2014-11-16 01:57:12+00:00,2016-11-05 23:19:40+00:00,House,California,California 34,Democratic,D+30,-30.0,True,True,77.2,general,720
Bonnie_Watson_Coleman,2016,75,40,4404.0,14,33,1,2014-11-06 11:55:08+00:00,2016-11-06 01:47:45+00:00,House,New Jersey,New Jersey 12,Democratic,D+14,-14.0,True,True,62.9,general,730
Gregg_Harper,2016,75,23,9.0,3,51,0,2014-12-26 02:37:18+00:00,2016-09-13 18:53:25+00:00,House,Mississippi,Mississippi 3,Republican,R+14,14.0,True,True,66.2,general,627
John_Shimkus,2016,75,26,3119.0,19,8,4,2014-12-10 13:28:29+00:00,2016-09-09 11:11:42+00:00,House,Illinois,Illinois 15,Republican,R+14,14.0,True,True,100.0,general,638
Louise_Slaughter,2016,75,36,323.0,19,7,3,2014-11-06 08:57:34+00:00,2016-09-14 19:20:44+00:00,House,New York,New York 25,Democratic,D+7,-7.0,True,True,56.1,general,678
Rod_Blum,2016,75,41,9137.0,18,22,3,2014-11-05 05:18:52+00:00,2016-10-26 00:26:43+00:00,House,Iowa,Iowa 1,Republican,D+5,-5.0,True,True,53.8,general,720
Tim_Walberg,2016,75,18,-2984.0,15,4,3,2015-01-02 03:25:56+00:00,2016-09-12 14:05:54+00:00,House,Michigan,Michigan 7,Republican,R+3,3.0,True,True,55.0,general,619
Kathleen_Rice,2016,74,43,6122.0,17,17,3,2014-11-05 21:37:59+00:00,2016-09-15 11:22:59+00:00,House,New York,New York 4,Democratic,D+3,-3.0,True,True,59.5,general,679
Paul_Gosar,2016,74,47,7880.0,17,30,2,2014-12-13 04:32:52+00:00,2016-09-27 20:17:28+00:00,House,Arizona,Arizona 4,Republican,R+20,20.0,True,True,71.5,general,654
Tom_Suozzi,2016,74,15,4667.0,17,4,1,2014-12-29 14:23:45+00:00,2016-11-04 17:15:18+00:00,House,New York,New York 3,Democratic,EVEN,0.0,False,True,53.0,general,676
Charlie_Dent,2016,73,48,959.0,22,24,8,2014-11-27 10:25:23+00:00,2016-10-10 20:52:16+00:00,House,Pennsylvania,Pennsylvania 15,Republican,R+2,2.0,True,True,58.4,general,683
Jeff_Fortenberry,2016,73,47,801.0,27,20,6,2014-11-05 20:27:05+00:00,2016-10-27 02:56:13+00:00,House,Nebraska,Nebraska 1,Republican,R+10,10.0,True,True,69.5,general,721
Joe_Kennedy_III,2016,73,46,623.0,11,26,1,2014-11-06 23:48:54+00:00,2016-10-25 03:41:41+00:00,House,Massachusetts,Massachusetts 4,Democratic,D+6,-6.0,True,True,70.1,general,718
Misty_Snow,2016,73,31,4582.0,9,13,1,2016-06-29 05:25:08+00:00,2016-11-08 23:56:38+00:00,Senate,Utah,,Democratic,R+22,22.0,False,False,27.1,general,132
Chris_Van_Hollen,2016,72,46,2042.0,15,29,2,2014-11-08 20:25:54+00:00,2016-11-03 10:28:52+00:00,Senate,Maryland,,Democratic,D+10,-10.0,False,True,60.9,general,725
Derek_Kilmer,2016,72,47,-706.0,30,15,11,2015-01-03 07:24:22+00:00,2016-10-18 04:38:09+00:00,House,Washington,Washington 6,Democratic,D+5,-5.0,True,True,61.5,general,653
Nita_Lowey,2016,72,41,3038.0,29,14,6,2014-11-14 01:28:39+00:00,2016-11-03 03:34:31+00:00,House,New York,New York 17,Democratic,D+5,-5.0,True,True,99.1,general,720
Steny_Hoyer,2016,72,44,2201.0,19,19,5,2014-11-07 22:40:36+00:00,2016-09-27 20:25:07+00:00,House,Maryland,Maryland 5,Democratic,D+14,-14.0,True,True,67.4,general,689
Tom_Marino,2016,72,30,909.0,15,13,5,2014-11-14 15:09:35+00:00,2016-10-09 23:25:53+00:00,House,Pennsylvania,Pennsylvania 10,Republican,R+12,12.0,True,True,70.2,general,695
Chris_Stewart_(Utah_politician),2016,71,46,2731.0,24,15,7,2014-11-21 13:45:58+00:00,2016-10-19 03:56:15+00:00,House,Utah,Utah 2,Republican,R+18,18.0,True,True,61.6,general,697
Chuck_Fleischmann,2016,71,46,392.0,26,16,12,2014-11-08 20:58:22+00:00,2016-10-09 15:43:37+00:00,House,Tennessee,Tennessee 3,Republican,R+16,16.0,True,True,66.4,general,700
Debbie_Dingell,2016,71,46,4024.0,18,9,2,2014-11-05 13:12:23+00:00,2016-10-21 19:21:24+00:00,House,Michigan,Michigan 12,Democratic,D+15,-15.0,True,True,64.3,general,716
Jeff_Denham,2016,71,18,1336.0,19,4,4,2014-11-25 05:52:55+00:00,2016-10-13 13:13:48+00:00,House,California,California 10,Republican,R+1,1.0,True,True,51.7,general,688
Jeff_Duncan_(politician),2016,71,43,3552.0,7,39,1,2014-11-08 20:44:23+00:00,2016-10-26 15:58:10+00:00,House,South Carolina,South Carolina 3,Republican,R+18,18.0,True,True,72.8,general,717
Ken_Buck,2016,70,37,4295.0,17,9,6,2014-11-05 14:42:37+00:00,2016-10-26 20:38:05+00:00,House,Colorado,Colorado 4,Republican,R+11,11.0,True,True,63.6,general,721
Ami_Bera,2016,69,42,5009.0,7,15,2,2014-11-06 00:53:26+00:00,2016-11-01 21:16:21+00:00,House,California,California 7,Democratic,EVEN,0.0,True,True,51.2,general,726
Ann_Kirkpatrick,2016,69,44,6121.0,12,12,2,2014-12-15 15:26:22+00:00,2016-11-08 16:54:21+00:00,Senate,Arizona,,Democratic,R+7,7.0,False,False,40.8,general,694
Mike_Quigley,2016,69,45,131.0,25,25,8,2014-12-04 23:21:12+00:00,2016-10-09 11:59:42+00:00,House,Illinois,Illinois 5,Democratic,D+16,-16.0,True,True,67.8,general,674
Rick_Nolan,2016,69,25,4362.0,31,3,3,2014-11-20 03:16:11+00:00,2016-11-08 20:41:08+00:00,House,Minnesota,Minnesota 8,DFL,D+1,-1.0,True,True,50.2,general,719
Terri_Sewell,2016,69,43,2736.0,12,22,5,2014-11-05 03:16:32+00:00,2016-09-13 18:56:19+00:00,House,Alabama,Alabama 7,Democratic,D+20,-20.0,True,True,98.4,general,678
Thomas_Massie,2016,69,31,2268.0,16,14,0,2014-11-08 20:12:12+00:00,2016-10-18 15:03:50+00:00,House,Kentucky,Kentucky 4,Republican,R+16,16.0,True,True,71.3,general,709
Jim_Sensenbrenner,2016,68,42,1319.0,19,20,6,2014-11-08 21:06:30+00:00,2016-11-05 10:20:35+00:00,House,Wisconsin,Wisconsin 5,Republican,R+13,13.0,True,True,66.7,general,727
Kay_Granger,2016,68,40,2426.0,18,17,7,2014-12-23 16:25:31+00:00,2016-10-12 05:47:37+00:00,House,Texas,Texas 12,Republican,R+19,19.0,True,True,69.4,general,658
Kevin_Brady,2016,68,28,7611.0,11,10,2,2014-11-07 01:05:57+00:00,2016-10-03 20:36:56+00:00,House,Texas,Texas 8,Republican,R+29,29.0,True,True,100.0,general,696
Mark_Amodei,2016,68,38,12779.0,23,18,8,2014-11-30 08:36:19+00:00,2016-11-07 18:02:33+00:00,House,Nevada,Nevada 2,Republican,R+5,5.0,True,True,58.3,general,708
Mike_Crapo,2016,68,37,8703.0,18,12,2,2014-11-07 17:37:04+00:00,2016-11-05 22:13:20+00:00,Senate,Idaho,,Republican,R+18,18.0,False,True,66.1,general,729
Peter_Welch,2016,68,31,3804.0,18,30,3,2014-11-11 19:57:45+00:00,2016-10-31 23:23:31+00:00,House,Vermont,Vermont at-large,Democratic,D+16,-16.0,True,True,82.5,general,720
Diane_Black,2016,67,32,300.0,11,10,5,2014-11-08 20:55:47+00:00,2016-09-12 14:09:30+00:00,House,Tennessee,Tennessee 6,Republican,R+21,21.0,True,True,71.1,general,673
Erik_Paulsen,2016,67,30,84.0,18,10,3,2015-01-06 23:43:01+00:00,2016-10-28 06:59:10+00:00,House,Minnesota,Minnesota 3,Republican,R+2,2.0,True,True,56.7,general,660
Jerry_Moran,2016,67,38,22276.0,23,15,1,2014-11-07 17:39:04+00:00,2016-11-07 13:32:36+00:00,Senate,Kansas,,Republican,R+12,12.0,False,True,62.1,general,730
Joe_Garcia,2016,67,34,-2052.0,12,15,4,2014-11-07 00:12:16+00:00,2016-11-03 20:49:54+00:00,House,Florida,Florida 26,Democratic,EVEN,0.0,False,False,41.2,general,727
John_Culberson,2016,67,47,1886.0,19,20,5,2014-12-04 23:17:18+00:00,2016-10-24 00:54:19+00:00,House,Texas,Texas 7,Republican,R+13,13.0,True,True,56.2,general,689
Katherine_Clark,2016,67,37,2643.0,12,14,3,2014-11-11 04:34:02+00:00,2016-10-30 04:32:20+00:00,House,Massachusetts,Massachusetts 5,Democratic,D+14,-14.0,True,True,98.6,general,718
Ken_Calvert,2016,67,47,746.0,25,17,9,2015-01-04 12:57:07+00:00,2016-10-18 00:11:05+00:00,House,California,California 42,Republican,R+10,10.0,True,True,58.8,general,652
Peter_Roskam,2016,67,39,7274.0,17,21,5,2014-11-19 01:57:03+00:00,2016-09-12 00:14:00+00:00,House,Illinois,Illinois 6,Republican,R+4,4.0,True,True,59.2,general,662
David_Joyce_(politician),2016,66,48,1249.0,24,14,7,2014-11-06 12:04:19+00:00,2016-10-03 15:56:51+00:00,House,Ohio,Ohio 14,Republican,R+4,4.0,True,True,62.6,general,697
Hal_Rogers,2016,66,43,-2829.0,23,16,7,2014-11-08 20:09:59+00:00,2016-05-03 08:03:25+00:00,House,Kentucky,Kentucky 5,Republican,R+25,25.0,True,True,100.0,general,541
Jack_Martins,2016,66,17,9992.0,7,45,1,2015-01-09 22:43:48+00:00,2016-10-11 20:30:23+00:00,House,New York,New York 3,Republican,EVEN,0.0,False,False,47.0,general,640
Warren_Davidson,2016,66,21,5992.0,7,5,0,2016-03-16 05:26:07+00:00,2016-09-15 11:30:09+00:00,House,Ohio,Ohio 8,Republican,,,False,True,76.8,special,183
Cathy_McMorris_Rodgers,2016,65,36,6802.0,21,8,2,2014-11-07 18:43:24+00:00,2016-10-23 22:20:13+00:00,House,Washington,Washington 5,Republican,R+7,7.0,True,True,59.6,general,716
Kathy_Szeliga,2016,65,27,8270.0,20,13,0,2014-11-17 01:23:41+00:00,2016-11-05 23:44:24+00:00,Senate,Maryland,,Republican,D+10,-10.0,False,False,35.7,general,719
Marcy_Kaptur,2016,65,47,3545.0,9,18,3,2014-11-24 05:40:19+00:00,2016-11-02 07:07:54+00:00,House,Ohio,Ohio 9,Democratic,D+15,-15.0,True,True,68.7,general,709
Robert_Pittenger,2016,65,39,2418.0,7,26,1,2015-01-09 03:23:37+00:00,2016-10-12 17:29:33+00:00,House,North Carolina,North Carolina 9,Republican,R+8,8.0,True,True,58.2,general,642
Blaine_Luetkemeyer,2016,63,22,4251.0,7,4,1,2014-11-10 01:31:59+00:00,2016-10-24 16:35:33+00:00,House,Missouri,Missouri 3,Republican,R+13,13.0,True,True,67.8,general,714
Dave_Trott_(politician),2016,63,37,4212.0,11,20,3,2014-11-05 06:07:13+00:00,2016-09-27 00:21:22+00:00,House,Michigan,Michigan 11,Republican,R+4,4.0,True,True,52.9,general,691
Don_Bacon,2016,63,12,8405.0,5,5,2,2015-03-25 18:53:48+00:00,2016-10-12 17:24:01+00:00,House,Nebraska,Nebraska 2,Republican,R+4,4.0,False,True,48.9,general,566
Mark_Callahan,2016,63,8,18327.0,5,6,1,2016-09-10 05:53:53+00:00,2016-10-29 17:36:11+00:00,Senate,Oregon,,Republican,D+5,-5.0,False,False,33.35,general,49
Terri_Bonoff,2016,63,25,2612.0,14,24,4,2014-12-21 16:32:46+00:00,2016-11-07 02:01:10+00:00,House,Minnesota,Minnesota 3,DFL,R+2,2.0,False,False,43.0,general,686
Chellie_Pingree,2016,62,33,2868.0,17,5,5,2014-11-05 22:43:56+00:00,2016-10-28 09:49:52+00:00,House,Maine,Maine 1,Democratic,D+9,-9.0,True,True,58.0,general,722
David_Valadao,2016,62,48,5079.0,22,19,8,2014-11-05 17:12:45+00:00,2016-11-01 16:35:48+00:00,House,California,California 21,Republican,D+2,-2.0,True,True,56.7,general,726
G._K._Butterfield,2016,62,41,157.0,9,25,3,2015-01-01 15:45:33+00:00,2016-10-31 09:38:45+00:00,House,North Carolina,North Carolina 1,Democratic,D+15,-15.0,True,True,68.6,general,668
Kristi_Noem,2016,62,32,2423.0,9,12,6,2014-11-09 22:26:56+00:00,2016-10-06 14:49:54+00:00,House,South Dakota,South Dakota at-large,Republican,R+10,10.0,True,True,64.1,general,696
Mark_Sanford,2016,62,48,6290.0,25,14,10,2014-11-08 18:03:29+00:00,2016-11-08 07:37:59+00:00,House,South Carolina,South Carolina 1,Republican,R+11,11.0,True,True,58.6,general,730
Maxine_Waters,2016,62,40,649.0,21,9,6,2014-12-13 00:47:38+00:00,2016-11-03 05:52:06+00:00,House,California,California 43,Democratic,D+26,-26.0,True,True,76.1,general,691
Rick_Allen_(politician),2016,62,35,6557.0,10,12,4,2014-11-05 03:21:04+00:00,2016-09-15 11:04:27+00:00,House,Georgia,Georgia 12,Republican,R+9,9.0,True,True,61.6,general,680
Ro_Khanna,2016,62,33,7721.0,20,19,5,2014-11-08 22:20:53+00:00,2016-10-10 10:50:57+00:00,House,California,California 17,Democratic,D+20,-20.0,False,True,61.0,general,701
Virginia_Foxx,2016,62,38,504.0,15,19,8,2014-11-05 05:09:37+00:00,2016-10-31 16:44:13+00:00,House,North Carolina,North Carolina 5,Republican,R+9,9.0,True,True,58.4,general,726
Colleen_Hanabusa,2016,61,38,15077.0,11,21,3,2014-11-05 20:41:21+00:00,2016-11-08 08:44:27+00:00,House,Hawaii,Hawaii 1,Democratic,,,False,True,60.5,special,733
Donald_Norcross,2016,61,32,912.0,6,11,2,2014-11-06 11:49:38+00:00,2016-10-06 15:22:22+00:00,House,New Jersey,New Jersey 1,Democratic,D+13,-13.0,True,True,60.0,general,700
Jaime_Herrera_Beutler,2016,61,29,3015.0,18,6,6,2014-11-07 17:24:22+00:00,2016-10-13 02:19:34+00:00,House,Washington,Washington 3,Republican,R+2,2.0,True,True,61.8,general,705
Bruce_Westerman,2016,60,28,4573.0,6,4,1,2014-11-05 19:29:26+00:00,2016-10-04 01:58:42+00:00,House,Arkansas,Arkansas 4,Republican,R+15,15.0,True,True,74.9,general,698
Don_Beyer,2016,60,37,4199.0,12,17,4,2014-11-05 08:12:18+00:00,2016-11-07 15:31:04+00:00,House,Virginia,Virginia 8,Democratic,D+16,-16.0,True,True,68.4,general,733
Hakeem_Jeffries,2016,60,29,19623.0,14,6,4,2014-11-08 18:25:52+00:00,2016-10-31 18:44:02+00:00,House,New York,New York 8,Democratic,D+35,-35.0,True,True,93.2,general,723
Jodey_Arrington,2016,60,30,4783.0,10,27,2,2015-02-09 03:52:36+00:00,2016-11-04 02:38:25+00:00,House,Texas,Texas 19,Republican,R+26,26.0,False,True,86.7,general,633
Marcia_Fudge,2016,60,36,1064.0,10,17,3,2014-11-14 04:30:02+00:00,2016-11-04 03:28:41+00:00,House,Ohio,Ohio 11,Democratic,D+30,-30.0,True,True,80.3,general,720
Tom_Reed_(politician),2016,60,32,4885.0,15,7,6,2014-11-05 04:04:13+00:00,2016-10-29 04:38:47+00:00,House,New York,New York 23,Republican,R+3,3.0,True,True,57.6,general,724
Bill_Shuster,2016,59,30,1934.0,10,16,2,2014-12-10 03:37:54+00:00,2016-11-02 12:43:09+00:00,House,Pennsylvania,Pennsylvania 9,Republican,R+14,14.0,True,True,63.4,general,693
Bob_Goodlatte,2016,59,38,3847.0,17,11,3,2014-12-11 20:00:38+00:00,2016-11-04 22:17:55+00:00,House,Virginia,Virginia 6,Republican,R+12,12.0,True,True,66.6,general,694
Dan_Newhouse,2016,59,27,3037.0,5,15,0,2014-11-05 06:51:28+00:00,2016-09-22 03:13:26+00:00,House,Washington,Washington 4,Republican,R+13,13.0,True,True,57.6,general,686
Joe_Barton,2016,59,36,3846.0,13,24,3,2014-11-06 02:47:52+00:00,2016-10-27 04:43:28+00:00,House,Texas,Texas 6,Republican,R+11,11.0,True,True,58.3,general,721
John_Mica,2016,59,26,-2603.0,8,9,1,2015-01-04 23:45:25+00:00,2016-11-01 23:06:39+00:00,House,Florida,Florida 7,Republican,R+2,2.0,True,False,48.5,general,666
Sean_Patrick_Maloney,2016,59,29,1543.0,17,11,4,2014-11-09 04:26:31+00:00,2016-11-06 14:37:37+00:00,House,New York,New York 18,Democratic,EVEN,0.0,True,True,55.6,general,728
Dave_Reichert,2016,58,35,-160.0,11,26,3,2014-11-12 04:16:32+00:00,2016-10-31 00:46:36+00:00,House,Washington,Washington 8,Republican,R+1,1.0,True,True,60.2,general,718
Ruben_Gallego,2016,58,36,6457.0,13,14,4,2014-11-05 05:19:22+00:00,2016-10-04 04:39:57+00:00,House,Arizona,Arizona 7,Democratic,D+16,-16.0,True,True,75.2,general,698
John_Kennedy_(Louisiana_politician),2016,57,25,14361.0,4,15,4,2014-11-09 19:18:37+00:00,2016-10-23 09:16:30+00:00,Senate,Louisiana,,Republican,R+12,12.0,False,True,60.65,general,713
Mike_Bishop_(politician),2016,57,28,4481.0,6,14,1,2014-11-06 03:33:34+00:00,2016-09-15 11:06:36+00:00,House,Michigan,Michigan 8,Republican,R+2,2.0,True,True,56.0,general,679
Sanford_Bishop,2016,57,44,1506.0,17,25,6,2014-11-13 05:33:12+00:00,2016-09-29 01:43:32+00:00,House,Georgia,Georgia 2,Democratic,D+6,-6.0,True,True,61.2,general,685
Carol_Shea-Porter,2016,56,28,1080.0,7,10,5,2014-11-06 04:28:51+00:00,2016-11-03 20:38:39+00:00,House,New Hampshire,New Hampshire 1,Democratic,R+1,1.0,False,True,44.3,general,728
Eliot_Engel,2016,56,28,464.0,14,14,5,2014-12-28 10:31:40+00:00,2016-11-02 00:01:54+00:00,House,New York,New York 16,Democratic,D+21,-21.0,True,True,94.4,general,674
Emily_Cain,2016,56,19,837.0,18,4,5,2014-11-17 19:33:24+00:00,2016-11-08 22:40:10+00:00,House,Maine,Maine 2,Democratic,D+2,-2.0,False,False,45.2,general,722
French_Hill_(politician),2016,56,34,7133.0,9,18,1,2014-11-05 04:34:29+00:00,2016-09-15 11:14:46+00:00,House,Arkansas,Arkansas 2,Republican,R+8,8.0,True,True,58.4,general,680
Bill_Flores,2016,55,35,2020.0,11,23,4,2014-11-18 20:06:46+00:00,2016-11-08 20:00:57+00:00,House,Texas,Texas 17,Republican,R+13,13.0,True,True,60.8,general,720
Cheri_Bustos,2016,55,32,7351.0,12,10,3,2014-11-06 20:00:56+00:00,2016-10-23 23:47:06+00:00,House,Illinois,Illinois 17,Democratic,D+7,-7.0,True,True,60.3,general,717
Glenn_Grothman,2016,55,21,4755.0,9,0,0,2014-11-05 17:04:28+00:00,2016-10-31 04:53:54+00:00,House,Wisconsin,Wisconsin 6,Republican,R+5,5.0,True,True,57.2,general,725
John_Sarbanes,2016,55,24,229.0,12,27,2,2014-11-05 13:44:41+00:00,2016-10-24 00:56:14+00:00,House,Maryland,Maryland 3,Democratic,D+9,-9.0,True,True,63.2,general,718
Josh_Gottheimer,2016,55,10,8375.0,16,3,0,2015-07-17 18:09:47+00:00,2016-10-07 17:58:37+00:00,House,New Jersey,New Jersey 5,Democratic,R+4,4.0,False,True,51.1,general,447
Judy_Chu,2016,55,33,3471.0,12,13,4,2015-01-06 23:55:13+00:00,2016-10-10 03:08:24+00:00,House,California,California 27,Democratic,D+11,-11.0,True,True,67.4,general,642
Kerry_Bentivolio,2016,55,31,27220.0,14,10,1,2014-11-12 00:59:22+00:00,2016-11-01 12:59:23+00:00,House,Michigan,Michigan 11,Independent,R+4,4.0,False,False,4.4,general,720
Lori_Bartley,2016,55,16,-1622.0,31,0,3,2016-02-02 14:25:26+00:00,2016-08-21 21:22:51+00:00,House,Texas,Texas 18,Republican,D+24,-24.0,False,False,23.6,general,201
Patty_Judge,2016,55,41,2645.0,12,14,3,2014-11-26 19:40:49+00:00,2016-10-14 02:09:19+00:00,Senate,Iowa,,Democratic,D+1,-1.0,False,False,35.7,general,687
Bobby_Rush,2016,54,37,1773.0,14,16,3,2014-11-30 08:11:23+00:00,2016-10-09 11:57:40+00:00,House,Illinois,Illinois 1,Democratic,D+28,-28.0,True,True,74.1,general,679
Ileana_Ros-Lehtinen,2016,54,35,2148.0,16,0,3,2014-11-17 02:01:47+00:00,2016-10-20 05:06:20+00:00,House,Florida,Florida 27,Republican,R+1,1.0,True,True,54.9,general,703
Jim_Himes,2016,54,34,4951.0,8,17,3,2014-11-09 17:34:56+00:00,2016-11-01 01:11:41+00:00,House,Connecticut,Connecticut 4,Democratic,D+5,-5.0,True,True,59.9,general,722
John_Carter_(Texas_politician),2016,54,40,524.0,21,14,6,2015-01-05 01:14:14+00:00,2016-10-29 02:44:12+00:00,House,Texas,Texas 31,Republican,R+12,12.0,True,True,58.4,general,663
Mike_Simpson,2016,54,41,1390.0,21,11,6,2014-12-13 00:00:55+00:00,2016-10-27 22:32:30+00:00,House,Idaho,Idaho 2,Republican,R+17,17.0,True,True,62.9,general,684
Mimi_Walters,2016,54,32,2451.0,9,9,0,2014-11-07 19:14:40+00:00,2016-09-15 11:26:03+00:00,House,California,California 45,Republican,R+7,7.0,True,True,58.6,general,677
Jody_Hice,2016,53,29,3389.0,12,15,2,2014-11-05 04:00:26+00:00,2016-09-28 01:37:38+00:00,House,Georgia,Georgia 10,Republican,R+14,14.0,True,True,99.6,general,692
Lamar_Smith,2016,53,32,20872.0,14,0,5,2014-12-29 03:26:50+00:00,2016-10-27 22:30:42+00:00,House,Texas,Texas 21,Republican,R+12,12.0,True,True,57.0,general,668
Matt_Gaetz,2016,53,24,2543.0,2,21,2,2014-12-12 02:06:09+00:00,2016-10-09 22:43:52+00:00,House,Florida,Florida 1,Republican,R+22,22.0,False,True,69.1,general,667
Scott_Taylor_(politician),2016,53,26,1389.0,7,12,1,2014-11-16 20:52:59+00:00,2016-10-09 00:01:32+00:00,House,Virginia,Virginia 2,Republican,R+4,4.0,False,True,61.3,general,692
Stephen_Lynch_(politician),2016,53,37,40607.0,19,6,5,2014-11-17 05:55:18+00:00,2016-11-02 19:48:04+00:00,House,Massachusetts,Massachusetts 8,Democratic,D+6,-6.0,True,True,72.4,general,716
Tom_Rooney_(Florida_politician),2016,53,37,1268.0,17,7,6,2014-11-06 14:26:18+00:00,2016-10-19 03:56:06+00:00,House,Florida,Florida 17,Republican,R+10,10.0,True,True,61.8,general,712
Joaquin_Castro,2016,52,38,7069.0,11,17,5,2014-12-15 09:36:38+00:00,2016-10-10 16:51:16+00:00,House,Texas,Texas 20,Democratic,D+6,-6.0,True,True,79.7,general,665
John_Garamendi,2016,52,29,5208.0,7,9,3,2014-12-15 06:20:00+00:00,2016-11-07 06:26:01+00:00,House,California,California 3,Democratic,D+3,-3.0,True,True,59.4,general,693
Lon_Johnson,2016,52,19,1831.0,10,9,2,2015-01-14 02:15:46+00:00,2016-08-20 17:26:46+00:00,House,Michigan,Michigan 1,Democratic,R+5,5.0,False,False,40.1,general,584
Mike_Johnson,2016,52,19,7173.0,5,20,1,2015-03-31 02:41:02+00:00,2016-08-19 17:53:51+00:00,House,Louisiana,Louisiana 4,Republican,R+13,13.0,False,True,24.7,general,507
Pete_Visclosky,2016,52,30,1134.0,17,13,8,2014-11-11 17:02:42+00:00,2016-09-01 00:15:41+00:00,House,Indiana,Indiana 1,Democratic,D+10,-10.0,True,True,81.5,general,659
Steve_Cohen_(politician),2016,52,34,4070.0,12,16,2,2014-11-08 20:54:28+00:00,2016-11-02 17:08:56+00:00,House,Tennessee,Tennessee 9,Democratic,D+25,-25.0,True,True,78.7,general,724
Steven_Palazzo,2016,52,30,1950.0,20,7,11,2015-01-08 14:58:49+00:00,2016-09-13 11:39:10+00:00,House,Mississippi,Mississippi 4,Republican,R+21,21.0,True,True,65.0,general,613
Brad_Schneider,2016,51,28,-310.0,18,11,1,2014-11-05 15:30:34+00:00,2016-10-09 16:56:41+00:00,House,Illinois,Illinois 10,Democratic,D+8,-8.0,False,True,52.6,general,704
Bradley_Byrne,2016,51,31,6060.0,14,5,8,2014-11-20 22:32:16+00:00,2016-11-07 04:39:36+00:00,House,Alabama,Alabama 1,Republican,R+15,15.0,True,True,96.4,general,717
Lynn_Jenkins,2016,51,31,2196.0,16,17,3,2014-12-16 12:44:18+00:00,2016-10-07 15:08:35+00:00,House,Kansas,Kansas 2,Republican,R+8,8.0,True,True,60.9,general,661
Danny_Tarkanian,2016,50,16,4959.0,12,4,2,2014-11-18 00:53:14+00:00,2016-10-27 01:26:07+00:00,House,Nevada,Nevada 3,Republican,EVEN,0.0,False,False,46.0,general,709
David_Schweikert,2016,50,36,5990.0,12,8,6,2014-11-22 07:10:47+00:00,2016-10-10 03:10:17+00:00,House,Arizona,Arizona 6,Republican,R+12,12.0,True,True,62.1,general,687
Garret_Graves,2016,50,23,7534.0,9,3,0,2014-11-06 20:49:17+00:00,2016-09-15 11:12:56+00:00,House,Louisiana,Louisiana 6,Republican,R+21,21.0,True,True,62.7,general,678
Pat_Meehan,2016,50,27,342.0,10,10,0,2015-01-08 14:54:19+00:00,2016-10-11 03:39:47+00:00,House,Pennsylvania,Pennsylvania 7,Republican,R+2,2.0,True,True,59.5,general,641
Jason_Lewis_(Minnesota_politician),2016,49,18,4903.0,10,9,1,2015-04-05 22:29:38+00:00,2016-10-22 22:48:12+00:00,House,Minnesota,Minnesota 2,Republican,R+2,2.0,False,True,47.0,general,566
Lois_Frankel,2016,49,29,1746.0,12,13,3,2014-11-14 14:42:03+00:00,2016-11-03 21:07:59+00:00,House,Florida,Florida 21,Democratic,D+10,-10.0,False,True,62.7,general,720
Rodney_Davis_(politician),2016,49,22,1174.0,11,4,3,2014-11-17 05:38:42+00:00,2016-11-02 07:30:17+00:00,House,Illinois,Illinois 13,Republican,EVEN,0.0,True,True,59.7,general,716
Ron_Wyden,2016,49,35,26375.0,8,10,3,2014-11-06 16:53:39+00:00,2016-11-08 14:26:31+00:00,Senate,Oregon,,Democratic,D+5,-5.0,False,True,56.1,general,732
Tom_Price_(American_politician),2016,49,28,7803.0,9,9,0,2014-11-20 20:12:47+00:00,2016-11-04 19:44:10+00:00,House,Georgia,Georgia 6,Republican,R+14,14.0,True,True,61.7,general,714
Ann_Wagner,2016,48,30,4057.0,11,8,1,2015-01-02 02:00:03+00:00,2016-10-19 03:56:22+00:00,House,Missouri,Missouri 2,Republican,R+8,8.0,True,True,58.5,general,656
Jeb_Hensarling,2016,48,28,1055.0,11,9,2,2014-12-16 12:08:10+00:00,2016-10-21 05:57:35+00:00,House,Texas,Texas 5,Republican,R+17,17.0,True,True,80.6,general,674
Kathy_Castor,2016,48,28,-553.0,9,24,1,2014-12-04 02:44:22+00:00,2016-10-10 05:00:13+00:00,House,Florida,Florida 14,Democratic,D+6,-6.0,True,True,61.8,general,676
Scott_Peters_(politician),2016,48,24,6687.0,12,4,1,2014-11-08 15:57:26+00:00,2016-10-06 02:20:51+00:00,House,California,California 52,Democratic,D+2,-2.0,True,True,56.5,general,697
Diana_DeGette,2016,47,27,3.0,16,12,3,2014-12-23 20:41:56+00:00,2016-11-02 21:03:33+00:00,House,Colorado,Colorado 1,Democratic,D+18,-18.0,True,True,67.9,general,680
Jim_Costa,2016,47,26,1978.0,6,16,1,2014-11-15 18:05:07+00:00,2016-09-11 03:33:42+00:00,House,California,California 16,Democratic,D+7,-7.0,True,True,58.0,general,665
Rob_Bishop,2016,47,24,18.0,14,6,1,2014-11-09 17:04:16+00:00,2016-09-11 03:16:09+00:00,House,Utah,Utah 1,Republican,R+27,27.0,True,True,65.9,general,671
Ted_Yoho,2016,47,33,4433.0,10,15,1,2014-12-03 03:17:16+00:00,2016-11-08 21:44:33+00:00,House,Florida,Florida 3,Republican,R+9,9.0,True,True,56.6,general,706
Blake_Farenthold,2016,46,29,6567.0,7,8,3,2014-12-08 23:49:32+00:00,2016-11-04 00:27:28+00:00,House,Texas,Texas 27,Republican,R+13,13.0,True,True,61.7,general,696
Bob_Latta,2016,46,26,3994.0,11,18,2,2015-01-06 23:14:44+00:00,2016-11-06 10:05:41+00:00,House,Ohio,Ohio 5,Republican,R+7,7.0,True,True,70.9,general,669
Chris_Collins_(New_York_politician),2016,46,31,3421.0,8,12,3,2014-11-10 01:35:22+00:00,2016-11-04 15:38:36+00:00,House,New York,New York 27,Republican,R+8,8.0,True,True,67.2,general,725
Jackie_Speier,2016,46,33,2314.0,6,16,1,2014-11-24 07:47:56+00:00,2016-10-10 20:52:20+00:00,House,California,California 14,Democratic,D+23,-23.0,True,True,80.9,general,686
Mike_Turner,2016,46,31,2124.0,10,12,1,2014-11-06 03:45:38+00:00,2016-10-28 03:01:55+00:00,House,Ohio,Ohio 10,Republican,R+3,3.0,True,True,64.1,general,721
Rick_Larsen,2016,46,29,1138.0,6,14,4,2014-11-11 09:13:54+00:00,2016-09-11 03:11:05+00:00,House,Washington,Washington 2,Democratic,D+8,-8.0,True,True,64.0,general,669
John_Delaney_(Maryland_politician),2016,45,26,1182.0,8,7,5,2014-11-05 14:31:49+00:00,2016-09-27 00:00:13+00:00,House,Maryland,Maryland 6,Democratic,D+4,-4.0,True,True,56.0,general,691
Sam_Johnson,2016,45,25,2880.0,6,6,1,2014-11-09 09:39:30+00:00,2016-10-24 01:03:06+00:00,House,Texas,Texas 3,Republican,R+17,17.0,True,True,61.2,general,714
Susan_Brooks,2016,45,30,1603.0,9,5,1,2014-11-17 02:01:57+00:00,2016-09-14 12:44:47+00:00,House,Indiana,Indiana 5,Republican,R+9,9.0,True,True,61.5,general,667
Tom_Garrett_(Virginia_politician),2016,45,16,1884.0,17,1,1,2014-12-12 21:54:58+00:00,2016-10-12 14:08:19+00:00,House,Virginia,Virginia 5,Republican,R+5,5.0,False,True,58.2,general,669
Anna_Eshoo,2016,44,29,3633.0,13,11,5,2014-11-19 20:43:43+00:00,2016-10-14 15:32:51+00:00,House,California,California 18,Democratic,D+18,-18.0,True,True,71.1,general,694
Brad_Sherman,2016,44,32,2081.0,10,12,6,2015-01-04 12:49:40+00:00,2016-11-07 03:05:34+00:00,House,California,California 30,Democratic,D+14,-14.0,True,True,72.6,general,672
David_Price_(American_politician),2016,44,25,2083.0,20,8,9,2014-11-26 10:26:23+00:00,2016-09-11 14:57:17+00:00,House,North Carolina,North Carolina 4,Democratic,D+13,-13.0,True,True,68.2,general,655
Gwen_Moore,2016,44,29,-2516.0,12,8,4,2014-11-05 22:32:48+00:00,2016-10-10 06:13:09+00:00,House,Wisconsin,Wisconsin 4,Democratic,D+23,-23.0,True,True,76.7,general,704
Ted_Poe,2016,44,31,-932.0,8,7,2,2014-12-11 20:45:29+00:00,2016-11-06 11:17:04+00:00,House,Texas,Texas 2,Republican,R+16,16.0,True,True,60.6,general,695
Bobby_Scott_(politician),2016,43,32,5396.0,10,6,6,2014-12-18 21:56:52+00:00,2016-11-05 04:25:17+00:00,House,Virginia,Virginia 3,Democratic,D+15,-15.0,True,True,66.7,general,687
Brenda_Lawrence,2016,43,26,5206.0,7,12,5,2014-11-05 18:13:26+00:00,2016-11-07 21:23:56+00:00,House,Michigan,Michigan 14,Democratic,D+29,-29.0,True,True,78.5,general,733
Cresent_Hardy,2016,43,23,4654.0,6,7,0,2014-11-05 07:03:31+00:00,2016-11-03 19:53:25+00:00,House,Nevada,Nevada 4,Republican,D+4,-4.0,True,False,44.5,general,729
Dan_E._Carter,2016,43,17,8106.0,20,3,3,2016-05-04 08:26:43+00:00,2016-10-23 08:22:33+00:00,Senate,Connecticut,,Republican,D+7,-7.0,False,False,34.6,general,171
Doug_LaMalfa,2016,43,34,3933.0,11,12,4,2014-11-05 01:48:19+00:00,2016-10-10 01:07:46+00:00,House,California,California 1,Republican,R+10,10.0,True,True,59.1,general,704
Foster_Campbell,2016,43,19,3028.0,6,11,1,2014-11-05 15:25:02+00:00,2016-10-25 08:21:32+00:00,Senate,Louisiana,,Democratic,R+12,12.0,False,False,39.35,general,719
Jamie_Raskin,2016,43,28,3665.0,14,9,3,2015-02-11 22:00:28+00:00,2016-10-31 10:57:26+00:00,House,Maryland,Maryland 8,Democratic,D+11,-11.0,False,True,60.6,general,627
John_Hoeven,2016,43,27,9858.0,4,17,2,2014-11-07 16:58:30+00:00,2016-10-25 15:36:43+00:00,Senate,North Dakota,,Republican,R+10,10.0,False,True,78.4,general,717
Rosa_DeLauro,2016,43,34,913.0,11,16,6,2014-12-11 21:13:58+00:00,2016-09-01 00:56:51+00:00,House,Connecticut,Connecticut 3,Democratic,D+11,-11.0,True,True,69.0,general,629
Scott_Perry,2016,43,29,1761.0,12,12,1,2014-11-05 22:01:05+00:00,2016-10-10 18:09:43+00:00,House,Pennsylvania,Pennsylvania 4,Republican,R+9,9.0,True,True,66.1,general,704
Barry_Loudermilk,2016,42,23,2702.0,8,12,2,2014-11-05 03:57:31+00:00,2016-10-27 17:53:43+00:00,House,Georgia,Georgia 11,Republican,R+19,19.0,True,True,67.4,general,722
David_Kustoff,2016,42,11,10230.0,9,2,1,2016-08-05 15:44:29+00:00,2016-11-06 11:47:43+00:00,House,Tennessee,Tennessee 8,Republican,R+19,19.0,False,True,68.8,general,92
Dutch_Ruppersberger,2016,42,29,129.0,16,10,7,2014-11-08 20:24:51+00:00,2016-11-06 04:37:32+00:00,House,Maryland,Maryland 2,Democratic,D+10,-10.0,True,True,62.1,general,728
Luke_Messer,2016,42,23,385.0,10,4,4,2014-11-14 20:45:47+00:00,2016-10-26 21:17:14+00:00,House,Indiana,Indiana 6,Republican,R+12,12.0,True,True,69.1,general,712
Mike_Conaway,2016,42,27,-121.0,9,6,4,2014-11-07 00:58:04+00:00,2016-09-27 20:02:32+00:00,House,Texas,Texas 11,Republican,R+31,31.0,True,True,89.5,general,690
Randy_Weber,2016,42,26,1204.0,4,11,0,2015-01-05 01:08:47+00:00,2016-09-15 10:49:50+00:00,House,Texas,Texas 14,Republican,R+12,12.0,True,True,61.9,general,619
Raul_Ruiz_(politician),2016,42,30,-392.0,7,13,5,2014-11-12 20:48:20+00:00,2016-10-15 04:36:30+00:00,House,California,California 36,Democratic,R+1,1.0,True,True,62.1,general,702
Tom_McClintock,2016,42,33,9005.0,11,8,5,2014-12-01 04:22:25+00:00,2016-11-02 22:49:47+00:00,House,California,California 4,Republican,R+10,10.0,True,True,62.7,general,702
Billy_Long,2016,41,25,2528.0,10,9,4,2015-01-08 14:51:39+00:00,2016-11-02 16:59:13+00:00,House,Missouri,Missouri 7,Republican,R+19,19.0,True,True,67.5,general,664
Danny_Davis_(Illinois_politician),2016,41,28,125.0,12,11,1,2014-11-22 07:50:50+00:00,2016-10-09 12:03:09+00:00,House,Illinois,Illinois 7,Democratic,D+36,-36.0,True,True,84.2,general,687
Ed_Royce_(politician),2016,41,25,3607.0,8,9,3,2014-11-20 20:09:15+00:00,2016-09-01 00:54:53+00:00,House,California,California 39,Republican,R+5,5.0,True,True,57.2,general,650
Grace_Meng,2016,41,28,225.0,7,6,3,2014-11-28 08:31:14+00:00,2016-11-01 16:20:41+00:00,House,New York,New York 6,Democratic,D+13,-13.0,True,True,72.1,general,704
Gus_Bilirakis,2016,41,26,676.0,7,16,0,2014-11-06 14:24:07+00:00,2016-11-07 23:34:34+00:00,House,Florida,Florida 12,Republican,R+6,6.0,True,True,68.6,general,732
Mark_Meadows,2016,41,25,7558.0,5,4,0,2014-11-05 02:30:06+00:00,2016-09-14 12:59:45+00:00,House,North Carolina,North Carolina 11,Republican,R+12,12.0,True,True,64.1,general,679
Mark_Takano,2016,41,28,2129.0,8,5,1,2014-11-20 06:08:27+00:00,2016-10-11 19:50:28+00:00,House,California,California 41,Democratic,D+9,-9.0,True,True,65.0,general,691
Sam_Graves,2016,41,21,4636.0,2,5,2,2014-12-26 02:38:01+00:00,2016-10-13 00:06:00+00:00,House,Missouri,Missouri 6,Republican,R+12,12.0,True,True,68.0,general,656
Vicky_Hartzler,2016,41,26,5924.0,8,5,2,2014-11-19 13:37:04+00:00,2016-09-13 11:27:16+00:00,House,Missouri,Missouri 4,Republican,R+13,13.0,True,True,67.8,general,663
Betty_McCollum,2016,40,22,80.0,14,5,8,2014-12-22 01:26:47+00:00,2016-09-11 03:11:36+00:00,House,Minnesota,Minnesota 4,DFL,D+11,-11.0,True,True,57.8,general,629
Jim_Clyburn,2016,40,30,2314.0,9,12,3,2014-11-08 10:18:00+00:00,2016-09-27 20:25:55+00:00,House,South Carolina,South Carolina 6,Democratic,D+21,-21.0,True,True,70.1,general,689
Ryan_Costello,2016,40,19,2717.0,3,6,0,2014-11-06 04:50:09+00:00,2016-09-15 11:09:46+00:00,House,Pennsylvania,Pennsylvania 6,Republican,R+2,2.0,True,True,57.3,general,679
David_Rouzer,2016,39,24,2735.0,6,6,2,2014-11-06 02:10:33+00:00,2016-10-29 14:18:08+00:00,House,North Carolina,North Carolina 7,Republican,R+9,9.0,True,True,60.9,general,723
Gerry_Connolly,2016,39,31,2524.0,10,7,2,2014-12-03 14:47:34+00:00,2016-10-27 03:28:23+00:00,House,Virginia,Virginia 11,Democratic,D+10,-10.0,True,True,87.9,general,693
Jim_Bridenstine,2016,39,23,3888.0,10,2,2,2015-01-08 22:49:54+00:00,2016-10-21 18:34:04+00:00,House,Oklahoma,Oklahoma 1,Republican,R+18,18.0,True,True,100.0,general,651
Mark_DeSaulnier,2016,39,27,6153.0,6,10,4,2014-11-05 23:27:07+00:00,2016-11-07 21:24:52+00:00,House,California,California 11,Democratic,D+17,-17.0,True,True,72.1,general,732
Steve_Stivers,2016,39,21,535.0,9,5,1,2014-11-05 21:55:14+00:00,2016-10-29 06:43:03+00:00,House,Ohio,Ohio 15,Republican,R+6,6.0,True,True,66.2,general,723
Zoe_Lofgren,2016,39,23,-2452.0,4,11,2,2015-01-04 12:42:19+00:00,2016-09-01 18:00:27+00:00,House,California,California 19,Democratic,D+19,-19.0,True,True,73.9,general,606
Chris_Smith_(New_Jersey_politician),2016,38,25,12248.0,8,5,5,2014-12-26 21:15:33+00:00,2016-11-05 04:31:31+00:00,House,New Jersey,New Jersey 4,Republican,R+7,7.0,True,True,63.7,general,679
Eric_Swalwell,2016,38,29,525.0,7,11,1,2014-11-05 17:05:04+00:00,2016-11-03 04:50:58+00:00,House,California,California 15,Democratic,D+16,-16.0,True,True,73.8,general,728
Jim_Renacci,2016,38,20,1366.0,5,13,1,2014-11-06 05:48:18+00:00,2016-10-26 12:34:22+00:00,House,Ohio,Ohio 16,Republican,R+6,6.0,True,True,65.3,general,720
Michael_McCaul,2016,38,24,167.0,6,10,0,2014-12-08 15:25:15+00:00,2016-11-06 00:18:56+00:00,House,Texas,Texas 10,Republican,R+11,11.0,True,True,57.3,general,698
Misty_Plowright,2016,38,17,5274.0,4,6,0,2016-07-01 22:33:52+00:00,2016-11-06 16:34:32+00:00,House,Colorado,Colorado 5,Democratic,R+13,13.0,False,False,30.8,general,127
Sheila_Jackson_Lee,2016,38,19,5229.0,5,0,2,2014-11-20 05:14:09+00:00,2016-10-28 06:58:07+00:00,House,Texas,Texas 18,Democratic,D+24,-24.0,True,True,73.5,general,708
Shelli_Yoder,2016,38,21,4066.0,6,11,2,2014-12-16 05:18:34+00:00,2016-10-26 02:35:57+00:00,House,Indiana,Indiana 9,Democratic,R+9,9.0,False,False,40.5,general,679
Steve_Chabot,2016,38,26,29.0,10,4,3,2014-12-02 23:51:26+00:00,2016-10-27 18:16:27+00:00,House,Ohio,Ohio 1,Republican,R+6,6.0,True,True,59.2,general,694
Art_Robinson,2016,37,18,4163.0,9,1,7,2014-12-09 01:58:06+00:00,2016-10-18 20:52:36+00:00,House,Oregon,Oregon 4,Republican,D+2,-2.0,False,False,39.7,general,679
Dan_Lipinski,2016,37,23,4081.0,12,9,2,2014-12-09 18:29:15+00:00,2016-11-06 19:12:32+00:00,House,Illinois,Illinois 3,Democratic,D+5,-5.0,True,True,100.0,general,698
Earl_Blumenauer,2016,37,22,989.0,8,7,0,2014-11-08 20:02:15+00:00,2016-10-16 01:48:02+00:00,House,Oregon,Oregon 3,Democratic,D+22,-22.0,True,True,71.8,general,707
Pete_Sessions,2016,37,22,1745.0,11,1,1,2014-12-05 23:45:35+00:00,2016-10-12 00:26:05+00:00,House,Texas,Texas 32,Republican,R+10,10.0,True,True,71.1,general,676
Sean_Duffy,2016,37,25,6197.0,5,8,2,2014-11-08 21:10:28+00:00,2016-09-12 14:14:11+00:00,House,Wisconsin,Wisconsin 7,Republican,R+2,2.0,True,True,61.7,general,673
Tim_Walz,2016,37,21,2892.0,13,5,4,2014-11-08 18:36:47+00:00,2016-10-23 00:09:11+00:00,House,Minnesota,Minnesota 1,DFL,R+1,1.0,True,True,50.3,general,714
Todd_Rokita,2016,37,24,5397.0,6,5,0,2014-11-05 02:20:02+00:00,2016-10-09 21:52:58+00:00,House,Indiana,Indiana 4,Republican,R+11,11.0,True,True,64.6,general,704
Val_Demings,2016,37,13,2494.0,4,3,0,2015-03-14 20:38:35+00:00,2016-11-01 22:41:16+00:00,House,Florida,Florida 10,Democratic,D+9,-9.0,False,True,64.9,general,598
Bob_Brady,2016,36,22,594.0,8,6,2,2014-11-10 04:37:49+00:00,2016-11-04 20:37:39+00:00,House,Pennsylvania,Pennsylvania 1,Democratic,D+28,-28.0,True,True,82.2,general,725
Greg_Walden,2016,36,20,1494.0,4,4,0,2014-11-08 20:03:01+00:00,2016-10-31 07:16:03+00:00,House,Oregon,Oregon 2,Republican,R+10,10.0,True,True,71.7,general,722
Leonard_Lance,2016,36,20,2676.0,8,6,0,2015-01-06 23:36:39+00:00,2016-09-12 13:51:13+00:00,House,New Jersey,New Jersey 7,Republican,R+6,6.0,True,True,54.1,general,614
Ruben_Kihuen,2016,36,16,2578.0,12,4,2,2015-04-15 08:15:27+00:00,2016-11-03 20:01:08+00:00,House,Nevada,Nevada 4,Democratic,D+4,-4.0,False,True,48.5,general,568
Sander_Levin,2016,36,22,1468.0,9,7,1,2014-12-28 13:09:35+00:00,2016-10-09 18:29:48+00:00,House,Michigan,Michigan 9,Democratic,D+6,-6.0,True,True,57.9,general,651
David_Cicilline,2016,35,27,1177.0,6,13,2,2015-01-03 12:27:51+00:00,2016-09-29 06:07:07+00:00,House,Rhode Island,Rhode Island 1,Democratic,D+15,-15.0,True,True,64.5,general,634
John_Yarmuth,2016,35,19,-267.0,7,2,3,2014-11-08 20:10:53+00:00,2016-09-12 00:16:59+00:00,House,Kentucky,Kentucky 3,Democratic,D+4,-4.0,True,True,63.5,general,673
Steve_Santarsiero,2016,35,5,-1205.0,8,0,0,2015-03-25 20:59:58+00:00,2016-10-25 01:35:52+00:00,House,Pennsylvania,Pennsylvania 8,Democratic,R+1,1.0,False,False,45.6,general,579
Walter_B._Jones_Jr.,2016,35,26,13.0,12,5,4,2014-11-07 11:07:31+00:00,2016-10-27 22:29:37+00:00,House,North Carolina,North Carolina 3,Republican,R+11,11.0,True,True,67.2,general,720
Andy_Biggs,2016,34,25,953.0,9,8,0,2015-03-22 00:46:49+00:00,2016-10-06 23:30:09+00:00,House,Arizona,Arizona 5,Republican,R+17,17.0,False,True,64.1,general,564
Chase_Iron_Eyes,2016,34,22,486.0,8,5,3,2015-06-14 03:27:22+00:00,2016-09-22 11:33:38+00:00,House,North Dakota,North Dakota at-large,Democratic-NPL,R+10,10.0,False,False,23.8,general,466
Claudia_Tenney,2016,34,11,-226.0,12,2,1,2016-03-24 19:19:47+00:00,2016-11-01 00:03:57+00:00,House,New York,New York 22,Republican,R+3,3.0,False,True,46.5,general,221
Collin_Peterson,2016,34,21,2006.0,9,6,3,2014-12-28 08:58:47+00:00,2016-09-01 04:14:17+00:00,House,Minnesota,Minnesota 7,DFL,R+6,6.0,True,True,52.5,general,612
Doug_Collins_(politician),2016,34,25,535.0,6,10,0,2014-11-05 22:04:21+00:00,2016-09-18 02:56:29+00:00,House,Georgia,Georgia 9,Republican,R+30,30.0,True,True,100.0,general,682
Jim_Banks,2016,34,17,5160.0,8,11,1,2014-11-17 18:10:03+00:00,2016-05-21 18:05:28+00:00,House,Indiana,Indiana 3,Republican,R+13,13.0,False,True,70.1,general,550
Jim_McGovern_(American_politician),2016,34,20,-607.0,6,8,2,2014-12-28 12:28:17+00:00,2016-09-27 19:52:08+00:00,House,Massachusetts,Massachusetts 2,Democratic,D+8,-8.0,True,True,98.2,general,639
Jimmy_Duncan_(politician),2016,34,19,-16.0,6,14,0,2014-11-08 20:50:33+00:00,2016-05-26 08:48:21+00:00,House,Tennessee,Tennessee 2,Republican,R+20,20.0,True,True,75.6,general,564
Markwayne_Mullin,2016,34,23,271.0,5,2,0,2014-12-01 22:10:57+00:00,2016-09-14 13:01:07+00:00,House,Oklahoma,Oklahoma 2,Republican,R+20,20.0,True,True,70.6,general,652
Tom_Emmer,2016,34,18,1277.0,7,3,1,2014-11-06 03:46:33+00:00,2016-09-15 11:11:35+00:00,House,Minnesota,Minnesota 6,Republican,R+10,10.0,True,True,65.6,general,679
Wendy_Long,2016,34,23,1844.0,9,7,3,2015-03-10 18:46:54+00:00,2016-11-08 13:53:27+00:00,Senate,New York,,Republican,D+11,-11.0,False,False,27.4,general,608
Frank_Lucas_(Oklahoma_politician),2016,33,22,958.0,8,2,0,2014-12-23 15:58:39+00:00,2016-09-18 10:23:14+00:00,House,Oklahoma,Oklahoma 3,Republican,R+26,26.0,True,True,78.3,general,634
James_Langevin,2016,33,20,340.0,9,9,2,2015-01-04 08:24:49+00:00,2016-11-07 21:23:04+00:00,House,Rhode Island,Rhode Island 2,Democratic,D+8,-8.0,True,True,58.1,general,673
Jerry_McNerney,2016,33,19,1694.0,4,3,1,2014-11-21 04:00:35+00:00,2016-09-21 00:02:05+00:00,House,California,California 9,Democratic,D+6,-6.0,True,True,57.4,general,669
Jerry_Nadler,2016,33,25,1479.0,10,6,1,2015-01-06 03:53:07+00:00,2016-10-27 04:23:51+00:00,House,New York,New York 10,Democratic,D+23,-23.0,True,True,78.0,general,660
Julia_Brownley,2016,33,21,2082.0,2,14,2,2014-11-15 18:01:27+00:00,2016-09-14 12:45:10+00:00,House,California,California 26,Democratic,D+4,-4.0,True,True,60.4,general,668
Lacy_Clay,2016,33,20,102.0,8,2,1,2014-11-29 05:59:39+00:00,2016-10-13 00:55:27+00:00,House,Missouri,Missouri 1,Democratic,D+28,-28.0,True,True,75.5,general,683
Norma_Torres,2016,33,16,-1079.0,4,6,0,2014-11-06 02:48:46+00:00,2016-11-06 03:40:58+00:00,House,California,California 35,Democratic,D+15,-15.0,True,True,72.4,general,731
Randy_Hultgren,2016,33,15,5557.0,12,2,2,2014-11-14 05:04:19+00:00,2016-10-28 01:17:31+00:00,House,Illinois,Illinois 14,Republican,R+5,5.0,True,True,59.3,general,713
Roger_Marshall,2016,33,16,5161.0,6,3,1,2016-08-03 02:26:58+00:00,2016-11-06 14:23:18+00:00,House,Kansas,Kansas 1,Republican,R+23,23.0,False,True,66.1,general,95
Al_Lawson,2016,32,17,1448.0,3,12,0,2015-06-16 17:47:35+00:00,2016-10-10 18:01:35+00:00,House,Florida,Florida 5,Democratic,D+12,-12.0,False,True,64.2,general,482
Fred_Upton,2016,32,24,1331.0,6,4,1,2014-12-29 02:47:30+00:00,2016-07-06 19:22:23+00:00,House,Michigan,Michigan 6,Republican,R+1,1.0,True,True,58.7,general,555
Jackie_Walorski,2016,32,20,2010.0,4,10,3,2014-11-06 02:02:15+00:00,2016-10-24 15:34:34+00:00,House,Indiana,Indiana 2,Republican,R+6,6.0,True,True,59.3,general,718
Kip_Holden,2016,32,19,1565.0,9,6,0,2014-11-22 02:32:52+00:00,2016-07-17 19:20:50+00:00,House,Louisiana,Louisiana 2,Democratic,D+23,-23.0,False,False,20.1,general,603
Larry_Bucshon,2016,32,21,847.0,8,5,2,2014-11-17 12:52:42+00:00,2016-11-05 04:17:34+00:00,House,Indiana,Indiana 8,Republican,R+8,8.0,True,True,63.7,general,718
Michelle_Lujan_Grisham,2016,32,20,-482.0,1,10,0,2015-01-04 15:35:22+00:00,2016-10-29 02:51:37+00:00,House,New Mexico,New Mexico 1,Democratic,D+7,-7.0,True,True,65.1,general,663
Annie_Kuster,2016,31,21,10963.0,1,7,1,2014-11-08 20:36:08+00:00,2016-11-08 19:45:24+00:00,House,New Hampshire,New Hampshire 2,Democratic,D+3,-3.0,True,True,49.8,general,730
Bill_Posey,2016,31,21,-218.0,10,6,5,2015-01-04 23:46:03+00:00,2016-11-02 12:08:20+00:00,House,Florida,Florida 8,Republican,R+9,9.0,True,True,63.1,general,667
Bob_Gibbs,2016,31,13,864.0,3,16,2,2014-11-05 15:00:40+00:00,2016-11-04 22:55:51+00:00,House,Ohio,Ohio 7,Republican,R+6,6.0,True,True,64.0,general,730
Buddy_Carter,2016,31,24,3070.0,3,10,1,2014-11-06 02:56:46+00:00,2016-09-15 11:08:54+00:00,House,Georgia,Georgia 1,Republican,R+9,9.0,True,True,99.6,general,679
Dina_Titus,2016,31,14,8366.0,3,7,1,2014-12-21 13:12:54+00:00,2016-09-13 11:53:01+00:00,House,Nevada,Nevada 1,Democratic,D+14,-14.0,True,True,61.9,general,631
Jared_Huffman,2016,31,22,3409.0,3,9,3,2015-01-04 12:27:48+00:00,2016-09-15 17:00:58+00:00,House,California,California 2,Democratic,D+20,-20.0,True,True,76.9,general,620
Junius_P._Rodriguez,2016,31,11,197.0,9,0,2,2015-02-19 09:24:03+00:00,2016-11-03 07:39:31+00:00,House,Illinois,Illinois 18,Democratic,R+11,11.0,False,False,27.9,general,622
Mick_Mulvaney,2016,31,23,2179.0,3,7,1,2014-11-08 20:46:13+00:00,2016-11-08 03:21:56+00:00,House,South Carolina,South Carolina 5,Republican,R+9,9.0,True,True,59.2,general,730
Tim_Murphy_(Pennsylvania_politician),2016,31,20,126.0,8,12,2,2014-11-05 12:01:19+00:00,2016-10-10 11:17:12+00:00,House,Pennsylvania,Pennsylvania 18,Republican,R+10,10.0,True,True,100.0,general,704
Adam_Smith_(Washington_politician),2016,30,17,-145.0,5,6,2,2014-11-26 15:58:02+00:00,2016-10-31 00:37:33+00:00,House,Washington,Washington 9,Democratic,D+17,-17.0,True,True,72.9,general,704
David_McKinley,2016,30,15,2052.0,8,1,3,2014-11-11 04:58:44+00:00,2016-09-14 13:55:33+00:00,House,West Virginia,West Virginia 1,Republican,R+14,14.0,True,True,69.0,general,673
Karen_Bass,2016,30,20,-1231.0,6,5,2,2014-12-29 21:17:20+00:00,2016-10-15 02:17:26+00:00,House,California,California 37,Democratic,D+34,-34.0,True,True,81.1,general,655
Kevin_Cramer,2016,30,16,10145.0,4,5,0,2015-01-04 13:14:05+00:00,2016-09-14 12:49:14+00:00,House,North Dakota,North Dakota at-large,Republican,R+10,10.0,True,True,69.1,general,618
Paul_Tonko,2016,30,13,-274.0,4,4,0,2014-11-18 04:15:18+00:00,2016-10-27 20:33:18+00:00,House,New York,New York 20,Democratic,D+7,-7.0,True,True,67.9,general,709
Peter_DeFazio,2016,30,21,546.0,5,3,0,2014-11-08 20:00:52+00:00,2016-10-29 18:22:30+00:00,House,Oregon,Oregon 4,Democratic,D+2,-2.0,True,True,55.5,general,720
Tom_Rice,2016,30,21,-4964.0,4,7,2,2014-11-08 03:38:56+00:00,2016-09-14 13:04:38+00:00,House,South Carolina,South Carolina 7,Republican,R+7,7.0,True,True,61.0,general,676
Trent_Franks,2016,30,21,4875.0,6,5,3,2014-12-18 15:41:21+00:00,2016-10-06 02:48:20+00:00,House,Arizona,Arizona 8,Republican,R+15,15.0,True,True,68.5,general,657
Al_Green_(politician),2016,29,24,224.0,9,5,1,2014-11-16 19:29:52+00:00,2016-10-10 08:23:14+00:00,House,Texas,Texas 9,Democratic,D+25,-25.0,True,True,80.6,general,693
Brad_Wenstrup,2016,29,16,1309.0,10,7,0,2014-11-09 20:55:38+00:00,2016-09-15 10:50:30+00:00,House,Ohio,Ohio 2,Republican,R+8,8.0,True,True,65.0,general,675
Brady_Walkinshaw,2016,29,23,4102.0,12,9,1,2014-11-12 00:55:14+00:00,2016-11-02 10:53:19+00:00,House,Washington,Washington 7,Democratic,D+29,-29.0,False,False,44.0,general,721
Emanuel_Cleaver,2016,29,9,-1515.0,1,5,0,2015-01-06 11:41:18+00:00,2016-09-11 03:32:34+00:00,House,Missouri,Missouri 5,Democratic,D+9,-9.0,True,True,58.8,general,613
Filemon_Vela_Jr.,2016,29,21,-12.0,7,7,3,2015-01-05 01:16:00+00:00,2016-09-15 10:48:16+00:00,House,Texas,Texas 34,Democratic,D+8,-8.0,True,True,62.7,general,619
Frank_Pallone,2016,29,18,-88.0,7,5,0,2014-11-19 20:45:40+00:00,2016-09-28 22:49:40+00:00,House,New Jersey,New Jersey 6,Democratic,D+8,-8.0,True,True,63.7,general,679
Frederica_Wilson,2016,29,18,361.0,3,4,0,2014-11-06 06:54:17+00:00,2016-11-01 22:18:55+00:00,House,Florida,Florida 24,Democratic,D+33,-33.0,True,True,100.0,general,726
Gregory_Meeks,2016,29,21,2760.0,5,5,1,2014-11-15 14:49:14+00:00,2016-11-01 16:22:34+00:00,House,New York,New York 5,Democratic,D+35,-35.0,True,True,85.4,general,717
John_Moolenaar,2016,29,15,894.0,3,4,0,2014-11-05 19:03:44+00:00,2016-11-07 05:48:50+00:00,House,Michigan,Michigan 4,Republican,R+5,5.0,True,True,61.6,general,732
Ray_Metcalfe,2016,29,23,982.0,5,10,1,2016-01-08 23:15:57+00:00,2016-10-23 23:30:21+00:00,Senate,Alaska,,Democratic,R+12,12.0,False,False,11.6,general,289
Vern_Buchanan,2016,29,24,3402.0,4,2,4,2014-12-02 00:18:50+00:00,2016-09-28 09:33:21+00:00,House,Florida,Florida 16,Republican,R+6,6.0,True,True,59.8,general,666
Bill_Pascrell,2016,28,20,866.0,9,6,4,2014-11-15 02:16:00+00:00,2016-11-02 11:59:54+00:00,House,New Jersey,New Jersey 9,Democratic,D+14,-14.0,True,True,69.7,general,718
Dwight_Evans_(politician),2016,28,20,1314.0,3,6,1,2015-11-25 16:40:07+00:00,2016-11-05 21:25:49+00:00,House,Pennsylvania,Pennsylvania 2,Democratic,,,False,True,90.2,special,346
Eddie_Bernice_Johnson,2016,28,23,-4.0,6,9,2,2014-12-28 12:16:03+00:00,2016-10-19 11:29:11+00:00,House,Texas,Texas 30,Democratic,D+27,-27.0,True,True,77.9,general,660
Jack_Bergman,2016,28,12,1608.0,9,9,0,2015-03-16 15:33:50+00:00,2016-10-02 04:17:39+00:00,House,Michigan,Michigan 1,Republican,R+5,5.0,False,True,54.9,general,565
Jim_Cooper,2016,28,20,602.0,7,6,3,2014-11-08 20:51:18+00:00,2016-10-24 11:22:23+00:00,House,Tennessee,Tennessee 5,Democratic,D+5,-5.0,True,True,62.6,general,715
Joe_Miller_(Alaska_politician),2016,28,20,24759.0,9,5,1,2014-11-12 16:29:34+00:00,2016-10-23 07:55:10+00:00,Senate,Alaska,,Libertarian,R+12,12.0,False,False,29.2,general,710
Juan_Vargas,2016,28,18,1500.0,8,7,1,2014-11-13 15:15:40+00:00,2016-10-10 18:06:03+00:00,House,California,California 51,Democratic,D+16,-16.0,True,True,72.8,general,697
Matt_Heinz,2016,28,14,1295.0,5,4,2,2015-02-13 23:56:27+00:00,2016-10-01 07:28:48+00:00,House,Arizona,Arizona 2,Democratic,R+3,3.0,False,False,43.0,general,595
Pete_Gallego,2016,28,13,-528.0,4,8,0,2014-11-05 18:47:48+00:00,2016-04-05 13:28:57+00:00,House,Texas,Texas 23,Democratic,R+3,3.0,False,False,47.0,general,516
Dave_Loebsack,2016,27,17,1344.0,5,8,0,2014-11-17 05:30:59+00:00,2016-09-12 00:11:23+00:00,House,Iowa,Iowa 2,Democratic,D+4,-4.0,True,True,53.7,general,664
Doris_Matsui,2016,27,22,1609.0,5,3,2,2014-12-22 03:30:01+00:00,2016-09-19 06:35:06+00:00,House,California,California 6,Democratic,D+18,-18.0,True,True,75.4,general,637
Lloyd_Doggett,2016,27,20,-463.0,6,4,2,2014-11-14 08:32:37+00:00,2016-11-05 19:13:34+00:00,House,Texas,Texas 35,Democratic,D+11,-11.0,True,True,63.1,general,722
Lou_Barletta,2016,27,18,240.0,3,10,1,2015-01-08 14:06:53+00:00,2016-10-10 00:06:18+00:00,House,Pennsylvania,Pennsylvania 11,Republican,R+6,6.0,True,True,63.7,general,640
Mike_Kelly_(Pennsylvania_politician),2016,27,17,-370.0,4,3,0,2015-01-06 01:41:18+00:00,2016-09-13 11:31:46+00:00,House,Pennsylvania,Pennsylvania 3,Republican,R+8,8.0,True,True,100.0,general,616
Mike_Rogers_(Alabama_politician),2016,27,15,2587.0,2,6,3,2014-11-10 00:03:53+00:00,2016-09-11 03:26:02+00:00,House,Alabama,Alabama 3,Republican,R+16,16.0,True,True,66.9,general,671
Scott_Tipton,2016,27,15,-584.0,5,1,2,2015-01-04 16:34:45+00:00,2016-09-13 11:45:31+00:00,House,Colorado,Colorado 3,Republican,R+5,5.0,True,True,54.6,general,617
Albio_Sires,2016,26,21,231.0,7,6,0,2014-11-21 18:11:47+00:00,2016-09-12 00:03:03+00:00,House,New Jersey,New Jersey 8,Democratic,D+24,-24.0,True,True,77.0,general,660
Isadore_Hall_III,2016,26,15,1600.0,5,10,0,2014-11-08 23:31:58+00:00,2016-11-06 11:16:50+00:00,House,California,California 44,Democratic,D+32,-32.0,False,False,47.8,general,728
Mike_Capuano,2016,26,19,-198.0,9,1,0,2014-12-29 19:21:34+00:00,2016-11-02 04:00:36+00:00,House,Massachusetts,Massachusetts 7,Democratic,D+31,-31.0,True,True,98.6,general,673
Roger_Williams_(Texas_politician),2016,26,14,-125.0,4,4,2,2015-01-05 00:59:55+00:00,2016-09-15 10:50:59+00:00,House,Texas,Texas 25,Republican,R+12,12.0,True,True,58.4,general,619
Darren_Soto,2016,25,13,7609.0,5,4,0,2014-11-10 17:32:38+00:00,2016-11-02 20:19:21+00:00,House,Florida,Florida 9,Democratic,D+3,-3.0,False,True,57.5,general,723
Ed_Perlmutter,2016,25,19,1169.0,6,4,5,2015-01-04 16:37:41+00:00,2016-09-12 00:13:26+00:00,House,Colorado,Colorado 7,Democratic,D+5,-5.0,True,True,55.2,general,616
Keith_Rothfus,2016,25,15,79.0,4,9,0,2014-11-05 11:58:49+00:00,2016-09-14 13:05:02+00:00,House,Pennsylvania,Pennsylvania 12,Republican,R+6,6.0,True,True,61.8,general,679
Mark_Pocan,2016,25,17,558.0,6,5,2,2014-11-08 21:11:59+00:00,2016-10-13 02:03:29+00:00,House,Wisconsin,Wisconsin 2,Democratic,D+17,-17.0,True,True,68.7,general,704
Niki_Tsongas,2016,25,19,-157.0,2,4,2,2015-01-04 08:11:23+00:00,2016-09-20 21:36:16+00:00,House,Massachusetts,Massachusetts 3,Democratic,D+6,-6.0,True,True,68.7,general,625
Suzan_DelBene,2016,25,17,598.0,4,5,1,2014-11-05 11:38:32+00:00,2016-11-07 19:17:28+00:00,House,Washington,Washington 1,Democratic,D+4,-4.0,True,True,55.4,general,733
Adriano_Espaillat,2016,24,18,2258.0,4,2,2,2014-11-11 15:35:17+00:00,2016-11-07 17:18:59+00:00,House,New York,New York 13,Democratic,D+42,-42.0,False,True,88.6,general,727
Cedric_Richmond,2016,24,14,510.0,4,7,0,2014-12-30 04:52:15+00:00,2016-10-10 08:25:03+00:00,House,Louisiana,Louisiana 2,Democratic,D+23,-23.0,True,True,69.8,general,650
Chris_Vance_(politician),2016,24,16,1254.0,7,7,3,2015-01-10 01:18:09+00:00,2016-11-03 22:11:16+00:00,Senate,Washington,,Republican,D+5,-5.0,False,False,40.99,general,663
Frank_LoBiondo,2016,24,15,164.0,9,7,1,2015-01-06 04:38:45+00:00,2016-10-19 03:55:44+00:00,House,New Jersey,New Jersey 2,Republican,D+1,-1.0,True,True,59.2,general,651
Morgan_Griffith,2016,24,17,244.0,9,5,2,2014-11-07 13:45:55+00:00,2016-10-14 00:49:32+00:00,House,Virginia,Virginia 9,Republican,R+15,15.0,True,True,68.6,general,706
Paul_Cook_(politician),2016,24,18,2983.0,4,9,0,2015-01-04 12:33:05+00:00,2016-10-27 16:43:59+00:00,House,California,California 8,Republican,R+10,10.0,True,True,62.3,general,662
Rick_Crawford_(politician),2016,24,15,2567.0,5,4,0,2014-11-27 03:18:03+00:00,2016-09-17 10:28:25+00:00,House,Arkansas,Arkansas 1,Republican,R+14,14.0,True,True,76.3,general,660
Alan_Lowenthal,2016,23,14,628.0,2,6,1,2014-11-07 23:28:22+00:00,2016-10-28 21:43:39+00:00,House,California,California 47,Democratic,D+8,-8.0,True,True,63.7,general,720
Bennie_Thompson,2016,23,17,8687.0,3,5,2,2014-11-10 23:29:53+00:00,2016-10-31 03:33:04+00:00,House,Mississippi,Mississippi 2,Democratic,D+13,-13.0,True,True,67.1,general,720
Michael_C._Burgess,2016,23,15,1123.0,6,1,2,2015-01-05 01:12:06+00:00,2016-11-03 06:14:16+00:00,House,Texas,Texas 26,Republican,R+20,20.0,True,True,66.4,general,668
Richard_Hudson_(American_politician),2016,23,16,-4571.0,4,10,0,2015-01-09 00:22:51+00:00,2016-09-14 12:53:58+00:00,House,North Carolina,North Carolina 8,Republican,R+8,8.0,True,True,58.8,general,614
Elizabeth_Esty,2016,22,15,2905.0,5,3,0,2014-11-22 14:53:40+00:00,2016-10-18 10:59:56+00:00,House,Connecticut,Connecticut 5,Democratic,D+3,-3.0,True,True,58.0,general,695
George_Holding,2016,22,14,1734.0,4,3,2,2015-01-09 00:16:41+00:00,2016-10-05 21:12:02+00:00,House,North Carolina,North Carolina 2,Republican,R+8,8.0,False,True,56.7,general,635
Gretchen_Driskell,2016,22,12,2267.0,6,1,0,2015-02-09 17:59:41+00:00,2016-11-06 11:23:57+00:00,House,Michigan,Michigan 7,Democratic,R+3,3.0,False,False,40.0,general,635
Kenny_Marchant,2016,22,15,-309.0,2,7,0,2014-12-11 21:13:41+00:00,2016-11-01 13:55:48+00:00,House,Texas,Texas 24,Republican,R+13,13.0,True,True,56.2,general,690
Kurt_Schrader,2016,21,14,-1127.0,4,2,1,2014-11-08 20:03:52+00:00,2016-09-12 13:58:48+00:00,House,Oregon,Oregon 5,Democratic,EVEN,0.0,True,True,53.5,general,673
Robin_Kelly,2016,21,16,210.0,5,6,2,2014-11-30 06:12:12+00:00,2016-09-23 19:58:46+00:00,House,Illinois,Illinois 2,Democratic,D+29,-29.0,True,True,79.8,general,663
Scott_Jones_(sheriff),2016,21,5,3618.0,7,0,1,2016-02-22 21:21:04+00:00,2016-10-28 08:28:09+00:00,House,California,California 7,Republican,EVEN,0.0,False,False,48.8,general,248
Francis_Rooney,2016,20,14,1120.0,9,5,1,2015-06-22 11:28:12+00:00,2016-09-30 21:05:34+00:00,House,Florida,Florida 19,Republican,R+12,12.0,False,True,65.9,general,466
Grace_Napolitano,2016,20,12,333.0,1,5,0,2014-11-16 16:20:40+00:00,2016-10-07 00:34:02+00:00,House,California,California 32,Democratic,D+12,-12.0,True,True,61.6,general,690
John_B._Larson,2016,20,12,248.0,3,2,1,2014-11-10 23:08:51+00:00,2016-11-01 11:27:24+00:00,House,Connecticut,Connecticut 1,Democratic,D+13,-13.0,True,True,64.1,general,721
Lucille_Roybal-Allard,2016,20,13,592.0,5,3,3,2015-01-04 12:55:24+00:00,2016-10-13 00:04:17+00:00,House,California,California 40,Democratic,D+29,-29.0,True,True,71.4,general,647
Pat_Tiberi,2016,20,16,-589.0,3,2,1,2014-12-29 19:40:22+00:00,2016-10-16 14:56:40+00:00,House,Ohio,Ohio 12,Republican,R+8,8.0,True,True,66.6,general,656
Patrick_McHenry,2016,20,13,-190.0,2,8,1,2014-12-29 20:40:50+00:00,2016-09-11 23:57:38+00:00,House,North Carolina,North Carolina 10,Republican,R+11,11.0,True,True,63.1,general,622
Adrian_Smith_(politician),2016,19,14,1346.0,2,1,3,2015-01-06 22:50:49+00:00,2016-10-04 17:14:21+00:00,House,Nebraska,Nebraska 3,Republican,R+23,23.0,True,True,100.0,general,636
Bill_Foster_(politician),2016,19,13,1350.0,6,2,3,2014-11-21 03:23:42+00:00,2016-11-02 09:15:38+00:00,House,Illinois,Illinois 11,Democratic,D+8,-8.0,True,True,60.4,general,712
Bill_Huizenga,2016,19,15,77.0,3,3,2,2014-12-12 23:18:09+00:00,2016-11-02 10:11:23+00:00,House,Michigan,Michigan 2,Republican,R+7,7.0,True,True,62.6,general,690
David_Scott_(Georgia_politician),2016,19,14,233.0,5,2,1,2014-11-29 06:04:50+00:00,2016-10-08 22:22:31+00:00,House,Georgia,Georgia 13,Democratic,D+16,-16.0,True,True,100.0,general,679
Eliot_Glassheim,2016,19,10,760.0,4,1,1,2014-11-08 19:41:13+00:00,2016-10-23 10:12:52+00:00,Senate,North Dakota,,Democratic-NPL,R+10,10.0,False,False,17.0,general,714
Joyce_Beatty,2016,19,13,-259.0,4,4,0,2015-01-08 22:46:32+00:00,2016-09-14 12:42:44+00:00,House,Ohio,Ohio 3,Democratic,D+17,-17.0,True,True,68.6,general,614
Marc_Veasey,2016,19,12,1164.0,1,2,0,2014-11-05 02:05:50+00:00,2016-09-26 00:21:05+00:00,House,Texas,Texas 33,Democratic,D+18,-18.0,True,True,73.7,general,690
Mike_Doyle_(American_politician),2016,19,16,909.0,4,7,2,2015-01-06 04:31:42+00:00,2016-10-23 16:36:34+00:00,House,Pennsylvania,Pennsylvania 14,Democratic,D+15,-15.0,True,True,74.4,general,656
Pete_Olson,2016,19,15,-408.0,4,3,2,2015-01-06 23:41:37+00:00,2016-10-27 21:39:16+00:00,House,Texas,Texas 22,Republican,R+15,15.0,True,True,59.5,general,659
Brian_Higgins,2016,18,10,-89.0,6,1,0,2015-01-06 11:48:15+00:00,2016-09-26 22:36:40+00:00,House,New York,New York 26,Democratic,D+13,-13.0,True,True,74.6,general,629
Gene_Green,2016,18,15,100.0,3,5,3,2014-11-28 00:46:04+00:00,2016-10-09 20:22:04+00:00,House,Texas,Texas 29,Democratic,D+12,-12.0,True,True,72.5,general,681
Lou_Correa,2016,18,13,340.0,4,2,1,2014-11-09 00:00:26+00:00,2016-09-19 07:51:20+00:00,House,California,California 46,Democratic,D+9,-9.0,False,True,70.0,general,680
Richard_Neal,2016,18,16,-6.0,2,5,0,2015-01-04 08:08:12+00:00,2016-07-22 17:01:51+00:00,House,Massachusetts,Massachusetts 1,Democratic,D+13,-13.0,True,True,73.3,general,565
Donald_Payne_Jr.,2016,17,12,-128.0,2,5,1,2015-01-08 22:40:14+00:00,2016-10-20 14:51:46+00:00,House,New Jersey,New Jersey 10,Democratic,D+34,-34.0,True,True,85.7,general,650
Jerry_Sturgill,2016,17,10,2998.0,4,0,1,2016-07-26 01:53:03+00:00,2016-10-24 23:24:58+00:00,Senate,Idaho,,Democratic,R+18,18.0,False,False,27.8,general,90
Mark_Hunt_(politician),2016,17,14,-5.0,7,5,0,2015-05-08 18:47:40+00:00,2016-10-27 14:53:33+00:00,House,West Virginia,West Virginia 2,Democratic,R+11,11.0,False,False,41.8,general,537
Phil_Roe_(politician),2016,17,11,791.0,4,0,0,2014-11-08 20:55:01+00:00,2016-10-13 00:04:52+00:00,House,Tennessee,Tennessee 1,Republican,R+25,25.0,True,True,78.4,general,704
Rob_Wittman,2016,17,12,323.0,5,3,1,2014-11-24 20:17:28+00:00,2016-11-03 18:39:58+00:00,House,Virginia,Virginia 1,Republican,R+8,8.0,True,True,59.9,general,709
Ron_Kind,2016,17,13,366.0,3,5,1,2014-11-05 07:38:17+00:00,2016-09-09 02:26:18+00:00,House,Wisconsin,Wisconsin 3,Democratic,D+5,-5.0,True,True,98.9,general,673
Steve_Pearce_(politician),2016,17,13,375.0,3,3,1,2014-12-26 02:19:05+00:00,2016-09-12 00:03:38+00:00,House,New Mexico,New Mexico 2,Republican,R+5,5.0,True,True,62.7,general,625
Doug_Lamborn,2016,16,12,-542.0,4,3,1,2014-12-14 08:37:38+00:00,2016-10-22 02:00:23+00:00,House,Colorado,Colorado 5,Republican,R+13,13.0,True,True,62.3,general,677
Gail_Schwartz,2016,16,8,908.0,2,1,4,2016-01-23 15:51:38+00:00,2016-09-11 14:08:38+00:00,House,Colorado,Colorado 3,Democratic,R+5,5.0,False,False,40.4,general,231
Glenn_Thompson_(politician),2016,16,12,298.0,1,3,0,2015-01-06 23:52:27+00:00,2016-09-12 13:59:17+00:00,House,Pennsylvania,Pennsylvania 5,Republican,R+8,8.0,True,True,67.2,general,614
John_Rutherford_(Florida_politician),2016,16,9,1886.0,2,6,0,2014-11-17 17:09:14+00:00,2016-09-30 21:22:27+00:00,House,Florida,Florida 4,Republican,R+19,19.0,False,True,70.2,general,683
Lenny_McAllister,2016,16,15,-266.0,3,4,1,2014-11-08 22:20:01+00:00,2016-11-04 04:59:42+00:00,House,Pennsylvania,Pennsylvania 14,Republican,D+15,-15.0,False,False,25.6,general,726
Rob_Woodall,2016,16,9,-282.0,2,3,0,2015-01-06 02:30:32+00:00,2016-09-13 11:47:26+00:00,House,Georgia,Georgia 7,Republican,R+14,14.0,True,True,60.4,general,616
Susan_Davis_(politician),2016,16,13,574.0,3,3,0,2014-11-13 17:41:05+00:00,2016-10-10 18:09:12+00:00,House,California,California 53,Democratic,D+10,-10.0,True,True,67.0,general,697
Suzanne_Bonamici,2016,16,10,-153.0,2,1,0,2014-11-08 20:05:43+00:00,2016-10-09 18:27:34+00:00,House,Oregon,Oregon 1,Democratic,D+7,-7.0,True,True,59.6,general,700
Clint_Didier,2016,15,11,-1620.0,4,0,2,2014-11-09 00:06:44+00:00,2016-09-26 02:24:48+00:00,House,Washington,Washington 4,Republican,R+13,13.0,False,False,42.4,general,687
Denny_Heck,2016,15,9,3723.0,1,3,0,2015-01-09 00:13:41+00:00,2016-09-14 12:53:05+00:00,House,Washington,Washington 10,Democratic,D+5,-5.0,False,True,58.7,general,614
LuAnn_Bennett,2016,15,6,5649.0,6,0,0,2016-05-05 15:57:32+00:00,2016-10-25 23:55:37+00:00,House,Virginia,Virginia 10,Democratic,R+2,2.0,False,False,46.9,general,173
Paul_Chabot,2016,15,14,608.0,3,0,1,2014-11-07 05:57:21+00:00,2016-09-17 08:43:28+00:00,House,California,California 31,Republican,D+5,-5.0,False,False,43.9,general,680
Vicente_Gonzalez_(American_politician),2016,15,3,4700.0,1,0,0,2016-03-02 02:07:05+00:00,2016-11-08 21:48:48+00:00,House,Texas,Texas 15,Democratic,D+5,-5.0,False,True,57.3,general,251
Dan_Kildee,2016,14,9,633.0,2,1,0,2015-01-02 05:21:48+00:00,2016-09-29 19:04:37+00:00,House,Michigan,Michigan 5,Democratic,D+10,-10.0,True,True,61.2,general,636
Donald_McEachin,2016,14,12,451.0,5,2,1,2015-02-24 21:11:26+00:00,2016-08-29 14:35:14+00:00,House,Virginia,Virginia 4,Democratic,D+8,-8.0,False,True,57.7,general,551
Mike_Manypenny,2016,14,9,268.0,3,0,1,2014-12-22 21:47:47+00:00,2016-10-24 15:26:45+00:00,House,West Virginia,West Virginia 1,Democratic,R+14,14.0,False,False,31.0,general,671
Brett_Guthrie,2016,13,8,-691.0,1,0,1,2014-11-08 20:11:31+00:00,2016-09-12 00:26:50+00:00,House,Kentucky,Kentucky 2,Republican,R+16,16.0,True,True,100.0,general,673
Jim_Moeller,2016,13,9,-249.0,4,2,0,2016-01-16 23:08:43+00:00,2016-10-09 15:45:16+00:00,House,Washington,Washington 3,Democratic,R+2,2.0,False,False,38.2,general,266
Ron_Crumpton,2016,13,5,0.0,0,2,0,2016-03-21 21:06:54+00:00,2016-09-21 15:51:43+00:00,Senate,Alabama,,Democratic,R+14,14.0,False,False,35.8,general,183
John_Shaban,2016,12,6,781.0,4,1,1,2015-09-17 17:01:52+00:00,2016-09-02 03:35:04+00:00,House,Connecticut,Connecticut 4,Republican,D+5,-5.0,False,False,40.1,general,350
John_Carroll_(Hawaii_politician),2016,11,7,1751.0,1,0,0,2015-04-26 01:20:44+00:00,2016-10-23 08:43:37+00:00,Senate,Hawaii,,Republican,D+20,-20.0,False,False,22.2,general,546
Richard_Alarcon,2016,11,8,1005.0,3,1,2,2015-02-27 17:44:56+00:00,2016-08-08 04:34:16+00:00,House,California,California 29,Democratic,D+25,-25.0,False,False,25.3,general,527
Drew_Ferguson_(politician),2016,10,2,1546.0,2,0,0,2016-07-28 15:49:26+00:00,2016-08-01 18:47:16+00:00,House,Georgia,Georgia 3,Republican,R+19,19.0,False,True,68.4,general,4
Matt_Cartwright,2016,10,7,-184.0,2,3,0,2015-01-08 22:55:50+00:00,2016-11-06 16:08:03+00:00,House,Pennsylvania,Pennsylvania 17,Democratic,D+4,-4.0,True,True,53.8,general,667
Neal_Dunn,2016,10,3,4324.0,1,0,0,2016-08-30 23:40:07+00:00,2016-11-08 06:38:43+00:00,House,Florida,Florida 2,Republican,R+18,18.0,False,True,67.3,general,69
Al_McAffrey,2016,9,6,-8.0,1,3,0,2014-12-05 12:27:43+00:00,2016-10-10 09:05:35+00:00,House,Oklahoma,Oklahoma 5,Democratic,R+12,12.0,False,False,36.8,general,674
Joe_Courtney_(politician),2016,9,6,-239.0,3,0,1,2015-01-04 13:08:48+00:00,2016-09-12 00:07:34+00:00,House,Connecticut,Connecticut 2,Democratic,D+5,-5.0,True,True,63.2,general,616
Lisa_Blunt_Rochester,2016,9,2,3045.0,1,1,0,2016-07-28 15:34:40+00:00,2016-11-08 03:01:04+00:00,House,Delaware,Delaware at-large,Democratic,D+8,-8.0,False,True,55.5,general,102
Raja_Krishnamoorthi,2016,9,4,6156.0,1,1,0,2016-10-11 23:38:39+00:00,2016-11-07 22:33:20+00:00,House,Illinois,Illinois 8,Democratic,D+8,-8.0,False,True,58.3,general,26
Jimmy_Panetta,2016,8,2,4044.0,3,0,0,2015-11-18 19:31:15+00:00,2016-11-08 06:55:31+00:00,House,California,California 20,Democratic,D+21,-21.0,False,True,70.8,general,355
Paul_Mitchell_(politician),2016,8,3,5744.0,1,0,0,2016-08-03 03:27:11+00:00,2016-11-08 06:43:25+00:00,House,Michigan,Michigan 10,Republican,R+6,6.0,False,True,63.1,general,97
Brian_Mast,2016,7,5,6122.0,1,0,0,2016-08-31 00:07:29+00:00,2016-11-08 06:07:51+00:00,House,Florida,Florida 18,Republican,R+3,3.0,False,True,53.6,general,69
Pat_McDonough,2016,7,4,-559.0,0,4,0,2015-03-24 23:20:08+00:00,2016-03-18 07:51:54+00:00,House,Maryland,Maryland 2,Republican,D+10,-10.0,False,False,33.1,general,359
Peter_Diamondstone,2016,7,4,263.0,2,0,0,2016-10-09 00:26:22+00:00,2016-11-02 02:06:13+00:00,Senate,Vermont,,Liberty Union,D+18,-18.0,False,False,1.01,general,24
Ted_Budd,2016,7,3,5263.0,1,0,0,2016-06-08 00:24:28+00:00,2016-11-08 06:41:43+00:00,House,North Carolina,North Carolina 13,Republican,R+5,5.0,False,True,56.1,general,153
Tom_Nelson_(Wisconsin_politician),2016,7,7,498.0,1,3,0,2014-12-06 06:07:28+00:00,2016-10-21 15:05:31+00:00,House,Wisconsin,Wisconsin 8,Democratic,R+2,2.0,False,False,37.3,general,685
Jim_Lawrence_(politician),2016,6,6,12.0,1,1,0,2015-05-18 05:18:20+00:00,2016-11-02 22:03:58+00:00,House,New Hampshire,New Hampshire 2,Republican,D+3,-3.0,False,False,45.3,general,534
Paula_Hawks,2016,6,6,-67.0,2,1,0,2015-10-02 20:22:47+00:00,2016-10-09 14:57:33+00:00,House,South Dakota,South Dakota at-large,Democratic,R+10,10.0,False,False,35.9,general,372
Lloyd_Smucker,2016,5,4,-68.0,2,0,0,2016-03-14 18:00:01+00:00,2016-11-03 14:39:14+00:00,House,Pennsylvania,Pennsylvania 16,Republican,R+4,4.0,False,True,53.8,general,233
Corey_Foister,2016,3,1,-13.0,0,0,0,2016-09-16 20:51:08+00:00,2016-09-16 20:54:56+00:00,House,Ohio,Ohio 8,Democratic,,,False,False,21.1,special,0
Stephanie_Murphy,2016,3,2,0.0,0,1,0,2016-07-05 19:15:02+00:00,2016-10-29 18:00:15+00:00,House,Florida,Florida 7,Democratic,R+2,2.0,False,True,51.5,general,115
Angie_Craig,2016,1,1,0.0,0,0,0,2016-08-31 21:55:50+00:00,2016-08-31 21:55:50+00:00,House,Minnesota,Minnesota 2,DFL,R+2,2.0,False,False,45.2,general,0
Brian_Fitzpatrick_(American_politician),2016,1,1,0.0,0,0,0,2016-10-27 22:03:29+00:00,2016-10-27 22:03:29+00:00,House,Pennsylvania,Pennsylvania 8,Republican,R+1,1.0,False,True,54.4,general,0
Dave_Giles,2016,1,1,0.0,0,0,0,2016-06-28 14:59:20+00:00,2016-06-28 14:59:20+00:00,House,Arizona,Arizona 9,Republican,R+1,1.0,False,False,39.1,general,0
Doug_Owens,2016,1,1,56.0,0,0,0,2015-07-22 16:05:27+00:00,2015-07-22 16:05:27+00:00,House,Utah,Utah 4,Democratic,R+16,16.0,False,False,41.3,general,0
Eve_Nunez,2016,1,1,0.0,0,0,0,2016-06-28 14:59:28+00:00,2016-06-28 14:59:28+00:00,House,Arizona,Arizona 7,Republican,D+16,-16.0,False,False,24.7,general,0
Jacky_Rosen,2016,1,1,0.0,0,0,0,2016-06-15 05:16:05+00:00,2016-06-15 05:16:05+00:00,House,Nevada,Nevada 3,Democratic,EVEN,0.0,False,True,47.2,general,0
Mike_Gallagher_(American_politician),2016,1,1,0.0,0,0,0,2016-10-04 16:50:07+00:00,2016-10-04 16:50:07+00:00,House,Wisconsin,Wisconsin 8,Republican,R+2,2.0,False,True,62.7,general,0
Mike_Workman,2016,1,1,0.0,0,0,0,2016-08-09 20:35:03+00:00,2016-08-09 20:35:03+00:00,Senate,Oklahoma,,Democratic,R+19,19.0,False,False,24.5,general,0
Mikel_Weisser,2016,1,1,0.0,0,0,0,2016-06-28 15:00:01+00:00,2016-06-28 15:00:01+00:00,House,Arizona,Arizona 4,Democratic,R+20,20.0,False,False,28.5,general,0
Nancy_Jo_Kemper,2016,1,1,0.0,0,0,0,2016-11-07 20:42:06+00:00,2016-11-07 20:42:06+00:00,House,Kentucky,Kentucky 6,Democratic,R+9,9.0,False,False,38.9,general,0
Nathan_Mathis,2016,1,1,0.0,0,0,0,2016-06-28 15:00:28+00:00,2016-06-28 15:00:28+00:00,House,Alabama,Alabama 2,Democratic,R+17,17.0,False,False,40.5,general,0
Patrick_Wiesner,2016,1,1,0.0,0,0,0,2016-08-14 18:36:59+00:00,2016-08-14 18:36:59+00:00,Senate,Kansas,,Democratic,R+12,12.0,False,False,32.2,general,0
Salud_Carbajal,2016,1,1,0.0,0,0,0,2015-07-30 17:25:00+00:00,2015-07-30 17:25:00+00:00,House,California,California 24,Democratic,D+4,-4.0,False,True,53.4,general,0
Talia_Fuentes,2016,1,1,0.0,0,0,0,2016-06-28 14:59:58+00:00,2016-06-28 14:59:58+00:00,House,Arizona,Arizona 5,Democratic,R+17,17.0,False,False,35.9,general,0
Trey_Hollingsworth,2016,1,1,0.0,0,0,0,2016-05-03 22:50:56+00:00,2016-05-03 22:50:56+00:00,House,Indiana,Indiana 9,Republican,R+9,9.0,False,True,54.1,general,0
Alexandria_Ocasio-Cortez,2018,1149,344,75079.0,250,176,13,2017-08-14 01:13:11+00:00,2018-11-05 13:41:58+00:00,House,New York,New York 14,Democratic,D+29,-29.0,False,True,78.2,general,448
Bernie_Sanders,2018,1116,274,168686.0,365,21,28,2016-11-09 14:47:20+00:00,2018-11-05 01:20:04+00:00,Senate,Vermont,,Independent,D+15,-15.0,False,True,67.4,general,725
Elizabeth_Warren,2018,1021,344,37728.0,193,96,34,2016-11-14 17:20:26+00:00,2018-11-05 11:42:55+00:00,Senate,Massachusetts,,Democratic,D+12,-12.0,False,True,60.4,general,720
Greg_Gianforte,2018,999,326,61404.0,185,152,29,2016-11-09 20:40:31+00:00,2018-11-05 01:57:35+00:00,House,Montana,Montana at-large,Republican,R+11,11.0,True,True,50.9,general,725
Devin_Nunes,2018,817,335,15585.0,198,182,31,2016-11-12 20:10:53+00:00,2018-11-03 01:34:17+00:00,House,California,California 22,Republican,R+8,8.0,True,True,52.7,general,720
Maxine_Waters,2018,695,350,12994.0,169,228,46,2016-11-09 19:29:18+00:00,2018-11-05 03:07:02+00:00,House,California,California 43,Democratic,D+29,-29.0,True,True,77.7,general,725
Shiva_Ayyadurai,2018,635,226,19033.0,104,178,18,2016-11-09 00:26:32+00:00,2018-11-06 19:28:55+00:00,Senate,Massachusetts,,Independent,D+12,-12.0,False,False,3.4,general,727
Corey_Stewart,2018,605,213,32579.0,111,175,15,2016-11-12 00:29:37+00:00,2018-11-03 03:29:09+00:00,Senate,Virginia,,Republican,D+1,-1.0,False,False,41.1,general,721
Dana_Rohrabacher,2018,598,248,57713.0,117,122,28,2016-11-16 09:06:57+00:00,2018-11-05 21:31:20+00:00,House,California,California 48,Republican,R+4,4.0,True,False,46.4,general,719
Tulsi_Gabbard,2018,580,216,15589.0,100,95,22,2016-11-09 18:11:00+00:00,2018-10-26 19:10:05+00:00,House,Hawaii,Hawaii 2,Democratic,D+19,-19.0,True,True,77.4,general,716
Marsha_Blackburn,2018,556,194,23733.0,77,160,27,2016-11-16 03:25:39+00:00,2018-11-06 21:30:57+00:00,Senate,Tennessee,,Republican,R+14,14.0,False,True,54.7,general,720
Josh_Hawley,2018,554,177,29022.0,75,122,16,2016-11-11 00:33:27+00:00,2018-11-05 20:45:33+00:00,Senate,Missouri,,Republican,R+9,9.0,False,True,51.4,general,724
Karen_Handel,2018,547,181,31904.0,72,102,13,2016-12-27 01:24:25+00:00,2018-11-06 15:50:31+00:00,House,Georgia,Georgia 6,Republican,R+8,8.0,True,False,49.5,general,679
Steve_King,2018,540,234,34319.0,106,109,35,2016-11-18 05:26:33+00:00,2018-11-06 20:56:05+00:00,House,Iowa,Iowa 4,Republican,R+11,11.0,True,True,50.4,general,718
John_Faso,2018,528,116,17398.0,86,73,14,2016-11-09 17:34:23+00:00,2018-10-20 18:42:28+00:00,House,New York,New York 19,Republican,R+2,2.0,True,False,46.2,general,710
Rick_Scott,2018,479,191,41084.0,92,108,27,2016-11-09 16:37:20+00:00,2018-11-06 19:51:33+00:00,Senate,Florida,,Republican,R+2,2.0,False,True,50.1,general,727
Ted_Cruz,2018,473,225,146856.0,125,38,33,2016-11-10 03:45:56+00:00,2018-11-06 18:23:44+00:00,Senate,Texas,,Republican,R+8,8.0,False,True,50.9,general,726
Conor_Lamb,2018,469,197,31973.0,70,86,13,2017-11-22 02:47:34+00:00,2018-11-05 03:03:06+00:00,House,Pennsylvania,Pennsylvania 18,Democratic,,,False,True,49.9,special,348
Steve_Scalise,2018,449,228,27907.0,78,93,16,2016-11-30 04:43:21+00:00,2018-11-02 23:59:51+00:00,House,Louisiana,Louisiana 1,Republican,R+24,24.0,True,True,71.5,general,702
John_Lewis,2018,443,222,18207.0,113,116,30,2016-11-09 22:05:12+00:00,2018-11-06 14:24:01+00:00,House,Georgia,Georgia 5,Democratic,D+34,-34.0,True,True,100.0,general,726
Matt_Gaetz,2018,437,183,30791.0,81,177,15,2016-11-15 16:10:54+00:00,2018-10-29 20:32:14+00:00,House,Florida,Florida 1,Republican,R+22,22.0,True,True,67.1,general,713
Joe_Manchin,2018,432,173,65207.0,96,62,25,2016-11-10 23:11:32+00:00,2018-11-05 11:20:17+00:00,Senate,West Virginia,,Democratic,R+20,20.0,False,True,49.6,general,724
Dianne_Feinstein,2018,413,234,31702.0,105,89,26,2016-11-10 08:59:52+00:00,2018-11-05 11:40:50+00:00,Senate,California,,Democratic,D+12,-12.0,False,True,54.2,general,725
Martha_McSally,2018,408,176,50164.0,67,91,16,2016-11-10 02:12:54+00:00,2018-11-06 21:20:57+00:00,Senate,Arizona,,Republican,R+5,5.0,False,False,47.6,general,726
Kyrsten_Sinema,2018,406,183,27609.0,74,108,20,2016-11-11 14:01:20+00:00,2018-11-06 23:46:52+00:00,Senate,Arizona,,Democratic,R+5,5.0,False,True,50.0,general,725
Bill_Nelson,2018,388,150,51755.0,71,111,22,2016-11-16 16:43:37+00:00,2018-11-06 23:11:23+00:00,Senate,Florida,,Democratic,R+2,2.0,False,False,49.9,general,720
Ilhan_Omar,2018,385,118,14722.0,65,86,11,2016-11-09 14:55:57+00:00,2018-11-06 21:40:58+00:00,House,Minnesota,Minnesota 5,DFL,D+26,-26.0,False,True,78.2,general,727
Tim_Kaine,2018,382,198,116322.0,105,109,19,2016-11-09 09:05:02+00:00,2018-11-06 22:14:42+00:00,Senate,Virginia,,Democratic,D+1,-1.0,False,True,57.1,general,727
Clay_Higgins,2018,381,117,30354.0,45,68,7,2016-11-21 20:16:47+00:00,2018-10-31 00:20:44+00:00,House,Louisiana,Louisiana 3,Republican,R+20,20.0,True,True,55.7,general,708
Chris_Collins_(New_York_politician),2018,379,159,11945.0,88,70,17,2016-11-14 22:26:02+00:00,2018-11-05 17:31:21+00:00,House,New York,New York 27,Republican,R+11,11.0,True,True,49.1,general,720
Duncan_D._Hunter,2018,378,135,22504.0,67,46,21,2016-11-21 03:20:42+00:00,2018-10-31 21:36:08+00:00,House,California,California 50,Republican,R+11,11.0,True,True,51.7,general,709
Jim_Jordan,2018,367,174,21205.0,86,103,27,2016-12-04 23:50:38+00:00,2018-11-05 23:07:22+00:00,House,Ohio,Ohio 4,Republican,R+14,14.0,True,True,65.3,general,700
Debbie_Wasserman_Schultz,2018,366,206,13043.0,92,139,21,2016-11-09 06:49:02+00:00,2018-11-04 00:21:43+00:00,House,Florida,Florida 23,Democratic,D+11,-11.0,True,True,58.5,general,724
Amy_McGrath,2018,361,69,32897.0,30,41,4,2017-08-03 23:54:34+00:00,2018-11-06 04:21:05+00:00,House,Kentucky,Kentucky 6,Democratic,R+9,9.0,False,False,47.8,general,459
Mimi_Walters,2018,359,93,20791.0,54,32,18,2016-11-10 04:26:55+00:00,2018-11-06 03:27:56+00:00,House,California,California 45,Republican,R+3,3.0,True,False,47.9,general,725
Lee_Zeldin,2018,356,107,8444.0,55,69,10,2016-11-10 04:55:14+00:00,2018-11-06 22:52:14+00:00,House,New York,New York 1,Republican,R+5,5.0,True,True,51.5,general,726
Claire_McCaskill,2018,336,138,34285.0,93,71,22,2016-11-11 16:37:00+00:00,2018-11-06 18:48:08+00:00,Senate,Missouri,,Democratic,R+9,9.0,False,False,45.6,general,725
Ro_Khanna,2018,332,129,41176.0,77,54,16,2016-11-09 18:14:35+00:00,2018-11-01 23:59:22+00:00,House,California,California 17,Democratic,D+25,-25.0,True,True,75.3,general,722
Nancy_Pelosi,2018,331,134,36888.0,89,0,23,2016-11-12 00:12:18+00:00,2018-11-06 14:13:43+00:00,House,California,California 12,Democratic,D+37,-37.0,True,True,86.8,general,724
Kirsten_Gillibrand,2018,320,177,23299.0,84,79,13,2016-11-09 15:22:23+00:00,2018-11-05 01:46:24+00:00,Senate,New York,,Democratic,D+11,-11.0,False,True,67.0,general,725
Leonard_Lance,2018,319,79,33529.0,48,29,12,2016-12-12 13:24:39+00:00,2018-11-06 21:34:40+00:00,House,New Jersey,New Jersey 7,Republican,R+3,3.0,True,False,46.7,general,694
Tina_Smith,2018,314,111,14085.0,34,72,4,2016-12-07 21:34:58+00:00,2018-11-05 02:00:16+00:00,Senate,Minnesota,,DFL,D+1,-1.0,False,True,53.0,special,697
Gary_Johnson,2018,310,183,18840.0,92,80,22,2016-11-09 07:49:14+00:00,2018-11-04 05:54:44+00:00,Senate,New Mexico,,Libertarian,D+3,-3.0,False,False,15.4,general,724
Kevin_McCarthy,2018,307,136,26019.0,75,81,16,2016-11-10 15:04:41+00:00,2018-11-02 23:58:58+00:00,House,California,California 23,Republican,R+14,14.0,True,True,63.7,general,722
Joe_Kennedy_III,2018,306,198,7298.0,56,120,19,2016-11-14 23:22:17+00:00,2018-11-06 05:55:37+00:00,House,Massachusetts,Massachusetts 4,Democratic,D+9,-9.0,True,True,,general,721
Chris_Smith_(New_Jersey_politician),2018,305,96,-4078.0,60,54,21,2016-11-18 22:44:00+00:00,2018-11-06 21:58:15+00:00,House,New Jersey,New Jersey 4,Republican,R+8,8.0,True,True,55.4,general,717
Claudia_Tenney,2018,304,93,23850.0,49,44,7,2016-11-11 21:20:39+00:00,2018-11-06 21:10:17+00:00,House,New York,New York 22,Republican,R+6,6.0,True,False,49.1,general,724
Ron_Estes,2018,304,78,17682.0,30,61,4,2016-11-13 23:20:51+00:00,2018-10-18 16:07:23+00:00,House,Kansas,Kansas 4,Republican,R+15,15.0,True,True,59.4,general,703
Adam_Schiff,2018,298,175,11686.0,73,113,17,2016-11-19 04:12:38+00:00,2018-11-03 01:42:12+00:00,House,California,California 28,Democratic,D+23,-23.0,True,True,78.4,general,713
Dean_Heller,2018,288,134,40572.0,52,59,23,2016-11-09 18:34:25+00:00,2018-11-06 02:16:08+00:00,Senate,Nevada,,Republican,D+1,-1.0,False,False,45.4,general,726
Arthur_J._Jones,2018,285,111,21250.0,40,65,8,2018-02-06 01:36:14+00:00,2018-11-06 04:25:14+00:00,House,Illinois,Illinois 3,Republican,D+6,-6.0,False,False,26.2,general,273
Barbara_Comstock,2018,284,120,24776.0,59,80,14,2016-11-09 05:41:11+00:00,2018-11-06 15:37:17+00:00,House,Virginia,Virginia 10,Republican,D+1,-1.0,True,False,43.8,general,727
Justin_Amash,2018,284,112,20661.0,84,35,21,2016-11-17 18:17:24+00:00,2018-11-03 21:15:38+00:00,House,Michigan,Michigan 3,Republican,R+6,6.0,True,True,54.4,general,716
Joe_Crowley,2018,281,140,10287.0,42,60,8,2016-11-16 20:44:39+00:00,2018-11-02 23:55:10+00:00,House,New York,New York 14,Working Families,D+29,-29.0,True,False,6.6,general,716
Joe_Donnelly,2018,279,102,16506.0,62,40,15,2016-11-15 18:51:24+00:00,2018-11-05 20:07:16+00:00,Senate,Indiana,,Democratic,R+9,9.0,False,False,45.0,general,720
Mitt_Romney,2018,273,124,20690.0,72,0,31,2016-11-09 21:57:03+00:00,2018-11-05 18:03:14+00:00,Senate,Utah,,Republican,R+20,20.0,False,True,62.6,general,725
Erik_Paulsen,2018,272,85,15789.0,40,61,12,2016-12-12 06:58:24+00:00,2018-11-03 00:02:35+00:00,House,Minnesota,Minnesota 3,Republican,D+1,-1.0,True,False,44.3,general,690
Peter_Roskam,2018,267,84,13428.0,62,25,22,2016-11-14 15:56:40+00:00,2018-11-06 18:40:43+00:00,House,Illinois,Illinois 6,Republican,R+2,2.0,True,False,46.4,general,722
Brian_Mast,2018,262,98,28770.0,33,54,3,2016-11-09 01:43:12+00:00,2018-11-06 16:40:12+00:00,House,Florida,Florida 18,Republican,R+5,5.0,True,True,54.3,general,727
Heidi_Heitkamp,2018,256,127,46683.0,60,59,16,2016-11-28 23:46:56+00:00,2018-11-06 05:12:27+00:00,Senate,North Dakota,,Democratic-NPL,R+16,16.0,False,False,44.5,general,707
Amy_Klobuchar,2018,242,123,37435.0,44,55,17,2016-11-10 23:11:11+00:00,2018-11-06 13:41:57+00:00,Senate,Minnesota,,DFL,D+1,-1.0,False,True,60.3,general,725
Mia_Love,2018,239,123,15076.0,50,47,16,2016-11-11 21:44:25+00:00,2018-11-06 16:16:32+00:00,House,Utah,Utah 4,Republican,R+13,13.0,True,False,49.9,general,724
Rick_Saccone,2018,239,102,30048.0,56,51,12,2016-11-18 15:43:51+00:00,2018-09-14 14:35:00+00:00,House,Pennsylvania,Pennsylvania 18,Republican,,,False,False,49.5,special,664
Frederica_Wilson,2018,238,83,18177.0,42,27,13,2016-11-11 06:35:47+00:00,2018-10-16 02:19:43+00:00,House,Florida,Florida 24,Democratic,D+34,-34.0,True,True,,general,703
Bob_Menendez,2018,236,110,63945.0,97,8,31,2016-11-10 20:40:37+00:00,2018-11-06 20:49:13+00:00,Senate,New Jersey,,Democratic,D+7,-7.0,False,True,54.0,general,726
Jon_Tester,2018,235,116,23596.0,41,52,19,2016-11-16 19:13:52+00:00,2018-11-05 02:55:36+00:00,Senate,Montana,,Democratic,R+11,11.0,False,True,50.3,general,718
Cindy_Hyde-Smith,2018,231,81,22437.0,33,41,8,2016-12-14 14:13:23+00:00,2018-11-05 01:59:31+00:00,Senate,Mississippi,,Republican,R+9,9.0,False,True,53.6,special,690
Rod_Blum,2018,229,86,21079.0,36,37,10,2016-11-16 20:14:04+00:00,2018-11-05 20:27:01+00:00,House,Iowa,Iowa 1,Republican,D+1,-1.0,True,False,45.9,general,719
Paul_Gosar,2018,228,127,8452.0,50,68,8,2016-11-14 19:41:43+00:00,2018-11-05 21:33:39+00:00,House,Arizona,Arizona 4,Republican,R+21,21.0,True,True,68.2,general,721
Cathy_McMorris_Rodgers,2018,226,88,12717.0,39,26,13,2016-11-11 03:09:15+00:00,2018-11-03 00:00:08+00:00,House,Washington,Washington 5,Republican,R+8,8.0,True,True,54.8,general,721
Ben_Cardin,2018,218,104,27905.0,43,60,13,2016-11-11 00:08:19+00:00,2018-11-06 16:50:29+00:00,Senate,Maryland,,Democratic,D+12,-12.0,False,True,64.9,general,725
Louie_Gohmert,2018,217,131,6985.0,58,64,13,2016-11-10 23:06:13+00:00,2018-11-03 00:11:41+00:00,House,Texas,Texas 1,Republican,R+25,25.0,True,True,72.3,general,722
Elise_Stefanik,2018,213,104,20978.0,38,41,6,2016-11-09 18:12:17+00:00,2018-11-03 01:23:35+00:00,House,New York,New York 21,Republican,R+4,4.0,True,True,56.1,general,723
Peter_King_(American_politician),2018,213,101,44916.0,56,57,12,2016-11-16 21:46:58+00:00,2018-11-04 23:29:07+00:00,House,New York,New York 2,Republican,R+3,3.0,True,True,53.1,general,718
Don_Bacon,2018,212,78,15377.0,25,19,11,2016-11-09 15:40:13+00:00,2018-11-06 22:44:57+00:00,House,Nebraska,Nebraska 2,Republican,R+4,4.0,True,True,51.0,general,727
Will_Hurd,2018,212,89,21772.0,35,46,6,2016-11-09 18:53:01+00:00,2018-11-06 20:40:47+00:00,House,Texas,Texas 23,Republican,R+1,1.0,True,True,49.2,general,727
Phil_Bredesen,2018,208,90,18769.0,36,46,9,2016-12-21 16:56:51+00:00,2018-11-03 15:36:05+00:00,Senate,Tennessee,,Democratic,R+14,14.0,False,False,43.9,general,681
Angus_King,2018,207,100,40562.0,68,26,16,2016-11-21 15:04:42+00:00,2018-10-30 17:08:08+00:00,Senate,Maine,,Independent,D+3,-3.0,False,True,54.3,general,708
Ayanna_Pressley,2018,207,67,28822.0,39,53,5,2016-12-02 12:41:29+00:00,2018-11-05 03:53:40+00:00,House,Massachusetts,Massachusetts 7,Democratic,D+34,-34.0,False,True,,general,702
Mike_Johnson,2018,207,82,7443.0,36,74,3,2016-11-10 01:41:01+00:00,2018-11-04 19:00:02+00:00,House,Louisiana,Louisiana 4,Republican,R+13,13.0,True,True,64.2,general,724
Sherrod_Brown,2018,205,88,30958.0,40,36,16,2016-11-10 21:24:17+00:00,2018-11-05 06:11:54+00:00,Senate,Ohio,,Democratic,R+3,3.0,False,True,53.4,general,724
Eric_Swalwell,2018,200,120,16433.0,43,69,7,2016-11-16 20:01:02+00:00,2018-11-02 23:58:04+00:00,House,California,California 15,Democratic,D+20,-20.0,True,True,73.0,general,716
Mo_Brooks,2018,199,119,24835.0,45,49,12,2016-11-19 08:01:17+00:00,2018-11-06 09:19:20+00:00,House,Alabama,Alabama 5,Republican,R+18,18.0,True,True,61.1,general,717
Debbie_Stabenow,2018,197,91,43870.0,35,42,17,2016-11-09 10:55:15+00:00,2018-11-05 00:00:02+00:00,Senate,Michigan,,Democratic,D+1,-1.0,False,True,52.3,general,725
Bob_Casey_Jr.,2018,194,95,26083.0,41,43,12,2016-11-13 15:51:37+00:00,2018-11-05 01:32:33+00:00,Senate,Pennsylvania,,Democratic,EVEN,0.0,False,True,55.7,general,721
Charlie_Crist,2018,194,108,12946.0,38,47,15,2016-11-09 01:40:13+00:00,2018-10-23 08:06:50+00:00,House,Florida,Florida 13,Democratic,D+2,-2.0,True,True,57.6,general,713
Mazie_Hirono,2018,194,122,24620.0,56,60,8,2016-11-10 15:30:26+00:00,2018-11-06 08:39:48+00:00,Senate,Hawaii,,Democratic,D+18,-18.0,False,True,71.2,general,725
Dave_Brat,2018,193,105,10228.0,50,31,19,2016-11-16 20:09:08+00:00,2018-11-06 20:27:02+00:00,House,Virginia,Virginia 7,Republican,R+6,6.0,True,False,48.4,general,720
John_Culberson,2018,192,84,6988.0,32,40,14,2016-11-18 06:30:24+00:00,2018-11-05 02:41:25+00:00,House,Texas,Texas 7,Republican,R+7,7.0,True,False,47.5,general,716
Patrick_Morrisey,2018,192,87,22169.0,33,26,15,2016-11-10 18:33:56+00:00,2018-11-05 00:06:13+00:00,Senate,West Virginia,,Republican,R+20,20.0,False,False,46.3,general,724
Pramila_Jayapal,2018,192,107,15800.0,42,51,3,2016-11-09 05:41:19+00:00,2018-10-18 07:20:24+00:00,House,Washington,Washington 7,Democratic,D+33,-33.0,True,True,83.6,general,708
Chris_Murphy,2018,191,114,25131.0,57,53,23,2016-11-23 10:11:38+00:00,2018-11-05 02:23:34+00:00,Senate,Connecticut,,Democratic,D+6,-6.0,False,True,59.5,general,711
Jason_Lewis_(Minnesota_politician),2018,191,83,19076.0,25,51,6,2016-11-09 13:11:26+00:00,2018-10-30 20:14:27+00:00,House,Minnesota,Minnesota 2,Republican,R+2,2.0,True,False,47.2,general,720
Seth_Moulton,2018,191,107,7654.0,46,59,11,2016-11-10 06:20:38+00:00,2018-11-04 00:27:40+00:00,House,Massachusetts,Massachusetts 6,Democratic,D+6,-6.0,True,True,65.2,general,723
Scott_Taylor_(politician),2018,188,78,15533.0,26,33,9,2016-11-09 01:55:34+00:00,2018-11-06 15:40:08+00:00,House,Virginia,Virginia 2,Republican,R+3,3.0,True,False,48.9,general,727
Ted_Lieu,2018,187,96,8250.0,35,44,8,2016-11-16 20:23:58+00:00,2018-10-30 21:08:44+00:00,House,California,California 33,Democratic,D+16,-16.0,True,True,70.0,general,713
John_Curtis,2018,186,73,17756.0,19,36,3,2016-11-23 18:41:48+00:00,2018-10-22 02:42:03+00:00,House,Utah,Utah 3,Republican,R+25,25.0,True,True,67.5,general,697
Carlos_Curbelo,2018,181,73,27427.0,29,20,6,2016-11-15 14:41:13+00:00,2018-11-02 03:39:52+00:00,House,Florida,Florida 26,Republican,D+6,-6.0,True,False,49.1,general,716
Jacky_Rosen,2018,180,72,16921.0,23,33,0,2016-11-09 17:01:46+00:00,2018-11-05 16:04:23+00:00,Senate,Nevada,,Democratic,D+1,-1.0,False,True,50.4,general,725
Steve_Knight_(politician),2018,180,74,19690.0,25,42,6,2016-11-11 18:23:03+00:00,2018-11-06 23:43:38+00:00,House,California,California 25,Republican,Even,0.0,True,False,45.6,general,725
Don_Young,2018,178,94,16113.0,33,36,12,2016-11-09 18:24:29+00:00,2018-11-06 21:53:48+00:00,House,Alaska,Alaska at-large,Republican,R+9,9.0,True,True,53.3,general,727
Kevin_Cramer,2018,178,72,21505.0,22,25,9,2016-11-12 20:11:03+00:00,2018-11-06 16:28:13+00:00,Senate,North Dakota,,Republican,R+16,16.0,False,True,55.5,general,723
Bob_Hugin,2018,176,81,16427.0,32,40,5,2016-12-15 10:22:43+00:00,2018-11-06 20:34:08+00:00,Senate,New Jersey,,Republican,D+7,-7.0,False,False,42.8,general,691
Danny_Tarkanian,2018,176,70,12009.0,23,57,3,2016-11-09 17:23:35+00:00,2018-11-06 19:37:03+00:00,House,Nevada,Nevada 3,Republican,R+2,2.0,False,False,42.8,general,727
Mike_Braun,2018,175,56,14416.0,27,30,3,2017-11-07 19:27:08+00:00,2018-11-06 03:35:06+00:00,Senate,Indiana,,Republican,R+9,9.0,False,True,50.9,general,363
Jeff_Denham,2018,173,73,28728.0,34,18,8,2016-11-11 18:05:33+00:00,2018-11-05 18:25:58+00:00,House,California,California 10,Republican,Even,0.0,True,False,47.7,general,724
Mikie_Sherrill,2018,172,34,16978.0,11,7,2,2018-04-11 13:55:02+00:00,2018-11-05 04:11:28+00:00,House,New Jersey,New Jersey 11,Democratic,R+3,3.0,False,True,56.8,general,207
Joe_Wilson,2018,170,99,982.0,46,41,20,2016-11-11 09:00:23+00:00,2018-11-04 05:29:56+00:00,House,South Carolina,South Carolina 2,Republican,R+12,12.0,True,True,56.3,general,722
Deb_Fischer,2018,168,87,21164.0,35,46,16,2016-11-26 06:26:56+00:00,2018-11-05 01:54:10+00:00,Senate,Nebraska,,Republican,R+14,14.0,False,True,57.7,general,708
Roger_Marshall,2018,168,75,13419.0,25,42,4,2016-11-09 18:04:19+00:00,2018-10-26 18:43:40+00:00,House,Kansas,Kansas 1,Republican,R+24,24.0,True,True,68.1,general,716
Al_Green_(politician),2018,167,103,6027.0,36,50,6,2016-12-12 02:05:06+00:00,2018-11-04 03:05:58+00:00,House,Texas,Texas 9,Democratic,D+29,-29.0,True,True,89.1,general,692
Rashida_Tlaib,2018,163,71,14046.0,24,55,6,2017-02-01 03:21:52+00:00,2018-11-05 21:58:09+00:00,House,Michigan,Michigan 13,Democratic,D+32,-32.0,False,True,84.6,general,642
Tom_Carper,2018,163,94,19159.0,26,32,7,2016-11-19 02:28:40+00:00,2018-11-05 02:23:09+00:00,Senate,Delaware,,Democratic,D+6,-6.0,False,True,60.0,general,715
Leah_Vukmir,2018,160,87,8443.0,38,58,8,2016-12-22 01:49:03+00:00,2018-11-06 13:23:56+00:00,Senate,Wisconsin,,Republican,EVEN,0.0,False,False,44.6,general,684
Tom_MacArthur,2018,160,79,21884.0,32,20,10,2016-11-11 21:06:26+00:00,2018-10-30 12:42:26+00:00,House,New Jersey,New Jersey 3,Republican,R+2,2.0,True,False,48.7,general,717
Dan_Donovan_(politician),2018,159,61,17299.0,23,19,8,2016-11-16 20:34:41+00:00,2018-11-04 23:36:27+00:00,House,New York,New York 11,Republican,R+3,3.0,True,False,46.6,general,718
Liz_Cheney,2018,159,81,4195.0,28,21,7,2016-11-09 12:31:07+00:00,2018-11-03 01:26:11+00:00,House,Wyoming,Wyoming at-large,Republican,R+25,25.0,True,True,63.7,general,723
Mark_Green_(Tennessee_politician),2018,159,71,13538.0,34,47,3,2016-12-22 01:53:50+00:00,2018-11-05 04:06:41+00:00,House,Tennessee,Tennessee 7,Republican,R+20,20.0,False,True,66.9,general,683
Mike_Coffman,2018,159,68,19406.0,28,29,9,2016-11-14 18:58:12+00:00,2018-11-05 22:50:34+00:00,House,Colorado,Colorado 6,Republican,D+2,-2.0,True,False,42.9,general,721
Brad_Sherman,2018,157,85,10482.0,44,53,18,2016-11-19 04:02:05+00:00,2018-11-04 03:07:54+00:00,House,California,California 30,Democratic,D+18,-18.0,True,True,73.4,general,714
Debbie_Lesko,2018,157,69,19487.0,21,28,2,2016-12-09 18:47:46+00:00,2018-10-22 02:33:42+00:00,House,Arizona,Arizona 8,Republican,,,False,True,52.4,special,681
Kevin_Yoder,2018,157,72,8201.0,21,41,9,2016-11-15 15:49:41+00:00,2018-11-06 17:23:08+00:00,House,Kansas,Kansas 3,Republican,R+4,4.0,True,False,43.9,general,721
Grace_Meng,2018,153,49,1918.0,25,17,8,2016-11-13 17:32:36+00:00,2018-10-22 12:30:31+00:00,House,New York,New York 6,Democratic,D+16,-16.0,True,True,90.9,general,707
Gina_Ortiz_Jones,2018,152,38,14212.0,28,12,3,2018-04-01 00:15:00+00:00,2018-11-06 22:31:00+00:00,House,Texas,Texas 23,Democratic,R+1,1.0,False,False,48.7,general,219
Ralph_Norman,2018,152,64,12034.0,12,36,4,2016-12-23 03:48:00+00:00,2018-10-11 12:11:45+00:00,House,South Carolina,South Carolina 5,Republican,R+9,9.0,True,True,57.1,general,657
Randy_Hultgren,2018,152,57,45103.0,36,11,13,2016-11-15 01:00:00+00:00,2018-11-06 19:30:01+00:00,House,Illinois,Illinois 14,Republican,R+5,5.0,True,False,47.5,general,721
Tom_McClintock,2018,152,59,11703.0,37,34,10,2016-11-09 05:12:30+00:00,2018-11-05 04:33:05+00:00,House,California,California 4,Republican,R+10,10.0,True,True,54.1,general,725
Rodney_Davis_(politician),2018,148,63,9841.0,29,40,8,2016-11-16 19:43:01+00:00,2018-11-05 18:25:50+00:00,House,Illinois,Illinois 13,Republican,R+3,3.0,True,True,50.4,general,718
Ben_McAdams,2018,146,45,23500.0,31,18,0,2016-11-14 23:05:06+00:00,2018-11-06 18:53:41+00:00,House,Utah,Utah 4,Democratic,R+13,13.0,False,True,50.1,general,721
Jamie_Raskin,2018,146,81,10796.0,28,39,8,2016-11-11 01:18:23+00:00,2018-10-11 12:06:21+00:00,House,Maryland,Maryland 8,Democratic,D+14,-14.0,True,True,68.2,general,699
Dan_Lipinski,2018,145,77,4929.0,39,37,8,2016-11-27 04:31:03+00:00,2018-11-03 01:18:52+00:00,House,Illinois,Illinois 3,Democratic,D+6,-6.0,True,True,73.8,general,705
Dino_Rossi,2018,144,72,18.0,29,37,13,2016-11-11 12:15:45+00:00,2018-11-05 06:48:48+00:00,House,Washington,Washington 8,Republican,EVEN,0.0,False,False,47.6,general,723
Jeff_Duncan_(politician),2018,144,63,11683.0,27,21,7,2016-12-12 12:51:07+00:00,2018-08-01 13:33:35+00:00,House,South Carolina,South Carolina 3,Republican,R+19,19.0,True,True,67.8,general,597
Jimmy_Gomez,2018,144,57,7581.0,13,26,1,2016-11-17 01:13:26+00:00,2018-10-11 12:10:57+00:00,House,California,California 34,Democratic,D+35,-35.0,True,True,72.5,general,693
Markwayne_Mullin,2018,144,74,2338.0,27,48,9,2016-11-16 19:54:54+00:00,2018-10-11 19:05:32+00:00,House,Oklahoma,Oklahoma 2,Republican,R+24,24.0,True,True,65.0,general,693
Sheldon_Whitehouse,2018,144,97,10778.0,39,46,13,2016-11-18 05:54:41+00:00,2018-11-03 00:10:46+00:00,Senate,Rhode Island,,Democratic,D+10,-10.0,False,True,61.6,general,714
Greg_Pence,2018,143,48,9779.0,50,39,2,2017-10-18 18:38:22+00:00,2018-11-06 23:59:07+00:00,House,Indiana,Indiana 6,Republican,R+18,18.0,False,True,63.8,general,384
Jackie_Walorski,2018,143,49,12613.0,33,14,9,2016-11-10 02:42:52+00:00,2018-10-28 08:57:42+00:00,House,Indiana,Indiana 2,Republican,R+11,11.0,True,True,54.8,general,717
Doug_LaMalfa,2018,142,57,5889.0,37,17,8,2016-11-12 21:06:45+00:00,2018-11-06 18:52:24+00:00,House,California,California 1,Republican,R+11,11.0,True,True,54.9,general,723
Pete_Sessions,2018,142,64,15372.0,35,16,15,2016-11-11 12:11:54+00:00,2018-11-03 01:35:28+00:00,House,Texas,Texas 32,Republican,R+5,5.0,True,False,45.8,general,721
Hiral_Tipirneni,2018,141,41,14819.0,18,23,2,2018-03-05 17:05:58+00:00,2018-11-06 04:34:59+00:00,House,Arizona,Arizona 8,Democratic,,,False,False,47.6,special,245
Steve_Womack,2018,141,77,7233.0,44,33,12,2016-11-21 23:48:10+00:00,2018-10-31 20:38:50+00:00,House,Arkansas,Arkansas 3,Republican,R+19,19.0,True,True,64.8,general,708
Stephanie_Murphy,2018,140,57,18879.0,20,17,2,2016-11-09 02:03:52+00:00,2018-11-04 04:47:46+00:00,House,Florida,Florida 7,Democratic,Even,0.0,True,True,57.7,general,725
Fred_Upton,2018,139,55,8138.0,30,57,9,2016-11-10 02:25:49+00:00,2018-11-04 05:38:47+00:00,House,Michigan,Michigan 6,Republican,R+4,4.0,True,True,50.2,general,724
Lou_Barletta,2018,139,72,11454.0,20,41,9,2016-11-12 10:13:34+00:00,2018-11-06 12:39:30+00:00,Senate,Pennsylvania,,Republican,EVEN,0.0,False,False,42.6,general,724
Adriano_Espaillat,2018,138,70,6312.0,23,37,10,2016-11-09 04:35:35+00:00,2018-10-11 11:56:13+00:00,House,New York,New York 13,Democratic,D+43,-43.0,True,True,94.6,general,701
Vicky_Hartzler,2018,138,69,9335.0,29,29,7,2016-11-19 08:45:05+00:00,2018-10-17 05:48:42+00:00,House,Missouri,Missouri 4,Republican,R+17,17.0,True,True,64.8,general,696
Raja_Krishnamoorthi,2018,137,74,23523.0,26,28,7,2016-11-09 06:50:42+00:00,2018-11-04 04:34:26+00:00,House,Illinois,Illinois 8,Democratic,D+8,-8.0,True,True,66.0,general,724
Tom_Marino,2018,135,70,1789.0,35,34,7,2016-11-13 16:36:04+00:00,2018-11-04 23:45:03+00:00,House,Pennsylvania,Pennsylvania 12,Republican,R+17,17.0,False,True,66.0,general,721
Mike_Gallagher_(American_politician),2018,134,60,12988.0,24,19,4,2016-11-09 03:46:57+00:00,2018-11-03 02:29:27+00:00,House,Wisconsin,Wisconsin 8,Republican,R+7,7.0,True,True,63.7,general,723
Ami_Bera,2018,133,54,15901.0,21,16,5,2016-11-09 04:32:33+00:00,2018-11-04 04:44:44+00:00,House,California,California 7,Democratic,D+3,-3.0,True,True,55.0,general,725
Brian_Fitzpatrick_(American_politician),2018,132,55,17644.0,14,24,3,2016-11-09 05:06:39+00:00,2018-11-06 12:34:52+00:00,House,Pennsylvania,Pennsylvania 1,Republican,R+1,1.0,False,True,51.3,general,727
Tammy_Baldwin,2018,132,55,25638.0,22,0,8,2016-11-16 19:47:01+00:00,2018-11-05 01:14:32+00:00,Senate,Wisconsin,,Democratic,EVEN,0.0,False,True,55.4,general,718
Tom_Reed_(politician),2018,131,67,3591.0,26,30,7,2016-11-11 21:29:32+00:00,2018-11-06 19:32:46+00:00,House,New York,New York 23,Republican,R+6,6.0,True,True,54.2,general,724
John_Barrasso,2018,130,72,10934.0,26,35,5,2016-11-10 17:01:56+00:00,2018-11-06 03:15:58+00:00,Senate,Wyoming,,Republican,R+25,25.0,False,True,67.1,general,725
Roger_Wicker,2018,130,71,22007.0,37,27,11,2016-11-17 19:47:59+00:00,2018-11-05 15:45:46+00:00,Senate,Mississippi,,Republican,R+9,9.0,False,True,58.5,general,717
Eric_Brakey,2018,129,53,8197.0,26,34,2,2016-11-11 13:22:46+00:00,2018-11-03 03:20:57+00:00,Senate,Maine,,Republican,D+3,-3.0,False,False,35.2,general,721
Maria_Cantwell,2018,128,74,15572.0,38,32,14,2016-11-09 10:37:11+00:00,2018-11-04 05:49:58+00:00,Senate,Washington,,Democratic,D+7,-7.0,False,True,58.4,general,724
Ann_Kirkpatrick,2018,127,54,4674.0,33,19,10,2016-11-09 15:38:02+00:00,2018-11-05 03:55:00+00:00,House,Arizona,Arizona 2,Democratic,R+1,1.0,False,True,54.7,general,725
Geoff_Diehl,2018,127,60,7284.0,10,47,1,2016-12-22 13:21:54+00:00,2018-11-06 21:46:00+00:00,Senate,Massachusetts,,Republican,D+12,-12.0,False,False,36.2,general,684
David_Trone,2018,126,41,42268.0,50,9,11,2016-11-22 19:07:25+00:00,2018-11-05 15:32:49+00:00,House,Maryland,Maryland 6,Democratic,D+6,-6.0,False,True,59.0,general,712
David_Valadao,2018,125,61,16544.0,17,14,7,2016-11-09 20:47:17+00:00,2018-09-28 02:51:53+00:00,House,California,California 21,Republican,D+5,-5.0,True,False,49.6,general,687
Jim_Renacci,2018,125,67,1484.0,24,32,5,2016-11-11 01:10:55+00:00,2018-11-06 02:39:28+00:00,Senate,Ohio,,Republican,R+3,3.0,False,False,46.6,general,725
Mike_Bishop_(politician),2018,125,50,5948.0,28,13,4,2016-11-16 20:13:37+00:00,2018-10-05 19:20:40+00:00,House,Michigan,Michigan 8,Republican,R+4,4.0,True,False,46.8,general,687
Susan_Hutchison,2018,125,61,1983.0,7,76,4,2016-11-09 15:32:11+00:00,2018-11-06 03:39:00+00:00,Senate,Washington,,Republican,D+7,-7.0,False,False,41.6,general,726
Yvette_Clarke,2018,124,43,13252.0,29,29,5,2016-11-11 17:55:35+00:00,2018-10-17 05:50:14+00:00,House,New York,New York 9,Democratic,D+34,-34.0,True,True,89.3,general,704
Bill_Posey,2018,123,46,8522.0,24,20,6,2016-11-14 15:34:41+00:00,2018-10-20 19:20:12+00:00,House,Florida,Florida 8,Republican,R+11,11.0,True,True,60.5,general,705
Troy_Balderson,2018,122,61,6120.0,14,28,5,2016-12-22 02:24:34+00:00,2018-11-02 10:11:10+00:00,House,Ohio,Ohio 12,Republican,,,False,True,50.1,special,680
Darin_LaHood,2018,121,53,7775.0,29,31,8,2016-11-10 03:18:05+00:00,2018-10-19 06:46:21+00:00,House,Illinois,Illinois 18,Republican,R+15,15.0,True,True,67.2,general,708
David_Cicilline,2018,121,46,23760.0,35,13,15,2016-11-11 23:38:15+00:00,2018-11-04 04:24:41+00:00,House,Rhode Island,Rhode Island 1,Democratic,D+16,-16.0,True,True,66.9,general,722
Mark_Meadows,2018,121,63,18038.0,33,21,12,2016-11-16 19:53:25+00:00,2018-11-03 01:21:26+00:00,House,North Carolina,North Carolina 11,Republican,R+14,14.0,True,True,59.2,general,716
Martha_Roby,2018,121,52,7493.0,27,9,8,2016-11-19 08:07:44+00:00,2018-10-16 13:12:43+00:00,House,Alabama,Alabama 2,Republican,R+16,16.0,True,True,61.5,general,696
Bobby_Rush,2018,120,60,19281.0,31,13,9,2016-11-20 09:43:21+00:00,2018-11-04 00:36:16+00:00,House,Illinois,Illinois 1,Democratic,D+27,-27.0,True,True,73.5,general,713
Donna_Shalala,2018,120,75,7095.0,32,25,10,2016-11-12 11:55:54+00:00,2018-11-05 04:12:46+00:00,House,Florida,Florida 27,Democratic,D+5,-5.0,False,True,51.8,general,722
French_Hill_(politician),2018,120,50,3686.0,17,23,5,2016-11-16 20:21:07+00:00,2018-11-06 18:33:41+00:00,House,Arkansas,Arkansas 2,Republican,R+7,7.0,True,True,52.1,general,719
Ann_Wagner,2018,119,60,10871.0,19,20,5,2016-11-13 07:34:48+00:00,2018-10-17 12:19:55+00:00,House,Missouri,Missouri 2,Republican,R+8,8.0,True,True,51.2,general,703
John_Rutherford_(Florida_politician),2018,119,48,12827.0,15,21,2,2016-11-09 21:07:03+00:00,2018-11-01 15:56:21+00:00,House,Florida,Florida 4,Republican,R+17,17.0,True,True,65.2,general,721
Trey_Hollingsworth,2018,119,47,11146.0,21,21,3,2016-11-09 00:10:56+00:00,2018-10-22 00:42:43+00:00,House,Indiana,Indiana 9,Republican,R+13,13.0,True,True,56.5,general,712
Carolyn_Maloney,2018,118,51,4350.0,48,10,21,2016-11-10 19:22:16+00:00,2018-11-03 00:11:02+00:00,House,New York,New York 12,Democratic,D+31,-31.0,True,True,86.4,general,722
Kathleen_Williams_(politician),2018,118,35,47995.0,18,40,1,2017-11-06 21:41:10+00:00,2018-11-06 04:03:05+00:00,House,Montana,Montana at-large,Democratic,R+11,11.0,False,False,46.2,general,364
Lisa_Blunt_Rochester,2018,118,39,9049.0,15,20,2,2016-11-09 02:27:42+00:00,2018-10-16 05:44:00+00:00,House,Delaware,Delaware at-large,Democratic,D+6,-6.0,True,True,64.5,general,706
Tom_Malinowski,2018,118,47,13233.0,23,16,12,2017-01-14 01:37:05+00:00,2018-11-06 03:59:31+00:00,House,New Jersey,New Jersey 7,Democratic,R+3,3.0,False,True,51.7,general,661
Andy_Biggs,2018,117,57,14050.0,18,16,2,2016-11-10 02:24:18+00:00,2018-11-05 00:02:14+00:00,House,Arizona,Arizona 5,Republican,R+15,15.0,True,True,59.4,general,724
Bruce_Poliquin,2018,117,49,15845.0,17,17,2,2016-11-15 19:22:01+00:00,2018-11-06 22:22:38+00:00,House,Maine,Maine 2,Republican,R+2,2.0,True,False,49.4,general_rcv_runoff,721
John_Yarmuth,2018,117,28,7304.0,20,3,8,2016-11-10 18:21:45+00:00,2018-11-03 01:38:48+00:00,House,Kentucky,Kentucky 3,Democratic,D+6,-6.0,True,True,62.1,general,722
Katie_Arrington,2018,117,68,7523.0,14,50,1,2018-05-30 04:45:41+00:00,2018-11-06 03:45:33+00:00,House,South Carolina,South Carolina 1,Republican,R+10,10.0,False,False,49.3,general,159
Keith_Rothfus,2018,117,58,11754.0,17,27,4,2016-11-16 19:58:56+00:00,2018-11-06 12:41:23+00:00,House,Pennsylvania,Pennsylvania 17,Republican,R+3,3.0,False,False,43.7,general,719
Val_Demings,2018,117,57,8084.0,16,15,5,2016-11-09 01:00:44+00:00,2018-11-04 04:36:48+00:00,House,Florida,Florida 10,Democratic,D+11,-11.0,True,True,,general,725
Andy_Harris_(politician),2018,116,72,6694.0,21,15,10,2016-12-01 00:28:42+00:00,2018-10-18 16:01:13+00:00,House,Maryland,Maryland 1,Republican,R+14,14.0,True,True,60.0,general,686
Chris_Pappas_(American_politician),2018,116,34,3053.0,14,9,6,2016-11-20 16:00:23+00:00,2018-11-05 20:59:27+00:00,House,New Hampshire,New Hampshire 1,Democratic,R+2,2.0,False,True,53.6,general,715
Mike_Espy,2018,116,54,11638.0,20,23,10,2016-11-18 04:37:47+00:00,2018-10-31 23:26:40+00:00,Senate,Mississippi,,Democratic,R+9,9.0,False,False,46.4,special,712
Lloyd_Doggett,2018,115,45,17998.0,27,12,12,2016-11-11 03:53:31+00:00,2018-11-04 05:02:10+00:00,House,Texas,Texas 35,Democratic,D+15,-15.0,True,True,71.3,general,723
Jodey_Arrington,2018,114,52,3138.0,17,29,5,2016-11-09 15:06:39+00:00,2018-11-05 00:22:04+00:00,House,Texas,Texas 19,Republican,R+27,27.0,True,True,75.2,general,725
Lisa_Brown_(Washington_politician),2018,114,42,11859.0,22,11,6,2017-05-05 04:04:02+00:00,2018-11-06 03:37:22+00:00,House,Washington,Washington 5,Democratic,R+8,8.0,False,False,45.2,general,549
Richard_Ojeda,2018,114,58,11845.0,16,23,2,2017-06-04 05:22:40+00:00,2018-11-06 03:36:40+00:00,House,West Virginia,West Virginia 3,Democratic,R+23,23.0,False,False,43.6,general,519
Ruben_Gallego,2018,114,62,4169.0,19,25,4,2016-11-09 00:16:29+00:00,2018-11-04 04:28:46+00:00,House,Arizona,Arizona 7,Democratic,D+23,-23.0,True,True,85.8,general,725
Brad_Wenstrup,2018,113,64,5993.0,19,30,3,2016-11-16 20:05:01+00:00,2018-10-04 00:20:18+00:00,House,Ohio,Ohio 2,Republican,R+9,9.0,True,True,57.6,general,686
Elijah_Cummings,2018,113,80,5178.0,27,34,6,2016-11-28 22:12:24+00:00,2018-11-03 01:42:30+00:00,House,Maryland,Maryland 7,Democratic,D+26,-26.0,True,True,76.5,general,704
Hank_Johnson,2018,112,71,2157.0,32,26,11,2016-11-25 17:29:19+00:00,2018-11-04 04:21:44+00:00,House,Georgia,Georgia 4,Democratic,D+24,-24.0,True,True,78.8,general,708
Jackie_Speier,2018,112,66,3501.0,31,26,9,2016-11-13 23:00:08+00:00,2018-11-05 07:07:29+00:00,House,California,California 14,Democratic,D+27,-27.0,True,True,79.2,general,721
Jack_Bergman,2018,111,53,11532.0,14,12,5,2016-11-09 17:54:48+00:00,2018-11-05 00:23:53+00:00,House,Michigan,Michigan 1,Republican,R+9,9.0,True,True,56.3,general,725
Jim_Himes,2018,111,54,7087.0,27,23,8,2016-11-15 00:23:21+00:00,2018-11-03 01:20:05+00:00,House,Connecticut,Connecticut 4,Democratic,D+7,-7.0,True,True,61.2,general,718
Jaime_Herrera_Beutler,2018,110,57,6514.0,23,19,6,2016-12-09 14:07:21+00:00,2018-10-16 02:25:14+00:00,House,Washington,Washington 3,Republican,R+4,4.0,True,True,52.7,general,675
Debbie_Dingell,2018,109,60,2200.0,30,24,5,2016-11-16 20:17:49+00:00,2018-11-01 04:42:10+00:00,House,Michigan,Michigan 12,Democratic,D+14,-14.0,True,True,68.1,general,714
Dwight_Evans_(politician),2018,109,39,3881.0,9,8,1,2016-11-12 00:26:45+00:00,2018-11-04 04:49:23+00:00,House,Pennsylvania,Pennsylvania 3,Democratic,D+41,-41.0,False,True,93.4,general,722
Scott_Perry,2018,109,31,4106.0,40,8,2,2016-11-12 15:22:16+00:00,2018-11-04 23:37:31+00:00,House,Pennsylvania,Pennsylvania 10,Republican,R+6,6.0,False,True,51.3,general,722
Karin_Housley,2018,108,50,10210.0,19,28,5,2016-12-22 01:43:50+00:00,2018-10-31 17:54:57+00:00,Senate,Minnesota,,Republican,D+1,-1.0,False,False,42.4,special,678
Steve_Cohen_(politician),2018,108,66,7974.0,21,27,5,2016-11-13 02:19:06+00:00,2018-11-04 04:20:03+00:00,House,Tennessee,Tennessee 9,Democratic,D+28,-28.0,True,True,80.0,general,721
Steve_Russell_(politician),2018,108,49,4031.0,22,14,5,2016-11-09 17:15:29+00:00,2018-11-05 12:02:29+00:00,House,Oklahoma,Oklahoma 5,Republican,R+10,10.0,True,False,49.3,general,725
Jim_Sensenbrenner,2018,107,59,1394.0,30,23,6,2016-12-11 22:53:58+00:00,2018-11-04 23:44:00+00:00,House,Wisconsin,Wisconsin 5,Republican,R+13,13.0,True,True,62.0,general,693
Kevin_Brady,2018,107,48,3488.0,16,21,7,2016-12-12 13:22:51+00:00,2018-11-03 00:10:09+00:00,House,Texas,Texas 8,Republican,R+28,28.0,True,True,73.4,general,690
Thomas_Massie,2018,107,51,10112.0,19,18,6,2016-11-16 00:12:15+00:00,2018-11-06 14:56:41+00:00,House,Kentucky,Kentucky 4,Republican,R+18,18.0,True,True,62.2,general,720
Francis_Rooney,2018,106,53,19337.0,13,15,2,2016-11-09 05:28:47+00:00,2018-10-11 12:06:50+00:00,House,Florida,Florida 19,Republican,R+13,13.0,True,True,62.3,general,701
Matt_Rosendale,2018,105,46,8411.0,9,25,2,2016-11-20 05:55:17+00:00,2018-11-04 05:58:29+00:00,Senate,Montana,,Republican,R+11,11.0,False,False,46.8,general,714
Peter_Welch,2018,105,37,5273.0,36,10,4,2016-11-10 02:24:42+00:00,2018-10-23 05:28:58+00:00,House,Vermont,Vermont at-large,Democratic,D+15,-15.0,True,True,69.2,general,712
Steny_Hoyer,2018,105,67,4895.0,23,21,12,2016-11-09 20:40:56+00:00,2018-11-02 23:54:12+00:00,House,Maryland,Maryland 5,Democratic,D+16,-16.0,True,True,70.4,general,723
Anthony_Brown_(Maryland_politician),2018,104,52,5895.0,24,21,11,2016-11-09 14:29:11+00:00,2018-11-01 01:44:43+00:00,House,Maryland,Maryland 4,Democratic,D+28,-28.0,True,True,78.1,general,721
Leslie_Cockburn,2018,104,55,1925.0,31,13,11,2016-12-10 19:35:16+00:00,2018-11-06 03:38:33+00:00,House,Virginia,Virginia 5,Democratic,R+6,6.0,False,False,46.7,general,695
Martin_Heinrich,2018,104,66,11932.0,12,37,6,2016-11-15 18:41:28+00:00,2018-11-05 01:47:26+00:00,Senate,New Mexico,,Democratic,D+3,-3.0,False,True,54.1,general,719
Sean_Patrick_Maloney,2018,104,51,6057.0,19,23,10,2016-11-13 17:44:35+00:00,2018-11-03 01:14:33+00:00,House,New York,New York 18,Democratic,R+1,1.0,True,True,55.5,general,719
Ted_Yoho,2018,104,46,9039.0,19,20,7,2016-11-16 20:05:49+00:00,2018-11-04 23:23:01+00:00,House,Florida,Florida 3,Republican,R+9,9.0,True,True,57.6,general,718
Alcee_Hastings,2018,103,57,4740.0,27,11,8,2016-12-12 02:05:54+00:00,2018-11-03 00:07:27+00:00,House,Florida,Florida 20,Democratic,D+31,-31.0,True,True,,general,690
Jim_Banks,2018,102,43,9042.0,14,10,2,2016-11-13 23:19:42+00:00,2018-11-05 00:24:34+00:00,House,Indiana,Indiana 3,Republican,R+18,18.0,True,True,64.7,general,721
Terri_Sewell,2018,102,53,4082.0,21,18,5,2016-11-23 08:58:46+00:00,2018-11-04 05:03:39+00:00,House,Alabama,Alabama 7,Democratic,D+20,-20.0,True,True,,general,710
Barry_Loudermilk,2018,101,43,8216.0,20,16,3,2016-11-16 20:24:22+00:00,2018-11-06 01:53:42+00:00,House,Georgia,Georgia 11,Republican,R+17,17.0,True,True,61.8,general,719
Daniel_Webster_(Florida_politician),2018,101,49,8061.0,17,13,9,2016-11-18 01:25:27+00:00,2018-09-24 19:26:35+00:00,House,Florida,Florida 11,Republican,R+15,15.0,True,True,65.2,general,675
Steve_Negron,2018,101,32,6116.0,3,37,1,2018-02-12 09:07:07+00:00,2018-11-06 04:01:09+00:00,House,New Hampshire,New Hampshire 2,Republican,D+2,-2.0,False,False,42.2,general,266
Mark_Callahan,2018,100,29,6420.0,13,23,6,2016-11-09 00:37:11+00:00,2018-11-06 03:48:27+00:00,House,Oregon,Oregon 5,Republican,EVEN,0.0,False,False,41.9,general,727
Mark_Walker_(North_Carolina_politician),2018,100,44,10214.0,13,38,1,2016-11-16 20:31:30+00:00,2018-10-11 11:42:58+00:00,House,North Carolina,North Carolina 6,Republican,R+9,9.0,True,True,56.5,general,693
Robert_Aderholt,2018,100,56,3456.0,33,11,14,2016-11-19 07:55:54+00:00,2018-11-05 22:54:51+00:00,House,Alabama,Alabama 4,Republican,R+30,30.0,True,True,79.9,general,716
David_Young_(Iowa_politician),2018,99,41,14523.0,13,12,1,2016-11-09 14:41:44+00:00,2018-11-04 01:49:37+00:00,House,Iowa,Iowa 3,Republican,R+1,1.0,True,False,47.2,general,724
Don_Beyer,2018,99,53,4587.0,29,17,17,2016-11-14 22:11:42+00:00,2018-11-04 04:43:33+00:00,House,Virginia,Virginia 8,Democratic,D+21,-21.0,True,True,76.3,general,719
John_Carter_(Texas_politician),2018,99,55,3005.0,19,31,4,2016-11-15 19:16:15+00:00,2018-11-04 05:24:42+00:00,House,Texas,Texas 31,Republican,R+10,10.0,True,True,50.6,general,718
Rob_Bishop,2018,99,41,2452.0,16,43,8,2016-12-07 13:09:20+00:00,2018-11-03 01:34:55+00:00,House,Utah,Utah 1,Republican,R+26,26.0,True,True,61.6,general,695
Barbara_Lee,2018,98,58,9629.0,29,13,10,2016-11-18 03:45:54+00:00,2018-10-23 11:46:19+00:00,House,California,California 13,Democratic,D+40,-40.0,True,True,88.4,general,704
Darren_Soto,2018,98,42,23274.0,18,10,6,2016-11-13 04:30:24+00:00,2018-11-01 14:56:28+00:00,House,Florida,Florida 9,Democratic,D+5,-5.0,True,True,58.0,general,718
Josh_Gottheimer,2018,98,41,13180.0,12,24,2,2016-11-09 15:02:23+00:00,2018-10-20 19:07:46+00:00,House,New Jersey,New Jersey 5,Democratic,R+3,3.0,True,True,56.2,general,710
Ken_Harbaugh,2018,98,23,2632.0,5,31,5,2017-01-25 07:29:22+00:00,2018-11-06 03:52:32+00:00,House,Ohio,Ohio 7,Democratic,R+12,12.0,False,False,41.3,general,649
Diane_Harkey,2018,97,33,17174.0,13,43,2,2016-11-10 21:22:23+00:00,2018-11-06 04:38:45+00:00,House,California,California 49,Republican,R+1,1.0,False,False,43.6,general,725
Sheila_Jackson_Lee,2018,97,46,5470.0,33,0,11,2016-11-18 06:24:14+00:00,2018-11-04 04:23:19+00:00,House,Texas,Texas 18,Democratic,D+27,-27.0,True,True,75.2,general,715
Tim_Burchett,2018,97,41,7234.0,24,21,4,2017-02-20 08:06:40+00:00,2018-11-05 04:06:19+00:00,House,Tennessee,Tennessee 2,Republican,R+20,20.0,False,True,65.9,general,622
Jody_Hice,2018,96,40,4458.0,22,28,4,2016-11-16 20:20:44+00:00,2018-11-06 16:22:19+00:00,House,Georgia,Georgia 10,Republican,R+15,15.0,True,True,62.9,general,719
Buddy_Carter,2018,95,46,15209.0,18,15,3,2016-11-16 20:15:49+00:00,2018-09-24 19:27:05+00:00,House,Georgia,Georgia 1,Republican,R+9,9.0,True,True,57.7,general,676
Mike_Kelly_(Pennsylvania_politician),2018,95,45,5923.0,13,21,3,2016-12-13 00:53:51+00:00,2018-11-06 17:03:14+00:00,House,Pennsylvania,Pennsylvania 16,Republican,R+8,8.0,False,True,51.6,general,693
Pete_Olson,2018,95,43,8829.0,21,17,8,2016-12-13 01:01:31+00:00,2018-11-03 09:08:12+00:00,House,Texas,Texas 22,Republican,R+10,10.0,True,True,51.4,general,690
Ralph_Abraham_(politician),2018,95,38,10648.0,16,7,4,2016-11-14 04:12:55+00:00,2018-11-05 00:03:43+00:00,House,Louisiana,Louisiana 5,Republican,R+15,15.0,True,True,66.5,general,720
Jim_Cooper,2018,94,43,4608.0,36,16,13,2016-11-27 14:49:41+00:00,2018-11-05 17:38:44+00:00,House,Tennessee,Tennessee 5,Democratic,D+7,-7.0,True,True,67.8,general,708
Mike_Bost,2018,94,46,8730.0,10,20,1,2016-11-10 05:54:06+00:00,2018-11-05 00:21:14+00:00,House,Illinois,Illinois 12,Republican,R+5,5.0,True,True,51.6,general,724
Michael_C._Burgess,2018,93,46,6974.0,23,31,10,2016-12-11 18:39:28+00:00,2018-11-04 05:40:14+00:00,House,Texas,Texas 26,Republican,R+18,18.0,True,True,59.4,general,692
Neal_Dunn,2018,93,45,8716.0,6,14,1,2016-11-09 06:40:52+00:00,2018-11-05 00:23:08+00:00,House,Florida,Florida 2,Republican,R+18,18.0,True,True,67.4,general,725
Elissa_Slotkin,2018,92,29,4358.0,33,10,2,2017-06-14 18:13:30+00:00,2018-11-06 04:10:29+00:00,House,Michigan,Michigan 8,Democratic,R+4,4.0,False,True,50.6,general,509
Steve_Stivers,2018,92,48,6883.0,15,18,7,2016-11-15 20:14:05+00:00,2018-11-03 19:02:15+00:00,House,Ohio,Ohio 15,Republican,R+7,7.0,True,True,58.3,general,717
Doug_Lamborn,2018,91,42,10570.0,19,8,10,2016-11-17 04:37:38+00:00,2018-11-06 04:56:00+00:00,House,Colorado,Colorado 5,Republican,R+14,14.0,True,True,57.0,general,719
Trent_Kelly,2018,91,37,7012.0,13,18,4,2016-11-14 08:04:34+00:00,2018-11-05 00:13:23+00:00,House,Mississippi,Mississippi 1,Republican,R+16,16.0,True,True,66.9,general,720
Mark_Harris_(North_Carolina_politician),2018,90,33,7623.0,16,10,2,2018-05-07 19:15:32+00:00,2018-11-06 15:49:34+00:00,House,North Carolina,North Carolina 9,Republican,R+8,8.0,False,False,49.3,general,182
Greg_Walden,2018,89,39,5057.0,10,15,4,2016-11-15 20:36:01+00:00,2018-11-03 01:32:00+00:00,House,Oregon,Oregon 2,Republican,R+11,11.0,True,True,56.3,general,717
Pete_Stauber,2018,89,25,12916.0,11,4,1,2018-07-28 00:24:43+00:00,2018-11-05 04:10:53+00:00,House,Minnesota,Minnesota 8,Republican,R+4,4.0,False,True,50.7,general,100
Sean_Duffy,2018,89,57,3612.0,24,16,8,2016-11-11 02:48:25+00:00,2018-10-28 16:18:41+00:00,House,Wisconsin,Wisconsin 7,Republican,R+8,8.0,True,True,59.9,general,716
Vicente_Gonzalez_(American_politician),2018,89,46,6479.0,14,22,4,2016-12-06 20:12:15+00:00,2018-10-17 00:29:06+00:00,House,Texas,Texas 15,Democratic,D+7,-7.0,True,True,59.7,general,679
Michael_Cloud,2018,88,41,4852.0,6,19,3,2018-04-06 21:55:15+00:00,2018-11-05 04:38:30+00:00,House,Texas,Texas 27,Republican,,,False,True,54.7,special,212
Susan_Brooks,2018,88,46,10295.0,16,8,5,2016-11-16 19:38:13+00:00,2018-11-03 01:17:16+00:00,House,Indiana,Indiana 5,Republican,R+9,9.0,True,True,56.8,general,716
Ken_Calvert,2018,87,54,4379.0,30,19,11,2016-11-09 19:41:28+00:00,2018-11-04 05:20:25+00:00,House,California,California 42,Republican,R+9,9.0,True,True,56.5,general,724
Anna_Eshoo,2018,86,56,4308.0,24,14,9,2016-11-18 02:04:27+00:00,2018-10-27 09:37:30+00:00,House,California,California 18,Democratic,D+23,-23.0,True,True,74.5,general,708
Annie_Kuster,2018,86,48,9373.0,16,21,3,2016-11-13 18:46:19+00:00,2018-11-04 04:59:52+00:00,House,New Hampshire,New Hampshire 2,Democratic,D+2,-2.0,True,True,55.6,general,720
Deb_Haaland,2018,86,26,8479.0,12,8,1,2018-05-30 14:09:39+00:00,2018-11-05 03:52:08+00:00,House,New Mexico,New Mexico 1,Democratic,D+7,-7.0,False,True,59.1,general,158
Donald_McEachin,2018,86,39,4444.0,8,9,5,2016-11-09 15:53:44+00:00,2018-11-04 21:01:20+00:00,House,Virginia,Virginia 4,Democratic,D+10,-10.0,True,True,62.6,general,725
Jim_Costa,2018,86,45,4730.0,14,22,5,2016-11-16 21:42:57+00:00,2018-11-03 01:17:59+00:00,House,California,California 16,Democratic,D+9,-9.0,True,True,57.5,general,716
Lacy_Clay,2018,86,53,4061.0,22,25,5,2016-12-12 03:29:26+00:00,2018-11-04 03:03:20+00:00,House,Missouri,Missouri 1,Democratic,D+29,-29.0,True,True,80.1,general,691
Salud_Carbajal,2018,86,40,8646.0,6,15,2,2016-11-09 07:28:10+00:00,2018-10-20 18:49:25+00:00,House,California,California 24,Democratic,D+7,-7.0,True,True,58.6,general,710
Tom_Graves,2018,86,30,4984.0,12,29,6,2016-11-22 16:37:42+00:00,2018-11-04 05:17:29+00:00,House,Georgia,Georgia 14,Republican,R+27,27.0,True,True,76.5,general,711
Chellie_Pingree,2018,85,42,3140.0,19,8,10,2016-11-12 16:18:16+00:00,2018-10-16 01:51:55+00:00,House,Maine,Maine 1,Democratic,D+8,-8.0,True,True,58.7,general,702
Dusty_Johnson,2018,85,20,2501.0,11,6,4,2017-05-22 22:12:07+00:00,2018-11-05 04:05:51+00:00,House,South Dakota,South Dakota at-large,Republican,R+14,14.0,False,True,60.3,general,531
Jerry_Nadler,2018,85,56,891.0,23,29,7,2016-11-17 14:08:16+00:00,2018-11-05 02:02:45+00:00,House,New York,New York 10,Democratic,D+26,-26.0,True,True,82.1,general,717
Mark_Amodei,2018,85,54,3666.0,32,12,5,2016-12-05 16:41:07+00:00,2018-10-31 14:31:11+00:00,House,Nevada,Nevada 2,Republican,R+7,7.0,True,True,58.2,general,694
Bonnie_Watson_Coleman,2018,84,42,4100.0,12,26,4,2016-11-16 20:32:21+00:00,2018-11-04 04:18:26+00:00,House,New Jersey,New Jersey 12,Democratic,D+16,-16.0,True,True,68.7,general,717
Danny_Davis_(Illinois_politician),2018,84,52,7747.0,22,17,13,2016-11-18 07:16:37+00:00,2018-11-04 05:01:05+00:00,House,Illinois,Illinois 7,Democratic,D+38,-38.0,True,True,87.6,general,715
Eliot_Engel,2018,84,45,3460.0,25,12,11,2016-11-11 12:00:19+00:00,2018-11-04 09:33:53+00:00,House,New York,New York 16,Democratic,D+24,-24.0,True,True,,general,722
Jared_Golden,2018,84,21,4681.0,8,17,4,2017-10-02 21:44:56+00:00,2018-11-06 04:18:35+00:00,House,Maine,Maine 2,Democratic,R+2,2.0,False,True,50.6,general_rcv_runoff,399
Kathleen_Rice,2018,84,36,5134.0,18,18,7,2016-11-10 01:48:20+00:00,2018-11-04 04:07:43+00:00,House,New York,New York 4,Democratic,D+4,-4.0,True,True,61.3,general,724
Max_Rose,2018,84,25,-8681.0,10,3,1,2018-05-04 17:18:13+00:00,2018-11-04 17:25:34+00:00,House,New York,New York 11,Democratic,R+3,3.0,False,True,53.0,general,184
Paul_Cook_(politician),2018,84,37,4466.0,18,11,3,2016-11-13 20:47:09+00:00,2018-11-04 23:27:27+00:00,House,California,California 8,Republican,R+9,9.0,True,True,60.0,general,721
Paul_Mitchell_(politician),2018,84,53,3739.0,13,25,2,2016-11-09 17:51:40+00:00,2018-10-11 12:05:09+00:00,House,Michigan,Michigan 10,Republican,R+13,13.0,True,True,60.3,general,700
Bobby_Scott_(politician),2018,83,38,8933.0,20,31,3,2016-11-10 23:05:11+00:00,2018-11-04 13:55:08+00:00,House,Virginia,Virginia 3,Democratic,D+16,-16.0,True,True,91.2,general,723
Doug_Collins_(politician),2018,83,38,7253.0,21,7,9,2016-11-16 01:09:55+00:00,2018-11-06 16:18:54+00:00,House,Georgia,Georgia 9,Republican,R+31,31.0,True,True,79.5,general,720
Jason_Smith_(American_politician),2018,83,38,314.0,19,15,1,2016-11-16 20:06:37+00:00,2018-11-03 00:01:10+00:00,House,Missouri,Missouri 8,Republican,R+24,24.0,True,True,73.4,general,716
Jenny_Wilson_(politician),2018,83,41,1634.0,21,24,6,2017-07-28 04:05:35+00:00,2018-11-03 03:18:38+00:00,Senate,Utah,,Democratic,R+20,20.0,False,False,30.9,general,462
Mike_Simpson,2018,83,38,9099.0,25,4,10,2016-11-09 20:02:25+00:00,2018-11-04 05:16:02+00:00,House,Idaho,Idaho 2,Republican,R+17,17.0,True,True,60.7,general,724
Vern_Buchanan,2018,83,39,12584.0,22,9,10,2016-11-18 05:04:50+00:00,2018-11-06 16:42:45+00:00,House,Florida,Florida 16,Republican,R+7,7.0,True,True,54.6,general,718
Bradley_Byrne,2018,82,41,5273.0,14,6,6,2016-11-16 20:07:27+00:00,2018-11-04 05:36:53+00:00,House,Alabama,Alabama 1,Republican,R+15,15.0,True,True,63.2,general,717
Brenda_Lawrence,2018,82,41,1337.0,11,12,2,2016-11-14 07:00:15+00:00,2018-10-18 03:47:08+00:00,House,Michigan,Michigan 14,Democratic,D+30,-30.0,True,True,80.9,general,702
Lloyd_Smucker,2018,82,41,9537.0,13,14,4,2016-11-09 18:10:26+00:00,2018-11-06 17:58:15+00:00,House,Pennsylvania,Pennsylvania 11,Republican,R+14,14.0,False,True,59.0,general,726
Mike_Rogers_(Alabama_politician),2018,82,46,3826.0,18,9,5,2016-11-09 19:06:06+00:00,2018-11-04 05:33:10+00:00,House,Alabama,Alabama 3,Republican,R+16,16.0,True,True,63.8,general,724
Nita_Lowey,2018,82,49,2211.0,25,11,8,2016-11-11 16:48:45+00:00,2018-11-03 03:19:40+00:00,House,New York,New York 17,Democratic,D+7,-7.0,True,True,88.0,general,721
Lucy_McBath,2018,81,24,11969.0,14,8,1,2018-05-23 04:36:16+00:00,2018-11-06 04:27:13+00:00,House,Georgia,Georgia 6,Democratic,R+8,8.0,False,True,50.5,general,166
Mark_Pocan,2018,81,46,775.0,13,17,3,2016-11-14 08:53:16+00:00,2018-11-03 01:14:51+00:00,House,Wisconsin,Wisconsin 2,Democratic,D+18,-18.0,True,True,97.4,general,718
Tim_Ryan_(Ohio_politician),2018,81,47,4843.0,22,13,9,2016-11-11 01:18:58+00:00,2018-11-04 00:21:05+00:00,House,Ohio,Ohio 13,Democratic,D+7,-7.0,True,True,61.0,general,722
Virginia_Foxx,2018,81,45,5880.0,24,10,7,2016-11-10 00:49:48+00:00,2018-11-03 00:09:05+00:00,House,North Carolina,North Carolina 5,Republican,R+10,10.0,True,True,57.0,general,722
Al_Lawson,2018,80,42,9058.0,11,11,3,2016-11-10 23:30:49+00:00,2018-11-04 04:50:43+00:00,House,Florida,Florida 5,Democratic,D+12,-12.0,True,True,66.8,general,723
Garret_Graves,2018,80,35,3276.0,10,7,4,2016-11-16 20:19:29+00:00,2018-11-05 00:16:15+00:00,House,Louisiana,Louisiana 6,Republican,R+19,19.0,True,True,69.5,general,718
Russ_Fulcher,2018,80,32,6479.0,24,17,4,2016-11-27 09:52:57+00:00,2018-11-05 04:01:51+00:00,House,Idaho,Idaho 1,Republican,R+21,21.0,False,True,62.8,general,707
Dan_Meuser,2018,79,29,12476.0,17,12,8,2016-12-05 18:50:55+00:00,2018-11-06 17:29:59+00:00,House,Pennsylvania,Pennsylvania 9,Republican,R+14,14.0,False,True,59.7,general,700
Jeff_Fortenberry,2018,79,43,4953.0,17,9,6,2016-12-12 12:51:10+00:00,2018-11-05 13:41:15+00:00,House,Nebraska,Nebraska 1,Republican,R+11,11.0,True,True,60.4,general,693
Rob_Woodall,2018,79,27,7528.0,14,4,3,2016-12-13 01:07:41+00:00,2018-11-06 16:14:26+00:00,House,Georgia,Georgia 7,Republican,R+9,9.0,True,True,50.07,general,693
Glenn_Thompson_(politician),2018,78,31,9418.0,17,7,2,2016-11-09 19:48:07+00:00,2018-11-06 12:24:59+00:00,House,Pennsylvania,Pennsylvania 15,Republican,R+20,20.0,False,True,67.8,general,726
Ted_Budd,2018,78,43,3008.0,9,17,3,2016-11-09 06:39:38+00:00,2018-11-05 21:11:18+00:00,House,North Carolina,North Carolina 13,Republican,R+6,6.0,True,True,51.5,general,726
Alex_Mooney,2018,77,40,2742.0,9,9,3,2016-11-16 19:56:11+00:00,2018-10-10 23:41:31+00:00,House,West Virginia,West Virginia 2,Republican,R+17,17.0,True,True,54.0,general,693
John_Garamendi,2018,77,48,13370.0,14,16,4,2016-11-11 17:49:13+00:00,2018-11-04 04:54:16+00:00,House,California,California 3,Democratic,D+5,-5.0,True,True,58.1,general,722
Cedric_Richmond,2018,76,46,8427.0,9,22,2,2016-11-30 20:05:28+00:00,2018-11-03 01:13:19+00:00,House,Louisiana,Louisiana 2,Democratic,D+25,-25.0,True,True,80.6,general,702
Hakeem_Jeffries,2018,76,37,4031.0,23,4,8,2016-11-14 01:16:36+00:00,2018-11-02 23:56:43+00:00,House,New York,New York 8,Democratic,D+36,-36.0,True,True,94.2,general,718
Mac_Thornberry,2018,76,36,1089.0,17,8,7,2016-12-13 00:48:18+00:00,2018-11-03 01:30:33+00:00,House,Texas,Texas 13,Republican,R+33,33.0,True,True,81.5,general,690
Michael_McCaul,2018,76,33,5954.0,18,9,4,2016-11-11 20:09:57+00:00,2018-11-05 17:13:53+00:00,House,Texas,Texas 10,Republican,R+9,9.0,True,True,51.1,general,723
David_Kustoff,2018,75,43,4058.0,10,15,0,2016-11-09 18:16:49+00:00,2018-10-27 12:46:27+00:00,House,Tennessee,Tennessee 8,Republican,R+19,19.0,True,True,67.7,general,716
Jennifer_Wexton,2018,75,43,3282.0,15,22,7,2016-12-22 01:33:55+00:00,2018-11-05 04:11:08+00:00,House,Virginia,Virginia 10,Democratic,D+1,-1.0,False,True,56.2,general,683
Mike_Conaway,2018,75,36,6582.0,12,7,4,2016-12-13 00:53:16+00:00,2018-11-03 01:29:44+00:00,House,Texas,Texas 11,Republican,R+32,32.0,True,True,80.1,general,690
Karen_Bass,2018,74,39,2301.0,17,22,4,2016-11-30 20:35:15+00:00,2018-11-04 08:23:20+00:00,House,California,California 37,Democratic,D+37,-37.0,True,True,89.1,general,703
Walter_B._Jones_Jr.,2018,74,48,9645.0,20,13,9,2016-11-17 18:18:15+00:00,2018-10-25 01:07:02+00:00,House,North Carolina,North Carolina 3,Republican,R+12,12.0,True,True,,general,706
Abby_Finkenauer,2018,73,28,7280.0,3,13,0,2016-12-22 02:45:54+00:00,2018-11-05 03:57:38+00:00,House,Iowa,Iowa 1,Democratic,D+1,-1.0,False,True,51.0,general,683
Ammar_Campa-Najjar,2018,73,19,-4616.0,24,0,3,2018-02-17 03:30:07+00:00,2018-10-03 03:46:35+00:00,House,California,California 50,Democratic,R+11,11.0,False,False,48.3,general,228
Colin_Allred,2018,73,37,5319.0,20,14,3,2016-12-15 23:15:58+00:00,2018-11-06 03:40:07+00:00,House,Texas,Texas 32,Democratic,R+5,5.0,False,True,52.3,general,690
David_Schweikert,2018,73,33,11487.0,19,2,10,2016-12-08 11:27:06+00:00,2018-10-23 13:15:05+00:00,House,Arizona,Arizona 6,Republican,R+9,9.0,True,True,55.2,general,684
Gerry_Connolly,2018,73,42,3103.0,18,13,4,2016-11-10 23:54:24+00:00,2018-11-06 20:54:01+00:00,House,Virginia,Virginia 11,Democratic,D+15,-15.0,True,True,71.2,general,725
Judy_Chu,2018,73,48,4583.0,15,15,8,2016-11-15 04:52:45+00:00,2018-11-03 01:12:48+00:00,House,California,California 27,Democratic,D+16,-16.0,True,True,79.2,general,717
Rosa_DeLauro,2018,73,42,4848.0,16,13,9,2016-11-10 08:51:56+00:00,2018-11-06 23:39:36+00:00,House,Connecticut,Connecticut 3,Democratic,D+9,-9.0,True,True,64.6,general,726
Ted_Deutch,2018,73,43,8851.0,13,14,3,2016-11-18 21:40:32+00:00,2018-11-04 03:23:03+00:00,House,Florida,Florida 22,Democratic,D+6,-6.0,True,True,62.0,general,715
Bill_Flores,2018,72,38,5136.0,18,7,7,2016-11-18 07:13:38+00:00,2018-11-02 23:57:30+00:00,House,Texas,Texas 17,Republican,R+12,12.0,True,True,56.8,general,714
Cheri_Bustos,2018,72,34,12022.0,11,5,5,2016-11-10 03:23:38+00:00,2018-11-02 23:56:08+00:00,House,Illinois,Illinois 17,Democratic,D+3,-3.0,True,True,62.1,general,722
Gary_Trauner,2018,72,36,6862.0,22,15,6,2017-01-08 09:09:20+00:00,2018-11-03 03:30:13+00:00,Senate,Wyoming,,Democratic,R+25,25.0,False,False,30.1,general,663
Matt_Cartwright,2018,72,34,11802.0,12,6,4,2016-11-16 19:40:06+00:00,2018-11-06 13:11:38+00:00,House,Pennsylvania,Pennsylvania 8,Democratic,R+1,1.0,False,True,54.6,general,719
Scott_DesJarlais,2018,72,45,185.0,16,15,6,2016-12-13 01:14:47+00:00,2018-10-16 14:07:50+00:00,House,Tennessee,Tennessee 4,Republican,R+20,20.0,True,True,63.4,general,672
Henry_Cuellar,2018,71,42,6396.0,14,23,8,2016-12-11 18:37:24+00:00,2018-11-03 00:11:14+00:00,House,Texas,Texas 28,Democratic,D+9,-9.0,True,True,84.4,general,691
Jim_Clyburn,2018,71,42,2372.0,25,10,8,2016-11-18 02:22:57+00:00,2018-11-06 18:40:30+00:00,House,South Carolina,South Carolina 6,Democratic,D+19,-19.0,True,True,70.2,general,718
Jimmy_Panetta,2018,71,33,4826.0,4,6,0,2016-11-10 21:32:10+00:00,2018-11-04 00:13:59+00:00,House,California,California 20,Democratic,D+23,-23.0,True,True,81.4,general,723
John_Katko,2018,71,34,8242.0,9,2,0,2016-11-09 08:33:43+00:00,2018-11-04 12:38:28+00:00,House,New York,New York 24,Republican,D+3,-3.0,True,True,52.6,general,725
Pete_Aguilar,2018,71,28,5692.0,4,36,0,2016-11-09 18:26:24+00:00,2018-11-06 03:21:52+00:00,House,California,California 31,Democratic,D+8,-8.0,True,True,58.7,general,726
Bennie_Thompson,2018,70,40,2835.0,19,11,6,2016-12-12 02:10:52+00:00,2018-11-03 01:41:39+00:00,House,Mississippi,Mississippi 2,Democratic,D+14,-14.0,True,True,71.8,general,690
Brad_Schneider,2018,70,42,2741.0,11,12,5,2016-11-09 09:39:38+00:00,2018-11-04 04:46:10+00:00,House,Illinois,Illinois 10,Democratic,D+10,-10.0,True,True,65.6,general,724
John_Shimkus,2018,70,34,6429.0,17,6,5,2016-11-11 21:10:52+00:00,2018-11-04 05:39:09+00:00,House,Illinois,Illinois 15,Republican,R+21,21.0,True,True,70.9,general,722
Mike_Turner,2018,70,38,5570.0,12,12,6,2016-11-09 20:37:55+00:00,2018-11-04 05:33:47+00:00,House,Ohio,Ohio 10,Republican,R+4,4.0,True,True,55.9,general,724
Hal_Rogers,2018,69,42,8642.0,19,5,6,2016-11-16 00:10:55+00:00,2018-11-04 05:26:10+00:00,House,Kentucky,Kentucky 5,Republican,R+31,31.0,True,True,78.9,general,718
Marty_Nothstein,2018,69,34,2423.0,7,34,5,2017-01-13 06:12:28+00:00,2018-11-06 07:36:33+00:00,House,Pennsylvania,Pennsylvania 7,Republican,D+1,-1.0,False,False,43.5,general,662
Paul_Tonko,2018,69,39,2495.0,23,11,4,2016-11-12 03:55:13+00:00,2018-11-04 00:38:58+00:00,House,New York,New York 20,Democratic,D+7,-7.0,True,True,66.5,general,721
Tom_Cole,2018,69,50,5563.0,23,16,5,2016-11-09 12:35:56+00:00,2018-11-06 14:14:09+00:00,House,Oklahoma,Oklahoma 4,Republican,R+20,20.0,True,True,63.1,general,727
Adam_Kinzinger,2018,68,40,9477.0,19,6,8,2016-11-28 00:54:30+00:00,2018-11-02 23:14:08+00:00,House,Illinois,Illinois 16,Republican,R+8,8.0,True,True,59.1,general,704
Kathy_Castor,2018,68,35,6589.0,14,15,3,2016-12-08 21:23:37+00:00,2018-10-22 15:58:53+00:00,House,Florida,Florida 14,Democratic,D+7,-7.0,True,True,,general,682
Scott_Tipton,2018,68,30,9505.0,11,3,4,2016-11-10 00:29:54+00:00,2018-11-04 23:20:52+00:00,House,Colorado,Colorado 3,Republican,R+6,6.0,True,True,51.5,general,724
Tom_Emmer,2018,68,37,3761.0,14,12,6,2016-11-12 07:16:55+00:00,2018-09-11 15:50:41+00:00,House,Minnesota,Minnesota 6,Republican,R+12,12.0,True,True,61.2,general,668
Alma_Adams,2018,67,32,2980.0,12,10,6,2016-11-12 04:08:21+00:00,2018-11-04 04:51:57+00:00,House,North Carolina,North Carolina 12,Democratic,D+18,-18.0,True,True,73.1,general,722
Mark_DeSaulnier,2018,67,30,5825.0,14,6,9,2016-11-16 20:17:26+00:00,2018-09-24 19:21:26+00:00,House,California,California 11,Democratic,D+21,-21.0,True,True,74.1,general,676
Neal_Simon,2018,67,28,12698.0,14,9,0,2017-09-28 18:23:55+00:00,2018-11-05 20:37:08+00:00,Senate,Maryland,,Independent,D+12,-12.0,False,False,3.7,general,403
Roger_Williams_(Texas_politician),2018,67,35,4454.0,11,10,5,2016-11-15 20:47:15+00:00,2018-11-04 23:20:17+00:00,House,Texas,Texas 25,Republican,R+11,11.0,True,True,53.5,general,719
Van_Taylor,2018,67,20,1408.0,8,7,6,2016-11-13 17:34:53+00:00,2018-11-06 16:56:26+00:00,House,Texas,Texas 3,Republican,R+13,13.0,False,True,54.3,general,722
Billy_Long,2018,66,35,4422.0,11,12,3,2016-11-19 08:40:03+00:00,2018-10-09 14:13:35+00:00,House,Missouri,Missouri 7,Republican,R+23,23.0,True,True,66.2,general,689
G._K._Butterfield,2018,66,42,851.0,12,14,7,2016-11-30 20:06:35+00:00,2018-10-22 18:56:41+00:00,House,North Carolina,North Carolina 1,Democratic,D+17,-17.0,True,True,69.8,general,690
Harley_Rouda,2018,66,14,8328.0,18,30,1,2018-04-14 20:56:03+00:00,2018-10-26 15:33:17+00:00,House,California,California 48,Democratic,R+4,4.0,False,True,53.6,general,194
Katherine_Clark,2018,66,34,1066.0,16,7,4,2016-11-16 20:07:02+00:00,2018-10-22 20:53:03+00:00,House,Massachusetts,Massachusetts 5,Democratic,D+18,-18.0,True,True,75.9,general,705
Lauren_Underwood,2018,66,18,-283.0,25,3,1,2018-02-04 22:35:32+00:00,2018-11-06 22:57:07+00:00,House,Illinois,Illinois 14,Democratic,R+5,5.0,False,True,52.5,general,275
Bill_Huizenga,2018,65,38,245.0,9,14,5,2016-11-15 04:04:37+00:00,2018-10-29 17:15:53+00:00,House,Michigan,Michigan 2,Republican,R+9,9.0,True,True,55.3,general,713
Dave_Loebsack,2018,65,36,7982.0,15,7,2,2016-12-07 12:22:54+00:00,2018-11-04 12:52:03+00:00,House,Iowa,Iowa 2,Democratic,D+1,-1.0,True,True,54.8,general,697
Drew_Ferguson_(politician),2018,65,32,7683.0,10,7,0,2016-11-09 21:12:33+00:00,2018-10-11 11:57:13+00:00,House,Georgia,Georgia 3,Republican,R+18,18.0,True,True,65.5,general,700
Eddie_Bernice_Johnson,2018,65,38,1152.0,22,11,6,2016-12-12 02:34:06+00:00,2018-11-03 03:00:20+00:00,House,Texas,Texas 30,Democratic,D+29,-29.0,True,True,91.1,general,691
Kurt_Schrader,2018,64,32,7906.0,11,4,5,2016-11-14 17:48:58+00:00,2018-10-24 14:36:23+00:00,House,Oregon,Oregon 5,Democratic,EVEN,0.0,True,True,55.1,general,708
Lou_Correa,2018,64,27,3351.0,4,8,0,2016-11-09 04:06:34+00:00,2018-11-04 04:13:31+00:00,House,California,California 46,Democratic,D+15,-15.0,True,True,69.1,general,725
Mallory_Hagan,2018,64,38,4507.0,20,11,8,2017-01-01 20:05:15+00:00,2018-11-06 21:53:22+00:00,House,Alabama,Alabama 3,Democratic,R+16,16.0,False,False,36.2,general,674
Betty_McCollum,2018,63,38,1208.0,14,2,4,2016-12-12 02:11:22+00:00,2018-11-06 03:35:41+00:00,House,Minnesota,Minnesota 4,DFL,D+14,-14.0,True,True,66.0,general,694
Gil_Cisneros,2018,63,23,8431.0,6,5,3,2018-04-03 13:39:31+00:00,2018-11-06 22:17:03+00:00,House,California,California 39,Democratic,Even,0.0,False,True,51.6,general,217
Glenn_Grothman,2018,63,31,1843.0,8,2,5,2016-11-16 20:19:56+00:00,2018-11-03 22:55:54+00:00,House,Wisconsin,Wisconsin 6,Republican,R+8,8.0,True,True,55.5,general,717
Steve_Chabot,2018,63,35,863.0,22,2,13,2016-12-03 06:14:21+00:00,2018-11-06 10:36:52+00:00,House,Ohio,Ohio 1,Republican,R+5,5.0,True,True,51.3,general,703
Marcy_Kaptur,2018,62,45,3539.0,20,16,7,2016-11-17 15:28:31+00:00,2018-11-04 00:17:25+00:00,House,Ohio,Ohio 9,Democratic,D+14,-14.0,True,True,67.8,general,716
Randy_Weber,2018,62,27,2141.0,6,2,3,2016-11-16 20:04:34+00:00,2018-11-05 00:01:48+00:00,House,Texas,Texas 14,Republican,R+12,12.0,True,True,59.2,general,718
Suzan_DelBene,2018,62,35,1147.0,9,14,3,2016-12-05 16:42:06+00:00,2018-10-16 05:07:39+00:00,House,Washington,Washington 1,Democratic,D+6,-6.0,True,True,59.3,general,679
Dutch_Ruppersberger,2018,61,40,3711.0,19,9,10,2016-11-18 05:45:30+00:00,2018-10-04 00:23:14+00:00,House,Maryland,Maryland 2,Democratic,D+11,-11.0,True,True,66.1,general,684
Jeff_Van_Drew,2018,61,28,15783.0,7,8,4,2016-11-23 03:36:34+00:00,2018-11-05 03:51:28+00:00,House,New Jersey,New Jersey 2,Democratic,R+1,1.0,False,True,52.9,general,712
Kay_Granger,2018,61,47,1892.0,16,17,6,2016-11-19 03:03:32+00:00,2018-11-04 05:13:47+00:00,House,Texas,Texas 12,Republican,R+18,18.0,True,True,64.3,general,715
Raul_Ruiz_(politician),2018,61,33,6353.0,13,12,2,2016-11-16 19:59:22+00:00,2018-11-05 20:18:19+00:00,House,California,California 36,Democratic,D+2,-2.0,True,True,59.0,general,719
Tim_Walberg,2018,61,35,2264.0,10,5,5,2016-11-15 19:49:42+00:00,2018-11-05 12:47:21+00:00,House,Michigan,Michigan 7,Republican,R+7,7.0,True,True,53.8,general,719
Zoe_Lofgren,2018,61,37,2292.0,13,9,4,2016-11-11 08:33:14+00:00,2018-11-04 04:24:13+00:00,House,California,California 19,Democratic,D+24,-24.0,True,True,73.8,general,722
Archie_Parnell,2018,60,28,5597.0,6,10,0,2017-05-05 02:22:44+00:00,2018-11-06 03:45:06+00:00,House,South Carolina,South Carolina 5,Democratic,R+9,9.0,False,False,41.5,general,550
Brendan_Boyle,2018,60,38,5440.0,10,12,1,2016-11-16 20:14:53+00:00,2018-10-18 12:26:32+00:00,House,Pennsylvania,Pennsylvania 2,Democratic,D+25,-25.0,False,True,79.0,general,700
Grace_Napolitano,2018,60,34,5705.0,12,8,6,2016-12-01 04:16:00+00:00,2018-10-23 11:56:13+00:00,House,California,California 32,Democratic,D+17,-17.0,True,True,68.8,general,691
Guy_Reschenthaler,2018,60,18,3788.0,8,5,1,2016-12-22 01:28:02+00:00,2018-11-06 16:37:35+00:00,House,Pennsylvania,Pennsylvania 14,Republican,R+14,14.0,False,True,57.9,general,684
Joaquin_Castro,2018,60,39,-1788.0,9,14,6,2016-11-16 19:40:34+00:00,2018-11-02 23:38:37+00:00,House,Texas,Texas 20,Democratic,D+10,-10.0,True,True,80.9,general,716
Lois_Frankel,2018,60,28,5049.0,12,8,4,2016-11-16 19:45:22+00:00,2018-11-03 03:13:30+00:00,House,Florida,Florida 21,Democratic,D+9,-9.0,True,True,,general,716
Morgan_Griffith,2018,60,39,6610.0,12,13,5,2016-11-24 20:17:14+00:00,2018-11-06 20:59:29+00:00,House,Virginia,Virginia 9,Republican,R+19,19.0,True,True,65.2,general,712
Peter_DeFazio,2018,60,33,12960.0,16,0,8,2016-11-14 00:36:48+00:00,2018-11-03 01:43:05+00:00,House,Oregon,Oregon 4,Democratic,EVEN,0.0,True,True,56.0,general,719
David_McKinley,2018,59,28,2072.0,5,8,4,2016-11-10 03:19:15+00:00,2018-08-04 19:59:53+00:00,House,West Virginia,West Virginia 1,Republican,R+19,19.0,True,True,64.6,general,632
David_Price_(American_politician),2018,59,33,2453.0,18,7,10,2016-11-11 03:42:26+00:00,2018-11-04 00:22:33+00:00,House,North Carolina,North Carolina 4,Democratic,D+17,-17.0,True,True,72.4,general,722
Donald_Norcross,2018,59,28,8276.0,9,5,6,2016-11-16 20:09:35+00:00,2018-10-15 12:39:08+00:00,House,New Jersey,New Jersey 1,Democratic,D+13,-13.0,True,True,64.4,general,697
Jim_McGovern_(American_politician),2018,59,28,4666.0,17,1,13,2016-12-12 03:09:59+00:00,2018-11-03 01:42:00+00:00,House,Massachusetts,Massachusetts 2,Democratic,D+9,-9.0,True,True,67.2,general,690
Norma_Torres,2018,59,24,1468.0,7,10,2,2016-11-16 20:30:43+00:00,2018-10-16 13:24:54+00:00,House,California,California 35,Democratic,D+19,-19.0,True,True,69.4,general,698
Steven_Palazzo,2018,59,31,5131.0,13,7,5,2016-11-12 17:03:32+00:00,2018-09-24 11:08:47+00:00,House,Mississippi,Mississippi 4,Republican,R+21,21.0,True,True,68.2,general,680
Dan_Kildee,2018,58,27,1805.0,14,4,6,2016-11-16 19:49:49+00:00,2018-10-18 03:46:54+00:00,House,Michigan,Michigan 5,Democratic,D+5,-5.0,True,True,59.5,general,700
Dennis_C._Wolff,2018,58,25,15910.0,14,23,6,2016-12-11 03:12:22+00:00,2018-11-06 03:47:02+00:00,House,Pennsylvania,Pennsylvania 9,Democratic,R+14,14.0,False,False,40.3,general,695
Jan_Schakowsky,2018,58,34,2596.0,13,10,3,2016-11-09 20:05:37+00:00,2018-11-05 22:59:41+00:00,House,Illinois,Illinois 9,Democratic,D+18,-18.0,True,True,73.5,general,726
Patrick_McHenry,2018,58,33,2246.0,12,10,8,2016-11-30 09:01:52+00:00,2018-11-03 00:02:05+00:00,House,North Carolina,North Carolina 10,Republican,R+12,12.0,True,True,59.3,general,702
Ron_Kind,2018,58,36,21853.0,10,11,2,2016-12-02 00:48:28+00:00,2018-10-20 19:17:14+00:00,House,Wisconsin,Wisconsin 3,Democratic,EVEN,0.0,True,True,59.7,general,687
Brian_Babin,2018,57,36,3245.0,13,6,6,2016-11-16 20:12:37+00:00,2018-11-05 00:06:11+00:00,House,Texas,Texas 36,Republican,R+26,26.0,True,True,72.6,general,718
Brian_Higgins,2018,57,33,813.0,14,5,8,2016-11-20 06:49:00+00:00,2018-10-02 07:19:20+00:00,House,New York,New York 26,Democratic,D+11,-11.0,True,True,73.3,general,681
Doris_Matsui,2018,57,35,3735.0,13,9,4,2016-12-12 02:32:45+00:00,2018-11-03 20:51:18+00:00,House,California,California 6,Democratic,D+21,-21.0,True,True,80.4,general,691
Frank_Pallone,2018,57,38,968.0,18,16,5,2016-11-22 11:07:59+00:00,2018-11-03 01:39:36+00:00,House,New Jersey,New Jersey 6,Democratic,D+9,-9.0,True,True,63.6,general,710
Gus_Bilirakis,2018,57,32,7669.0,11,13,2,2016-12-03 08:01:11+00:00,2018-10-16 14:30:12+00:00,House,Florida,Florida 12,Republican,R+8,8.0,True,True,58.1,general,682
Jared_Huffman,2018,57,30,4385.0,16,5,3,2016-11-10 09:48:20+00:00,2018-11-05 02:35:14+00:00,House,California,California 2,Democratic,D+22,-22.0,True,True,77.0,general,724
John_James_(Michigan_politician),2018,57,13,8016.0,6,9,1,2018-08-18 20:01:49+00:00,2018-11-05 01:01:36+00:00,Senate,Michigan,,Republican,D+1,-1.0,False,False,45.8,general,78
Jay_Webber,2018,56,19,3052.0,16,15,2,2016-12-23 01:58:37+00:00,2018-11-06 04:00:34+00:00,House,New Jersey,New Jersey 11,Republican,R+3,3.0,False,False,42.1,general,683
Jim_Newberger,2018,56,30,3767.0,13,17,4,2016-12-23 02:10:35+00:00,2018-11-04 18:04:23+00:00,Senate,Minnesota,,Republican,D+1,-1.0,False,False,36.2,general,681
Steven_Horsford,2018,56,24,8502.0,7,3,4,2016-12-12 04:06:51+00:00,2018-11-05 18:29:22+00:00,House,Nevada,Nevada 4,Democratic,D+3,-3.0,False,True,51.9,general,693
Diane_Neal,2018,55,31,1875.0,7,18,0,2017-03-26 19:07:10+00:00,2018-09-25 01:34:25+00:00,House,New York,New York 19,Independent,R+2,2.0,False,False,1.0,general,547
Ken_Buck,2018,55,32,2981.0,14,7,4,2016-11-11 09:26:00+00:00,2018-09-11 15:48:03+00:00,House,Colorado,Colorado 4,Republican,R+13,13.0,True,True,60.6,general,669
Larry_Bucshon,2018,55,32,4078.0,8,4,6,2016-12-12 13:23:53+00:00,2018-07-05 07:35:22+00:00,House,Indiana,Indiana 8,Republican,R+15,15.0,True,True,64.4,general,569
Richard_Hudson_(American_politician),2018,55,29,2030.0,12,6,1,2016-11-16 19:47:20+00:00,2018-10-27 17:02:44+00:00,House,North Carolina,North Carolina 8,Republican,R+8,8.0,True,True,55.3,general,709
Rick_Crawford_(politician),2018,55,27,3179.0,11,6,3,2016-12-12 07:06:30+00:00,2018-11-04 05:06:39+00:00,House,Arkansas,Arkansas 1,Republican,R+17,17.0,True,True,68.9,general,691
Tim_Canova,2018,55,30,1437.0,12,7,5,2016-11-12 18:30:48+00:00,2018-11-06 04:30:48+00:00,House,Florida,Florida 23,Independent,D+11,-11.0,False,False,5.0,general,723
Tom_Rice,2018,55,28,1777.0,10,10,5,2016-11-16 19:58:28+00:00,2018-09-10 19:16:26+00:00,House,South Carolina,South Carolina 7,Republican,R+9,9.0,True,True,59.6,general,662
Bruce_Westerman,2018,54,23,844.0,8,8,0,2016-11-16 20:32:52+00:00,2018-11-04 23:48:54+00:00,House,Arkansas,Arkansas 4,Republican,R+17,17.0,True,True,66.8,general,718
David_Baria,2018,54,33,11631.0,17,10,3,2016-12-22 06:15:16+00:00,2018-10-15 01:55:04+00:00,Senate,Mississippi,,Democratic,R+9,9.0,False,False,39.5,general,661
Diana_DeGette,2018,54,33,2465.0,10,15,2,2016-12-12 02:28:28+00:00,2018-11-04 00:40:07+00:00,House,Colorado,Colorado 1,Democratic,D+21,-21.0,True,True,73.8,general,691
Ed_Perlmutter,2018,54,32,5797.0,13,3,5,2016-11-14 18:57:50+00:00,2018-11-04 21:18:30+00:00,House,Colorado,Colorado 7,Democratic,D+6,-6.0,True,True,60.4,general,720
Marcia_Fudge,2018,54,29,550.0,10,3,3,2016-11-11 21:31:16+00:00,2018-11-04 22:44:54+00:00,House,Ohio,Ohio 11,Democratic,D+32,-32.0,True,True,82.2,general,723
Mark_Takano,2018,54,24,1680.0,8,3,1,2016-11-16 20:01:35+00:00,2018-11-03 01:16:43+00:00,House,California,California 41,Democratic,D+12,-12.0,True,True,65.1,general,716
Mike_Quigley,2018,54,32,2252.0,8,12,3,2016-11-26 03:32:40+00:00,2018-11-04 00:18:25+00:00,House,Illinois,Illinois 5,Democratic,D+20,-20.0,True,True,76.7,general,707
Anthony_Gonzalez_(politician),2018,53,35,2714.0,3,21,2,2016-12-06 01:15:21+00:00,2018-11-06 03:49:52+00:00,House,Ohio,Ohio 16,Republican,R+8,8.0,False,True,56.7,general,700
Gwen_Moore,2018,53,27,3801.0,15,3,3,2016-11-17 04:23:50+00:00,2018-11-04 03:04:31+00:00,House,Wisconsin,Wisconsin 4,Democratic,D+25,-25.0,True,True,75.7,general,716
Jane_Raybould,2018,53,18,-1046.0,8,3,1,2018-04-22 06:44:20+00:00,2018-10-06 14:05:37+00:00,Senate,Nebraska,,Democratic,R+14,14.0,False,False,38.6,general,167
Phil_Roe_(politician),2018,53,23,3844.0,5,8,1,2016-12-02 00:38:16+00:00,2018-11-06 12:06:12+00:00,House,Tennessee,Tennessee 1,Republican,R+28,28.0,True,True,77.1,general,704
Brett_Guthrie,2018,52,22,4607.0,8,6,1,2016-11-16 00:11:51+00:00,2018-11-04 05:36:42+00:00,House,Kentucky,Kentucky 2,Republican,R+19,19.0,True,True,66.7,general,718
Dan_Newhouse,2018,52,22,3683.0,10,4,2,2016-11-16 20:27:23+00:00,2018-10-10 23:42:10+00:00,House,Washington,Washington 4,Republican,R+13,13.0,True,True,62.8,general,693
Juan_Vargas,2018,52,24,1658.0,9,4,4,2016-11-16 20:02:24+00:00,2018-10-20 18:38:47+00:00,House,California,California 51,Democratic,D+22,-22.0,True,True,71.2,general,702
Warren_Davidson,2018,52,29,1161.0,8,8,1,2016-11-16 20:39:18+00:00,2018-10-11 11:47:14+00:00,House,Ohio,Ohio 8,Republican,R+17,17.0,True,True,66.6,general,693
Chuck_Fleischmann,2018,51,33,4103.0,13,10,3,2016-12-12 06:48:39+00:00,2018-10-16 14:07:13+00:00,House,Tennessee,Tennessee 3,Republican,R+18,18.0,True,True,63.7,general,673
Clarke_Tucker,2018,51,21,7558.0,12,8,4,2016-12-22 06:09:09+00:00,2018-11-06 04:34:39+00:00,House,Arkansas,Arkansas 2,Democratic,R+7,7.0,False,False,45.8,general,683
Collin_Peterson,2018,51,33,6499.0,13,5,10,2016-11-19 05:03:13+00:00,2018-11-03 23:48:31+00:00,House,Minnesota,Minnesota 7,DFL,R+12,12.0,True,True,52.1,general,714
Cris_Ericson,2018,51,11,5523.0,18,1,1,2017-05-21 19:23:59+00:00,2018-04-01 20:22:48+00:00,House,Vermont,Vermont at-large,Independent,D+15,-15.0,False,False,3.3,general,315
Filemon_Vela_Jr.,2018,51,27,1980.0,10,4,0,2016-11-16 20:03:15+00:00,2018-11-04 04:07:15+00:00,House,Texas,Texas 34,Democratic,D+10,-10.0,True,True,60.0,general,717
Jim_Baird_(politician),2018,51,9,4157.0,1,1,0,2018-01-07 07:49:12+00:00,2018-11-05 04:03:06+00:00,House,Indiana,Indiana 4,Republican,R+17,17.0,False,True,64.1,general,301
Liz_Watson_(politician),2018,51,18,15886.0,9,1,0,2017-12-29 18:09:40+00:00,2018-11-06 04:23:44+00:00,House,Indiana,Indiana 9,Democratic,R+13,13.0,False,False,43.5,general,311
Emanuel_Cleaver,2018,50,31,1654.0,10,8,7,2016-11-09 03:02:00+00:00,2018-10-24 05:14:06+00:00,House,Missouri,Missouri 5,Democratic,D+7,-7.0,True,True,61.7,general,714
James_Langevin,2018,50,30,4422.0,14,4,3,2016-11-17 16:59:01+00:00,2018-11-06 13:13:34+00:00,House,Rhode Island,Rhode Island 2,Democratic,D+6,-6.0,True,True,63.6,general,718
Joe_Courtney_(politician),2018,50,22,14949.0,8,11,3,2016-12-12 03:11:12+00:00,2018-11-04 00:30:00+00:00,House,Connecticut,Connecticut 2,Democratic,D+3,-3.0,True,True,62.2,general,691
John_Moolenaar,2018,50,27,3826.0,9,4,3,2016-11-16 20:26:05+00:00,2018-10-19 14:06:08+00:00,House,Michigan,Michigan 4,Republican,R+10,10.0,True,True,62.6,general,701
Julia_Brownley,2018,50,24,1390.0,8,6,3,2016-11-16 19:38:39+00:00,2018-11-04 04:59:05+00:00,House,California,California 26,Democratic,D+7,-7.0,True,True,61.9,general,717
Linda_Coleman_(North_Carolina_politician),2018,50,23,1438.0,5,15,5,2016-11-10 18:48:54+00:00,2018-11-06 03:54:47+00:00,House,North Carolina,North Carolina 2,Democratic,R+7,7.0,False,False,45.8,general,725
Pete_Visclosky,2018,50,33,5333.0,20,5,6,2016-12-12 03:48:43+00:00,2018-11-04 00:17:06+00:00,House,Indiana,Indiana 1,Democratic,D+8,-8.0,True,True,65.1,general,691
Adam_Smith_(Washington_politician),2018,49,28,2651.0,13,5,4,2016-11-19 04:17:05+00:00,2018-11-03 01:38:19+00:00,House,Washington,Washington 9,Democratic,D+21,-21.0,True,True,67.9,general,713
Bill_Foster_(politician),2018,49,28,511.0,12,7,6,2016-11-25 02:34:22+00:00,2018-09-05 11:55:06+00:00,House,Illinois,Illinois 11,Democratic,D+9,-9.0,True,True,63.8,general,649
Bob_Gibbs,2018,49,18,6410.0,5,1,2,2016-12-06 04:16:53+00:00,2018-09-24 20:26:13+00:00,House,Ohio,Ohio 7,Republican,R+12,12.0,True,True,58.7,general,657
Ed_Case,2018,49,32,10838.0,6,21,1,2016-12-12 02:33:24+00:00,2018-11-05 03:56:19+00:00,House,Hawaii,Hawaii 1,Democratic,D+17,-17.0,False,True,73.1,general,693
George_Holding,2018,49,27,2656.0,8,4,3,2016-11-16 19:46:55+00:00,2018-11-05 21:13:58+00:00,House,North Carolina,North Carolina 2,Republican,R+7,7.0,True,True,51.3,general,719
Richard_Neal,2018,49,25,4074.0,15,6,4,2016-11-30 11:24:58+00:00,2018-11-03 00:07:57+00:00,House,Massachusetts,Massachusetts 1,Democratic,D+12,-12.0,True,True,,general,702
Veronica_Escobar,2018,49,15,6257.0,5,7,0,2018-03-07 05:23:44+00:00,2018-11-05 03:53:19+00:00,House,Texas,Texas 16,Democratic,D+17,-17.0,False,True,68.5,general,242
Suzanne_Bonamici,2018,48,29,1379.0,9,5,2,2016-11-11 05:03:19+00:00,2018-11-04 04:42:18+00:00,House,Oregon,Oregon 1,Democratic,D+9,-9.0,True,True,63.7,general,722
Bibiana_Boerio,2018,47,23,6295.0,12,7,1,2017-02-21 14:58:55+00:00,2018-11-06 03:46:52+00:00,House,Pennsylvania,Pennsylvania 14,Democratic,R+14,14.0,False,False,42.1,general,622
David_Rouzer,2018,47,23,447.0,10,5,1,2016-11-16 20:29:25+00:00,2018-11-04 05:07:40+00:00,House,North Carolina,North Carolina 7,Republican,R+9,9.0,True,True,55.5,general,717
Joyce_Beatty,2018,47,19,1286.0,6,3,3,2016-11-16 19:36:37+00:00,2018-11-05 11:49:37+00:00,House,Ohio,Ohio 3,Democratic,D+19,-19.0,True,True,73.6,general,718
Cresent_Hardy,2018,46,25,5515.0,4,5,2,2016-11-12 05:11:41+00:00,2018-11-05 14:06:48+00:00,House,Nevada,Nevada 4,Republican,D+3,-3.0,False,False,43.7,general,723
Rob_Wittman,2018,46,24,5908.0,7,7,3,2016-12-06 03:13:51+00:00,2018-11-04 05:30:42+00:00,House,Virginia,Virginia 1,Republican,R+8,8.0,True,True,55.2,general,698
Scott_Peters_(politician),2018,46,24,-712.0,10,8,6,2016-11-10 07:11:57+00:00,2018-10-31 15:03:54+00:00,House,California,California 52,Democratic,D+6,-6.0,True,True,63.8,general,720
Susan_Davis_(politician),2018,46,22,2165.0,10,4,1,2016-12-12 04:07:10+00:00,2018-11-04 00:34:06+00:00,House,California,California 53,Democratic,D+14,-14.0,True,True,69.1,general,691
Alan_Lowenthal,2018,45,21,1074.0,9,3,2,2016-11-16 19:52:05+00:00,2018-11-04 04:27:28+00:00,House,California,California 47,Democratic,D+13,-13.0,True,True,64.9,general,717
Dina_Titus,2018,45,24,1577.0,9,3,3,2016-11-16 19:34:38+00:00,2018-10-16 02:06:55+00:00,House,Nevada,Nevada 1,Democratic,D+15,-15.0,True,True,66.2,general,698
Jerry_McNerney,2018,45,29,3997.0,9,5,5,2016-11-22 03:50:50+00:00,2018-10-23 11:44:12+00:00,House,California,California 9,Democratic,D+8,-8.0,True,True,56.5,general,700
Marc_Veasey,2018,45,23,2119.0,9,3,3,2016-11-16 20:02:52+00:00,2018-11-04 04:40:38+00:00,House,Texas,Texas 33,Democratic,D+23,-23.0,True,True,76.2,general,717
Robin_Kelly,2018,45,25,1391.0,9,3,5,2016-11-10 06:09:51+00:00,2018-11-06 10:47:46+00:00,House,Illinois,Illinois 2,Democratic,D+29,-29.0,True,True,81.1,general,726
Albio_Sires,2018,44,29,3976.0,13,4,5,2016-12-12 02:05:35+00:00,2018-11-04 03:10:12+00:00,House,New Jersey,New Jersey 8,Democratic,D+27,-27.0,True,True,78.1,general,692
Anthony_Brindisi,2018,44,22,5119.0,14,6,2,2016-12-22 02:59:22+00:00,2018-11-06 03:55:50+00:00,House,New York,New York 22,Democratic,R+6,6.0,False,True,50.9,general,684
Art_Robinson,2018,44,27,1589.0,14,8,11,2016-11-11 01:54:06+00:00,2018-11-06 03:48:42+00:00,House,Oregon,Oregon 4,Republican,EVEN,0.0,False,False,40.9,general,725
David_Scott_(Georgia_politician),2018,44,29,1482.0,12,7,4,2016-12-12 02:27:02+00:00,2018-11-04 00:10:16+00:00,House,Georgia,Georgia 13,Democratic,D+20,-20.0,True,True,76.2,general,691
Gregory_Meeks,2018,44,27,-540.0,12,4,3,2016-11-29 11:23:02+00:00,2018-11-04 03:08:17+00:00,House,New York,New York 5,Democratic,D+37,-37.0,True,True,,general,704
Lance_Gooden,2018,44,11,1186.0,10,3,3,2016-12-23 02:42:47+00:00,2018-11-06 16:34:40+00:00,House,Texas,Texas 5,Republican,R+16,16.0,False,True,62.4,general,683
Madeleine_Dean,2018,44,24,7996.0,10,6,0,2016-12-23 02:53:24+00:00,2018-11-05 03:53:02+00:00,House,Pennsylvania,Pennsylvania 4,Democratic,D+7,-7.0,False,True,63.5,general,682
Mike_Doyle_(American_politician),2018,44,29,2237.0,8,11,4,2016-11-19 04:27:16+00:00,2018-11-04 00:35:12+00:00,House,Pennsylvania,Pennsylvania 18,Democratic,D+13,-13.0,False,True,100.0,general,714
David_Joyce_(politician),2018,43,17,9227.0,5,1,0,2016-11-16 19:48:52+00:00,2018-10-20 18:56:20+00:00,House,Ohio,Ohio 14,Republican,R+5,5.0,True,True,55.2,general,702
Derek_Kilmer,2018,43,22,1985.0,5,7,1,2016-11-16 19:50:17+00:00,2018-10-20 19:00:36+00:00,House,Washington,Washington 6,Democratic,D+6,-6.0,True,True,63.9,general,702
Sanford_Bishop,2018,43,27,4003.0,12,2,5,2016-12-12 04:02:39+00:00,2018-11-04 00:15:18+00:00,House,Georgia,Georgia 2,Democratic,D+6,-6.0,True,True,59.6,general,691
Kimberlin_Brown,2018,42,28,498.0,5,24,2,2016-12-10 23:16:55+00:00,2018-11-06 04:41:47+00:00,House,California,California 36,Republican,D+2,-2.0,False,False,41.0,general,695
Lucille_Roybal-Allard,2018,42,23,2585.0,9,3,2,2016-11-18 02:54:23+00:00,2018-11-04 00:18:56+00:00,House,California,California 40,Democratic,D+33,-33.0,True,True,77.3,general,715
Murray_Sabrin,2018,42,21,1067.0,18,3,5,2016-12-30 02:07:08+00:00,2018-11-04 20:25:12+00:00,Senate,New Jersey,,Libertarian,D+7,-7.0,False,False,0.7,general,674
Stephen_Lynch_(politician),2018,42,29,917.0,15,4,4,2016-12-12 04:05:42+00:00,2018-11-04 04:38:38+00:00,House,Massachusetts,Massachusetts 8,Democratic,D+10,-10.0,True,True,,general,692
Steve_Watkins,2018,42,7,-8277.0,6,0,0,2018-10-03 19:21:50+00:00,2018-10-12 09:24:18+00:00,House,Kansas,Kansas 2,Republican,R+10,10.0,False,True,47.6,general,8
Earl_Blumenauer,2018,41,28,7878.0,12,4,5,2016-11-18 03:27:38+00:00,2018-11-02 22:59:30+00:00,House,Oregon,Oregon 3,Democratic,D+24,-24.0,True,True,72.7,general,714
John_Sarbanes,2018,41,28,-2859.0,8,9,2,2016-11-11 21:16:26+00:00,2018-10-02 06:25:53+00:00,House,Maryland,Maryland 3,Democratic,D+13,-13.0,True,True,69.2,general,689
Randall_Auxier,2018,41,17,43622.0,8,20,3,2017-01-14 23:42:33+00:00,2018-10-12 01:13:34+00:00,House,Illinois,Illinois 12,Green,R+5,5.0,False,False,3.0,general,635
Ben_Cline,2018,40,26,2269.0,6,11,3,2016-12-22 03:02:26+00:00,2018-11-05 04:07:25+00:00,House,Virginia,Virginia 6,Republican,R+13,13.0,False,True,59.8,general,683
Bill_Pascrell,2018,40,27,1888.0,14,2,5,2016-11-12 19:39:00+00:00,2018-11-04 05:02:55+00:00,House,New Jersey,New Jersey 9,Democratic,D+16,-16.0,True,True,70.3,general,721
Blaine_Luetkemeyer,2018,40,24,3223.0,9,6,2,2016-12-12 02:12:58+00:00,2018-09-10 02:01:40+00:00,House,Missouri,Missouri 3,Republican,R+18,18.0,True,True,65.1,general,636
John_B._Larson,2018,40,23,1913.0,10,7,2,2016-12-12 03:12:40+00:00,2018-11-04 05:01:43+00:00,House,Connecticut,Connecticut 1,Democratic,D+12,-12.0,True,True,63.9,general,692
Adrian_Smith_(politician),2018,39,26,1830.0,10,4,4,2016-12-12 06:36:36+00:00,2018-11-05 00:27:33+00:00,House,Nebraska,Nebraska 3,Republican,R+27,27.0,True,True,76.7,general,692
Dan_McCready,2018,39,4,4213.0,1,0,0,2018-05-09 16:11:58+00:00,2018-10-29 20:08:11+00:00,House,North Carolina,North Carolina 9,Democratic,R+8,8.0,False,False,48.9,general,173
Denny_Heck,2018,39,16,1726.0,8,2,2,2016-11-16 19:46:25+00:00,2018-10-24 07:40:17+00:00,House,Washington,Washington 10,Democratic,D+5,-5.0,True,True,61.5,general,706
Nancy_Soderberg,2018,39,29,9991.0,15,9,4,2016-11-30 15:21:54+00:00,2018-11-06 04:31:47+00:00,House,Florida,Florida 6,Democratic,R+7,7.0,False,False,43.7,general,705
Robert_Flanders,2018,39,21,2686.0,6,4,2,2016-12-07 01:38:03+00:00,2018-11-03 03:24:50+00:00,Senate,Rhode Island,,Republican,D+10,-10.0,False,False,38.4,general,696
Greg_Stanton,2018,37,25,1322.0,3,8,0,2016-11-21 01:58:29+00:00,2018-10-21 20:42:29+00:00,House,Arizona,Arizona 9,Democratic,D+4,-4.0,False,True,61.1,general,699
Paul_Davis_(Kansas_politician),2018,37,18,1983.0,7,7,2,2016-11-15 05:17:40+00:00,2018-11-06 04:22:35+00:00,House,Kansas,Kansas 2,Democratic,R+10,10.0,False,False,46.8,general,720
Sam_Graves,2018,37,20,1599.0,8,5,5,2016-11-12 05:21:55+00:00,2018-11-05 00:18:56+00:00,House,Missouri,Missouri 6,Republican,R+16,16.0,True,True,65.4,general,722
Joe_Radinovich,2018,36,20,4935.0,6,7,1,2016-12-24 02:02:54+00:00,2018-11-06 20:38:53+00:00,House,Minnesota,Minnesota 8,DFL,R+4,4.0,False,False,45.2,general,682
Joseph_Morelle,2018,36,25,2023.0,11,3,2,2016-11-14 01:20:13+00:00,2018-10-28 19:39:57+00:00,House,New York,New York 25,Democratic,,,False,True,58.3,special,713
Ryan_Watts_(politician),2018,36,17,7169.0,4,4,1,2018-05-09 01:54:38+00:00,2018-11-06 03:54:36+00:00,House,North Carolina,North Carolina 6,Democratic,R+9,9.0,False,False,43.5,general,181
Kelly_Armstrong,2018,35,11,1050.0,6,3,0,2018-03-07 17:25:11+00:00,2018-11-05 04:03:42+00:00,House,North Dakota,North Dakota at-large,Republican,R+16,16.0,False,True,60.3,general,242
Bob_Latta,2018,34,21,2609.0,6,6,2,2016-12-02 13:26:24+00:00,2018-11-04 05:38:19+00:00,House,Ohio,Ohio 5,Republican,R+11,11.0,True,True,62.3,general,701
John_Rose_(Tennessee_politician),2018,34,14,2257.0,6,2,0,2017-06-15 18:35:45+00:00,2018-11-06 03:44:14+00:00,House,Tennessee,Tennessee 6,Republican,R+24,24.0,False,True,69.5,general,508
Rick_Allen_(politician),2018,34,17,-137.0,5,5,1,2016-11-16 20:11:48+00:00,2018-11-06 16:27:10+00:00,House,Georgia,Georgia 12,Republican,R+9,9.0,True,True,59.5,general,719
Sean_Casten,2018,34,18,9054.0,8,1,1,2018-03-22 15:05:07+00:00,2018-10-30 18:19:31+00:00,House,Illinois,Illinois 6,Democratic,R+2,2.0,False,True,53.6,general,222
Dan_Crenshaw,2018,33,6,3813.0,6,1,1,2018-10-10 14:28:06+00:00,2018-11-06 20:24:01+00:00,House,Texas,Texas 2,Republican,R+11,11.0,False,True,52.8,general,27
Joe_Neguse,2018,33,2,6768.0,1,0,0,2018-10-02 03:06:10+00:00,2018-11-06 04:49:26+00:00,House,Colorado,Colorado 2,Democratic,D+9,-9.0,False,True,60.3,general,35
Kenny_Marchant,2018,33,16,2540.0,4,11,1,2016-12-11 18:38:14+00:00,2018-11-03 00:12:31+00:00,House,Texas,Texas 24,Republican,R+9,9.0,True,True,50.6,general,691
Chrissy_Houlahan,2018,31,15,-539.0,6,1,2,2018-06-27 20:07:38+00:00,2018-09-19 01:41:10+00:00,House,Pennsylvania,Pennsylvania 6,Democratic,D+2,-2.0,False,True,58.9,general,83
Donald_Payne_Jr.,2018,31,16,1050.0,5,4,1,2016-11-11 17:46:19+00:00,2018-11-04 04:08:55+00:00,House,New Jersey,New Jersey 10,Democratic,D+36,-36.0,True,True,87.6,general,722
Rick_Larsen,2018,31,18,3036.0,10,4,2,2016-12-13 01:06:57+00:00,2018-11-04 04:53:05+00:00,House,Washington,Washington 2,Democratic,D+10,-10.0,True,True,71.3,general,691
Mac_Schneider,2018,29,9,8572.0,2,2,1,2016-11-27 20:27:47+00:00,2018-11-06 03:53:51+00:00,House,North Dakota,North Dakota at-large,Democratic-NPL,R+16,16.0,False,False,35.6,general,708
Mike_Levin,2018,29,14,13856.0,7,1,1,2018-06-06 03:31:14+00:00,2018-11-05 03:55:30+00:00,House,California,California 49,Democratic,R+1,1.0,False,True,56.4,general,152
Sylvia_Garcia,2018,28,17,3330.0,4,5,3,2016-12-22 02:22:07+00:00,2018-11-05 03:48:56+00:00,House,Texas,Texas 29,Democratic,D+19,-19.0,False,True,75.1,general,683
Tim_Donnelly_(politician),2018,28,13,5858.0,7,0,5,2016-12-11 03:40:32+00:00,2018-11-06 04:40:27+00:00,House,California,California 8,Republican,R+9,9.0,False,False,40.0,general,695
Alyse_Galvin,2018,27,2,0.0,0,0,0,2018-10-17 03:41:41+00:00,2018-11-03 02:57:59+00:00,House,Alaska,Alaska at-large,Undeclared/Democratic,R+9,9.0,False,False,46.7,general,16
Susie_Lee,2018,27,6,6186.0,8,3,1,2018-06-12 16:20:35+00:00,2018-11-01 18:47:20+00:00,House,Nevada,Nevada 3,Democratic,R+2,2.0,False,True,51.9,general,142
Frank_Lucas_(Oklahoma_politician),2018,26,17,994.0,7,6,1,2016-12-12 06:59:54+00:00,2018-11-04 05:06:16+00:00,House,Oklahoma,Oklahoma 3,Republican,R+27,27.0,True,True,73.9,general,691
Gretchen_Driskell,2018,25,15,1735.0,4,4,1,2016-11-15 19:52:48+00:00,2018-11-06 04:13:48+00:00,House,Michigan,Michigan 7,Democratic,R+7,7.0,False,False,46.2,general,720
Pro-Life_(politician),2018,25,19,6649.0,9,8,3,2016-12-24 06:20:16+00:00,2018-11-06 23:22:32+00:00,House,Idaho,Idaho 1,Constitution,R+21,21.0,False,False,1.0,general,682
Carol_Miller_(politician),2018,24,12,875.0,3,3,0,2016-12-22 06:03:14+00:00,2018-11-06 03:36:33+00:00,House,West Virginia,West Virginia 3,Republican,R+23,23.0,False,True,56.4,general,683
Mary_Barzee_Flores,2018,24,10,4242.0,4,1,0,2017-01-03 07:45:06+00:00,2018-11-06 04:30:17+00:00,House,Florida,Florida 25,Democratic,R+4,4.0,False,False,39.5,general,671
Aja_Brown,2018,23,17,216.0,8,9,1,2016-11-17 03:26:07+00:00,2018-10-16 01:31:19+00:00,House,California,California 44,Democratic,D+35,-35.0,False,False,31.7,general,697
Andy_Levin,2018,23,2,6222.0,2,0,0,2018-04-18 21:23:48+00:00,2018-11-06 05:36:59+00:00,House,Michigan,Michigan 9,Democratic,D+4,-4.0,False,True,59.6,general,201
Diane_Mitsch_Bush,2018,23,11,13266.0,6,3,1,2016-11-14 00:40:25+00:00,2018-11-06 04:32:55+00:00,House,Colorado,Colorado 3,Democratic,R+6,6.0,False,False,43.6,general,722
Jahana_Hayes,2018,22,8,9223.0,1,2,0,2018-05-21 21:43:55+00:00,2018-11-05 05:49:57+00:00,House,Connecticut,Connecticut 5,Democratic,D+2,-2.0,False,True,55.9,general,167
Junius_P._Rodriguez,2018,22,12,1476.0,5,3,0,2016-11-16 07:47:01+00:00,2018-11-06 04:24:30+00:00,House,Illinois,Illinois 18,Democratic,R+15,15.0,False,False,32.8,general,719
Jeramey_Anderson,2018,21,8,3092.0,3,6,1,2018-07-31 14:13:44+00:00,2018-11-06 10:49:12+00:00,House,Mississippi,Mississippi 4,Democratic,R+21,21.0,False,False,30.7,general,97
Bryan_Steil,2018,20,6,2434.0,1,0,1,2018-04-22 22:37:59+00:00,2018-11-06 05:18:04+00:00,House,Wisconsin,Wisconsin 1,Republican,R+5,5.0,False,True,54.6,general,197
Yvette_Herrell,2018,19,7,969.0,7,3,0,2016-12-23 04:27:39+00:00,2018-11-06 03:58:41+00:00,House,New Mexico,New Mexico 2,Republican,R+6,6.0,False,True,49.1,general,682
Greg_Steube,2018,18,11,1542.0,1,6,0,2016-11-13 17:21:37+00:00,2018-11-05 04:01:35+00:00,House,Florida,Florida 17,Republican,R+13,13.0,False,True,62.3,general,721
Francys_Johnson,2018,17,7,4138.0,5,10,1,2017-09-20 23:06:10+00:00,2018-11-06 04:27:27+00:00,House,Georgia,Georgia 12,Democratic,R+9,9.0,False,False,40.5,general,411
Mike_Miller_(Florida_politician),2018,17,13,189.0,1,3,0,2016-12-23 03:31:21+00:00,2018-11-06 04:31:24+00:00,House,Florida,Florida 7,Republican,Even,0.0,False,False,42.3,general,683
Mary_Gay_Scanlon,2018,16,9,9315.0,3,0,1,2018-05-15 15:59:54+00:00,2018-10-30 18:07:46+00:00,House,Pennsylvania,Pennsylvania 7,Democratic,,,False,True,52.3,special,168
Mike_Waltz,2018,16,10,-7090.0,2,0,2,2018-03-12 02:25:49+00:00,2018-08-29 01:35:21+00:00,House,Florida,Florida 6,Republican,R+7,7.0,False,True,56.3,general,169
Chip_Roy,2018,15,2,4801.0,2,0,1,2018-03-07 05:47:18+00:00,2018-10-21 21:28:01+00:00,House,Texas,Texas 21,Republican,R+10,10.0,False,True,50.2,general,228
Jeff_Kurzon,2018,14,9,1397.0,3,7,3,2017-01-29 04:47:21+00:00,2018-11-05 04:22:09+00:00,House,New York,New York 7,Reform,D+38,-38.0,False,False,1.1,general,644
Liuba_Grechen_Shirley,2018,14,11,1641.0,3,2,1,2018-06-27 11:47:40+00:00,2018-11-06 03:57:34+00:00,House,New York,New York 2,Democratic,R+3,3.0,False,False,46.9,general,131
Michael_Guest_(politician),2018,14,2,3104.0,2,0,0,2018-06-06 03:18:33+00:00,2018-11-06 04:08:51+00:00,House,Mississippi,Mississippi 3,Republican,R+13,13.0,False,True,62.3,general,153
Ross_Spano,2018,14,11,-772.0,0,2,0,2016-12-18 22:59:10+00:00,2018-11-06 04:31:07+00:00,House,Florida,Florida 15,Republican,R+6,6.0,False,True,53.0,general,687
Sharice_Davids,2018,14,2,3544.0,2,0,1,2018-08-08 02:41:35+00:00,2018-10-25 04:03:56+00:00,House,Kansas,Kansas 3,Democratic,R+4,4.0,False,True,53.6,general,78
Joe_Profit,2018,13,9,-2.0,5,2,0,2017-02-11 05:09:12+00:00,2018-11-06 04:26:48+00:00,House,Georgia,Georgia 4,Republican,D+24,-24.0,False,False,21.2,general,632
Abigail_Spanberger,2018,12,2,1351.0,2,0,1,2018-10-29 17:23:52+00:00,2018-11-05 16:32:52+00:00,House,Virginia,Virginia 7,Democratic,R+6,6.0,False,True,50.4,general,6
Campbell_Cavasso,2018,12,9,872.0,4,1,2,2016-11-10 19:14:12+00:00,2018-11-06 04:25:43+00:00,House,Hawaii,Hawaii 1,Republican,D+17,-17.0,False,False,23.1,general,725
Katie_Hill,2018,12,9,-483.0,1,1,0,2017-03-27 19:49:48+00:00,2018-10-09 03:50:26+00:00,House,California,California 25,Democratic,Even,0.0,False,True,54.4,general,560
Lori_Trahan,2018,12,2,1711.0,2,0,0,2018-10-29 16:54:36+00:00,2018-11-06 05:36:45+00:00,House,Massachusetts,Massachusetts 3,Democratic,D+9,-9.0,False,True,62.0,general,7
Xochitl_Torres_Small,2018,11,6,2794.0,3,0,2,2018-06-06 01:39:29+00:00,2018-10-26 00:42:20+00:00,House,New Mexico,New Mexico 2,Democratic,R+6,6.0,False,True,50.9,general,141
Janice_Arnold-Jones,2018,10,8,3355.0,4,1,0,2016-12-02 06:14:48+00:00,2018-11-06 03:58:55+00:00,House,New Mexico,New Mexico 1,Republican,D+7,-7.0,False,False,36.3,general,703
Kesha_Rogers,2018,10,7,3360.0,3,1,4,2017-01-28 17:10:03+00:00,2018-10-25 16:04:42+00:00,House,Texas,Texas 9,Independent,D+29,-29.0,False,False,3.3,general,634
Laura_Wells,2018,10,6,-36.0,3,1,0,2016-11-23 14:50:00+00:00,2018-09-20 07:13:18+00:00,House,California,California 13,Green,D+40,-40.0,False,False,11.6,general,665
Steve_Kraus,2018,10,7,746.0,1,0,0,2017-04-12 02:59:08+00:00,2018-11-06 03:50:32+00:00,House,Ohio,Ohio 9,Republican,D+14,-14.0,False,False,32.2,general,573
Antonio_Delgado,2018,9,2,1737.0,1,0,0,2018-10-20 16:57:39+00:00,2018-10-22 18:09:05+00:00,House,New York,New York 19,Democratic,R+2,2.0,False,True,51.4,general,2
Katie_Porter,2018,9,2,2191.0,1,0,1,2018-05-17 14:23:45+00:00,2018-10-17 03:23:22+00:00,House,California,California 45,Democratic,R+3,3.0,False,True,52.1,general,152
Kevin_Hern,2018,9,2,2605.0,2,0,1,2018-06-27 03:47:27+00:00,2018-10-20 07:04:14+00:00,House,Oklahoma,Oklahoma 1,Republican,R+17,17.0,False,True,59.3,general,115
J._D._Scholten,2018,7,1,2840.0,1,0,0,2018-10-31 13:40:29+00:00,2018-10-31 14:13:56+00:00,House,Iowa,Iowa 4,Democratic,R+11,11.0,False,False,47.0,general,0
Michael_Evans_(politician),2018,7,4,547.0,0,0,0,2016-12-23 03:08:31+00:00,2018-11-06 04:03:55+00:00,House,Mississippi,Mississippi 3,Democratic,R+13,13.0,False,False,36.7,general,683
Aftab_Pureval,2018,6,3,31.0,1,0,0,2018-06-06 03:45:39+00:00,2018-06-30 20:24:08+00:00,House,Ohio,Ohio 1,Democratic,R+5,5.0,False,False,46.9,general,24
Cindy_Axne,2018,6,2,1753.0,1,0,0,2018-10-21 05:46:12+00:00,2018-11-04 17:50:29+00:00,House,Iowa,Iowa 3,Democratic,R+1,1.0,False,True,49.3,general,14
Haley_Stevens,2018,6,2,806.0,1,0,0,2018-10-18 20:48:56+00:00,2018-10-31 22:36:50+00:00,House,Michigan,Michigan 11,Democratic,R+4,4.0,False,True,51.8,general,13
Lizzie_Fletcher,2018,6,1,2553.0,1,0,0,2018-03-07 05:43:25+00:00,2018-10-23 03:09:39+00:00,House,Texas,Texas 7,Democratic,R+7,7.0,False,True,52.5,general,229
Brenda_Jones_(politician),2018,5,2,2553.0,0,0,0,2018-08-08 02:40:14+00:00,2018-11-06 18:40:00+00:00,House,Michigan,Michigan 13,Democratic,,,False,True,86.9,special,90
Jessica_Morse,2018,5,3,0.0,0,0,0,2018-04-17 18:55:37+00:00,2018-05-14 00:49:39+00:00,House,California,California 4,Democratic,R+10,10.0,False,False,45.9,general,26
Joe_Cunningham_(American_politician),2018,5,1,814.0,1,0,0,2018-11-03 05:54:07+00:00,2018-11-03 06:10:39+00:00,House,South Carolina,South Carolina 1,Democratic,R+10,10.0,False,True,50.7,general,0
Matt_Longjohn,2018,5,2,0.0,0,2,0,2018-08-08 03:41:20+00:00,2018-09-05 03:28:53+00:00,House,Michigan,Michigan 6,Democratic,R+4,4.0,False,False,45.7,general,27
Susan_Wild,2018,5,1,1241.0,1,0,0,2018-10-11 17:19:44+00:00,2018-10-11 18:56:11+00:00,House,Pennsylvania,Pennsylvania 7,Democratic,D+1,-1.0,False,True,53.5,general,0
Young_Kim_(politician),2018,5,3,-167.0,1,3,0,2017-05-23 17:52:54+00:00,2018-09-20 08:52:27+00:00,House,California,California 39,Republican,Even,0.0,False,True,48.4,general,484
Angie_Craig,2018,4,3,4918.0,2,0,0,2017-06-11 12:32:55+00:00,2018-10-19 04:21:32+00:00,House,Minnesota,Minnesota 2,DFL,R+2,2.0,False,True,52.8,general,494
Dean_Phillips,2018,4,3,2111.0,0,0,0,2018-08-15 20:03:04+00:00,2018-11-06 22:51:46+00:00,House,Minnesota,Minnesota 3,DFL,D+1,-1.0,False,True,55.7,general,83
Josh_Harder,2018,4,1,605.0,1,0,0,2018-10-25 05:06:44+00:00,2018-10-25 15:17:59+00:00,House,California,California 10,Democratic,Even,0.0,False,True,52.3,general,0
Kim_Schrier,2018,4,1,523.0,1,0,0,2018-10-21 16:39:09+00:00,2018-10-21 20:06:16+00:00,House,Washington,Washington 8,Democratic,EVEN,0.0,False,True,52.4,general,0
Robert_Q._Williams,2018,4,3,7.0,0,2,0,2016-12-23 03:53:43+00:00,2018-11-06 03:44:57+00:00,House,South Carolina,South Carolina 7,Democratic,R+9,9.0,False,False,40.4,general,682
Ron_Wright_(politician),2018,4,1,2349.0,1,0,0,2018-03-07 05:32:36+00:00,2018-10-11 21:12:22+00:00,House,Texas,Texas 6,Republican,R+9,9.0,False,True,53.1,general,218
Carolyn_Bourdeaux,2018,3,1,328.0,1,0,0,2018-10-29 16:03:57+00:00,2018-10-29 16:06:26+00:00,House,Georgia,Georgia 7,Democratic,R+9,9.0,False,False,49.93,general,0
Debbie_Mucarsel-Powell,2018,3,1,1562.0,1,0,0,2018-10-25 17:08:34+00:00,2018-10-25 17:17:00+00:00,House,Florida,Florida 26,Democratic,D+6,-6.0,False,True,50.9,general,0
Denver_Riggleman,2018,3,1,45.0,0,0,0,2018-11-02 02:53:27+00:00,2018-11-02 03:39:18+00:00,House,Virginia,Virginia 5,Republican,R+6,6.0,False,True,53.3,general,0
Elaine_Luria,2018,3,1,914.0,1,0,0,2018-10-17 04:26:17+00:00,2018-10-17 04:29:13+00:00,House,Virginia,Virginia 2,Democratic,R+3,3.0,False,True,51.1,general,0
Jason_Crow,2018,3,2,1120.0,1,0,1,2018-05-30 14:04:19+00:00,2018-10-10 15:07:57+00:00,House,Colorado,Colorado 6,Democratic,D+2,-2.0,False,True,54.1,general,133
Jerry_Trooien,2018,3,2,-63.0,1,0,0,2017-04-24 15:13:23+00:00,2018-10-25 03:20:04+00:00,Senate,Minnesota,,Independent,D+1,-1.0,False,False,0.9,special,548
John_Joyce_(American_politician),2018,3,1,660.0,1,0,0,2018-10-24 02:04:45+00:00,2018-10-24 02:06:44+00:00,House,Pennsylvania,Pennsylvania 13,Republican,R+22,22.0,False,True,70.5,general,0
Renee_Hoyos,2018,3,3,121.0,0,0,0,2018-10-30 08:15:00+00:00,2018-10-30 15:13:16+00:00,House,Tennessee,Tennessee 2,Democratic,R+20,20.0,False,False,33.1,general,0
Jamie_McLeod-Skinner,2018,2,2,28.0,0,0,0,2018-08-23 17:46:12+00:00,2018-09-03 04:10:04+00:00,House,Oregon,Oregon 2,Democratic,R+11,11.0,False,False,39.4,general,10
Kathy_Manning,2018,2,1,618.0,1,0,0,2018-10-26 00:05:28+00:00,2018-10-26 00:34:13+00:00,House,North Carolina,North Carolina 13,Democratic,R+6,6.0,False,False,45.5,general,0
Kendra_Horn,2018,2,1,287.0,1,0,0,2018-08-06 20:47:26+00:00,2018-08-06 20:55:50+00:00,House,Oklahoma,Oklahoma 5,Democratic,R+10,10.0,False,True,50.7,general,0
Lea_Marquez_Peterson,2018,2,2,55.0,1,0,1,2018-10-07 00:49:28+00:00,2018-10-09 20:25:19+00:00,House,Arizona,Arizona 2,Republican,R+1,1.0,False,False,45.3,general,2
Jim_Hagedorn,2018,1,1,0.0,0,0,0,2018-08-15 19:18:58+00:00,2018-08-15 19:18:58+00:00,House,Minnesota,Minnesota 1,Republican,R+5,5.0,False,True,50.2,general,0
TJ_Cox,2018,1,1,0.0,0,0,0,2018-06-14 17:25:32+00:00,2018-06-14 17:25:32+00:00,House,California,California 21,Democratic,D+5,-5.0,False,True,50.4,general,0
Alexandria_Ocasio-Cortez,2020,2342,656,103303.0,459,65,35,2018-11-07 03:00:02+00:00,2020-11-01 23:38:31+00:00,House,New York,New York 14,Democratic,D+29,-29.0,True,True,71.6,general,725
Ilhan_Omar,2020,2304,612,101013.0,404,233,40,2018-11-07 03:46:18+00:00,2020-11-01 19:48:04+00:00,House,Minnesota,Minnesota 5,DFL,D+26,-26.0,True,True,64.3,general,725
Mitch_McConnell,2020,1032,234,72942.0,229,0,29,2018-11-07 07:30:53+00:00,2020-10-30 22:29:51+00:00,Senate,Kentucky,,Republican,R+15,15.0,False,True,57.8,general,723
Nancy_Pelosi,2020,1008,343,52775.0,276,0,35,2018-11-07 03:47:10+00:00,2020-11-03 03:36:41+00:00,House,California,California 12,Democratic,D+37,-37.0,True,True,77.6,general,726
Martha_McSally,2020,1002,354,53975.0,182,256,26,2018-11-07 01:31:46+00:00,2020-10-30 13:15:23+00:00,Senate,Arizona,,Republican,R+5,5.0,False,False,48.8,special,723
Dan_Crenshaw,2020,938,405,43914.0,174,286,17,2018-11-07 04:31:17+00:00,2020-10-30 00:57:26+00:00,House,Texas,Texas 2,Republican,R+11,11.0,True,True,55.6,general,722
Tom_Cotton,2020,825,282,80670.0,175,155,18,2018-11-09 04:31:18+00:00,2020-10-28 19:59:35+00:00,Senate,Arkansas,,Republican,R+15,15.0,False,True,66.5,general,719
Jim_Jordan,2020,822,363,23892.0,187,236,33,2018-11-07 04:38:25+00:00,2020-11-02 00:38:38+00:00,House,Ohio,Ohio 4,Republican,R+14,14.0,True,True,67.9,general,725
Kelly_Loeffler,2020,760,280,32071.0,129,200,14,2019-11-27 01:42:13+00:00,2020-10-30 11:05:44+00:00,Senate,Georgia,,Republican,R+5,5.0,False,False,49.0,special,338
Laura_Loomer,2020,736,228,30860.0,127,83,9,2018-11-19 15:43:28+00:00,2020-10-25 18:32:02+00:00,House,Florida,Florida 21,Republican,D+9,-9.0,False,False,39.1,general,706
Rashida_Tlaib,2020,732,328,24638.0,133,181,13,2018-11-07 02:27:25+00:00,2020-11-02 20:59:38+00:00,House,Michigan,Michigan 13,Democratic,D+32,-32.0,True,True,78.1,general,726
Susan_Collins,2020,663,199,67722.0,103,93,15,2018-11-10 01:42:31+00:00,2020-11-03 19:50:18+00:00,Senate,Maine,,Republican,D+3,-3.0,False,True,51.0,general,724
Lindsey_Graham,2020,643,327,78636.0,185,176,29,2018-11-07 17:43:44+00:00,2020-11-03 02:45:39+00:00,Senate,South Carolina,,Republican,R+8,8.0,False,True,54.5,general,726
Lauren_Boebert,2020,597,133,32139.0,70,81,6,2020-07-01 01:54:39+00:00,2020-11-03 21:53:38+00:00,House,Colorado,Colorado 3,Republican,R+6,6.0,False,True,51.4,general,125
Thomas_Massie,2020,573,240,53968.0,178,208,18,2018-11-20 02:20:53+00:00,2020-11-03 04:45:10+00:00,House,Kentucky,Kentucky 4,Republican,R+18,18.0,True,True,67.1,general,714
Joni_Ernst,2020,543,206,66096.0,101,91,26,2018-11-07 14:28:17+00:00,2020-11-03 06:42:15+00:00,Senate,Iowa,,Republican,R+3,3.0,False,True,51.8,general,726
Devin_Nunes,2020,542,252,36404.0,125,123,15,2018-11-07 05:14:39+00:00,2020-10-29 03:04:44+00:00,House,California,California 22,Republican,R+8,8.0,True,True,54.2,general,721
Cory_Booker,2020,515,172,53272.0,167,7,31,2018-11-07 14:53:54+00:00,2020-11-01 21:29:55+00:00,Senate,New Jersey,,Democratic,D+7,-7.0,False,True,57.2,general,725
Adam_Schiff,2020,514,264,58887.0,141,112,20,2018-11-09 00:51:09+00:00,2020-11-03 15:05:02+00:00,House,California,California 28,Democratic,D+23,-23.0,True,True,72.7,general,725
Ben_McAdams,2020,478,109,32596.0,82,68,13,2018-11-07 21:23:49+00:00,2020-10-26 22:42:13+00:00,House,Utah,Utah 4,Democratic,R+13,13.0,True,False,46.7,general,719
Amy_McGrath,2020,452,148,15564.0,72,81,14,2018-11-07 01:10:40+00:00,2020-10-31 01:33:02+00:00,Senate,Kentucky,,Democratic,R+15,15.0,False,False,38.2,general,724
Matt_Gaetz,2020,444,179,42998.0,66,40,6,2018-11-09 23:38:59+00:00,2020-10-22 07:26:45+00:00,House,Florida,Florida 1,Republican,R+22,22.0,True,True,64.6,general,712
Thom_Tillis,2020,405,140,46537.0,84,68,15,2018-11-14 09:17:34+00:00,2020-11-02 01:37:44+00:00,Senate,North Carolina,,Republican,R+3,3.0,False,True,48.7,general,718
John_Hickenlooper,2020,403,200,32114.0,84,117,17,2018-11-07 03:40:25+00:00,2020-11-03 06:43:28+00:00,Senate,Colorado,,Democratic,D+1,-1.0,False,True,53.5,general,727
Ayanna_Pressley,2020,393,223,21987.0,91,108,8,2018-11-07 02:16:28+00:00,2020-11-02 21:14:55+00:00,House,Massachusetts,Massachusetts 7,Democratic,D+34,-34.0,True,True,86.6,general,726
Kevin_McCarthy,2020,391,218,14357.0,86,115,9,2018-11-08 16:20:02+00:00,2020-10-30 12:57:09+00:00,House,California,California 23,Republican,R+14,14.0,True,True,62.1,general,721
Madison_Cawthorn,2020,372,90,18792.0,53,33,3,2020-03-04 15:59:25+00:00,2020-11-02 05:36:24+00:00,House,North Carolina,North Carolina 11,Republican,R+9,9.0,False,True,54.5,general,242
Louie_Gohmert,2020,354,234,14057.0,83,104,13,2018-11-18 21:24:33+00:00,2020-10-15 23:44:21+00:00,House,Texas,Texas 1,Republican,R+25,25.0,True,True,72.6,general,697
Sharice_Davids,2020,348,134,20642.0,54,57,8,2018-11-07 02:54:20+00:00,2020-10-31 19:35:51+00:00,House,Kansas,Kansas 3,Democratic,R+4,4.0,True,True,53.6,general,724
Steve_Bullock_(American_politician),2020,347,145,21245.0,85,80,7,2018-11-07 19:17:43+00:00,2020-11-03 20:14:03+00:00,Senate,Montana,,Democratic,R+11,11.0,False,False,45.0,general,727
Ed_Markey,2020,346,149,55668.0,76,66,14,2018-11-26 03:41:13+00:00,2020-10-23 03:21:28+00:00,Senate,Massachusetts,,Democratic,D+12,-12.0,False,True,66.2,general,696
Theresa_Greenfield,2020,345,73,31083.0,44,18,9,2019-01-31 17:09:55+00:00,2020-11-02 17:46:49+00:00,Senate,Iowa,,Democratic,R+3,3.0,False,False,45.2,general,641
Karen_Bass,2020,343,163,33036.0,60,88,17,2018-11-12 02:46:49+00:00,2020-10-29 03:09:43+00:00,House,California,California 37,Democratic,D+37,-37.0,True,True,85.9,general,717
Cal_Cunningham,2020,341,134,2151.0,65,95,20,2018-12-09 07:40:55+00:00,2020-11-02 10:37:52+00:00,Senate,North Carolina,,Democratic,R+3,3.0,False,False,46.9,general,694
Eric_Swalwell,2020,341,189,15592.0,103,79,17,2018-11-08 22:36:02+00:00,2020-11-03 21:11:48+00:00,House,California,California 15,Democratic,D+20,-20.0,True,True,70.9,general,725
Mike_Garcia_(politician),2020,340,84,21084.0,43,36,2,2020-05-13 03:25:32+00:00,2020-10-10 12:30:43+00:00,House,California,California 25,Republican,,,False,True,54.9,special,150
Cory_Gardner,2020,333,135,40814.0,64,67,12,2018-11-07 18:13:51+00:00,2020-11-03 23:55:59+00:00,Senate,Colorado,,Republican,D+1,-1.0,False,False,44.2,general,727
Elaine_Luria,2020,332,97,26951.0,62,63,7,2018-11-07 03:03:23+00:00,2020-11-03 18:07:38+00:00,House,Virginia,Virginia 2,Democratic,R+3,3.0,True,True,51.6,general,727
Jeff_Van_Drew,2020,332,178,17878.0,53,96,8,2018-11-07 21:58:38+00:00,2020-11-03 03:19:33+00:00,House,New Jersey,New Jersey 2,Republican,R+1,1.0,True,True,51.9,general,726
Cindy_Hyde-Smith,2020,320,152,19204.0,64,64,20,2018-11-07 05:10:39+00:00,2020-10-30 19:16:22+00:00,Senate,Mississippi,,Republican,R+9,9.0,False,True,54.1,general,723
Sara_Gideon,2020,311,104,26931.0,59,53,12,2018-11-14 19:47:07+00:00,2020-11-03 00:06:16+00:00,Senate,Maine,,Democratic,D+3,-3.0,False,False,42.4,general,719
Ro_Khanna,2020,300,116,29178.0,70,39,21,2018-11-07 16:39:05+00:00,2020-11-02 06:45:39+00:00,House,California,California 17,Democratic,D+25,-25.0,True,True,71.3,general,725
John_James_(Michigan_politician),2020,295,129,20120.0,73,67,3,2018-11-07 19:49:03+00:00,2020-10-31 22:09:41+00:00,Senate,Michigan,,Republican,D+1,-1.0,False,False,48.2,general,724
Jerry_Nadler,2020,293,169,16306.0,95,79,9,2018-11-07 14:31:38+00:00,2020-10-30 20:31:45+00:00,House,New York,New York 10,Democratic,D+26,-26.0,True,True,74.6,general,723
Mark_Kelly,2020,287,163,13424.0,59,85,12,2018-11-13 05:56:03+00:00,2020-10-30 18:35:32+00:00,Senate,Arizona,,Democratic,R+5,5.0,False,True,51.2,special,717
Max_Rose,2020,285,140,22492.0,45,74,10,2018-11-07 03:15:39+00:00,2020-11-02 20:02:06+00:00,House,New York,New York 11,Democratic,R+3,3.0,True,False,46.8,general,726
Paul_Gosar,2020,278,132,16191.0,52,65,13,2018-11-12 17:27:20+00:00,2020-10-29 18:07:06+00:00,House,Arizona,Arizona 4,Republican,R+21,21.0,True,True,69.7,general,717
David_Perdue,2020,274,136,41274.0,58,74,16,2019-01-04 02:29:30+00:00,2020-11-02 15:42:19+00:00,Senate,Georgia,,Republican,R+5,5.0,False,False,49.4,general,668
Tommy_Tuberville,2020,274,144,17912.0,57,79,8,2018-11-26 23:53:02+00:00,2020-11-02 15:55:49+00:00,Senate,Alabama,,Republican,R+14,14.0,False,True,60.1,general,706
Katie_Porter,2020,272,116,23598.0,54,57,9,2018-11-14 04:15:03+00:00,2020-11-02 20:01:49+00:00,House,California,California 45,Democratic,R+3,3.0,True,True,53.5,general,719
John_Cornyn,2020,271,145,46000.0,73,51,23,2018-11-10 15:08:31+00:00,2020-11-02 19:27:20+00:00,Senate,Texas,,Republican,R+8,8.0,False,True,53.5,general,723
Lee_Zeldin,2020,271,101,6094.0,45,79,10,2018-11-07 13:17:07+00:00,2020-10-31 02:48:18+00:00,House,New York,New York 1,Republican,R+5,5.0,True,True,54.9,general,723
Maxine_Waters,2020,269,193,8127.0,82,80,12,2018-11-09 00:45:22+00:00,2020-10-28 22:55:22+00:00,House,California,California 43,Democratic,D+29,-29.0,True,True,71.7,general,719
Abigail_Spanberger,2020,268,126,21430.0,51,53,12,2018-11-07 04:04:18+00:00,2020-10-30 00:33:41+00:00,House,Virginia,Virginia 7,Democratic,R+6,6.0,True,True,50.8,general,722
Dick_Durbin,2020,265,158,51848.0,68,96,15,2018-11-10 02:44:33+00:00,2020-10-29 10:12:32+00:00,Senate,Illinois,,Democratic,D+7,-7.0,False,True,54.9,general,719
Don_Young,2020,261,118,24278.0,63,69,10,2018-11-07 01:37:41+00:00,2020-10-28 07:53:18+00:00,House,Alaska,Alaska at-large,Republican,R+9,9.0,True,True,54.4,general,721
Elise_Stefanik,2020,261,118,20527.0,66,57,12,2018-11-07 02:45:38+00:00,2020-11-03 15:02:22+00:00,House,New York,New York 21,Republican,R+4,4.0,True,True,58.8,general,727
Dan_Bishop,2020,259,127,15041.0,32,79,4,2018-12-01 06:05:26+00:00,2020-10-26 23:07:22+00:00,House,North Carolina,North Carolina 9,Republican,R+7,7.0,True,True,55.6,general,695
Lucy_McBath,2020,259,108,18093.0,59,65,8,2018-11-07 16:09:27+00:00,2020-10-29 02:42:50+00:00,House,Georgia,Georgia 6,Democratic,R+8,8.0,True,True,54.6,general,721
Harley_Rouda,2020,243,93,7727.0,41,102,7,2018-11-07 14:20:56+00:00,2020-10-29 23:59:30+00:00,House,California,California 48,Democratic,R+4,4.0,True,False,48.9,general,722
Jennifer_Wexton,2020,241,102,13969.0,45,69,5,2018-11-07 00:43:51+00:00,2020-10-12 21:23:41+00:00,House,Virginia,Virginia 10,Democratic,D+1,-1.0,True,True,56.5,general,705
Steve_Scalise,2020,241,132,789.0,51,74,15,2018-11-07 16:50:54+00:00,2020-10-30 17:11:06+00:00,House,Louisiana,Louisiana 1,Republican,R+24,24.0,True,True,72.2,general,723
Kimberly_Klacik,2020,239,50,16836.0,31,16,4,2020-08-18 11:53:36+00:00,2020-10-28 17:59:06+00:00,House,Maryland,Maryland 7,Republican,,,False,False,25.1,special,71
Karen_Handel,2020,237,107,11374.0,45,84,19,2018-11-07 10:04:25+00:00,2020-10-30 06:11:05+00:00,House,Georgia,Georgia 6,Republican,R+8,8.0,False,False,45.4,general,722
Steny_Hoyer,2020,235,105,3985.0,50,57,4,2018-11-09 22:43:14+00:00,2020-10-08 09:43:41+00:00,House,Maryland,Maryland 5,Democratic,D+16,-16.0,True,True,68.8,general,698
Val_Demings,2020,234,94,17612.0,53,38,4,2018-11-23 17:17:29+00:00,2020-10-08 11:51:01+00:00,House,Florida,Florida 10,Democratic,D+11,-11.0,True,True,63.6,general,684
Scott_Taylor_(politician),2020,230,93,8523.0,30,65,7,2018-11-07 07:17:33+00:00,2020-10-17 16:59:41+00:00,House,Virginia,Virginia 2,Republican,R+3,3.0,False,False,45.8,general,710
Jon_Ossoff,2020,229,99,3036.0,52,53,13,2018-12-02 19:31:58+00:00,2020-11-03 15:41:08+00:00,Senate,Georgia,,Democratic,R+5,5.0,False,True,50.6,general,701
Kweisi_Mfume,2020,229,110,11549.0,39,73,7,2018-11-13 03:45:17+00:00,2020-10-24 07:45:22+00:00,House,Maryland,Maryland 7,Democratic,,,False,True,73.8,special,711
Jo_Rae_Perkins,2020,226,59,19408.0,60,23,2,2018-12-04 19:11:26+00:00,2020-11-03 00:46:44+00:00,Senate,Oregon,,Republican,D+5,-5.0,False,False,39.3,general,699
Jim_Clyburn,2020,225,124,9941.0,56,64,9,2018-11-09 04:22:39+00:00,2020-10-23 04:40:24+00:00,House,South Carolina,South Carolina 6,Democratic,D+19,-19.0,True,True,68.2,general,714
Susan_Wild,2020,223,91,17023.0,32,61,5,2018-11-07 03:04:29+00:00,2020-11-03 18:53:00+00:00,House,Pennsylvania,Pennsylvania 7,Democratic,D+1,-1.0,True,True,51.9,general,727
Jamaal_Bowman,2020,222,67,21733.0,32,24,2,2020-06-02 21:53:50+00:00,2020-10-17 09:11:13+00:00,House,New York,New York 16,Democratic,D+24,-24.0,False,True,84.2,general,136
Christy_Smith_(politician),2020,219,72,23345.0,31,56,4,2018-11-21 09:17:30+00:00,2020-10-31 00:26:44+00:00,House,California,California 25,Democratic,,,False,False,45.1,special,709
Mary_Gay_Scanlon,2020,219,99,10578.0,39,49,7,2018-11-07 02:22:52+00:00,2020-10-31 21:59:26+00:00,House,Pennsylvania,Pennsylvania 5,Democratic,D+13,-13.0,True,True,64.7,general,724
Ritchie_Torres,2020,217,56,29224.0,22,21,7,2018-12-17 05:35:31+00:00,2020-10-22 21:46:49+00:00,House,New York,New York 15,Democratic,D+44,-44.0,False,True,88.9,general,675
Tom_Malinowski,2020,217,101,6472.0,57,40,8,2018-11-07 04:28:11+00:00,2020-11-01 21:19:19+00:00,House,New Jersey,New Jersey 7,Democratic,R+3,3.0,True,True,50.6,general,725
Pramila_Jayapal,2020,212,134,14302.0,43,64,6,2018-11-07 04:50:00+00:00,2020-10-10 04:33:25+00:00,House,Washington,Washington 7,Democratic,D+33,-33.0,True,True,83.0,general,702
Doug_Jones_(politician),2020,211,118,29357.0,42,41,13,2018-11-08 01:57:08+00:00,2020-10-26 19:39:55+00:00,Senate,Alabama,,Democratic,R+14,14.0,False,False,39.7,general,718
Chip_Roy,2020,210,90,17191.0,33,41,4,2018-11-07 04:11:07+00:00,2020-11-02 17:55:20+00:00,House,Texas,Texas 21,Republican,R+10,10.0,True,True,52.0,general,726
Joe_Cunningham_(American_politician),2020,208,96,15678.0,34,61,4,2018-11-07 06:16:41+00:00,2020-10-24 14:17:46+00:00,House,South Carolina,South Carolina 1,Democratic,R+10,10.0,True,False,49.3,general,717
Ben_Sasse,2020,206,134,23722.0,52,56,16,2018-11-17 08:09:58+00:00,2020-10-31 14:36:54+00:00,Senate,Nebraska,,Republican,R+14,14.0,False,True,62.7,general,714
Ammar_Campa-Najjar,2020,205,63,29016.0,38,51,8,2018-11-22 13:40:39+00:00,2020-10-29 23:59:00+00:00,House,California,California 50,Democratic,R+11,11.0,False,False,46.0,general,707
Gary_Peters,2020,205,115,15619.0,59,46,14,2018-11-09 01:03:15+00:00,2020-11-02 23:53:26+00:00,Senate,Michigan,,Democratic,D+1,-1.0,False,True,49.9,general,724
Angela_Stanton-King,2020,202,70,13382.0,25,56,4,2020-06-26 01:43:52+00:00,2020-11-01 05:00:25+00:00,House,Georgia,Georgia 5,Republican,D+34,-34.0,False,False,14.9,general,128
Jim_Hagedorn,2020,200,61,26794.0,29,23,5,2018-11-07 18:54:40+00:00,2020-10-14 11:46:20+00:00,House,Minnesota,Minnesota 1,Republican,R+5,5.0,True,True,48.6,general,706
Steve_Daines,2020,200,88,27611.0,43,56,7,2018-11-09 17:26:28+00:00,2020-11-02 12:41:06+00:00,Senate,Montana,,Republican,R+11,11.0,False,True,55.0,general,723
Debbie_Wasserman_Schultz,2020,199,134,6379.0,62,58,11,2018-11-08 23:17:09+00:00,2020-10-29 11:02:15+00:00,House,Florida,Florida 23,Democratic,D+11,-11.0,True,True,58.2,general,720
Shelley_Moore_Capito,2020,198,63,84147.0,42,13,16,2018-11-20 04:16:28+00:00,2020-10-30 11:29:48+00:00,Senate,West Virginia,,Republican,R+19,19.0,False,True,70.3,general,710
TJ_Cox,2020,198,67,20014.0,28,24,2,2018-11-22 01:48:29+00:00,2020-10-27 02:48:02+00:00,House,California,California 21,Democratic,D+5,-5.0,True,False,49.5,general,705
Burgess_Owens,2020,195,71,12372.0,22,42,4,2018-11-11 09:51:56+00:00,2020-10-29 07:34:43+00:00,House,Utah,Utah 4,Republican,R+13,13.0,False,True,47.7,general,717
Barbara_Bollier,2020,192,71,16976.0,46,15,5,2018-12-12 17:00:13+00:00,2020-10-21 20:53:20+00:00,Senate,Kansas,,Democratic,R+13,13.0,False,False,41.8,general,679
Kendra_Horn,2020,192,87,15506.0,58,42,5,2018-11-07 04:01:35+00:00,2020-10-27 14:39:14+00:00,House,Oklahoma,Oklahoma 5,Democratic,R+10,10.0,True,False,47.9,general,720
Antonio_Delgado,2020,191,85,13694.0,35,42,4,2018-11-07 04:04:46+00:00,2020-11-02 22:32:30+00:00,House,New York,New York 19,Democratic,R+2,2.0,True,True,54.8,general,726
Carolyn_Maloney,2020,191,99,9203.0,40,40,20,2018-11-20 21:55:49+00:00,2020-10-30 14:15:28+00:00,House,New York,New York 12,Democratic,D+31,-31.0,True,True,82.3,general,709
Conor_Lamb,2020,186,102,15462.0,38,63,7,2018-11-07 02:42:28+00:00,2020-10-27 15:52:36+00:00,House,Pennsylvania,Pennsylvania 17,Democratic,R+3,3.0,True,True,51.1,general,720
Lauren_Underwood,2020,186,98,14223.0,23,46,3,2018-11-07 04:25:44+00:00,2020-10-26 22:56:51+00:00,House,Illinois,Illinois 14,Democratic,R+5,5.0,True,True,50.7,general,719
Mikie_Sherrill,2020,185,83,12312.0,29,44,3,2018-11-07 06:17:01+00:00,2020-10-26 15:06:30+00:00,House,New Jersey,New Jersey 11,Democratic,R+3,3.0,True,True,53.3,general,719
Liz_Cheney,2020,184,116,19529.0,40,42,7,2018-11-09 04:25:15+00:00,2020-11-02 19:29:53+00:00,House,Wyoming,Wyoming at-large,Republican,R+25,25.0,True,True,68.6,general,724
Bill_Hagerty,2020,183,84,17320.0,58,54,5,2018-11-17 10:55:01+00:00,2020-11-02 06:10:51+00:00,Senate,Tennessee,,Republican,R+14,14.0,False,True,62.2,general,715
Tim_Ryan_(Ohio_politician),2020,183,114,7923.0,40,43,9,2018-11-16 19:11:18+00:00,2020-10-30 18:57:39+00:00,House,Ohio,Ohio 13,Democratic,D+7,-7.0,True,True,52.5,general,713
Ted_Lieu,2020,177,103,7490.0,31,41,11,2018-11-08 02:22:18+00:00,2020-10-14 19:51:28+00:00,House,California,California 33,Democratic,D+16,-16.0,True,True,67.6,general,706
Elissa_Slotkin,2020,174,90,11892.0,41,49,6,2018-11-07 08:05:20+00:00,2020-10-28 23:30:49+00:00,House,Michigan,Michigan 8,Democratic,R+4,4.0,True,True,50.9,general,721
Mark_Green_(Tennessee_politician),2020,174,87,7420.0,29,29,6,2018-11-07 21:55:02+00:00,2020-10-10 11:56:09+00:00,House,Tennessee,Tennessee 7,Republican,R+20,20.0,True,True,69.9,general,702
David_Valadao,2020,173,67,1075.0,27,27,7,2018-11-18 00:41:25+00:00,2020-10-13 17:54:05+00:00,House,California,California 21,Republican,D+5,-5.0,False,True,50.5,general,695
Xochitl_Torres_Small,2020,173,78,11215.0,31,36,1,2018-11-08 01:53:18+00:00,2020-10-23 12:00:41+00:00,House,New Mexico,New Mexico 2,Democratic,R+6,6.0,True,False,46.3,general,715
Debbie_Mucarsel-Powell,2020,172,79,11735.0,28,38,6,2018-11-07 02:49:36+00:00,2020-11-02 15:38:23+00:00,House,Florida,Florida 26,Democratic,D+6,-6.0,True,False,48.3,general,726
Donna_Shalala,2020,171,95,15338.0,34,28,12,2018-11-07 01:25:56+00:00,2020-10-29 12:28:33+00:00,House,Florida,Florida 27,Democratic,D+5,-5.0,True,False,48.6,general,722
Don_Bacon,2020,168,60,16652.0,46,24,8,2018-11-07 00:15:27+00:00,2020-10-24 16:05:27+00:00,House,Nebraska,Nebraska 2,Republican,R+4,4.0,True,True,50.8,general,717
Jared_Golden,2020,168,67,12768.0,27,27,1,2018-11-07 16:33:25+00:00,2020-10-10 11:54:28+00:00,House,Maine,Maine 2,Democratic,R+2,2.0,True,True,53.0,general,702
Cori_Bush,2020,167,68,19207.0,26,31,8,2018-12-08 11:56:01+00:00,2020-11-03 22:37:11+00:00,House,Missouri,Missouri 1,Democratic,D+29,-29.0,False,True,78.8,general,696
Greg_Pence,2020,167,89,4709.0,41,47,1,2018-11-07 00:22:41+00:00,2020-10-18 23:56:17+00:00,House,Indiana,Indiana 6,Republican,R+18,18.0,True,True,68.6,general,711
Lizzie_Fletcher,2020,167,76,13823.0,28,38,5,2018-11-07 04:06:10+00:00,2020-10-10 12:09:30+00:00,House,Texas,Texas 7,Democratic,R+7,7.0,True,True,50.8,general,703
Marjorie_Taylor_Greene,2020,167,64,15418.0,21,33,2,2020-06-10 04:12:34+00:00,2020-10-23 23:18:58+00:00,House,Georgia,Georgia 14,Republican,R+27,27.0,False,True,74.7,general,135
Hakeem_Jeffries,2020,165,95,25780.0,35,40,10,2018-11-10 02:39:42+00:00,2020-10-25 15:11:42+00:00,House,New York,New York 8,Democratic,D+36,-36.0,True,True,84.8,general,715
Clay_Higgins,2020,163,99,455.0,48,56,9,2018-11-08 05:27:52+00:00,2020-11-02 16:26:18+00:00,House,Louisiana,Louisiana 3,Republican,R+20,20.0,True,True,67.8,general,725
Roger_Marshall,2020,163,74,15443.0,30,30,5,2018-11-08 04:47:42+00:00,2020-11-01 02:57:12+00:00,Senate,Kansas,,Republican,R+13,13.0,False,True,53.2,general,723
Tina_Smith,2020,163,74,24606.0,24,28,9,2018-11-07 04:10:42+00:00,2020-11-03 14:24:12+00:00,Senate,Minnesota,,DFL,D+1,-1.0,False,True,48.8,general,727
Chris_Smith_(New_Jersey_politician),2020,162,83,10900.0,38,39,9,2018-11-15 15:01:08+00:00,2020-11-03 23:45:45+00:00,House,New Jersey,New Jersey 4,Republican,R+8,8.0,True,True,59.9,general,719
Seth_Moulton,2020,162,86,11217.0,34,35,7,2018-11-20 17:29:41+00:00,2020-10-08 11:33:13+00:00,House,Massachusetts,Massachusetts 6,Democratic,D+6,-6.0,True,True,65.4,general,687
Jason_Crow,2020,160,79,17381.0,21,38,4,2018-11-07 02:28:42+00:00,2020-10-30 14:58:21+00:00,House,Colorado,Colorado 6,Democratic,D+2,-2.0,True,True,57.1,general,723
Chrissy_Houlahan,2020,159,78,22866.0,20,33,5,2018-11-07 03:36:48+00:00,2020-10-31 22:05:17+00:00,House,Pennsylvania,Pennsylvania 6,Democratic,D+2,-2.0,True,True,56.1,general,724
Marie_Newman,2020,157,45,16401.0,23,15,5,2018-12-08 18:58:19+00:00,2020-10-23 03:51:00+00:00,House,Illinois,Illinois 3,Democratic,D+6,-6.0,False,True,56.4,general,684
Daniel_Gade,2020,155,42,9988.0,25,65,2,2018-11-21 06:03:07+00:00,2020-11-02 15:06:35+00:00,Senate,Virginia,,Republican,D+1,-1.0,False,False,43.9,general,712
Kai_Kahele,2020,155,63,5827.0,29,55,2,2019-01-19 08:39:55+00:00,2020-10-12 17:24:29+00:00,House,Hawaii,Hawaii 2,Democratic,D+19,-19.0,False,True,63.0,general,632
Young_Kim,2020,155,90,7959.0,30,56,10,2018-11-07 02:40:28+00:00,2020-10-28 22:09:05+00:00,House,California,California 39,Republican,Even,0.0,False,True,50.6,general,721
Anthony_Brindisi,2020,154,72,7711.0,26,33,6,2018-11-07 05:15:26+00:00,2020-10-25 20:14:23+00:00,House,New York,New York 22,Democratic,R+6,6.0,True,False,48.8,general,718
Jaime_Harrison,2020,154,84,9726.0,35,41,5,2018-11-21 03:36:18+00:00,2020-11-03 06:32:19+00:00,Senate,South Carolina,,Democratic,R+8,8.0,False,False,44.2,general,713
Josh_Harder,2020,154,58,12331.0,28,22,5,2018-11-10 05:16:07+00:00,2020-10-18 03:33:23+00:00,House,California,California 10,Democratic,Even,0.0,True,True,55.2,general,707
Vicky_Hartzler,2020,153,62,13878.0,46,33,9,2018-11-07 03:41:38+00:00,2020-10-15 19:35:04+00:00,House,Missouri,Missouri 4,Republican,R+17,17.0,True,True,67.6,general,708
Alek_Skarlatos,2020,152,47,4054.0,24,18,5,2018-11-10 17:31:44+00:00,2020-10-28 03:58:58+00:00,House,Oregon,Oregon 4,Republican,Even,0.0,False,False,46.2,general,717
Andy_Biggs,2020,152,75,11293.0,33,38,4,2018-11-12 18:52:07+00:00,2020-10-18 13:09:14+00:00,House,Arizona,Arizona 5,Republican,R+15,15.0,True,True,58.9,general,705
Ken_Buck,2020,152,81,7375.0,33,34,8,2018-11-11 23:38:47+00:00,2020-10-19 23:31:26+00:00,House,Colorado,Colorado 4,Republican,R+13,13.0,True,True,60.1,general,707
Madeleine_Dean,2020,152,73,5902.0,28,36,2,2018-11-07 05:48:48+00:00,2020-10-31 22:08:13+00:00,House,Pennsylvania,Pennsylvania 4,Democratic,D+7,-7.0,True,True,59.5,general,724
Moe_Davis,2020,152,50,12315.0,51,16,7,2018-12-22 06:46:18+00:00,2020-11-02 12:26:19+00:00,House,North Carolina,North Carolina 11,Democratic,R+9,9.0,False,False,42.4,general,681
Charlie_Crist,2020,151,89,15895.0,44,34,14,2018-11-07 20:14:29+00:00,2020-10-28 21:08:56+00:00,House,Florida,Florida 13,Democratic,D+2,-2.0,True,True,53.0,general,721
Deb_Haaland,2020,151,86,10495.0,24,48,0,2018-11-07 02:19:47+00:00,2020-10-17 13:25:51+00:00,House,New Mexico,New Mexico 1,Democratic,D+7,-7.0,True,True,58.2,general,710
Beth_Van_Duyne,2020,150,30,14344.0,25,14,0,2019-08-06 14:34:15+00:00,2020-11-02 20:19:00+00:00,House,Texas,Texas 24,Republican,R+9,9.0,False,True,48.8,general,454
Cindy_Axne,2020,150,70,9401.0,26,44,5,2018-11-07 03:51:38+00:00,2020-10-09 12:55:48+00:00,House,Iowa,Iowa 3,Democratic,R+1,1.0,True,True,48.9,general,702
Debbie_Lesko,2020,150,96,10365.0,28,55,3,2018-11-10 20:16:37+00:00,2020-11-02 01:14:48+00:00,House,Arizona,Arizona 8,Republican,R+13,13.0,True,True,59.6,general,722
Collin_Peterson,2020,149,114,6281.0,30,55,12,2018-11-09 00:45:39+00:00,2020-10-20 16:50:49+00:00,House,Minnesota,Minnesota 7,DFL,R+12,12.0,True,False,39.8,general,711
Mike_Espy,2020,147,74,7692.0,33,38,11,2018-11-08 09:46:53+00:00,2020-10-29 19:34:38+00:00,Senate,Mississippi,,Democratic,R+9,9.0,False,False,44.1,general,721
Jason_Lewis_(Minnesota_politician),2020,146,75,1034.0,31,31,6,2018-11-07 14:23:05+00:00,2020-11-01 15:49:09+00:00,Senate,Minnesota,,Republican,D+1,-1.0,False,False,43.5,general,725
Kim_Schrier,2020,143,60,12771.0,17,46,2,2018-11-07 14:54:23+00:00,2020-10-10 12:16:15+00:00,House,Washington,Washington 8,Democratic,Even,0.0,True,True,51.7,general,702
Greg_Murphy_(politician),2020,142,56,13898.0,30,28,2,2019-01-01 14:16:51+00:00,2020-10-23 20:38:41+00:00,House,North Carolina,North Carolina 3,Republican,R+12,12.0,True,True,63.4,general,661
Jeff_Merkley,2020,142,66,45420.0,26,22,8,2018-11-10 14:59:05+00:00,2020-10-07 03:50:46+00:00,Senate,Oregon,,Democratic,D+5,-5.0,False,True,56.9,general,696
Rodney_Davis_(politician),2020,142,75,6141.0,30,41,4,2018-11-07 05:06:08+00:00,2020-10-31 15:03:27+00:00,House,Illinois,Illinois 13,Republican,R+3,3.0,True,True,54.5,general,724
Raphael_Warnock,2020,141,55,12760.0,23,29,3,2020-01-14 05:19:55+00:00,2020-10-29 13:03:05+00:00,Senate,Georgia,,Democratic,R+5,5.0,False,True,51.0,special,289
Sean_Casten,2020,141,71,9697.0,35,24,6,2018-11-07 03:34:43+00:00,2020-11-03 21:06:15+00:00,House,Illinois,Illinois 6,Democratic,R+2,2.0,True,True,52.8,general,727
Mark_Warner,2020,140,92,29068.0,40,39,13,2018-11-10 15:10:57+00:00,2020-10-28 03:45:29+00:00,Senate,Virginia,,Democratic,D+1,-1.0,False,True,56.0,general,717
Dan_Sullivan_(U.S._senator),2020,139,73,24891.0,25,39,9,2018-11-12 03:01:23+00:00,2020-10-29 01:21:52+00:00,Senate,Alaska,,Republican,R+9,9.0,False,True,53.9,general,716
Debbie_Dingell,2020,139,89,4304.0,31,39,7,2018-11-10 17:59:15+00:00,2020-10-08 11:23:43+00:00,House,Michigan,Michigan 12,Democratic,D+14,-14.0,True,True,66.4,general,697
Angie_Craig,2020,138,62,11675.0,23,27,2,2018-11-07 04:22:31+00:00,2020-10-24 04:09:18+00:00,House,Minnesota,Minnesota 2,DFL,R+2,2.0,True,True,48.2,general,716
Colin_Allred,2020,137,81,13878.0,23,34,6,2018-11-07 03:22:07+00:00,2020-10-25 13:51:38+00:00,House,Texas,Texas 32,Democratic,R+5,5.0,True,True,52.0,general,718
Haley_Stevens,2020,136,76,9027.0,21,38,3,2018-11-07 03:42:48+00:00,2020-10-10 12:21:34+00:00,House,Michigan,Michigan 11,Democratic,R+4,4.0,True,True,50.2,general,703
Barbara_Lee,2020,135,73,13060.0,29,25,9,2018-11-08 03:50:13+00:00,2020-10-28 20:59:58+00:00,House,California,California 13,Democratic,D+40,-40.0,True,True,90.4,general,720
Gil_Cisneros,2020,135,63,7354.0,23,22,4,2018-11-09 21:11:29+00:00,2020-10-18 03:35:22+00:00,House,California,California 39,Democratic,Even,0.0,True,False,49.4,general,708
Adrian_Perkins,2020,134,69,15815.0,26,40,12,2018-12-25 21:20:28+00:00,2020-10-30 11:20:08+00:00,Senate,Louisiana,,Democratic,R+11,11.0,False,False,19.0,general,674
Abby_Finkenauer,2020,133,68,8300.0,16,46,3,2018-11-07 04:16:22+00:00,2020-11-02 20:10:40+00:00,House,Iowa,Iowa 1,Democratic,D+1,-1.0,True,False,48.7,general,726
Josh_Gottheimer,2020,133,54,4797.0,25,15,6,2018-11-15 07:10:52+00:00,2020-10-25 23:38:39+00:00,House,New Jersey,New Jersey 5,Democratic,R+3,3.0,True,True,53.2,general,710
Mike_Waltz,2020,133,69,8938.0,24,33,5,2018-11-07 01:23:48+00:00,2020-11-03 01:38:55+00:00,House,Florida,Florida 6,Republican,R+7,7.0,True,True,60.6,general,727
Brian_Mast,2020,132,68,9178.0,21,32,9,2018-11-12 02:27:47+00:00,2020-10-15 00:18:13+00:00,House,Florida,Florida 18,Republican,R+5,5.0,True,True,56.3,general,702
Michelle_Caruso-Cabrera,2020,132,79,9223.0,20,54,6,2019-01-19 02:50:28+00:00,2020-11-03 00:13:57+00:00,House,New York,New York 14,Serve America,D+29,-29.0,False,False,1.0,general,653
Sylvia_Garcia,2020,132,73,12552.0,18,48,5,2018-11-07 03:47:32+00:00,2020-10-10 11:53:52+00:00,House,Texas,Texas 29,Democratic,D+19,-19.0,True,True,71.1,general,703
Ann_Kirkpatrick,2020,131,68,4418.0,33,23,11,2018-11-07 17:03:32+00:00,2020-10-27 23:03:18+00:00,House,Arizona,Arizona 2,Democratic,R+1,1.0,True,True,55.1,general,720
Brian_Fitzpatrick_(American_politician),2020,131,72,6467.0,27,34,4,2018-11-07 05:05:19+00:00,2020-10-28 22:33:51+00:00,House,Pennsylvania,Pennsylvania 1,Republican,R+1,1.0,True,True,56.6,general,721
Chris_Jacobs_(politician),2020,130,44,7106.0,19,58,2,2018-12-31 01:22:47+00:00,2020-10-10 12:31:54+00:00,House,New York,New York 27,Republican,,,False,True,51.8,special,649
Jahana_Hayes,2020,130,74,7511.0,23,40,4,2018-11-07 03:53:37+00:00,2020-10-21 20:38:10+00:00,House,Connecticut,Connecticut 5,Democratic,D+2,-2.0,True,True,55.1,general,714
Jake_Auchincloss,2020,130,22,-15308.0,11,3,8,2020-05-11 16:29:13+00:00,2020-11-02 14:16:07+00:00,House,Massachusetts,Massachusetts 4,Democratic,D+9,-9.0,False,True,60.8,general,174
Randy_Feenstra,2020,129,53,10358.0,18,42,3,2018-12-22 04:43:21+00:00,2020-10-09 17:09:14+00:00,House,Iowa,Iowa 4,Republican,R+11,11.0,False,True,62.0,general,657
Jim_Inhofe,2020,127,63,31164.0,37,0,24,2018-11-12 19:58:22+00:00,2020-10-30 16:07:25+00:00,Senate,Oklahoma,,Republican,R+20,20.0,False,True,62.9,general,717
Dean_Phillips,2020,126,61,9828.0,28,20,4,2018-11-07 02:50:23+00:00,2020-10-10 12:11:06+00:00,House,Minnesota,Minnesota 3,DFL,D+1,-1.0,True,True,55.6,general,703
Jackie_Speier,2020,125,78,6598.0,30,25,9,2018-11-17 01:21:20+00:00,2020-10-25 21:29:25+00:00,House,California,California 14,Democratic,D+27,-27.0,True,True,79.3,general,708
Nancy_Mace,2020,125,46,6422.0,22,32,3,2018-11-07 17:34:24+00:00,2020-10-29 18:11:58+00:00,House,South Carolina,South Carolina 1,Republican,R+10,10.0,False,True,50.6,general,722
Chris_Coons,2020,124,77,24809.0,31,28,10,2018-11-10 02:35:36+00:00,2020-10-31 17:04:20+00:00,Senate,Delaware,,Democratic,D+6,-6.0,False,True,59.4,general,721
Daniel_Rodimer,2020,124,46,8208.0,24,49,5,2018-11-07 19:57:23+00:00,2020-11-02 15:29:34+00:00,House,Nevada,Nevada 3,Republican,R+2,2.0,False,False,45.8,general,725
Hank_Johnson,2020,124,88,1926.0,33,38,9,2018-11-13 16:38:36+00:00,2020-10-05 17:49:15+00:00,House,Georgia,Georgia 4,Democratic,D+24,-24.0,True,True,80.1,general,692
Jaime_Herrera_Beutler,2020,124,51,-3149.0,17,25,4,2018-11-07 07:17:05+00:00,2020-10-08 16:03:19+00:00,House,Washington,Washington 3,Republican,R+4,4.0,True,True,56.4,general,701
Mike_Johnson,2020,124,72,1782.0,23,56,4,2018-11-08 17:15:33+00:00,2020-10-09 12:35:06+00:00,House,Louisiana,Louisiana 4,Republican,R+13,13.0,True,True,60.4,general,700
Jim_Risch,2020,123,76,19674.0,30,34,8,2018-11-18 21:46:38+00:00,2020-09-18 10:51:01+00:00,Senate,Idaho,,Republican,R+19,19.0,False,True,62.6,general,669
Matt_Cartwright,2020,123,38,1363.0,33,8,7,2018-11-07 02:42:50+00:00,2020-10-18 02:38:27+00:00,House,Pennsylvania,Pennsylvania 8,Democratic,R+1,1.0,True,True,51.8,general,710
Claudia_Tenney,2020,122,61,5531.0,19,21,8,2018-11-07 03:56:00+00:00,2020-10-22 21:50:48+00:00,House,New York,New York 22,Republican,R+6,6.0,False,True,48.84,general,715
Fred_Keller_(politician),2020,122,54,13775.0,29,30,1,2019-02-02 21:40:04+00:00,2020-10-26 23:09:33+00:00,House,Pennsylvania,Pennsylvania 12,Republican,R+17,17.0,True,True,70.8,general,632
Jason_Smith_(American_politician),2020,121,88,3596.0,28,47,2,2018-11-14 22:27:58+00:00,2020-10-15 17:36:13+00:00,House,Missouri,Missouri 8,Republican,R+24,24.0,True,True,76.9,general,700
Joaquin_Castro,2020,121,66,6349.0,28,26,5,2018-12-01 03:44:50+00:00,2020-11-02 20:12:16+00:00,House,Texas,Texas 20,Democratic,D+10,-10.0,True,True,64.7,general,702
Adam_Kinzinger,2020,120,70,16024.0,18,26,6,2018-11-18 01:09:00+00:00,2020-10-07 21:58:00+00:00,House,Illinois,Illinois 16,Republican,R+8,8.0,True,True,64.7,general,689
Billy_Long,2020,120,68,7354.0,26,29,7,2018-11-07 14:25:21+00:00,2020-10-26 23:33:21+00:00,House,Missouri,Missouri 7,Republican,R+23,23.0,True,True,68.9,general,719
Ed_Case,2020,120,63,5763.0,24,29,5,2018-11-07 13:00:21+00:00,2020-10-30 04:32:59+00:00,House,Hawaii,Hawaii 1,Democratic,D+17,-17.0,True,True,72.0,general,722
Nick_Freitas,2020,120,46,10179.0,21,21,6,2018-11-07 20:14:38+00:00,2020-10-29 02:57:22+00:00,House,Virginia,Virginia 7,Republican,R+6,6.0,False,False,49.0,general,721
Marquita_Bradshaw,2020,119,37,18541.0,18,7,4,2020-08-07 06:28:04+00:00,2020-10-27 09:02:23+00:00,Senate,Tennessee,,Democratic,R+14,14.0,False,False,35.2,general,81
Scott_Fitzgerald_(politician),2020,118,40,8408.0,20,58,6,2018-11-19 18:17:09+00:00,2020-10-03 12:10:06+00:00,House,Wisconsin,Wisconsin 5,Republican,R+13,13.0,False,True,60.1,general,683
Bryan_Steil,2020,116,64,11774.0,17,24,4,2018-11-07 01:26:51+00:00,2020-10-10 12:20:38+00:00,House,Wisconsin,Wisconsin 1,Republican,R+5,5.0,True,True,59.3,general,703
Joe_Neguse,2020,116,67,9431.0,13,28,5,2018-11-07 03:47:37+00:00,2020-10-15 16:54:06+00:00,House,Colorado,Colorado 2,Democratic,D+9,-9.0,True,True,61.5,general,708
Mondaire_Jones,2020,116,31,14121.0,21,9,4,2020-06-16 23:13:49+00:00,2020-10-12 19:19:40+00:00,House,New York,New York 17,Democratic,D+7,-7.0,False,True,59.3,general,117
Pete_Sessions,2020,116,78,6379.0,26,39,5,2018-11-07 03:44:00+00:00,2020-11-02 19:05:17+00:00,House,Texas,Texas 17,Republican,R+12,12.0,False,True,55.9,general,726
Steve_Womack,2020,116,67,-110.0,34,34,4,2018-11-26 19:17:15+00:00,2020-10-22 17:33:43+00:00,House,Arkansas,Arkansas 3,Republican,R+19,19.0,True,True,64.3,general,695
Ben_Cline,2020,115,57,14762.0,21,30,10,2018-11-07 00:38:42+00:00,2020-11-03 00:24:56+00:00,House,Virginia,Virginia 6,Republican,R+13,13.0,True,True,64.6,general,726
Grace_Meng,2020,115,53,3136.0,30,29,3,2018-11-26 22:01:53+00:00,2020-10-07 11:20:20+00:00,House,New York,New York 6,Democratic,D+16,-16.0,True,True,68.0,general,680
Dusty_Johnson,2020,114,53,7457.0,20,15,3,2018-11-07 03:38:44+00:00,2020-10-15 23:46:24+00:00,House,South Dakota,South Dakota at-large,Republican,R+14,14.0,True,True,81.0,general,708
Mike_Kelly_(Pennsylvania_politician),2020,114,71,6215.0,25,26,9,2018-11-07 04:19:06+00:00,2020-11-03 04:03:37+00:00,House,Pennsylvania,Pennsylvania 16,Republican,R+8,8.0,True,True,59.3,general,726
Ronny_Jackson,2020,114,62,9192.0,13,36,3,2019-01-16 13:46:16+00:00,2020-10-14 01:15:56+00:00,House,Texas,Texas 13,Republican,R+33,33.0,False,True,79.4,general,636
Ruben_Gallego,2020,114,58,11887.0,15,30,5,2018-11-13 21:17:18+00:00,2020-10-27 06:57:51+00:00,House,Arizona,Arizona 7,Democratic,D+23,-23.0,True,True,76.7,general,713
Steven_Horsford,2020,113,64,1417.0,18,36,2,2018-11-07 17:25:10+00:00,2020-10-31 03:22:24+00:00,House,Nevada,Nevada 4,Democratic,D+3,-3.0,True,True,50.7,general,723
Chris_Pappas_(American_politician),2020,112,52,10174.0,27,24,5,2018-11-07 15:24:57+00:00,2020-10-10 12:10:03+00:00,House,New Hampshire,New Hampshire 1,Democratic,R+2,2.0,True,True,51.3,general,702
Christina_Hagan,2020,111,48,5971.0,23,61,4,2018-11-14 23:22:27+00:00,2020-10-19 13:53:59+00:00,House,Ohio,Ohio 13,Republican,D+7,-7.0,False,False,44.9,general,704
Mark_Pocan,2020,111,58,5998.0,25,26,3,2018-11-17 14:58:33+00:00,2020-10-07 11:22:49+00:00,House,Wisconsin,Wisconsin 2,Democratic,D+18,-18.0,True,True,69.7,general,689
Michelle_Steel,2020,110,42,3911.0,14,22,4,2018-11-14 18:35:49+00:00,2020-10-31 05:44:58+00:00,House,California,California 48,Republican,R+4,4.0,False,True,51.1,general,716
Paulette_Jordan,2020,110,58,-3638.0,27,26,6,2018-11-07 16:05:16+00:00,2020-10-30 00:47:04+00:00,Senate,Idaho,,Democratic,R+19,19.0,False,False,33.3,general,722
Steve_Cohen_(politician),2020,110,73,5245.0,34,34,7,2018-11-24 03:43:45+00:00,2020-10-14 01:09:25+00:00,House,Tennessee,Tennessee 9,Democratic,D+28,-28.0,True,True,77.4,general,689
David_Trone,2020,109,47,7443.0,36,17,8,2018-11-07 05:26:45+00:00,2020-10-13 15:13:54+00:00,House,Maryland,Maryland 6,Democratic,D+6,-6.0,True,True,58.8,general,706
Al_Green_(politician),2020,108,78,704.0,24,29,5,2018-11-20 14:18:33+00:00,2020-10-01 14:43:19+00:00,House,Texas,Texas 9,Democratic,D+29,-29.0,True,True,75.5,general,681
Henry_Cuellar,2020,107,77,-162.0,30,33,10,2018-11-08 17:10:58+00:00,2020-10-01 15:01:19+00:00,House,Texas,Texas 28,Democratic,D+9,-9.0,True,True,58.3,general,692
Nikema_Williams,2020,107,42,8828.0,20,6,1,2018-11-15 22:44:32+00:00,2020-09-30 16:03:54+00:00,House,Georgia,Georgia 5,Democratic,D+34,-34.0,False,True,85.1,general,684
Paula_Jean_Swearengin,2020,107,61,8375.0,31,18,5,2018-12-17 20:08:02+00:00,2020-10-31 18:41:17+00:00,Senate,West Virginia,,Democratic,R+19,19.0,False,False,27.0,general,683
Andrew_Garbarino,2020,106,36,7033.0,21,15,2,2019-02-06 05:10:31+00:00,2020-10-18 10:27:34+00:00,House,New York,New York 2,Republican,R+3,3.0,False,True,52.9,general,620
Jamie_Raskin,2020,106,60,7817.0,21,29,6,2018-11-08 03:39:28+00:00,2020-11-03 00:08:26+00:00,House,Maryland,Maryland 8,Democratic,D+14,-14.0,True,True,68.2,general,725
Merav_Ben-David,2020,105,25,18350.0,9,3,4,2020-08-19 21:23:15+00:00,2020-10-31 18:52:20+00:00,Senate,Wyoming,,Democratic,R+25,25.0,False,False,26.9,general,72
Jeanne_Shaheen,2020,104,61,11169.0,27,23,11,2018-11-10 03:04:52+00:00,2020-11-03 19:37:32+00:00,Senate,New Hampshire,,Democratic,D+1,-1.0,False,True,56.7,general,724
Kevin_Hern,2020,104,41,9425.0,16,15,2,2018-11-07 04:40:13+00:00,2020-10-18 15:49:07+00:00,House,Oklahoma,Oklahoma 1,Republican,R+17,17.0,True,True,63.7,general,711
Mike_Levin,2020,104,62,4506.0,17,19,4,2018-11-07 22:36:13+00:00,2020-10-13 03:39:34+00:00,House,California,California 49,Democratic,R+1,1.0,True,True,53.1,general,705
Greg_Stanton,2020,103,63,6578.0,24,21,1,2018-11-07 05:33:59+00:00,2020-10-30 11:45:35+00:00,House,Arizona,Arizona 9,Democratic,D+4,-4.0,True,True,61.6,general,723
Veronica_Escobar,2020,103,54,8216.0,13,29,3,2018-11-07 07:29:28+00:00,2020-10-10 11:51:18+00:00,House,Texas,Texas 16,Democratic,D+17,-17.0,True,True,64.7,general,703
Bobby_Rush,2020,102,66,19597.0,22,29,9,2018-11-09 02:49:51+00:00,2020-10-09 01:17:18+00:00,House,Illinois,Illinois 1,Democratic,D+27,-27.0,True,True,73.8,general,699
Brad_Sherman,2020,102,58,5854.0,22,20,14,2018-11-11 02:39:35+00:00,2020-10-26 08:53:30+00:00,House,California,California 30,Democratic,D+18,-18.0,True,True,69.5,general,715
Michelle_Fischbach,2020,102,37,3908.0,10,13,1,2018-11-07 18:25:38+00:00,2020-11-02 17:22:55+00:00,House,Minnesota,Minnesota 7,Republican,R+12,12.0,False,True,53.4,general,725
Andy_Levin,2020,101,48,7015.0,13,17,3,2018-11-07 05:25:24+00:00,2020-10-10 12:02:22+00:00,House,Michigan,Michigan 9,Democratic,D+4,-4.0,True,True,57.7,general,703
Guy_Reschenthaler,2020,101,60,5187.0,15,23,3,2018-11-07 14:07:12+00:00,2020-10-10 12:12:51+00:00,House,Pennsylvania,Pennsylvania 14,Republican,R+14,14.0,True,True,64.7,general,702
Anthony_Gonzalez_(politician),2020,100,48,6047.0,11,45,5,2018-11-07 07:37:05+00:00,2020-11-02 22:07:25+00:00,House,Ohio,Ohio 16,Republican,R+8,8.0,True,True,63.2,general,726
Carolyn_Bourdeaux,2020,100,33,9455.0,13,42,3,2018-11-07 04:56:00+00:00,2020-10-18 21:31:32+00:00,House,Georgia,Georgia 7,Democratic,R+9,9.0,False,True,51.4,general,711
Greg_Steube,2020,100,66,7215.0,18,22,2,2018-11-07 19:22:28+00:00,2020-11-02 19:31:28+00:00,House,Florida,Florida 17,Republican,R+13,13.0,True,True,64.6,general,726
Trey_Hollingsworth,2020,100,46,10274.0,26,27,1,2018-11-22 22:36:27+00:00,2020-10-25 19:16:30+00:00,House,Indiana,Indiana 9,Republican,R+13,13.0,True,True,61.8,general,702
Steve_Chabot,2020,99,57,613.0,23,27,5,2018-11-07 03:43:06+00:00,2020-10-13 18:28:18+00:00,House,Ohio,Ohio 1,Republican,R+5,5.0,True,True,51.8,general,706
Susie_Lee,2020,99,41,5786.0,14,16,3,2018-11-07 15:00:26+00:00,2020-10-25 06:41:47+00:00,House,Nevada,Nevada 3,Democratic,R+2,2.0,True,True,48.8,general,717
Zoe_Lofgren,2020,99,55,7610.0,25,17,8,2018-11-18 00:38:56+00:00,2020-10-23 23:35:34+00:00,House,California,California 19,Democratic,D+24,-24.0,True,True,71.7,general,705
Darrell_Issa,2020,98,51,17979.0,26,0,13,2018-11-07 07:51:46+00:00,2020-10-29 14:42:21+00:00,House,California,California 50,Republican,R+11,11.0,False,True,54.0,general,722
Fred_Upton,2020,98,66,3709.0,20,21,6,2018-11-08 16:01:17+00:00,2020-10-27 22:57:03+00:00,House,Michigan,Michigan 6,Republican,R+4,4.0,True,True,55.8,general,719
Jeanne_Ives,2020,98,49,-39301.0,18,15,5,2018-11-11 19:31:18+00:00,2020-11-02 20:06:34+00:00,House,Illinois,Illinois 6,Republican,R+2,2.0,False,False,45.4,general,722
Kelly_Armstrong,2020,98,56,6202.0,17,16,3,2018-11-07 02:20:58+00:00,2020-10-15 23:45:32+00:00,House,North Dakota,North Dakota at-large,Republican,R+16,16.0,True,True,69.0,general,708
Pete_Stauber,2020,98,49,5859.0,19,12,3,2018-11-07 09:14:40+00:00,2020-10-10 12:20:12+00:00,House,Minnesota,Minnesota 8,Republican,R+4,4.0,True,True,56.7,general,703
Ami_Bera,2020,97,50,1499.0,24,10,10,2018-11-07 23:25:19+00:00,2020-11-01 12:40:34+00:00,House,California,California 7,Democratic,D+3,-3.0,True,True,56.6,general,724
Kay_Granger,2020,97,42,11713.0,10,12,6,2018-11-09 21:12:12+00:00,2020-10-18 14:59:52+00:00,House,Texas,Texas 12,Republican,R+18,18.0,True,True,63.7,general,708
Willie_Wilson_(businessman),2020,97,30,22699.0,15,9,4,2018-11-27 00:57:34+00:00,2020-10-26 01:26:12+00:00,Senate,Illinois,,Willie Wilson Party,D+7,-7.0,False,False,4.0,general,699
Katherine_Clark,2020,95,46,1251.0,28,15,3,2018-11-08 22:04:50+00:00,2020-10-27 06:54:48+00:00,House,Massachusetts,Massachusetts 5,Democratic,D+18,-18.0,True,True,74.3,general,718
Rosa_DeLauro,2020,95,62,4482.0,29,22,13,2018-11-10 01:21:18+00:00,2020-10-28 21:44:06+00:00,House,Connecticut,Connecticut 3,Democratic,D+9,-9.0,True,True,58.7,general,718
Tim_Burchett,2020,95,57,11340.0,15,22,6,2018-11-07 02:35:10+00:00,2020-10-22 21:07:03+00:00,House,Tennessee,Tennessee 2,Republican,R+20,20.0,True,True,67.6,general,715
Anthony_Brown_(Maryland_politician),2020,94,49,3329.0,22,32,8,2018-11-07 07:47:49+00:00,2020-10-31 02:18:47+00:00,House,Maryland,Maryland 4,Democratic,D+28,-28.0,True,True,79.6,general,723
Lance_Gooden,2020,94,53,7100.0,12,33,5,2018-11-08 04:34:39+00:00,2020-10-10 11:55:36+00:00,House,Texas,Texas 5,Republican,R+16,16.0,True,True,62.0,general,702
Raja_Krishnamoorthi,2020,94,56,7138.0,23,12,6,2018-11-14 10:42:42+00:00,2020-10-11 09:41:13+00:00,House,Illinois,Illinois 8,Democratic,D+8,-8.0,True,True,73.2,general,696
Paul_Tonko,2020,93,47,2186.0,25,22,8,2018-11-08 04:39:48+00:00,2020-10-30 15:36:46+00:00,House,New York,New York 20,Democratic,D+7,-7.0,True,True,61.2,general,722
Rick_Larsen,2020,93,66,4393.0,28,24,4,2018-11-07 15:32:05+00:00,2020-10-05 15:13:51+00:00,House,Washington,Washington 2,Democratic,D+10,-10.0,True,True,63.1,general,697
Nicole_Malliotakis,2020,92,56,4553.0,26,25,8,2019-01-12 19:00:52+00:00,2020-11-03 22:32:43+00:00,House,New York,New York 11,Republican,R+3,3.0,False,True,53.2,general,661
Qasim_Rashid,2020,92,40,9847.0,15,17,4,2019-01-24 06:10:47+00:00,2020-11-01 18:17:37+00:00,House,Virginia,Virginia 1,Democratic,R+8,8.0,False,False,41.7,general,647
Russ_Fulcher,2020,92,56,5573.0,23,23,3,2018-11-07 20:52:52+00:00,2020-10-10 11:52:31+00:00,House,Idaho,Idaho 1,Republican,R+21,21.0,True,True,67.8,general,702
Van_Taylor,2020,92,51,5696.0,21,19,4,2018-11-07 03:39:18+00:00,2020-11-03 06:22:18+00:00,House,Texas,Texas 3,Republican,R+13,13.0,True,True,55.1,general,727
Jim_McGovern_(American_politician),2020,91,53,4336.0,25,18,7,2018-11-08 08:45:39+00:00,2020-11-03 10:48:12+00:00,House,Massachusetts,Massachusetts 2,Democratic,D+9,-9.0,True,True,65.3,general,726
Mark_Amodei,2020,91,60,4972.0,14,26,5,2018-11-10 21:56:44+00:00,2020-10-21 22:11:54+00:00,House,Nevada,Nevada 2,Republican,R+7,7.0,True,True,56.5,general,711
John_Yarmuth,2020,90,58,10376.0,21,28,6,2018-11-14 02:21:55+00:00,2020-10-07 16:15:26+00:00,House,Kentucky,Kentucky 3,Democratic,D+6,-6.0,True,True,62.7,general,693
Stephanie_Murphy,2020,90,48,4544.0,13,25,4,2018-11-07 22:59:25+00:00,2020-10-09 12:40:17+00:00,House,Florida,Florida 7,Democratic,Even,0.0,True,True,55.3,general,701
Cathy_McMorris_Rodgers,2020,89,43,7364.0,17,25,5,2018-11-14 21:08:56+00:00,2020-10-31 16:42:30+00:00,House,Washington,Washington 5,Republican,R+8,8.0,True,True,61.3,general,716
Glenn_Grothman,2020,89,44,4356.0,17,25,7,2018-11-20 22:09:14+00:00,2020-11-03 11:14:46+00:00,House,Wisconsin,Wisconsin 6,Republican,R+8,8.0,True,True,59.2,general,713
John_Rose_(Tennessee_politician),2020,89,38,5731.0,21,10,2,2018-11-07 23:04:38+00:00,2020-10-27 06:15:01+00:00,House,Tennessee,Tennessee 6,Republican,R+24,24.0,True,True,73.7,general,719
Matt_Rosendale,2020,89,33,28919.0,18,34,4,2018-11-07 15:34:34+00:00,2020-10-27 18:59:03+00:00,House,Montana,Montana at-large,Republican,R+11,11.0,False,True,56.4,general,720
Ron_Wright_(politician),2020,89,42,10216.0,12,21,3,2018-11-07 05:04:36+00:00,2020-10-10 12:28:31+00:00,House,Texas,Texas 6,Republican,R+9,9.0,True,True,52.8,general,703
Tom_Emmer,2020,89,41,6078.0,19,10,3,2018-11-12 15:45:25+00:00,2020-10-08 17:55:05+00:00,House,Minnesota,Minnesota 6,Republican,R+12,12.0,True,True,65.7,general,696
Cedric_Richmond,2020,88,53,1957.0,18,16,7,2018-11-17 16:01:00+00:00,2020-10-29 14:57:00+00:00,House,Louisiana,Louisiana 2,Democratic,D+25,-25.0,True,True,63.6,general,711
Cheri_Bustos,2020,87,46,9659.0,20,8,9,2018-11-07 13:24:07+00:00,2020-10-29 12:51:37+00:00,House,Illinois,Illinois 17,Democratic,D+3,-3.0,True,True,52.0,general,721
Stephanie_Bice,2020,86,36,17193.0,18,14,4,2018-12-28 02:01:35+00:00,2020-10-30 06:08:40+00:00,House,Oklahoma,Oklahoma 5,Republican,R+10,10.0,False,True,52.1,general,672
Tom_Tiffany,2020,86,35,15041.0,14,15,0,2019-08-26 21:55:37+00:00,2020-10-10 12:31:12+00:00,House,Wisconsin,Wisconsin 7,Republican,,,False,True,57.2,special,410
Jan_Schakowsky,2020,85,46,33563.0,19,16,7,2018-11-13 08:15:34+00:00,2020-10-29 12:54:51+00:00,House,Illinois,Illinois 9,Democratic,D+18,-18.0,True,True,71.0,general,716
John_Curtis,2020,85,43,20982.0,15,16,3,2018-11-11 09:08:32+00:00,2020-10-14 17:24:48+00:00,House,Utah,Utah 3,Republican,R+25,25.0,True,True,68.7,general,703
Troy_Nehls,2020,85,23,8308.0,16,8,1,2020-06-23 19:28:28+00:00,2020-10-22 02:31:56+00:00,House,Texas,Texas 22,Republican,R+10,10.0,False,True,51.5,general,120
Virginia_Foxx,2020,85,69,795.0,20,28,4,2018-11-07 01:30:37+00:00,2020-10-08 15:39:26+00:00,House,North Carolina,North Carolina 5,Republican,R+18,18.0,True,True,66.9,general,701
Al_Gross_(politician),2020,84,21,15620.0,8,16,3,2020-08-23 16:00:26+00:00,2020-11-02 06:26:10+00:00,Senate,Alaska,,Independent,R+9,9.0,False,False,41.2,general,70
Dan_Meuser,2020,84,50,6857.0,20,19,5,2018-11-07 21:10:31+00:00,2020-10-10 12:06:27+00:00,House,Pennsylvania,Pennsylvania 9,Republican,R+14,14.0,True,True,66.3,general,702
Frederica_Wilson,2020,84,58,859.0,22,22,8,2018-11-07 02:49:23+00:00,2020-10-15 18:29:13+00:00,House,Florida,Florida 24,Democratic,D+34,-34.0,True,True,75.6,general,708
Alcee_Hastings,2020,82,60,6122.0,23,18,8,2018-11-07 15:02:57+00:00,2020-10-28 01:33:10+00:00,House,Florida,Florida 20,Democratic,D+31,-31.0,True,True,78.7,general,720
Mark_DeSaulnier,2020,82,42,4756.0,15,12,4,2018-11-12 15:50:00+00:00,2020-10-08 11:22:42+00:00,House,California,California 11,Democratic,D+21,-21.0,True,True,73.0,general,695
Michael_McCaul,2020,82,55,-1749.0,21,17,2,2018-11-27 08:31:00+00:00,2020-10-29 10:07:47+00:00,House,Texas,Texas 10,Republican,R+9,9.0,True,True,52.5,general,702
Andy_Harris_(politician),2020,81,62,4392.0,23,17,8,2018-11-07 05:04:06+00:00,2020-10-30 12:45:39+00:00,House,Maryland,Maryland 1,Republican,R+14,14.0,True,True,63.4,general,723
Amy_Kennedy,2020,80,26,8978.0,9,12,2,2020-06-25 20:47:28+00:00,2020-10-30 19:25:55+00:00,House,New Jersey,New Jersey 2,Democratic,R+1,1.0,False,False,46.2,general,126
Jack_Reed_(Rhode_Island_politician),2020,80,46,10824.0,15,16,6,2018-11-10 15:03:58+00:00,2020-10-31 02:23:17+00:00,Senate,Rhode Island,,Democratic,D+10,-10.0,False,True,66.6,general,720
Mike_Gallagher_(American_politician),2020,80,38,19705.0,11,9,5,2018-11-17 01:48:12+00:00,2020-11-03 22:51:54+00:00,House,Wisconsin,Wisconsin 8,Republican,R+7,7.0,True,True,64.2,general,717
Ralph_Norman,2020,80,47,11649.0,16,13,3,2018-11-14 15:39:25+00:00,2020-10-09 12:47:45+00:00,House,South Carolina,South Carolina 5,Republican,R+9,9.0,True,True,60.1,general,694
Darin_LaHood,2020,79,53,6589.0,20,32,4,2018-11-12 23:38:38+00:00,2020-10-09 07:31:58+00:00,House,Illinois,Illinois 18,Republican,R+15,15.0,True,True,70.4,general,696
Darren_Soto,2020,79,39,9742.0,18,10,5,2018-11-23 17:16:15+00:00,2020-10-09 12:44:38+00:00,House,Florida,Florida 9,Democratic,D+5,-5.0,True,True,56.0,general,685
Gina_Ortiz_Jones,2020,79,50,1754.0,19,24,4,2018-11-07 23:27:02+00:00,2020-10-28 14:05:12+00:00,House,Texas,Texas 23,Democratic,R+1,1.0,False,False,46.6,general,720
Scott_Perry,2020,79,34,6439.0,18,9,1,2018-11-11 04:29:08+00:00,2020-10-20 19:39:10+00:00,House,Pennsylvania,Pennsylvania 10,Republican,R+6,6.0,True,True,53.3,general,709
Sean_Patrick_Maloney,2020,79,44,2423.0,16,20,5,2018-12-02 09:22:22+00:00,2020-10-07 11:19:47+00:00,House,New York,New York 18,Democratic,R+1,1.0,True,True,55.8,general,675
Bennie_Thompson,2020,78,41,2170.0,14,19,5,2018-11-07 11:00:11+00:00,2020-10-13 12:58:17+00:00,House,Mississippi,Mississippi 2,Democratic,D+14,-14.0,True,True,66.0,general,706
David_Cicilline,2020,78,36,9826.0,27,11,5,2018-11-08 06:06:41+00:00,2020-10-29 10:33:47+00:00,House,Rhode Island,Rhode Island 1,Democratic,D+16,-16.0,True,True,70.8,general,721
John_Katko,2020,78,38,860.0,12,18,3,2018-11-18 14:00:23+00:00,2020-10-08 11:28:29+00:00,House,New York,New York 24,Republican,D+3,-3.0,True,True,53.1,general,689
Bonnie_Watson_Coleman,2020,77,47,4434.0,18,19,5,2018-11-17 00:39:14+00:00,2020-11-02 20:15:03+00:00,House,New Jersey,New Jersey 12,Democratic,D+16,-16.0,True,True,65.6,general,716
David_Schweikert,2020,77,52,3682.0,13,18,6,2018-11-12 15:47:51+00:00,2020-11-01 21:05:56+00:00,House,Arizona,Arizona 6,Republican,R+9,9.0,True,True,52.2,general,720
Joseph_Morelle,2020,77,35,7958.0,13,15,2,2018-11-07 07:04:07+00:00,2020-10-12 03:57:09+00:00,House,New York,New York 25,Democratic,D+8,-8.0,True,True,59.3,general,704
Adriano_Espaillat,2020,76,43,3551.0,11,16,5,2018-11-12 15:31:20+00:00,2020-10-20 07:58:09+00:00,House,New York,New York 13,Democratic,D+43,-43.0,True,True,90.9,general,707
Dutch_Ruppersberger,2020,76,47,5259.0,16,16,4,2018-11-07 14:18:24+00:00,2020-10-05 16:02:05+00:00,House,Maryland,Maryland 2,Democratic,D+11,-11.0,True,True,67.7,general,698
Ted_Deutch,2020,76,52,4653.0,16,16,1,2018-11-17 19:26:45+00:00,2020-10-29 13:22:07+00:00,House,Florida,Florida 22,Democratic,D+6,-6.0,True,True,58.6,general,711
Tom_McClintock,2020,76,53,6075.0,21,15,8,2018-11-10 19:05:11+00:00,2020-10-15 20:00:23+00:00,House,California,California 4,Republican,R+10,10.0,True,True,55.9,general,705
Bobby_Scott_(politician),2020,75,41,-185.0,11,16,7,2018-11-07 15:49:31+00:00,2020-10-09 17:04:06+00:00,House,Virginia,Virginia 3,Democratic,D+16,-16.0,True,True,68.4,general,702
Eugene_DePasquale,2020,75,35,-5951.0,12,11,7,2018-11-10 05:30:31+00:00,2020-10-15 05:42:02+00:00,House,Pennsylvania,Pennsylvania 10,Democratic,R+6,6.0,False,False,46.7,general,705
French_Hill_(politician),2020,75,38,3136.0,9,12,1,2018-11-12 18:56:59+00:00,2020-11-03 19:10:31+00:00,House,Arkansas,Arkansas 2,Republican,R+7,7.0,True,True,55.4,general,722
J._D._Scholten,2020,75,16,6507.0,16,0,2,2018-11-07 04:50:59+00:00,2020-10-09 17:14:46+00:00,House,Iowa,Iowa 4,Democratic,R+11,11.0,False,False,37.8,general,702
Roger_Williams_(Texas_politician),2020,75,44,7366.0,20,13,6,2018-11-10 14:55:34+00:00,2020-11-01 15:29:48+00:00,House,Texas,Texas 25,Republican,R+11,11.0,True,True,55.9,general,722
Suzan_DelBene,2020,75,48,9066.0,19,16,5,2018-11-10 18:00:32+00:00,2020-10-06 11:50:26+00:00,House,Washington,Washington 1,Democratic,D+6,-6.0,True,True,58.6,general,695
Chuck_Fleischmann,2020,74,58,-31.0,17,29,3,2018-11-25 23:30:48+00:00,2020-10-07 22:02:52+00:00,House,Tennessee,Tennessee 3,Republican,R+18,18.0,True,True,67.3,general,681
Don_Beyer,2020,74,41,2932.0,11,19,5,2018-11-07 07:41:56+00:00,2020-11-03 16:53:21+00:00,House,Virginia,Virginia 8,Democratic,D+21,-21.0,True,True,75.8,general,727
Marcia_Fudge,2020,74,48,3662.0,11,27,4,2018-11-15 01:02:51+00:00,2020-10-07 23:00:58+00:00,House,Ohio,Ohio 11,Democratic,D+32,-32.0,True,True,80.1,general,692
Trent_Kelly,2020,74,44,730.0,26,15,3,2018-11-21 12:58:17+00:00,2020-10-26 23:05:59+00:00,House,Mississippi,Mississippi 1,Republican,R+16,16.0,True,True,68.8,general,705
John_Carter_(Texas_politician),2020,73,35,4106.0,20,11,4,2018-11-07 22:38:05+00:00,2020-11-02 04:34:07+00:00,House,Texas,Texas 31,Republican,R+10,10.0,True,True,53.4,general,725
Mark_Curran,2020,73,41,2542.0,17,21,2,2018-11-21 01:39:38+00:00,2020-10-23 16:29:35+00:00,Senate,Illinois,,Republican,D+7,-7.0,False,False,38.9,general,702
Richard_Hudson_(American_politician),2020,73,29,4142.0,16,5,5,2018-12-06 02:01:42+00:00,2020-10-16 13:50:59+00:00,House,North Carolina,North Carolina 8,Republican,R+5,5.0,True,True,53.3,general,680
Kathleen_Williams_(politician),2020,72,40,3298.0,19,17,4,2018-11-07 03:17:36+00:00,2020-10-30 16:59:35+00:00,House,Montana,Montana at-large,Democratic,R+11,11.0,False,False,43.6,general,723
Ron_Kind,2020,72,49,1607.0,13,34,3,2018-11-16 14:49:35+00:00,2020-10-26 23:09:30+00:00,House,Wisconsin,Wisconsin 3,Democratic,Even,0.0,True,True,51.3,general,710
Sheila_Jackson_Lee,2020,72,47,5859.0,20,0,7,2018-11-29 04:14:01+00:00,2020-11-02 16:21:02+00:00,House,Texas,Texas 18,Democratic,D+27,-27.0,True,True,73.3,general,704
Yvette_Herrell,2020,72,37,7513.0,10,17,3,2018-11-07 06:19:59+00:00,2020-09-13 20:58:34+00:00,House,New Mexico,New Mexico 2,Republican,R+6,6.0,False,True,53.7,general,676
Rick_Crawford_(politician),2020,71,29,15433.0,18,11,2,2018-11-27 16:23:38+00:00,2020-10-30 02:23:08+00:00,House,Arkansas,Arkansas 1,Republican,R+17,17.0,True,True,100.0,general,702
Robert_Aderholt,2020,71,51,6775.0,18,23,6,2018-11-09 17:28:26+00:00,2020-11-03 06:22:31+00:00,House,Alabama,Alabama 4,Republican,R+30,30.0,True,True,82.2,general,724
Brendan_Boyle,2020,70,41,3491.0,14,11,4,2018-11-11 04:15:06+00:00,2020-10-09 16:42:48+00:00,House,Pennsylvania,Pennsylvania 2,Democratic,D+25,-25.0,True,True,72.5,general,698
Doug_LaMalfa,2020,70,41,3394.0,9,25,6,2018-11-27 09:02:03+00:00,2020-10-24 05:28:51+00:00,House,California,California 1,Republican,R+11,11.0,True,True,57.0,general,696
Earl_Blumenauer,2020,70,38,4324.0,17,7,6,2018-11-24 16:33:33+00:00,2020-10-01 14:13:54+00:00,House,Oregon,Oregon 3,Democratic,D+24,-24.0,True,True,73.0,general,676
Norma_Torres,2020,70,43,2543.0,8,20,3,2018-11-07 15:08:19+00:00,2020-10-08 11:36:51+00:00,House,California,California 35,Democratic,D+19,-19.0,True,True,69.3,general,700
Tom_Reed_(politician),2020,70,48,1610.0,18,20,4,2018-11-08 01:26:23+00:00,2020-11-03 18:25:45+00:00,House,New York,New York 23,Republican,R+6,6.0,True,True,57.7,general,726
Derek_Kilmer,2020,69,43,2916.0,15,17,4,2018-12-01 03:40:32+00:00,2020-10-07 11:17:31+00:00,House,Washington,Washington 6,Democratic,D+6,-6.0,True,True,59.3,general,676
Donald_McEachin,2020,69,43,2982.0,13,19,1,2018-11-25 01:01:24+00:00,2020-10-09 12:39:11+00:00,House,Virginia,Virginia 4,Democratic,D+10,-10.0,True,True,61.6,general,684
Joyce_Beatty,2020,69,37,8051.0,8,27,2,2018-11-09 01:06:51+00:00,2020-10-23 22:59:25+00:00,House,Ohio,Ohio 3,Democratic,D+19,-19.0,True,True,70.8,general,714
Chellie_Pingree,2020,68,40,5008.0,15,13,7,2018-11-15 22:32:09+00:00,2020-11-03 00:17:01+00:00,House,Maine,Maine 1,Democratic,D+8,-8.0,True,True,62.2,general,718
John_Joyce_(American_politician),2020,68,27,6211.0,11,5,0,2018-11-07 02:40:27+00:00,2020-10-10 12:01:04+00:00,House,Pennsylvania,Pennsylvania 13,Republican,R+22,22.0,True,True,73.5,general,703
Judy_Chu,2020,68,39,2975.0,12,11,6,2019-01-04 14:32:47+00:00,2020-10-31 17:42:02+00:00,House,California,California 27,Democratic,D+16,-16.0,True,True,69.8,general,666
Marcy_Kaptur,2020,68,38,2343.0,19,14,9,2018-11-16 19:06:40+00:00,2020-10-01 13:43:07+00:00,House,Ohio,Ohio 9,Democratic,D+14,-14.0,True,True,63.1,general,684
Wendy_Davis_(politician),2020,68,35,-503.0,19,12,7,2018-11-07 13:20:56+00:00,2020-10-28 22:24:18+00:00,House,Texas,Texas 21,Democratic,R+10,10.0,False,False,45.3,general,721
Anna_Eshoo,2020,67,49,888.0,9,23,7,2018-11-30 01:05:21+00:00,2020-11-01 19:50:41+00:00,House,California,California 18,Democratic,D+23,-23.0,True,True,63.2,general,702
Carol_Miller_(politician),2020,67,42,8771.0,13,13,2,2018-11-07 09:19:59+00:00,2020-10-10 12:06:50+00:00,House,West Virginia,West Virginia 3,Republican,R+23,23.0,True,True,71.3,general,703
Dwight_Evans_(politician),2020,67,42,2175.0,13,10,3,2018-11-08 01:59:51+00:00,2020-10-31 22:32:58+00:00,House,Pennsylvania,Pennsylvania 3,Democratic,D+41,-41.0,True,True,91.0,general,723
John_Garamendi,2020,67,44,922.0,16,19,5,2018-11-07 01:29:55+00:00,2020-10-20 15:45:09+00:00,House,California,California 3,Democratic,D+5,-5.0,True,True,54.7,general,713
Joyce_Elliott,2020,67,34,5939.0,18,16,3,2019-01-05 16:33:58+00:00,2020-11-02 01:12:59+00:00,House,Arkansas,Arkansas 2,Democratic,R+7,7.0,False,False,44.6,general,666
Kael_Weston,2020,67,17,11112.0,9,0,2,2020-04-27 04:17:10+00:00,2020-10-21 18:47:26+00:00,House,Utah,Utah 2,Democratic,R+16,16.0,False,False,36.6,general,177
Kevin_Brady,2020,67,44,3053.0,16,23,5,2018-11-09 21:11:50+00:00,2020-10-22 01:37:46+00:00,House,Texas,Texas 8,Republican,R+28,28.0,True,True,72.5,general,712
Mike_Turner,2020,67,47,13360.0,10,34,2,2018-11-16 19:03:02+00:00,2020-11-01 16:09:58+00:00,House,Ohio,Ohio 10,Republican,R+4,4.0,True,True,58.4,general,715
Salud_Carbajal,2020,67,44,1719.0,12,13,4,2018-11-18 00:44:30+00:00,2020-10-17 18:56:00+00:00,House,California,California 24,Democratic,D+7,-7.0,True,True,58.7,general,699
Vicente_Gonzalez_(American_politician),2020,67,26,6689.0,11,7,4,2018-11-20 00:10:36+00:00,2020-10-09 12:32:06+00:00,House,Texas,Texas 15,Democratic,D+7,-7.0,True,True,50.5,general,689
Bill_Cassidy,2020,66,45,17914.0,16,13,8,2018-11-09 16:29:43+00:00,2020-10-26 00:35:31+00:00,Senate,Louisiana,,Republican,R+11,11.0,False,True,59.3,general,716
Cynthia_Lummis,2020,66,43,-656.0,16,13,9,2018-12-19 01:16:15+00:00,2020-10-21 21:01:50+00:00,Senate,Wyoming,,Republican,R+25,25.0,False,True,73.1,general,672
Jim_Banks,2020,66,48,1082.0,14,21,5,2018-11-22 22:28:13+00:00,2020-10-31 03:27:58+00:00,House,Indiana,Indiana 3,Republican,R+18,18.0,True,True,67.8,general,708
Kathy_Castor,2020,66,42,956.0,18,11,5,2018-11-23 17:23:53+00:00,2020-10-24 16:36:59+00:00,House,Florida,Florida 14,Democratic,D+7,-7.0,True,True,60.3,general,700
Lois_Frankel,2020,66,41,4775.0,14,12,4,2018-11-29 14:02:54+00:00,2020-10-26 18:21:16+00:00,House,Florida,Florida 21,Democratic,D+9,-9.0,True,True,59.0,general,697
Marilyn_Strickland,2020,66,18,5385.0,15,10,2,2020-01-01 17:17:24+00:00,2020-10-18 22:57:00+00:00,House,Washington,Washington 10,Democratic,D+5,-5.0,False,True,49.3,general,291
Mike_Bost,2020,66,43,14535.0,19,14,4,2018-11-29 00:48:01+00:00,2020-10-20 06:52:39+00:00,House,Illinois,Illinois 12,Republican,R+5,5.0,True,True,60.4,general,691
Peter_Welch,2020,66,43,1646.0,19,20,3,2018-12-11 11:46:13+00:00,2020-10-05 16:23:30+00:00,House,Vermont,Vermont at-large,Democratic,D+15,-15.0,True,True,67.3,general,664
Gerry_Connolly,2020,65,43,1987.0,15,17,9,2018-11-19 06:42:03+00:00,2020-10-18 23:25:55+00:00,House,Virginia,Virginia 11,Democratic,D+15,-15.0,True,True,71.4,general,699
Victoria_Spartz,2020,65,34,4559.0,9,16,2,2018-11-26 03:31:15+00:00,2020-10-25 14:12:23+00:00,House,Indiana,Indiana 5,Republican,R+9,9.0,False,True,50.0,general,699
Mike_Doyle_(American_politician),2020,64,43,4605.0,23,18,6,2018-11-07 13:44:55+00:00,2020-10-01 14:31:07+00:00,House,Pennsylvania,Pennsylvania 18,Democratic,D+13,-13.0,True,True,69.3,general,694
Stephen_Lynch_(politician),2020,64,43,2358.0,14,20,5,2018-11-18 00:47:04+00:00,2020-10-26 16:59:43+00:00,House,Massachusetts,Massachusetts 8,Democratic,D+10,-10.0,True,True,80.7,general,708
Michelle_De_La_Isla,2020,63,33,657.0,12,15,3,2018-11-25 23:31:55+00:00,2020-10-24 20:57:37+00:00,House,Kansas,Kansas 2,Democratic,R+10,10.0,False,False,40.6,general,698
Thomas_Kean_Jr.,2020,63,41,2471.0,14,19,5,2018-11-18 21:51:36+00:00,2020-10-29 23:11:16+00:00,House,New Jersey,New Jersey 7,Republican,R+3,3.0,False,False,49.4,general,711
Barry_Loudermilk,2020,62,38,1611.0,13,19,4,2018-11-17 15:22:32+00:00,2020-10-08 11:30:47+00:00,House,Georgia,Georgia 11,Republican,R+17,17.0,True,True,60.4,general,690
Deborah_Ross_(politician),2020,62,34,4378.0,12,15,6,2018-12-17 20:06:30+00:00,2020-10-28 02:22:07+00:00,House,North Carolina,North Carolina 2,Democratic,D+9,-9.0,False,True,63.0,general,680
Frank_Pallone,2020,62,43,2865.0,16,23,6,2018-11-08 16:57:16+00:00,2020-10-25 00:50:12+00:00,House,New Jersey,New Jersey 6,Democratic,D+9,-9.0,True,True,61.2,general,716
Jake_LaTurner,2020,62,34,13155.0,17,11,3,2018-11-12 06:14:05+00:00,2020-10-30 17:34:52+00:00,House,Kansas,Kansas 2,Republican,R+10,10.0,False,True,55.2,general,718
Jody_Hice,2020,62,42,1365.0,10,20,5,2018-11-17 15:21:09+00:00,2020-10-08 11:26:22+00:00,House,Georgia,Georgia 10,Republican,R+15,15.0,True,True,62.3,general,690
Scott_DesJarlais,2020,62,44,1175.0,15,18,2,2018-11-15 14:54:47+00:00,2020-10-30 22:33:48+00:00,House,Tennessee,Tennessee 4,Republican,R+20,20.0,True,True,66.7,general,715
Warren_Davidson,2020,62,33,24796.0,23,15,2,2018-11-13 11:57:37+00:00,2020-10-26 23:05:40+00:00,House,Ohio,Ohio 8,Republican,R+17,17.0,True,True,69.0,general,713
David_Kustoff,2020,61,36,6970.0,10,14,5,2018-11-25 23:36:27+00:00,2020-10-20 15:21:45+00:00,House,Tennessee,Tennessee 8,Republican,R+19,19.0,True,True,68.5,general,694
G._K._Butterfield,2020,61,34,4784.0,13,23,6,2018-11-25 20:07:07+00:00,2020-10-28 18:36:02+00:00,House,North Carolina,North Carolina 1,Democratic,D+5,-5.0,True,True,54.2,general,702
Jim_Himes,2020,61,44,-3305.0,10,21,5,2018-11-17 00:53:12+00:00,2020-09-30 22:00:20+00:00,House,Connecticut,Connecticut 4,Democratic,D+7,-7.0,True,True,62.2,general,683
Markwayne_Mullin,2020,61,39,-202.0,12,15,3,2018-11-07 13:29:00+00:00,2020-10-08 15:01:26+00:00,House,Oklahoma,Oklahoma 2,Republican,R+24,24.0,True,True,75.0,general,701
Drew_Ferguson_(politician),2020,60,37,1744.0,12,9,4,2018-11-28 00:18:21+00:00,2020-10-08 11:52:56+00:00,House,Georgia,Georgia 3,Republican,R+18,18.0,True,True,65.0,general,680
Jim_Oberweis,2020,60,28,16081.0,11,12,5,2019-02-03 06:38:15+00:00,2020-10-22 19:17:35+00:00,House,Illinois,Illinois 14,Republican,R+5,5.0,False,False,49.3,general,627
Lisa_Blunt_Rochester,2020,60,32,3838.0,10,10,3,2018-11-09 00:22:51+00:00,2020-10-17 18:57:55+00:00,House,Delaware,Delaware at-large,Democratic,D+6,-6.0,True,True,57.6,general,708
Lloyd_Smucker,2020,60,30,1840.0,12,6,3,2018-11-11 04:33:48+00:00,2020-10-29 10:50:38+00:00,House,Pennsylvania,Pennsylvania 11,Republican,R+14,14.0,True,True,63.1,general,718
Raul_Ruiz_(politician),2020,60,39,1718.0,10,20,4,2018-11-08 05:20:32+00:00,2020-10-07 11:24:29+00:00,House,California,California 36,Democratic,D+2,-2.0,True,True,60.3,general,699
Ron_Estes,2020,60,43,1982.0,14,18,2,2018-12-14 16:10:14+00:00,2020-10-16 16:35:12+00:00,House,Kansas,Kansas 4,Republican,R+15,15.0,True,True,63.7,general,672
Daniel_Webster_(Florida_politician),2020,59,34,3011.0,12,10,8,2018-11-23 15:43:14+00:00,2020-10-27 18:46:59+00:00,House,Florida,Florida 11,Republican,R+15,15.0,True,True,66.7,general,704
Sanford_Bishop,2020,59,42,3672.0,20,20,4,2018-11-17 15:12:17+00:00,2020-10-26 23:14:18+00:00,House,Georgia,Georgia 2,Democratic,D+6,-6.0,True,True,59.1,general,709
Ann_Wagner,2020,58,34,-5317.0,13,13,7,2018-11-14 16:46:30+00:00,2020-10-27 19:20:16+00:00,House,Missouri,Missouri 2,Republican,R+8,8.0,True,True,51.9,general,713
John_Rutherford_(Florida_politician),2020,58,37,1010.0,12,20,2,2018-11-08 23:28:32+00:00,2020-10-09 12:43:30+00:00,House,Florida,Florida 4,Republican,R+17,17.0,True,True,61.1,general,700
Mike_Rogers_(Alabama_politician),2020,58,33,7719.0,19,7,4,2018-11-12 22:11:45+00:00,2020-10-29 18:32:37+00:00,House,Alabama,Alabama 3,Republican,R+16,16.0,True,True,67.5,general,716
Donald_Norcross,2020,57,31,2172.0,10,15,4,2019-01-06 22:29:57+00:00,2020-10-26 23:04:48+00:00,House,New Jersey,New Jersey 1,Democratic,D+13,-13.0,True,True,62.5,general,659
Jackie_Walorski,2020,57,32,-674.0,13,14,3,2018-11-22 22:26:26+00:00,2020-11-02 03:12:49+00:00,House,Indiana,Indiana 2,Republican,R+11,11.0,True,True,61.5,general,710
Michael_C._Burgess,2020,57,41,-4368.0,17,9,8,2018-11-07 22:38:30+00:00,2020-11-02 19:17:20+00:00,House,Texas,Texas 26,Republican,R+18,18.0,True,True,60.6,general,725
Michael_Guest_(politician),2020,57,25,6334.0,8,3,0,2018-11-07 01:32:01+00:00,2020-10-10 11:56:39+00:00,House,Mississippi,Mississippi 3,Republican,R+13,13.0,True,True,64.7,general,703
Al_Lawson,2020,56,34,1718.0,15,13,5,2018-11-23 17:11:43+00:00,2020-11-01 04:01:04+00:00,House,Florida,Florida 5,Democratic,D+12,-12.0,True,True,65.1,general,708
Brad_Schneider,2020,56,37,8255.0,13,15,6,2018-11-11 02:32:17+00:00,2020-10-08 11:42:33+00:00,House,Illinois,Illinois 10,Democratic,D+10,-10.0,True,True,63.9,general,697
Brenda_Lawrence,2020,56,28,1905.0,15,10,5,2018-11-11 19:27:59+00:00,2020-10-12 13:38:31+00:00,House,Michigan,Michigan 14,Democratic,D+30,-30.0,True,True,79.3,general,700
Dina_Titus,2020,56,40,2726.0,14,15,4,2018-11-10 07:31:51+00:00,2020-10-30 07:06:35+00:00,House,Nevada,Nevada 1,Democratic,D+15,-15.0,True,True,61.8,general,719
Gus_Bilirakis,2020,56,36,2046.0,15,13,4,2018-11-12 23:38:49+00:00,2020-10-29 10:40:22+00:00,House,Florida,Florida 12,Republican,R+8,8.0,True,True,62.9,general,716
Lloyd_Doggett,2020,56,42,2287.0,13,17,5,2018-11-08 07:22:09+00:00,2020-10-04 12:17:55+00:00,House,Texas,Texas 35,Democratic,D+15,-15.0,True,True,65.4,general,696
Mike_Rounds,2020,56,42,13810.0,17,10,6,2018-11-11 14:12:21+00:00,2020-10-20 07:02:19+00:00,Senate,South Dakota,,Republican,R+14,14.0,False,True,65.7,general,708
Pat_Fallon,2020,56,29,682.0,10,13,4,2018-11-15 01:25:50+00:00,2020-11-03 20:37:40+00:00,House,Texas,Texas 4,Republican,R+28,28.0,False,True,75.1,general,719
Peter_DeFazio,2020,56,37,-2634.0,15,12,7,2018-11-14 04:13:45+00:00,2020-10-24 00:21:45+00:00,House,Oregon,Oregon 4,Democratic,Even,0.0,True,True,51.5,general,709
Jim_Costa,2020,55,40,4327.0,13,9,4,2018-11-28 01:54:28+00:00,2020-10-18 21:59:35+00:00,House,California,California 16,Democratic,D+9,-9.0,True,True,59.4,general,690
Mark_Takano,2020,55,32,1164.0,15,7,3,2018-12-02 15:32:50+00:00,2020-10-26 20:49:35+00:00,House,California,California 41,Democratic,D+12,-12.0,True,True,64.0,general,694
Neal_Dunn,2020,55,40,1236.0,13,15,2,2018-11-07 07:24:15+00:00,2020-11-01 13:10:24+00:00,House,Florida,Florida 2,Republican,R+18,18.0,True,True,97.9,general,725
Scott_Peters_(politician),2020,55,30,2288.0,7,10,3,2018-11-13 17:41:41+00:00,2020-10-10 23:22:28+00:00,House,California,California 52,Democratic,D+6,-6.0,True,True,61.6,general,697
David_Rouzer,2020,54,37,3559.0,9,14,1,2018-12-06 01:58:42+00:00,2020-10-08 11:35:37+00:00,House,North Carolina,North Carolina 7,Republican,R+11,11.0,True,True,60.2,general,672
Hal_Rogers,2020,54,50,117.0,7,16,5,2018-11-09 01:33:47+00:00,2020-10-09 02:02:15+00:00,House,Kentucky,Kentucky 5,Republican,R+31,31.0,True,True,84.2,general,700
Jeff_Fortenberry,2020,54,44,-336.0,15,13,4,2018-11-08 00:16:27+00:00,2020-10-08 17:32:21+00:00,House,Nebraska,Nebraska 1,Republican,R+11,11.0,True,True,59.5,general,700
Patrick_McHenry,2020,54,37,-5101.0,15,11,7,2018-11-15 02:49:10+00:00,2020-09-02 19:11:10+00:00,House,North Carolina,North Carolina 10,Republican,R+20,20.0,True,True,68.9,general,657
Annie_Kuster,2020,53,32,1133.0,12,14,7,2018-12-21 00:27:33+00:00,2020-11-02 23:27:45+00:00,House,New Hampshire,New Hampshire 2,Democratic,D+2,-2.0,True,True,53.9,general,682
Betty_McCollum,2020,53,38,2700.0,8,11,4,2018-11-25 13:58:01+00:00,2020-09-30 14:24:19+00:00,House,Minnesota,Minnesota 4,DFL,D+14,-14.0,True,True,63.2,general,675
Bill_Pascrell,2020,53,31,335.0,9,14,4,2018-11-07 03:30:01+00:00,2020-10-29 19:50:10+00:00,House,New Jersey,New Jersey 9,Democratic,D+16,-16.0,True,True,65.8,general,722
Daniel_Ahlers,2020,53,24,5776.0,9,6,3,2018-11-15 19:11:59+00:00,2020-10-20 00:55:22+00:00,Senate,South Dakota,,Democratic,R+14,14.0,False,False,34.3,general,704
David_Young_(Iowa_politician),2020,53,34,3319.0,10,13,6,2018-11-07 03:50:04+00:00,2020-09-30 15:16:57+00:00,House,Iowa,Iowa 3,Republican,R+1,1.0,False,False,47.6,general,693
Diane_Mitsch_Bush,2020,53,27,-5885.0,12,6,5,2019-01-08 02:45:00+00:00,2020-10-12 15:29:17+00:00,House,Colorado,Colorado 3,Democratic,R+6,6.0,False,False,45.2,general,643
Kathleen_Rice,2020,53,33,1873.0,11,9,4,2018-11-29 20:42:13+00:00,2020-10-23 16:05:54+00:00,House,New York,New York 4,Democratic,D+4,-4.0,True,True,56.1,general,693
Garret_Graves,2020,52,32,563.0,9,17,4,2018-11-08 17:52:21+00:00,2020-10-30 15:06:08+00:00,House,Louisiana,Louisiana 6,Republican,R+19,19.0,True,True,71.0,general,721
Glenn_Thompson_(politician),2020,51,32,2195.0,6,8,2,2018-11-10 23:03:09+00:00,2020-10-08 17:38:24+00:00,House,Pennsylvania,Pennsylvania 15,Republican,R+20,20.0,True,True,73.5,general,697
Gwen_Moore,2020,51,42,214.0,12,9,7,2018-11-07 07:38:53+00:00,2020-11-01 18:55:43+00:00,House,Wisconsin,Wisconsin 4,Democratic,D+25,-25.0,True,True,74.7,general,725
Mariannette_Miller-Meeks,2020,51,27,5573.0,11,11,0,2018-11-12 23:53:04+00:00,2020-10-25 00:56:28+00:00,House,Iowa,Iowa 2,Republican,D+1,-1.0,False,True,49.912,general,712
Pete_Aguilar,2020,51,27,11361.0,6,13,5,2018-11-12 15:23:13+00:00,2020-10-07 11:37:34+00:00,House,California,California 31,Democratic,D+8,-8.0,True,True,61.3,general,694
Rob_Wittman,2020,51,35,2043.0,5,14,2,2019-01-06 04:49:50+00:00,2020-11-01 01:04:15+00:00,House,Virginia,Virginia 1,Republican,R+8,8.0,True,True,58.2,general,664
Diana_DeGette,2020,50,31,2028.0,9,12,3,2018-12-09 23:24:46+00:00,2020-10-15 19:42:59+00:00,House,Colorado,Colorado 1,Democratic,D+21,-21.0,True,True,73.6,general,675
Bill_Posey,2020,49,32,2125.0,5,16,5,2018-11-23 17:14:54+00:00,2020-10-08 13:54:14+00:00,House,Florida,Florida 8,Republican,R+11,11.0,True,True,61.4,general,684
Jared_Huffman,2020,49,25,2133.0,9,2,4,2018-12-02 15:36:18+00:00,2020-10-07 11:14:10+00:00,House,California,California 2,Democratic,D+22,-22.0,True,True,75.7,general,674
Jill_Schupp,2020,49,19,4014.0,13,6,1,2019-02-05 23:11:35+00:00,2020-10-23 19:28:14+00:00,House,Missouri,Missouri 2,Democratic,R+8,8.0,False,False,45.5,general,625
Jon_Hoadley,2020,49,17,3425.0,9,17,2,2019-04-10 00:24:52+00:00,2020-10-16 16:43:37+00:00,House,Michigan,Michigan 6,Democratic,R+4,4.0,False,False,40.1,general,555
Suzanne_Bonamici,2020,49,26,6610.0,13,14,1,2018-11-20 22:57:16+00:00,2020-10-06 11:49:51+00:00,House,Oregon,Oregon 1,Democratic,D+9,-9.0,True,True,64.6,general,685
Ted_Budd,2020,49,31,628.0,11,9,2,2018-11-10 16:09:43+00:00,2020-10-31 22:41:56+00:00,House,North Carolina,North Carolina 13,Republican,R+19,19.0,True,True,68.2,general,721
Brian_Babin,2020,48,29,809.0,10,3,9,2018-11-08 21:46:35+00:00,2020-11-02 19:18:23+00:00,House,Texas,Texas 36,Republican,R+26,26.0,True,True,73.6,general,724
Danny_Davis_(Illinois_politician),2020,48,33,23176.0,13,8,4,2018-11-20 22:08:18+00:00,2020-11-02 18:14:23+00:00,House,Illinois,Illinois 7,Democratic,D+38,-38.0,True,True,80.4,general,712
Jimmy_Gomez,2020,48,33,3100.0,12,9,3,2018-11-24 17:36:47+00:00,2020-10-29 13:28:44+00:00,House,California,California 34,Democratic,D+35,-35.0,True,True,53.0,general,704
Joe_Courtney_(politician),2020,48,34,1458.0,8,12,5,2018-11-17 00:51:29+00:00,2020-10-10 19:46:16+00:00,House,Connecticut,Connecticut 2,Democratic,D+3,-3.0,True,True,59.4,general,693
Peter_Meijer,2020,48,19,1233.0,11,11,0,2020-06-17 13:18:00+00:00,2020-10-20 18:26:35+00:00,House,Michigan,Michigan 3,Republican,R+6,6.0,False,True,53.0,general,125
Randy_Weber,2020,48,26,1063.0,7,13,1,2018-12-12 12:54:47+00:00,2020-10-26 23:19:22+00:00,House,Texas,Texas 14,Republican,R+12,12.0,True,True,61.6,general,684
Vern_Buchanan,2020,48,35,274.0,9,18,4,2018-11-07 17:42:49+00:00,2020-10-08 16:12:06+00:00,House,Florida,Florida 16,Republican,R+7,7.0,True,True,55.5,general,700
Jimmy_Panetta,2020,47,29,1918.0,10,6,3,2018-11-18 00:40:29+00:00,2020-10-09 12:41:27+00:00,House,California,California 20,Democratic,D+23,-23.0,True,True,76.8,general,691
Yvette_Clarke,2020,47,33,1048.0,14,9,5,2018-12-21 03:22:11+00:00,2020-10-29 01:19:52+00:00,House,New York,New York 9,Democratic,D+34,-34.0,True,True,83.1,general,677
Alex_Mooney,2020,46,27,1187.0,13,8,7,2018-11-11 14:59:42+00:00,2020-10-29 15:27:20+00:00,House,West Virginia,West Virginia 2,Republican,R+17,17.0,True,True,63.1,general,718
Bill_Foster_(politician),2020,46,29,13942.0,11,7,7,2018-11-07 17:35:19+00:00,2020-10-05 17:34:49+00:00,House,Illinois,Illinois 11,Democratic,D+9,-9.0,True,True,63.3,general,697
James_Langevin,2020,46,30,-2136.0,13,13,6,2018-11-17 09:26:19+00:00,2020-10-01 13:54:34+00:00,House,Rhode Island,Rhode Island 2,Democratic,D+6,-6.0,True,True,58.2,general,684
Kara_H._Eastman,2020,46,10,11784.0,4,0,1,2020-05-19 17:20:06+00:00,2020-10-22 20:10:25+00:00,House,Nebraska,Nebraska 2,Democratic,R+4,4.0,False,False,46.2,general,156
Michael_Cloud,2020,46,23,7037.0,8,7,4,2018-12-20 03:04:01+00:00,2020-10-09 12:50:30+00:00,House,Texas,Texas 27,Republican,R+13,13.0,True,True,63.1,general,659
Mike_Simpson,2020,46,24,2227.0,21,6,6,2018-11-17 15:29:28+00:00,2020-11-01 20:03:46+00:00,House,Idaho,Idaho 2,Republican,R+17,17.0,True,True,64.1,general,715
David_Scott_(Georgia_politician),2020,45,30,3007.0,11,8,5,2018-12-10 17:10:19+00:00,2020-10-05 23:18:23+00:00,House,Georgia,Georgia 13,Democratic,D+20,-20.0,True,True,77.4,general,665
Steve_Stivers,2020,45,25,6078.0,8,7,1,2018-11-12 14:43:28+00:00,2020-10-08 16:16:30+00:00,House,Ohio,Ohio 15,Republican,R+7,7.0,True,True,63.4,general,696
Tim_Walberg,2020,45,31,863.0,10,10,5,2018-11-08 15:30:48+00:00,2020-10-08 13:53:29+00:00,House,Michigan,Michigan 7,Republican,R+7,7.0,True,True,58.7,general,699
Tom_Cole,2020,45,31,-484.0,7,12,2,2018-11-07 14:35:11+00:00,2020-10-07 22:01:26+00:00,House,Oklahoma,Oklahoma 4,Republican,R+20,20.0,True,True,67.8,general,700
Troy_Balderson,2020,45,24,3555.0,10,11,2,2018-11-07 03:56:40+00:00,2020-10-12 05:24:51+00:00,House,Ohio,Ohio 12,Republican,R+7,7.0,True,True,55.2,general,705
Beth_Doglio,2020,44,14,5195.0,7,6,0,2019-12-06 15:34:04+00:00,2020-08-11 19:31:14+00:00,House,Washington,Washington 10,Democratic,D+5,-5.0,False,False,35.6,general,249
Dan_Kildee,2020,44,20,960.0,10,12,4,2018-12-06 02:33:38+00:00,2020-10-07 11:16:58+00:00,House,Michigan,Michigan 5,Democratic,D+5,-5.0,True,True,54.4,general,671
Donald_Payne_Jr.,2020,44,27,1912.0,11,9,8,2018-11-12 01:03:42+00:00,2020-10-30 05:37:21+00:00,House,New Jersey,New Jersey 10,Democratic,D+36,-36.0,True,True,83.3,general,718
Doris_Matsui,2020,44,31,3681.0,10,4,5,2018-11-16 10:47:30+00:00,2020-10-05 17:29:04+00:00,House,California,California 6,Democratic,D+21,-21.0,True,True,73.3,general,689
Tom_Rice,2020,44,24,-373.0,6,8,4,2018-12-02 20:01:27+00:00,2020-10-15 14:00:32+00:00,House,South Carolina,South Carolina 7,Republican,R+9,9.0,True,True,61.8,general,682
Adam_Smith_(Washington_politician),2020,43,33,1082.0,8,7,6,2018-11-07 17:34:04+00:00,2020-09-29 14:13:47+00:00,House,Washington,Washington 9,Democratic,D+21,-21.0,True,True,74.1,general,691
Buddy_Carter,2020,43,28,10781.0,5,7,5,2018-11-17 15:10:48+00:00,2020-10-15 16:50:54+00:00,House,Georgia,Georgia 1,Republican,R+9,9.0,True,True,58.3,general,698
Dale_Crafts,2020,43,17,4386.0,12,6,1,2019-01-03 08:06:16+00:00,2020-10-29 20:36:43+00:00,House,Maine,Maine 2,Republican,R+2,2.0,False,False,47.0,general,665
Eddie_Bernice_Johnson,2020,43,35,2477.0,9,15,4,2018-11-20 14:20:54+00:00,2020-10-01 15:03:36+00:00,House,Texas,Texas 30,Democratic,D+18,-18.0,True,True,77.5,general,681
Mike_Quigley,2020,43,29,14707.0,9,5,3,2018-12-14 11:37:50+00:00,2020-11-01 05:27:57+00:00,House,Illinois,Illinois 5,Democratic,D+20,-20.0,True,True,70.8,general,687
Albio_Sires,2020,42,29,344.0,9,13,6,2018-11-16 02:51:59+00:00,2020-10-31 01:17:50+00:00,House,New Jersey,New Jersey 8,Democratic,D+27,-27.0,True,True,74.0,general,714
David_Joyce_(politician),2020,42,26,6163.0,7,6,3,2018-11-07 17:45:50+00:00,2020-10-18 20:09:15+00:00,House,Ohio,Ohio 14,Republican,R+5,5.0,True,True,60.1,general,711
Ed_Perlmutter,2020,42,26,1174.0,7,11,5,2018-11-17 00:48:39+00:00,2020-10-15 15:14:38+00:00,House,Colorado,Colorado 7,Democratic,D+6,-6.0,True,True,59.1,general,698
Jay_Obernolte,2020,42,14,4812.0,5,1,4,2018-11-20 17:03:50+00:00,2020-10-06 17:55:44+00:00,House,California,California 8,Republican,R+9,9.0,False,True,56.1,general,686
Larry_Bucshon,2020,42,26,-115.0,10,10,7,2018-11-11 14:15:47+00:00,2020-10-08 13:55:15+00:00,House,Indiana,Indiana 8,Republican,R+15,15.0,True,True,66.9,general,696
Robin_Kelly,2020,42,19,13258.0,7,10,1,2018-11-29 00:26:04+00:00,2020-10-07 11:32:18+00:00,House,Illinois,Illinois 2,Democratic,D+29,-29.0,True,True,78.8,general,678
Dan_Newhouse,2020,41,26,2569.0,7,6,2,2018-11-30 16:26:29+00:00,2020-10-18 22:55:15+00:00,House,Washington,Washington 4,Republican,R+13,13.0,True,True,66.2,general,688
Blaine_Luetkemeyer,2020,40,31,1237.0,8,14,5,2018-11-07 14:44:33+00:00,2020-10-14 22:36:47+00:00,House,Missouri,Missouri 3,Republican,R+18,18.0,True,True,69.4,general,707
Brad_Wenstrup,2020,40,29,337.0,7,7,3,2018-11-26 03:24:10+00:00,2020-10-07 11:30:41+00:00,House,Ohio,Ohio 2,Republican,R+9,9.0,True,True,61.1,general,681
Juan_Vargas,2020,40,22,755.0,6,12,4,2018-11-18 18:37:56+00:00,2020-10-07 11:26:39+00:00,House,California,California 51,Democratic,D+22,-22.0,True,True,68.3,general,688
Emanuel_Cleaver,2020,39,25,2444.0,10,16,3,2018-11-15 02:03:48+00:00,2020-09-29 15:23:17+00:00,House,Missouri,Missouri 5,Democratic,D+7,-7.0,True,True,58.8,general,684
Jack_Bergman,2020,39,24,2465.0,7,10,2,2018-11-27 00:28:02+00:00,2020-10-17 17:55:18+00:00,House,Michigan,Michigan 1,Republican,R+9,9.0,True,True,61.7,general,690
Alan_Lowenthal,2020,38,19,3407.0,7,3,3,2018-12-02 15:37:10+00:00,2020-11-03 00:19:33+00:00,House,California,California 47,Democratic,D+13,-13.0,True,True,63.3,general,701
Bob_Gibbs,2020,38,24,869.0,6,10,5,2018-11-08 22:36:32+00:00,2020-10-25 03:53:07+00:00,House,Ohio,Ohio 7,Republican,R+12,12.0,True,True,67.5,general,716
Christina_Hale,2020,38,23,3893.0,8,8,1,2019-02-20 17:23:40+00:00,2020-10-25 14:02:09+00:00,House,Indiana,Indiana 5,Democratic,R+9,9.0,False,False,46.0,general,612
Frank_J._Mrvan,2020,38,7,5710.0,5,2,0,2019-11-08 20:20:09+00:00,2020-11-03 18:58:13+00:00,House,Indiana,Indiana 1,Democratic,D+8,-8.0,False,True,56.6,general,360
Jerry_McNerney,2020,38,31,3306.0,8,7,6,2018-11-09 04:15:28+00:00,2020-11-01 01:42:15+00:00,House,California,California 9,Democratic,D+8,-8.0,True,True,57.6,general,722
Steven_Palazzo,2020,38,24,2984.0,7,5,1,2018-12-14 11:30:25+00:00,2020-10-09 04:24:00+00:00,House,Mississippi,Mississippi 4,Republican,R+21,21.0,True,True,100.0,general,664
Alan_Cohn,2020,37,20,505.0,11,10,2,2019-02-13 21:17:25+00:00,2020-10-12 17:21:55+00:00,House,Florida,Florida 15,Democratic,R+6,6.0,False,False,44.6,general,606
Bob_Latta,2020,37,29,146.0,6,10,7,2018-11-09 00:13:43+00:00,2020-10-26 02:45:31+00:00,House,Ohio,Ohio 5,Republican,R+11,11.0,True,True,68.0,general,717
Bruce_Westerman,2020,37,20,1249.0,8,6,2,2018-11-11 06:55:03+00:00,2020-10-08 15:02:01+00:00,House,Arkansas,Arkansas 4,Republican,R+17,17.0,True,True,69.7,general,697
David_Price_(American_politician),2020,37,29,1253.0,9,6,3,2018-11-12 18:27:52+00:00,2020-11-02 10:35:50+00:00,House,North Carolina,North Carolina 4,Democratic,D+14,-14.0,True,True,67.3,general,720
Doug_Lamborn,2020,37,31,2900.0,11,5,7,2018-11-17 00:46:19+00:00,2020-10-27 08:25:46+00:00,House,Colorado,Colorado 5,Republican,R+14,14.0,True,True,57.6,general,710
John_Moolenaar,2020,37,26,258.0,12,7,5,2018-12-06 02:30:50+00:00,2020-10-26 23:38:49+00:00,House,Michigan,Michigan 4,Republican,R+10,10.0,True,True,65.0,general,690
Lucille_Roybal-Allard,2020,37,24,1968.0,4,15,3,2018-11-10 19:06:51+00:00,2020-09-28 17:41:04+00:00,House,California,California 40,Democratic,D+33,-33.0,True,True,72.7,general,687
Tracey_Mann,2020,37,20,5787.0,5,6,0,2018-11-07 03:53:06+00:00,2020-09-24 18:23:19+00:00,House,Kansas,Kansas 1,Republican,R+24,24.0,False,True,71.2,general,687
Jodey_Arrington,2020,36,22,2270.0,5,5,4,2018-11-13 17:18:07+00:00,2020-11-02 19:08:34+00:00,House,Texas,Texas 19,Republican,R+27,27.0,True,True,74.8,general,720
Marc_Veasey,2020,36,21,2008.0,8,7,4,2018-11-21 15:35:02+00:00,2020-10-07 11:27:10+00:00,House,Texas,Texas 33,Democratic,D+23,-23.0,True,True,66.8,general,685
Margaret_Good,2020,36,14,2708.0,3,16,0,2018-11-07 05:10:37+00:00,2020-10-12 17:22:22+00:00,House,Florida,Florida 16,Democratic,R+7,7.0,False,False,44.5,general,705
Jeff_Duncan_(politician),2020,35,25,295.0,8,6,6,2018-12-02 19:51:30+00:00,2020-10-08 17:21:16+00:00,House,South Carolina,South Carolina 3,Republican,R+19,19.0,True,True,71.2,general,675
Patricia_Timmons-Goodson,2020,35,23,30.0,4,2,2,2019-01-22 06:18:58+00:00,2020-10-31 05:29:17+00:00,House,North Carolina,North Carolina 8,Democratic,R+5,5.0,False,False,46.7,general,647
Sam_Graves,2020,35,24,2207.0,10,6,4,2018-11-15 02:05:44+00:00,2020-10-14 01:25:18+00:00,House,Missouri,Missouri 6,Republican,R+16,16.0,True,True,67.1,general,698
Brian_Higgins,2020,34,22,-560.0,10,3,6,2018-11-18 04:26:19+00:00,2020-10-05 18:16:22+00:00,House,New York,New York 26,Democratic,D+11,-11.0,True,True,69.9,general,687
John_Sarbanes,2020,34,24,1233.0,10,9,2,2018-11-22 22:39:14+00:00,2020-10-01 14:56:11+00:00,House,Maryland,Maryland 3,Democratic,D+13,-13.0,True,True,69.8,general,678
Bill_Huizenga,2020,33,25,761.0,9,8,3,2018-11-10 04:24:37+00:00,2020-10-21 21:53:55+00:00,House,Michigan,Michigan 2,Republican,R+9,9.0,True,True,59.2,general,711
Nancy_Goroff,2020,33,13,9111.0,4,2,0,2020-05-08 20:45:51+00:00,2020-10-29 01:00:23+00:00,House,New York,New York 1,Democratic,R+5,5.0,False,False,45.1,general,173
Rick_Allen_(politician),2020,33,21,473.0,6,4,0,2018-11-10 04:00:26+00:00,2020-10-07 17:51:55+00:00,House,Georgia,Georgia 12,Republican,R+9,9.0,True,True,58.4,general,697
Adrian_Smith_(politician),2020,32,23,326.0,4,9,4,2018-11-15 02:12:15+00:00,2020-10-14 09:06:00+00:00,House,Nebraska,Nebraska 3,Republican,R+27,27.0,True,True,78.5,general,699
Filemon_Vela_Jr.,2020,32,18,-1018.0,3,3,1,2019-01-06 22:20:27+00:00,2020-10-07 11:27:45+00:00,House,Texas,Texas 34,Democratic,D+10,-10.0,True,True,55.4,general,639
Kat_Cammack,2020,32,10,11329.0,5,2,0,2020-07-23 21:19:20+00:00,2020-11-03 22:42:46+00:00,House,Florida,Florida 3,Republican,R+9,9.0,False,True,57.1,general,103
Julia_Brownley,2020,31,19,2458.0,7,3,7,2018-11-19 22:46:00+00:00,2020-10-28 02:25:05+00:00,House,California,California 26,Democratic,D+7,-7.0,True,True,60.6,general,708
Ken_Calvert,2020,31,27,855.0,9,4,4,2018-12-24 00:10:42+00:00,2020-10-07 21:58:34+00:00,House,California,California 42,Republican,R+9,9.0,True,True,57.1,general,653
Lou_Correa,2020,31,17,960.0,5,4,2,2018-11-18 18:31:38+00:00,2020-10-08 11:49:56+00:00,House,California,California 46,Democratic,D+15,-15.0,True,True,68.8,general,689
Ashley_Hinson,2020,30,22,3320.0,6,6,0,2019-01-20 14:41:35+00:00,2020-10-13 15:44:15+00:00,House,Iowa,Iowa 1,Republican,D+1,-1.0,False,True,51.2,general,632
Donna_Deegan,2020,30,19,-1119.0,6,14,3,2018-12-30 16:55:12+00:00,2020-10-26 19:42:14+00:00,House,Florida,Florida 4,Democratic,R+17,17.0,False,False,38.9,general,666
John_B._Larson,2020,30,23,515.0,8,9,2,2018-11-08 16:21:22+00:00,2020-11-01 00:28:34+00:00,House,Connecticut,Connecticut 1,Democratic,D+12,-12.0,True,True,63.8,general,723
Barry_Moore_(American_politician),2020,29,15,7647.0,8,5,1,2019-04-17 07:43:10+00:00,2020-10-30 21:45:17+00:00,House,Alabama,Alabama 2,Republican,R+16,16.0,False,True,65.2,general,562
David_McKinley,2020,29,21,1029.0,5,3,4,2018-12-22 15:39:03+00:00,2020-10-07 22:00:08+00:00,House,West Virginia,West Virginia 1,Republican,R+19,19.0,True,True,69.0,general,655
Rita_Hart,2020,28,16,4153.0,4,7,1,2019-05-08 13:05:53+00:00,2020-10-12 17:31:16+00:00,House,Iowa,Iowa 2,Democratic,D+1,-1.0,False,False,49.91,general,523
Ed_Forchion,2020,27,16,1050.0,5,8,4,2018-12-05 07:24:20+00:00,2020-10-06 21:10:48+00:00,House,New Jersey,New Jersey 12,Legalize Marijuana,D+16,-16.0,False,False,1.3,general,671
Jessica_King,2020,27,9,1408.0,3,2,3,2019-06-21 17:01:51+00:00,2020-10-12 19:43:31+00:00,House,Wisconsin,Wisconsin 6,Democratic,R+8,8.0,False,False,40.7,general,479
Jim_Marchant,2020,27,14,537.0,4,13,2,2018-12-04 20:17:35+00:00,2020-10-20 16:52:51+00:00,House,Nevada,Nevada 4,Republican,D+3,-3.0,False,False,45.8,general,685
Kurt_Schrader,2020,27,18,9301.0,9,5,3,2019-01-05 18:00:30+00:00,2020-10-01 14:22:09+00:00,House,Oregon,Oregon 5,Democratic,Even,0.0,True,True,51.9,general,634
Byron_Donalds,2020,26,18,5906.0,3,2,1,2018-12-13 05:09:13+00:00,2020-10-06 13:54:55+00:00,House,Florida,Florida 19,Republican,R+13,13.0,False,True,61.3,general,663
Preston_Love_Jr.,2020,26,12,475.0,5,5,1,2020-09-18 01:58:46+00:00,2020-10-21 22:36:20+00:00,Senate,Nebraska,,Democratic,R+14,14.0,False,False,6.3,general,33
Cameron_Webb,2020,25,4,2442.0,4,0,0,2020-06-23 23:47:21+00:00,2020-11-02 18:42:33+00:00,House,Virginia,Virginia 5,Democratic,R+6,6.0,False,False,47.3,general,131
Cliff_Bentz,2020,25,20,8319.0,6,2,3,2018-11-07 00:42:43+00:00,2020-11-03 23:15:42+00:00,House,Oregon,Oregon 2,Republican,R+11,11.0,False,True,59.9,general,727
Pro-Life_(politician),2020,25,18,23.0,6,6,3,2018-11-08 19:19:53+00:00,2020-10-28 09:06:43+00:00,House,Idaho,Idaho 2,Constitution,R+17,17.0,False,False,2.2,general,719
Amanda_Adkins_(politician),2020,24,8,7217.0,4,0,1,2020-08-05 01:44:30+00:00,2020-09-04 14:12:54+00:00,House,Kansas,Kansas 3,Republican,R+4,4.0,False,False,43.6,general,30
Andrew_Clyde,2020,24,3,6296.0,2,0,0,2020-06-10 05:02:14+00:00,2020-10-30 16:13:21+00:00,House,Georgia,Georgia 9,Republican,R+31,31.0,False,True,78.6,general,142
Brett_Guthrie,2020,23,18,6487.0,3,7,3,2018-12-11 11:43:09+00:00,2020-10-29 15:40:03+00:00,House,Kentucky,Kentucky 2,Republican,R+19,19.0,True,True,71.0,general,688
Frank_Lucas_(Oklahoma_politician),2020,23,17,-731.0,5,7,1,2018-11-24 16:24:34+00:00,2020-10-08 13:50:06+00:00,House,Oklahoma,Oklahoma 3,Republican,R+27,27.0,True,True,78.5,general,683
Grace_Napolitano,2020,23,18,-2396.0,10,3,4,2018-11-16 19:45:02+00:00,2020-10-05 15:24:23+00:00,House,California,California 32,Democratic,D+17,-17.0,True,True,66.6,general,688
Jerry_Carl,2020,23,7,5233.0,6,0,1,2019-11-13 15:42:24+00:00,2020-10-30 17:08:09+00:00,House,Alabama,Alabama 1,Republican,R+15,15.0,False,True,64.4,general,352
Candace_Valenzuela,2020,22,3,4062.0,2,0,0,2020-05-08 21:19:13+00:00,2020-11-02 18:23:21+00:00,House,Texas,Texas 24,Democratic,R+9,9.0,False,False,47.5,general,177
Robert_Michael_Franklin_Jr.,2020,22,8,3553.0,3,2,0,2018-12-28 02:10:06+00:00,2020-09-30 05:26:26+00:00,House,Georgia,Georgia 5,Democratic,,,False,False,45.7,special,642
Kwanza_Hall,2020,21,13,2141.0,5,1,5,2019-03-26 05:42:55+00:00,2020-10-13 13:58:06+00:00,House,Georgia,Georgia 5,Democratic,,,False,True,54.3,special,567
Steve_Negron,2020,19,15,970.0,5,2,2,2018-11-11 03:15:03+00:00,2020-11-03 22:51:23+00:00,House,New Hampshire,New Hampshire 2,Republican,D+2,-2.0,False,False,43.7,general,723
Independent_Party_of_Delaware,2020,18,11,3093.0,4,1,0,2019-02-10 05:22:30+00:00,2020-10-12 20:09:28+00:00,House,Delaware,Delaware at-large,IPoD,D+6,-6.0,False,False,1.4,general,610
Amanda_Stuck,2020,17,11,539.0,3,0,1,2019-03-15 15:00:40+00:00,2020-10-24 00:52:44+00:00,House,Wisconsin,Wisconsin 8,Democratic,R+7,7.0,False,False,35.8,general,588
Blake_Moore,2020,17,3,4037.0,2,0,1,2020-07-05 21:57:57+00:00,2020-10-12 19:47:12+00:00,House,Utah,Utah 1,Republican,R+26,26.0,False,True,69.5,general,98
August_Pfluger,2020,16,2,3794.0,1,0,0,2020-03-06 15:08:05+00:00,2020-10-06 18:26:39+00:00,House,Texas,Texas 11,Republican,R+32,32.0,False,True,79.7,general,214
Bob_Good,2020,16,2,3821.0,5,0,0,2020-06-13 16:43:36+00:00,2020-11-02 18:47:19+00:00,House,Virginia,Virginia 5,Republican,R+6,6.0,False,True,52.4,general,142
Lance_Harris,2020,16,8,368.0,9,1,4,2018-11-17 11:06:50+00:00,2020-04-08 10:30:56+00:00,House,Louisiana,Louisiana 5,Republican,R+15,15.0,False,False,38.0,general,507
Mary_Miller_(politician),2020,16,4,2484.0,1,0,0,2020-03-18 03:05:41+00:00,2020-07-01 19:18:08+00:00,House,Illinois,Illinois 15,Republican,R+21,21.0,False,True,73.5,general,105
Kathy_Manning,2020,15,6,4762.0,1,0,0,2019-05-09 09:46:21+00:00,2020-11-03 22:57:45+00:00,House,North Carolina,North Carolina 6,Democratic,D+9,-9.0,False,True,62.3,general,544
Sara_Jacobs,2020,15,2,3853.0,3,0,0,2020-03-07 17:06:19+00:00,2020-10-06 19:19:53+00:00,House,California,California 53,Democratic,D+14,-14.0,False,True,59.5,general,213
Gretchen_Driskell,2020,14,9,977.0,4,0,3,2019-06-14 03:12:03+00:00,2020-10-12 18:43:48+00:00,House,Michigan,Michigan 7,Democratic,R+7,7.0,False,False,41.3,general,486
Kate_Bolz,2020,14,10,1475.0,1,1,1,2019-04-14 02:18:28+00:00,2020-10-12 02:16:10+00:00,House,Nebraska,Nebraska 1,Democratic,R+11,11.0,False,False,37.7,general,546
Lisa_McClain,2020,14,4,1771.0,2,0,0,2020-08-05 00:54:38+00:00,2020-10-30 16:51:14+00:00,House,Michigan,Michigan 10,Republican,R+13,13.0,False,True,66.3,general,86
Scott_Franklin_(politician),2020,14,3,2616.0,1,0,0,2020-08-19 01:33:10+00:00,2020-11-02 17:23:12+00:00,House,Florida,Florida 15,Republican,R+6,6.0,False,True,55.4,general,75
Tim_Kelly_(Michigan_politician),2020,13,8,36.0,2,3,0,2018-12-08 00:49:27+00:00,2020-08-18 23:56:06+00:00,House,Michigan,Michigan 5,Republican,D+5,-5.0,False,False,41.8,general,619
Neil_Parrott,2020,12,7,735.0,0,3,0,2019-02-19 17:05:04+00:00,2020-10-23 00:36:21+00:00,House,Maryland,Maryland 6,Republican,D+6,-6.0,False,False,39.2,general,611
Diana_Harshbarger,2020,10,3,2462.0,1,0,0,2020-08-07 02:02:14+00:00,2020-10-30 16:52:23+00:00,House,Tennessee,Tennessee 1,Republican,R+28,28.0,False,True,74.7,general,84
Dan_Feehan_(politician),2020,9,5,103.0,1,0,1,2018-12-04 18:47:14+00:00,2019-11-08 19:55:37+00:00,House,Minnesota,Minnesota 1,DFL,R+5,5.0,False,False,45.5,general,339
Johnny_Ray_Salling,2020,9,7,522.0,1,2,0,2018-12-29 22:54:35+00:00,2020-06-30 01:11:35+00:00,House,Maryland,Maryland 2,Republican,D+11,-11.0,False,False,32.0,general,548
Mark_Elworth_Jr.,2020,9,5,381.0,5,0,0,2018-12-22 02:50:41+00:00,2020-04-05 21:23:53+00:00,House,Nebraska,Nebraska 3,Democratic,R+27,27.0,False,False,17.7,general,470
Rich_McCormick,2020,9,1,1765.0,1,0,0,2020-06-10 04:00:57+00:00,2020-06-13 17:00:56+00:00,House,Georgia,Georgia 7,Republican,R+9,9.0,False,False,48.6,general,3
Hiral_Tipirneni,2020,6,4,-14827.0,1,0,1,2018-11-13 21:15:03+00:00,2020-08-21 20:59:00+00:00,House,Arizona,Arizona 6,Democratic,R+9,9.0,False,False,47.8,general,646
Lou_Antonelli,2020,6,4,217.0,2,3,1,2019-04-15 22:06:42+00:00,2020-09-23 16:15:26+00:00,House,Texas,Texas 4,Libertarian,R+28,28.0,False,False,1.9,general,526
Alyse_Galvin,2020,4,3,23.0,1,0,1,2018-12-07 22:44:26+00:00,2020-10-27 15:31:24+00:00,House,Alaska,Alaska at-large,Independent,R+9,9.0,False,False,45.3,general,689
Hillary_Scholten,2020,4,3,0.0,0,0,0,2020-04-30 16:33:31+00:00,2020-10-25 12:16:40+00:00,House,Michigan,Michigan 3,Democratic,R+6,6.0,False,False,47.0,general,177
Tedra_Cobb,2020,4,3,17.0,1,0,1,2018-11-16 16:09:58+00:00,2020-06-25 21:46:35+00:00,House,New York,New York 21,Democratic,R+4,4.0,False,False,41.2,general,587
Bill_Keating_(politician),2020,1,1,25.0,1,0,0,2020-05-21 08:12:28+00:00,2020-05-21 08:12:28+00:00,House,Massachusetts,Massachusetts 9,Democratic,D+4,-4.0,True,True,61.3,general,0
Brandon_Martin,2020,1,1,0.0,0,0,0,2020-08-10 18:44:17+00:00,2020-08-10 18:44:17+00:00,House,Arizona,Arizona 2,Republican,R+1,1.0,False,False,44.9,general,0
Derrick_Van_Orden,2020,1,1,0.0,0,0,0,2020-08-12 03:18:22+00:00,2020-08-12 03:18:22+00:00,House,Wisconsin,Wisconsin 3,Republican,Even,0.0,False,False,48.6,general,0
Desiree_Tims,2020,1,1,0.0,0,0,0,2020-07-17 19:46:28+00:00,2020-07-17 19:46:28+00:00,House,Ohio,Ohio 10,Democratic,R+4,4.0,False,False,41.6,general,0
Jim_Baird_(American_politician),2020,1,1,0.0,0,0,0,2020-03-29 22:29:27+00:00,2020-03-29 22:29:27+00:00,House,Indiana,Indiana 4,Republican,R+17,17.0,True,True,66.6,general,0
Luke_Letlow,2020,1,1,0.0,0,0,0,2020-07-28 17:54:14+00:00,2020-07-28 17:54:14+00:00,House,Louisiana,Louisiana 5,Republican,R+15,15.0,False,True,62.0,general,0
Tiffany_Shedd,2020,1,1,0.0,0,0,0,2020-08-10 18:43:17+00:00,2020-08-10 18:43:17+00:00,House,Arizona,Arizona 1,Republican,R+2,2.0,False,False,48.4,general,0
Wesley_Hunt,2020,1,1,0.0,0,0,0,2019-09-06 15:04:58+00:00,2019-09-06 15:04:58+00:00,House,Texas,Texas 7,Republican,R+7,7.0,False,False,47.4,general,0
Marjorie_Taylor_Greene,2022,2097,409,235530.0,421,64,37,2020-11-04 01:13:15+00:00,2022-11-06 08:29:51+00:00,House,Georgia,Georgia 14,Republican,R+22,22.0,True,True,65.9,general,732
Lauren_Boebert,2022,1483,426,107989.0,280,119,52,2020-11-04 10:32:27+00:00,2022-11-07 07:33:40+00:00,House,Colorado,Colorado 3,Republican,R+7,7.0,True,True,50.1,general,732
Mehmet_Oz,2022,1105,305,113542.0,221,50,35,2020-11-19 21:11:10+00:00,2022-11-08 04:27:28+00:00,Senate,Pennsylvania,,Republican,R+2,2.0,False,False,46.3,general,718
John_Fetterman,2022,1060,375,103532.0,213,163,40,2020-11-05 21:44:34+00:00,2022-11-08 18:42:37+00:00,Senate,Pennsylvania,,Democratic,R+2,2.0,False,True,51.2,general,732
Herschel_Walker,2022,1056,339,63002.0,177,147,30,2020-11-06 19:51:04+00:00,2022-11-08 23:52:38+00:00,Senate,Georgia,,Republican,R+3,3.0,False,False,48.6,general,732
Matt_Gaetz,2022,983,258,120711.0,237,0,29,2020-11-08 23:29:18+00:00,2022-10-27 18:21:50+00:00,House,Florida,Florida 1,Republican,R+19,19.0,True,True,67.9,general,717
Raphael_Warnock,2022,972,407,67632.0,195,155,34,2020-11-04 14:35:21+00:00,2022-11-08 17:25:27+00:00,Senate,Georgia,,Democratic,R+3,3.0,False,True,51.4,general,734
Alexandria_Ocasio-Cortez,2022,769,295,71387.0,197,0,24,2020-11-04 11:27:44+00:00,2022-10-28 16:42:40+00:00,House,New York,New York 14,Democratic,D+28,-28.0,True,True,70.7,general,723
Elise_Stefanik,2022,703,315,36138.0,148,167,30,2020-11-11 07:28:05+00:00,2022-11-08 19:35:03+00:00,House,New York,New York 21,Republican,R+9,9.0,True,True,59.2,general,727
Mary_Miller_(politician),2022,703,250,32307.0,126,125,28,2020-11-04 05:46:43+00:00,2022-11-07 18:44:33+00:00,House,Illinois,Illinois 15,Republican,R+22,22.0,True,True,71.1,general,733
Blake_Masters,2022,629,205,33750.0,120,120,23,2021-05-23 03:32:18+00:00,2022-11-05 17:31:03+00:00,Senate,Arizona,,Republican,R+2,2.0,False,False,46.5,general,531
Chip_Roy,2022,613,116,137671.0,122,39,27,2020-11-07 22:13:46+00:00,2022-10-31 15:07:04+00:00,House,Texas,Texas 21,Republican,R+13,13.0,True,True,62.8,general,722
Alex_Padilla,2022,610,251,45416.0,73,136,11,2020-11-07 21:36:01+00:00,2022-10-31 22:18:25+00:00,Senate,California,,Democratic,D+13,-13.0,False,True,61.1,general,723
Nancy_Pelosi,2022,606,283,63905.0,141,0,26,2020-11-06 17:25:07+00:00,2022-11-06 08:48:55+00:00,House,California,California 11,Democratic,D+37,-37.0,False,True,84.0,general,729
Kevin_McCarthy,2022,597,318,38455.0,152,135,39,2020-11-06 06:03:05+00:00,2022-11-08 22:48:33+00:00,House,California,California 20,Republican,R+16,16.0,False,True,67.2,general,732
Rebekah_Jones,2022,554,211,22663.0,87,158,27,2020-11-15 02:11:27+00:00,2022-11-03 00:18:51+00:00,House,Florida,Florida 1,Democratic,R+19,19.0,False,False,32.1,general,717
Mark_Kelly,2022,553,247,20778.0,133,121,23,2020-11-04 03:14:45+00:00,2022-11-08 14:47:14+00:00,Senate,Arizona,,Democratic,R+2,2.0,False,True,51.4,general,734
Ron_Johnson,2022,491,164,67243.0,86,27,20,2020-11-07 20:55:15+00:00,2022-11-06 16:28:07+00:00,Senate,Wisconsin,,Republican,R+2,2.0,False,True,50.4,general,728
JD_Vance,2022,484,200,28078.0,94,58,18,2020-11-04 09:05:08+00:00,2022-11-08 19:11:34+00:00,Senate,Ohio,,Republican,R+6,6.0,False,True,53.0,general,734
Ilhan_Omar,2022,469,175,17396.0,104,15,18,2020-11-05 21:05:25+00:00,2022-10-12 08:02:14+00:00,House,Minnesota,Minnesota 5,DFL,D+30,-30.0,True,True,75.2,general,705
Jim_Jordan,2022,464,253,43247.0,121,140,29,2020-11-04 22:22:53+00:00,2022-11-05 07:53:44+00:00,House,Ohio,Ohio 4,Republican,R+20,20.0,True,True,69.2,general,730
Michelle_Steel,2022,429,136,24780.0,47,153,10,2020-11-08 18:49:53+00:00,2022-11-04 01:13:47+00:00,House,California,California 45,Republican,D+2,-2.0,False,True,52.4,general,725
Nancy_Mace,2022,416,156,29607.0,70,55,19,2020-11-04 09:14:04+00:00,2022-11-06 09:06:11+00:00,House,South Carolina,South Carolina 1,Republican,R+7,7.0,True,True,56.5,general,731
Mary_Peltola,2022,411,147,33282.0,43,60,6,2020-11-13 22:00:05+00:00,2022-11-06 18:26:42+00:00,House,Alaska,Alaska at-large,Democratic,,,False,True,51.5,special_rcv_runoff,722
Cori_Bush,2022,386,154,26471.0,82,60,16,2020-11-04 01:32:43+00:00,2022-10-24 16:24:39+00:00,House,Missouri,Missouri 1,Democratic,D+27,-27.0,True,True,72.9,general,719
Nicole_Malliotakis,2022,381,162,32139.0,74,87,13,2020-11-04 03:40:14+00:00,2022-10-07 10:01:15+00:00,House,New York,New York 11,Republican,R+6,6.0,True,True,61.8,general,702
Dan_Crenshaw,2022,380,142,24900.0,89,54,31,2020-11-05 17:16:21+00:00,2022-11-08 15:38:59+00:00,House,Texas,Texas 2,Republican,R+15,15.0,True,True,65.9,general,732
Don_Bolduc,2022,376,113,29019.0,61,33,7,2020-12-10 15:14:33+00:00,2022-11-08 15:21:36+00:00,Senate,New Hampshire,,Republican,D+1,-1.0,False,False,44.4,general,698
Mandela_Barnes,2022,371,136,28717.0,62,75,13,2020-11-26 04:13:21+00:00,2022-11-08 02:30:04+00:00,Senate,Wisconsin,,Democratic,R+2,2.0,False,False,49.4,general,711
Victoria_Spartz,2022,368,141,25622.0,52,103,12,2020-11-05 01:34:53+00:00,2022-11-06 13:43:22+00:00,House,Indiana,Indiana 5,Republican,R+11,11.0,True,True,61.1,general,731
Jamie_Raskin,2022,367,173,18393.0,79,85,13,2020-11-16 10:53:59+00:00,2022-11-05 01:02:51+00:00,House,Maryland,Maryland 8,Democratic,D+29,-29.0,True,True,80.2,general,718
Andy_Biggs,2022,349,136,52806.0,44,56,26,2020-11-20 00:39:07+00:00,2022-11-02 14:26:31+00:00,House,Arizona,Arizona 5,Republican,R+11,11.0,True,True,56.7,general,712
Young_Kim,2022,346,138,21228.0,71,82,9,2020-11-04 12:12:39+00:00,2022-10-27 12:17:26+00:00,House,California,California 40,Republican,R+2,2.0,False,True,56.8,general,722
Rand_Paul,2022,340,153,108793.0,101,0,27,2020-11-09 05:56:42+00:00,2022-11-05 06:00:49+00:00,Senate,Kentucky,,Republican,R+16,16.0,False,True,61.8,general,726
Chuck_Schumer,2022,339,164,148255.0,99,3,22,2020-11-06 00:26:24+00:00,2022-11-08 20:42:53+00:00,Senate,New York,,Democratic,D+10,-10.0,False,True,56.8,general,732
Burgess_Owens,2022,338,151,10579.0,50,97,10,2020-11-04 02:54:43+00:00,2022-10-12 00:50:07+00:00,House,Utah,Utah 4,Republican,R+16,16.0,True,True,61.1,general,706
Andrew_Clyde,2022,337,162,18489.0,73,81,8,2020-11-04 02:21:53+00:00,2022-10-27 13:07:09+00:00,House,Georgia,Georgia 9,Republican,R+22,22.0,True,True,72.4,general,722
Scott_Perry,2022,334,131,47628.0,86,48,15,2020-11-07 02:33:43+00:00,2022-11-05 07:39:43+00:00,House,Pennsylvania,Pennsylvania 10,Republican,R+5,5.0,True,True,53.8,general,728
Mike_Lee,2022,327,155,47157.0,77,51,21,2020-11-10 00:10:30+00:00,2022-11-05 05:20:58+00:00,Senate,Utah,,Republican,R+13,13.0,False,True,53.1,general,725
Mike_Garcia_(politician),2022,311,103,13982.0,47,78,15,2020-11-07 22:53:46+00:00,2022-10-26 17:11:39+00:00,House,California,California 27,Republican,D+4,-4.0,False,True,53.2,general,717
Mayra_Flores,2022,306,94,25380.0,36,39,8,2022-05-31 04:46:47+00:00,2022-11-06 17:09:35+00:00,House,Texas,Texas 34,Republican,,,False,True,50.9,special,159
David_Valadao,2022,304,129,11388.0,58,41,9,2020-11-04 20:34:59+00:00,2022-11-06 08:25:10+00:00,House,California,California 22,Republican,D+5,-5.0,False,True,51.5,general,731
Mariannette_Miller-Meeks,2022,302,135,18019.0,54,69,4,2020-11-05 17:09:41+00:00,2022-11-02 22:59:03+00:00,House,Iowa,Iowa 1,Republican,R+3,3.0,False,True,53.4,general,727
Shontel_Brown,2022,302,105,15376.0,45,36,7,2020-12-10 01:36:31+00:00,2022-11-04 20:49:21+00:00,House,Ohio,Ohio 11,Democratic,D+28,-28.0,True,True,77.8,general,694
John_Kennedy_(Louisiana_politician),2022,297,151,34017.0,68,70,20,2020-11-04 16:14:20+00:00,2022-11-05 09:03:17+00:00,Senate,Louisiana,,Republican,R+12,12.0,False,True,61.6,general,730
Tim_Ryan_(Ohio_politician),2022,286,132,8598.0,49,51,13,2020-11-05 23:48:57+00:00,2022-11-08 02:09:08+00:00,Senate,Ohio,,Democratic,R+6,6.0,False,False,46.9,general,732
Yvette_Herrell,2022,285,109,15640.0,50,67,10,2020-11-04 00:40:41+00:00,2022-11-08 18:01:33+00:00,House,New Mexico,New Mexico 2,Republican,D+1,-1.0,True,True,49.7,general,734
Evan_McMullin,2022,284,102,14247.0,53,64,13,2020-11-04 02:14:25+00:00,2022-11-04 17:06:33+00:00,Senate,Utah,,Independent,R+13,13.0,False,False,42.8,general,730
Thomas_Massie,2022,284,129,19283.0,63,57,11,2020-11-08 21:41:52+00:00,2022-10-26 15:28:38+00:00,House,Kentucky,Kentucky 4,Republican,R+19,19.0,True,True,65.0,general,716
Marco_Rubio,2022,279,104,79096.0,84,34,17,2020-11-10 16:35:44+00:00,2022-10-20 02:19:35+00:00,Senate,Florida,,Republican,R+3,3.0,False,True,57.7,general,708
Kat_Cammack,2022,270,122,21536.0,45,98,17,2020-11-04 01:17:40+00:00,2022-11-08 23:32:59+00:00,House,Florida,Florida 3,Republican,R+9,9.0,True,True,62.5,general,734
Eric_Schmitt,2022,268,90,15182.0,98,34,10,2020-11-06 16:11:24+00:00,2022-10-05 07:17:34+00:00,Senate,Missouri,,Republican,R+10,10.0,False,True,55.4,general,697
Lisa_Murkowski,2022,267,146,26336.0,50,47,15,2020-11-12 23:35:17+00:00,2022-11-05 05:36:50+00:00,Senate,Alaska,,Republican,R+8,8.0,False,True,53.7,general,722
Ayanna_Pressley,2022,265,138,27401.0,77,39,20,2020-11-04 00:12:56+00:00,2022-10-29 16:42:11+00:00,House,Massachusetts,Massachusetts 7,Democratic,D+35,-35.0,True,True,84.8,general,724
Don_Bacon,2022,265,70,10785.0,66,20,13,2020-11-04 10:30:00+00:00,2022-11-06 18:25:41+00:00,House,Nebraska,Nebraska 2,Republican,EVEN,0.0,True,True,51.5,general,732
Julia_Letlow,2022,264,106,15638.0,43,41,7,2021-01-15 00:14:39+00:00,2022-10-02 04:40:49+00:00,House,Louisiana,Louisiana 5,Republican,R+17,17.0,True,True,67.6,general,625
Legal_Marijuana_Now_Party,2022,264,38,-12655.0,91,13,12,2020-11-06 11:44:06+00:00,2022-11-04 21:03:00+00:00,House,Minnesota,Minnesota 1,Legal Marijuana Now,,,False,False,1.3,special,728
Sarah_Palin,2022,264,125,13583.0,71,0,19,2020-11-07 02:09:11+00:00,2022-10-23 15:36:25+00:00,House,Alaska,Alaska at-large,Republican,,,False,False,48.5,special_rcv_runoff,715
Bob_Good,2022,262,112,18603.0,50,46,12,2020-11-04 05:48:16+00:00,2022-10-27 14:38:38+00:00,House,Virginia,Virginia 5,Republican,R+7,7.0,True,True,57.7,general,722
Chuck_Grassley,2022,258,123,92374.0,45,0,11,2020-11-05 20:18:29+00:00,2022-11-07 09:59:18+00:00,Senate,Iowa,,Republican,R+6,6.0,False,True,56.0,general,731
Eric_Swalwell,2022,257,95,14027.0,61,0,9,2020-11-19 05:54:46+00:00,2022-10-28 23:29:12+00:00,House,California,California 14,Democratic,D+22,-22.0,False,True,69.3,general,708
Dean_Phillips,2022,253,73,7372.0,71,17,7,2020-11-19 00:27:06+00:00,2022-10-02 04:23:08+00:00,House,Minnesota,Minnesota 3,DFL,D+8,-8.0,True,True,59.6,general,682
Ro_Khanna,2022,253,106,24380.0,61,21,25,2020-11-19 04:51:46+00:00,2022-10-26 21:27:44+00:00,House,California,California 17,Democratic,D+23,-23.0,True,True,70.9,general,706
Ronny_Jackson,2022,248,138,11507.0,45,62,9,2020-11-04 17:12:36+00:00,2022-11-06 17:33:57+00:00,House,Texas,Texas 13,Republican,R+26,26.0,True,True,75.4,general,732
Claudia_Tenney,2022,245,116,8911.0,37,61,11,2020-11-04 12:54:58+00:00,2022-11-07 10:53:34+00:00,House,New York,New York 24,Republican,R+11,11.0,False,True,65.7,general,732
Melanie_Stansbury,2022,242,65,13806.0,23,36,2,2020-11-26 09:21:27+00:00,2022-10-02 04:41:06+00:00,House,New Mexico,New Mexico 1,Democratic,D+5,-5.0,True,True,55.8,general,674
Maxine_Waters,2022,239,120,51316.0,82,39,17,2020-11-14 18:54:03+00:00,2022-11-03 03:42:31+00:00,House,California,California 43,Democratic,D+32,-32.0,True,True,77.3,general,718
John_Gibbs_(government_official),2022,232,79,13150.0,40,36,8,2020-12-14 05:22:20+00:00,2022-11-08 22:59:42+00:00,House,Michigan,Michigan 3,Republican,D+1,-1.0,False,False,42.0,general,694
Max_Miller_(politician),2022,231,89,14316.0,33,41,11,2021-03-25 04:48:43+00:00,2022-11-07 03:24:45+00:00,House,Ohio,Ohio 7,Republican,R+7,7.0,False,True,55.3,general,591
Max_Rose,2022,230,112,15128.0,38,89,11,2020-11-04 03:39:36+00:00,2022-10-14 19:14:54+00:00,House,New York,New York 11,Democratic,R+6,6.0,False,False,38.2,general,709
Adam_Schiff,2022,229,133,4594.0,67,52,10,2020-11-05 09:30:57+00:00,2022-11-05 10:54:36+00:00,House,California,California 30,Democratic,D+23,-23.0,False,True,71.1,general,730
Andy_Harris_(politician),2022,229,115,23852.0,49,42,17,2020-11-07 00:50:59+00:00,2022-11-03 14:16:36+00:00,House,Maryland,Maryland 1,Republican,R+11,11.0,True,True,54.4,general,726
Jake_Auchincloss,2022,228,111,26089.0,53,46,8,2020-11-04 00:19:10+00:00,2022-10-27 00:06:26+00:00,House,Massachusetts,Massachusetts 4,Democratic,D+12,-12.0,True,True,100.0,general,721
Markwayne_Mullin,2022,224,116,20904.0,37,79,10,2020-11-05 18:43:45+00:00,2022-10-24 04:52:42+00:00,Senate,Oklahoma,,Republican,R+20,20.0,False,True,61.8,special,717
Stephanie_Bice,2022,223,97,5376.0,41,72,4,2020-11-04 06:46:49+00:00,2022-10-02 04:29:43+00:00,House,Oklahoma,Oklahoma 5,Republican,R+12,12.0,True,True,59.0,general,696
Beth_Van_Duyne,2022,222,90,10202.0,34,38,5,2020-11-06 03:43:32+00:00,2022-10-02 04:39:57+00:00,House,Texas,Texas 24,Republican,R+10,10.0,True,True,59.7,general,695
Pramila_Jayapal,2022,222,131,21313.0,50,70,6,2020-11-15 16:44:02+00:00,2022-10-31 02:40:22+00:00,House,Washington,Washington 7,Democratic,D+36,-36.0,True,True,85.4,general,714
Jeff_Van_Drew,2022,219,100,15583.0,37,61,15,2020-11-06 17:32:32+00:00,2022-10-26 14:46:50+00:00,House,New Jersey,New Jersey 2,Republican,R+5,5.0,True,True,58.9,general,718
Henry_Cuellar,2022,217,110,10105.0,41,52,11,2020-12-01 22:35:34+00:00,2022-11-03 06:01:48+00:00,House,Texas,Texas 28,Democratic,D+3,-3.0,True,True,56.7,general,701
Tim_Scott,2022,217,105,23284.0,50,28,19,2020-11-19 08:19:58+00:00,2022-10-13 05:32:13+00:00,Senate,South Carolina,,Republican,R+8,8.0,False,True,62.9,general,692
Byron_Donalds,2022,216,113,17220.0,39,61,7,2020-11-04 00:25:22+00:00,2022-10-02 04:31:01+00:00,House,Florida,Florida 19,Republican,R+13,13.0,True,True,68.0,general,697
Abigail_Spanberger,2022,215,87,15327.0,40,49,8,2020-11-05 13:06:30+00:00,2022-10-26 16:13:59+00:00,House,Virginia,Virginia 7,Democratic,D+1,-1.0,True,True,52.3,general,720
Katie_Porter,2022,213,100,9552.0,51,39,17,2020-11-08 02:40:44+00:00,2022-11-08 02:12:00+00:00,House,California,California 47,Democratic,D+3,-3.0,False,True,51.7,general,729
Richard_Blumenthal,2022,212,107,79058.0,49,50,14,2020-11-08 17:18:09+00:00,2022-11-04 07:38:13+00:00,Senate,Connecticut,,Democratic,D+7,-7.0,False,True,57.5,general,725
Jamaal_Bowman,2022,209,105,14098.0,39,31,11,2020-11-04 03:42:27+00:00,2022-10-03 15:19:22+00:00,House,New York,New York 16,Democratic,D+20,-20.0,True,True,64.3,general,698
John_Thune,2022,207,95,23616.0,41,57,12,2020-11-06 00:32:25+00:00,2022-11-05 05:22:05+00:00,Senate,South Dakota,,Republican,R+16,16.0,False,True,69.6,general,729
Maggie_Hassan,2022,205,88,34555.0,47,26,9,2020-11-05 22:02:11+00:00,2022-11-08 23:21:27+00:00,Senate,New Hampshire,,Democratic,D+1,-1.0,False,True,53.6,general,733
Troy_Carter_(politician),2022,205,93,11023.0,36,30,8,2020-11-17 18:27:17+00:00,2022-10-17 21:20:46+00:00,House,Louisiana,Louisiana 2,Democratic,D+25,-25.0,True,True,77.1,general,699
Sara_Jacobs,2022,204,87,14482.0,34,39,10,2020-11-04 09:32:59+00:00,2022-10-30 16:56:13+00:00,House,California,California 51,Democratic,D+12,-12.0,False,True,61.9,general,725
Michelle_Fischbach,2022,200,86,12181.0,45,24,6,2020-11-04 12:36:00+00:00,2022-10-02 04:32:49+00:00,House,Minnesota,Minnesota 7,Republican,R+19,19.0,True,True,67.0,general,696
Steve_Scalise,2022,200,107,11782.0,45,42,14,2020-11-18 17:24:33+00:00,2022-10-14 21:47:10+00:00,House,Louisiana,Louisiana 1,Republican,R+23,23.0,True,True,72.8,general,695
Jay_Obernolte,2022,199,92,13298.0,46,43,10,2020-11-06 08:32:10+00:00,2022-10-12 03:20:50+00:00,House,California,California 23,Republican,R+8,8.0,False,True,61.0,general,704
Rashida_Tlaib,2022,198,71,26975.0,42,0,9,2020-11-04 03:09:37+00:00,2022-10-11 06:59:04+00:00,House,Michigan,Michigan 12,Democratic,D+23,-23.0,False,True,70.8,general,706
Troy_Nehls,2022,196,84,11598.0,35,57,10,2020-11-04 05:39:08+00:00,2022-10-25 00:39:25+00:00,House,Texas,Texas 22,Republican,R+11,11.0,True,True,62.2,general,719
Michael_Bennet,2022,192,92,48842.0,52,36,12,2020-11-06 04:58:04+00:00,2022-11-07 15:51:15+00:00,Senate,Colorado,,Democratic,D+4,-4.0,False,True,55.9,general,731
Ron_Wyden,2022,192,88,62719.0,45,37,19,2020-11-13 07:06:51+00:00,2022-11-08 13:53:35+00:00,Senate,Oregon,,Democratic,D+6,-6.0,False,True,55.9,general,725
John_Rose_(Tennessee_politician),2022,190,78,4946.0,34,30,8,2020-11-05 13:42:44+00:00,2022-10-02 04:23:44+00:00,House,Tennessee,Tennessee 6,Republican,R+17,17.0,True,True,66.3,general,695
Adam_Laxalt,2022,189,66,5103.0,39,24,5,2020-11-06 07:16:29+00:00,2022-11-06 13:21:32+00:00,Senate,Nevada,,Republican,R+1,1.0,False,False,48.0,general,730
Matt_Rosendale,2022,189,79,11559.0,28,35,10,2020-11-04 20:09:07+00:00,2022-10-02 04:38:55+00:00,House,Montana,Montana 2,Republican,R+16,16.0,False,True,56.6,general,696
Tammy_Duckworth,2022,187,77,54948.0,47,0,24,2020-11-08 22:37:13+00:00,2022-10-24 03:55:53+00:00,Senate,Illinois,,Democratic,D+7,-7.0,False,True,56.8,general,714
Bo_Hines,2022,186,68,16464.0,23,37,6,2021-12-09 20:20:14+00:00,2022-11-07 15:38:49+00:00,House,North Carolina,North Carolina 13,Republican,R+2,2.0,False,False,48.4,general,332
Jared_Golden,2022,186,79,13152.0,45,22,11,2020-11-15 16:17:29+00:00,2022-10-02 04:17:55+00:00,House,Maine,Maine 2,Democratic,R+6,6.0,True,True,53.1,general_rcv_runoff,685
Val_Demings,2022,186,81,7324.0,30,53,6,2020-11-11 17:33:33+00:00,2022-11-06 10:50:31+00:00,Senate,Florida,,Democratic,R+3,3.0,False,False,41.3,general,724
Greg_Casar,2022,185,85,45089.0,37,39,15,2020-11-10 18:28:20+00:00,2022-10-26 15:41:06+00:00,House,Texas,Texas 35,Democratic,D+21,-21.0,False,True,72.6,general,714
Clay_Higgins,2022,184,92,8382.0,40,45,13,2020-11-06 20:09:26+00:00,2022-10-28 03:19:05+00:00,House,Louisiana,Louisiana 3,Republican,R+21,21.0,True,True,64.3,general,720
Tom_Malinowski,2022,183,86,10344.0,38,38,10,2020-11-06 00:20:50+00:00,2022-11-07 16:41:01+00:00,House,New Jersey,New Jersey 7,Democratic,R+1,1.0,True,False,48.6,general,731
Pat_Ryan_(politician),2022,180,55,24721.0,17,39,3,2022-05-03 21:19:00+00:00,2022-10-26 15:04:47+00:00,House,New York,New York 19,Democratic,,,False,True,51.2,special,175
Patty_Murray,2022,177,78,34583.0,33,49,12,2020-11-08 22:32:09+00:00,2022-11-05 14:44:51+00:00,Senate,Washington,,Democratic,D+8,-8.0,False,True,57.1,general,726
Catherine_Cortez_Masto,2022,174,78,26385.0,42,27,6,2020-11-05 20:52:04+00:00,2022-11-06 19:01:09+00:00,Senate,Nevada,,Democratic,R+1,1.0,False,True,48.8,general,730
Tom_McClintock,2022,174,77,11109.0,40,25,15,2020-11-12 16:58:22+00:00,2022-09-02 06:23:49+00:00,House,California,California 5,Republican,R+9,9.0,False,True,61.3,general,658
Barry_Moore_(American_politician),2022,173,74,15109.0,29,29,2,2020-11-04 19:37:54+00:00,2022-10-31 21:26:11+00:00,House,Alabama,Alabama 2,Republican,R+17,17.0,True,True,69.1,general,726
Dan_Goldman,2022,173,65,29626.0,31,33,8,2020-12-10 13:33:37+00:00,2022-10-03 14:51:12+00:00,House,New York,New York 10,Democratic,D+35,-35.0,False,True,84.0,general,662
Ted_Budd,2022,173,68,18674.0,34,31,10,2020-11-30 21:36:25+00:00,2022-11-08 05:38:01+00:00,Senate,North Carolina,,Republican,R+3,3.0,False,True,50.5,general,707
Richard_Neal,2022,172,58,14074.0,21,37,9,2020-11-09 23:14:15+00:00,2022-10-07 03:52:40+00:00,House,Massachusetts,Massachusetts 1,Democratic,D+9,-9.0,True,True,61.6,general,696
Sheila_Cherfilus-McCormick,2022,172,74,15972.0,22,34,4,2021-11-03 21:16:41+00:00,2022-10-02 04:41:44+00:00,House,Florida,Florida 20,Democratic,,,False,True,79.0,special,332
Doug_LaMalfa,2022,171,78,22364.0,35,33,9,2020-11-06 00:10:10+00:00,2022-10-10 07:02:44+00:00,House,California,California 1,Republican,R+12,12.0,True,True,62.1,general,703
Krystle_Matthews,2022,171,84,8173.0,29,43,6,2021-01-23 11:33:58+00:00,2022-11-07 20:23:31+00:00,Senate,South Carolina,,Democratic,R+8,8.0,False,False,37.0,general,653
Brian_Mast,2022,170,75,3377.0,31,23,12,2020-11-18 21:58:17+00:00,2022-11-05 02:18:54+00:00,House,Florida,Florida 21,Republican,R+7,7.0,False,True,63.5,general,716
Diana_Harshbarger,2022,168,85,11194.0,34,34,11,2020-11-04 02:15:12+00:00,2022-10-15 03:54:45+00:00,House,Tennessee,Tennessee 1,Republican,R+30,30.0,True,True,78.3,general,710
Pat_Fallon,2022,168,79,9561.0,45,26,6,2020-11-04 20:32:38+00:00,2022-10-15 20:43:34+00:00,House,Texas,Texas 4,Republican,R+16,16.0,True,True,66.7,general,710
Ritchie_Torres,2022,168,88,19328.0,28,31,6,2020-11-04 04:11:53+00:00,2022-10-27 05:28:38+00:00,House,New York,New York 15,Democratic,D+35,-35.0,True,True,82.8,general,722
Greg_Steube,2022,167,84,9310.0,44,51,12,2020-11-26 22:25:53+00:00,2022-10-30 15:34:21+00:00,House,Florida,Florida 17,Republican,R+10,10.0,True,True,63.8,general,702
Tony_Gonzales,2022,166,76,20370.0,30,21,5,2020-11-04 08:30:09+00:00,2022-10-02 04:33:37+00:00,House,Texas,Texas 23,Republican,R+5,5.0,True,True,55.9,general,696
Jim_Banks,2022,164,89,12143.0,36,36,9,2020-11-19 20:50:47+00:00,2022-10-02 03:51:50+00:00,House,Indiana,Indiana 3,Republican,R+18,18.0,True,True,65.3,general,681
Bennie_Thompson,2022,163,84,15669.0,37,31,10,2020-11-05 13:36:56+00:00,2022-10-24 03:42:52+00:00,House,Mississippi,Mississippi 2,Democratic,D+11,-11.0,True,True,60.1,general,717
Mike_Waltz,2022,163,80,22943.0,42,27,11,2020-11-07 01:54:15+00:00,2022-11-08 20:02:07+00:00,House,Florida,Florida 6,Republican,R+14,14.0,True,True,75.3,general,731
James_Lankford,2022,162,87,19594.0,28,35,8,2020-11-05 15:40:54+00:00,2022-10-15 01:38:34+00:00,Senate,Oklahoma,,Republican,R+20,20.0,False,True,64.3,general,708
Nikema_Williams,2022,160,86,4971.0,25,29,4,2020-11-04 20:44:08+00:00,2022-11-04 16:52:55+00:00,House,Georgia,Georgia 5,Democratic,D+32,-32.0,True,True,82.5,general,729
Kelly_Tshibaka,2022,158,22,18707.0,34,12,1,2021-03-30 15:52:57+00:00,2022-11-07 12:33:13+00:00,Senate,Alaska,,Republican,R+8,8.0,False,True,42.6,general,586
Becca_Balint,2022,157,55,17651.0,31,8,12,2020-11-13 05:40:39+00:00,2022-10-13 18:21:47+00:00,House,Vermont,Vermont at-large,Democratic,D+16,-16.0,False,True,62.8,general,699
Cliff_Bentz,2022,156,78,10659.0,33,30,7,2020-11-04 17:38:01+00:00,2022-11-07 07:35:50+00:00,House,Oregon,Oregon 2,Republican,R+15,15.0,True,True,67.6,general,732
Jeff_Jackson_(politician),2022,156,53,5170.0,13,43,7,2020-11-26 15:36:15+00:00,2022-11-04 18:21:35+00:00,House,North Carolina,North Carolina 14,Democratic,D+6,-6.0,False,True,57.7,general,708
Ashley_Hinson,2022,154,80,8970.0,31,31,6,2020-11-04 00:47:31+00:00,2022-11-03 07:26:11+00:00,House,Iowa,Iowa 2,Republican,R+4,4.0,False,True,54.1,general,729
Brian_Fitzpatrick_(American_politician),2022,154,80,17012.0,31,30,15,2020-11-06 16:00:38+00:00,2022-10-12 18:40:12+00:00,House,Pennsylvania,Pennsylvania 1,Republican,EVEN,0.0,True,True,54.9,general,705
Jim_Clyburn,2022,154,101,9764.0,45,41,9,2020-11-07 18:14:36+00:00,2022-10-17 07:18:19+00:00,House,South Carolina,South Carolina 6,Democratic,D+14,-14.0,True,True,62.1,general,708
Andrew_Garbarino,2022,152,75,7667.0,31,37,7,2020-11-05 13:38:35+00:00,2022-11-03 05:35:56+00:00,House,New York,New York 2,Republican,R+3,3.0,True,True,60.7,general,727
Kevin_Kiley_(politician),2022,152,59,16618.0,14,37,12,2021-01-04 19:19:31+00:00,2022-11-01 18:51:15+00:00,House,California,California 3,Republican,R+4,4.0,False,True,53.6,general,665
Mike_Carey_(politician),2022,152,61,13121.0,17,36,5,2021-07-29 16:47:46+00:00,2022-10-24 15:34:29+00:00,House,Ohio,Ohio 15,Republican,R+6,6.0,True,True,57.0,general,451
Mike_Kelly_(Pennsylvania_politician),2022,152,81,11732.0,28,33,14,2020-11-05 01:23:20+00:00,2022-11-07 01:13:00+00:00,House,Pennsylvania,Pennsylvania 16,Republican,R+13,13.0,True,True,59.4,general,731
Steve_Womack,2022,152,82,11053.0,45,32,18,2020-11-12 16:01:59+00:00,2022-10-21 22:58:08+00:00,House,Arkansas,Arkansas 3,Republican,R+15,15.0,True,True,63.7,general,708
Darrell_Issa,2022,151,75,6495.0,37,0,18,2020-11-04 00:27:42+00:00,2022-10-30 14:43:02+00:00,House,California,California 48,Republican,R+9,9.0,False,True,60.4,general,725
John_Boozman,2022,151,71,14560.0,49,15,11,2020-11-24 19:43:56+00:00,2022-10-05 07:25:30+00:00,Senate,Arkansas,,Republican,R+16,16.0,False,True,65.8,general,679
Ted_Lieu,2022,151,87,5338.0,42,31,8,2020-11-08 22:54:55+00:00,2022-10-10 06:45:36+00:00,House,California,California 36,Democratic,D+21,-21.0,False,True,69.8,general,700
Darin_LaHood,2022,150,57,7472.0,32,21,6,2020-11-29 07:05:26+00:00,2022-10-11 08:47:03+00:00,House,Illinois,Illinois 16,Republican,R+13,13.0,False,True,66.3,general,681
David_Schweikert,2022,150,52,131.0,33,13,11,2020-11-06 18:37:18+00:00,2022-10-25 19:28:53+00:00,House,Arizona,Arizona 1,Republican,R+2,2.0,False,True,50.4,general,718
Jerry_Carl,2022,149,71,12120.0,34,24,6,2020-11-04 04:56:53+00:00,2022-10-02 04:30:33+00:00,House,Alabama,Alabama 1,Republican,R+16,16.0,True,True,84.2,general,696
Cheri_Beasley,2022,148,73,20763.0,28,24,7,2020-11-04 04:04:07+00:00,2022-11-08 13:09:27+00:00,Senate,North Carolina,,Democratic,R+3,3.0,False,False,47.3,general,734
Chris_Smith_(New_Jersey_politician),2022,147,84,14435.0,46,22,10,2020-11-06 02:23:06+00:00,2022-11-05 17:18:01+00:00,House,New Jersey,New Jersey 4,Republican,R+14,14.0,True,True,66.9,general,729
Elissa_Slotkin,2022,145,65,7177.0,37,12,7,2020-11-04 18:14:44+00:00,2022-10-31 18:28:43+00:00,House,Michigan,Michigan 7,Democratic,R+2,2.0,False,True,51.7,general,726
Todd_Young,2022,144,97,36058.0,39,25,8,2020-11-05 20:28:14+00:00,2022-11-05 04:23:25+00:00,Senate,Indiana,,Republican,R+11,11.0,False,True,58.6,general,729
Alek_Skarlatos,2022,143,55,9058.0,25,20,9,2020-11-04 01:21:16+00:00,2022-11-03 22:26:27+00:00,House,Oregon,Oregon 4,Republican,D+4,-4.0,False,False,43.1,general,729
Conservative_Party_of_New_York_State,2022,143,51,65119.0,21,42,6,2020-11-06 13:33:10+00:00,2022-11-07 22:43:50+00:00,House,New York,New York 9,Conservative,D+25,-25.0,False,False,18.5,general,731
David_Cicilline,2022,143,79,21627.0,35,38,14,2020-11-15 09:42:46+00:00,2022-10-27 22:11:22+00:00,House,Rhode Island,Rhode Island 1,Democratic,D+12,-12.0,True,True,64.2,general,711
Harriet_Hageman,2022,143,74,20700.0,15,34,4,2021-09-08 14:22:03+00:00,2022-11-08 08:23:38+00:00,House,Wyoming,Wyoming at-large,Republican,R+25,25.0,False,True,69.8,general,425
Joe_Neguse,2022,143,71,10267.0,36,29,8,2020-11-08 04:46:29+00:00,2022-10-11 13:13:51+00:00,House,Colorado,Colorado 2,Democratic,D+17,-17.0,True,True,70.0,general,702
Greg_Murphy_(politician),2022,142,64,14698.0,26,21,12,2020-11-09 16:01:15+00:00,2022-10-18 01:13:13+00:00,House,North Carolina,North Carolina 3,Republican,R+15,15.0,True,True,66.9,general,707
Mike_Crapo,2022,142,67,15872.0,31,19,12,2020-11-05 20:49:30+00:00,2022-11-05 05:19:37+00:00,Senate,Idaho,,Republican,R+18,18.0,False,True,60.7,general,729
Blake_Moore,2022,140,58,12599.0,27,21,8,2020-11-04 04:10:32+00:00,2022-10-29 03:34:27+00:00,House,Utah,Utah 1,Republican,R+12,12.0,True,True,67.0,general,723
Cathy_McMorris_Rodgers,2022,139,66,3608.0,30,18,11,2020-11-27 07:06:38+00:00,2022-09-28 07:35:18+00:00,House,Washington,Washington 5,Republican,R+8,8.0,True,True,59.5,general,670
Katie_Britt,2022,139,66,21372.0,19,21,1,2021-05-14 14:08:52+00:00,2022-11-08 13:38:07+00:00,Senate,Alabama,,Republican,R+15,15.0,False,True,66.6,general,542
Sean_Casten,2022,139,57,6334.0,29,13,8,2020-11-04 23:54:15+00:00,2022-11-04 16:57:56+00:00,House,Illinois,Illinois 6,Democratic,D+3,-3.0,True,True,54.4,general,729
Marilyn_Strickland,2022,138,74,7012.0,27,28,4,2020-11-04 11:21:10+00:00,2022-10-02 04:39:42+00:00,House,Washington,Washington 10,Democratic,D+7,-7.0,True,True,57.0,general,696
Ruben_Gallego,2022,138,65,2657.0,36,22,10,2020-11-06 00:36:32+00:00,2022-10-02 03:46:16+00:00,House,Arizona,Arizona 3,Democratic,D+24,-24.0,False,True,77.0,general,695
Lisa_McClain,2022,137,69,6827.0,24,26,2,2020-11-04 05:56:33+00:00,2022-10-02 04:36:05+00:00,House,Michigan,Michigan 9,Republican,R+18,18.0,False,True,63.9,general,696
Sharice_Davids,2022,137,61,7280.0,40,11,9,2020-11-05 15:45:11+00:00,2022-11-06 00:21:06+00:00,House,Kansas,Kansas 3,Democratic,R+1,1.0,True,True,54.9,general,730
Mikie_Sherrill,2022,136,73,6379.0,35,24,6,2020-11-10 05:14:05+00:00,2022-11-06 04:31:14+00:00,House,New Jersey,New Jersey 11,Democratic,D+6,-6.0,True,True,59.0,general,725
Seth_Moulton,2022,135,65,8727.0,30,17,10,2020-12-09 12:40:49+00:00,2022-10-23 16:22:19+00:00,House,Massachusetts,Massachusetts 6,Democratic,D+11,-11.0,True,True,62.9,general,683
Ken_Buck,2022,134,68,16277.0,24,23,13,2020-11-13 23:22:47+00:00,2022-10-02 03:45:35+00:00,House,Colorado,Colorado 4,Republican,R+13,13.0,True,True,60.9,general,687
Lucy_McBath,2022,134,67,5077.0,37,25,8,2020-11-04 07:09:44+00:00,2022-11-06 17:58:05+00:00,House,Georgia,Georgia 7,Democratic,D+10,-10.0,False,True,61.1,general,732
Tony_Vargas,2022,134,43,6299.0,24,22,10,2020-11-20 23:12:45+00:00,2022-11-01 17:33:54+00:00,House,Nebraska,Nebraska 2,Democratic,EVEN,0.0,False,False,48.5,general,710
Dan_Bishop,2022,132,70,10091.0,28,31,13,2020-11-04 00:20:57+00:00,2022-10-25 03:31:50+00:00,House,North Carolina,North Carolina 8,Republican,R+20,20.0,False,True,69.9,general,720
Steny_Hoyer,2022,132,83,15552.0,24,50,6,2020-12-11 19:50:47+00:00,2022-10-15 03:58:45+00:00,House,Maryland,Maryland 5,Democratic,D+15,-15.0,True,True,65.9,general,672
Angie_Craig,2022,131,53,8454.0,28,17,7,2020-11-09 02:30:00+00:00,2022-11-04 17:48:39+00:00,House,Minnesota,Minnesota 2,DFL,D+1,-1.0,True,True,51.0,general,725
Frank_J._Mrvan,2022,130,67,4325.0,26,19,10,2020-11-05 03:48:31+00:00,2022-11-08 23:50:52+00:00,House,Indiana,Indiana 1,Democratic,D+3,-3.0,True,True,52.8,general,733
Josh_Gottheimer,2022,128,47,11861.0,31,9,8,2020-12-10 13:14:40+00:00,2022-10-13 17:41:45+00:00,House,New Jersey,New Jersey 5,Democratic,D+4,-4.0,True,True,54.7,general,672
Brian_Schatz,2022,127,64,30604.0,35,20,9,2020-11-10 22:20:46+00:00,2022-10-24 19:33:19+00:00,Senate,Hawaii,,Democratic,D+14,-14.0,False,True,71.2,general,712
Rosa_DeLauro,2022,127,71,3818.0,33,21,11,2020-11-19 19:51:03+00:00,2022-10-25 00:41:59+00:00,House,Connecticut,Connecticut 3,Democratic,D+7,-7.0,True,True,56.8,general,704
Elaine_Luria,2022,126,64,16674.0,27,21,7,2020-11-04 16:54:50+00:00,2022-10-22 15:10:06+00:00,House,Virginia,Virginia 2,Democratic,R+2,2.0,True,False,48.3,general,716
Matt_Cartwright,2022,126,56,3401.0,31,17,10,2020-11-05 09:39:54+00:00,2022-10-28 16:34:39+00:00,House,Pennsylvania,Pennsylvania 8,Democratic,R+4,4.0,True,True,51.2,general,722
Robert_Garcia_(California_congressman),2022,126,55,11248.0,39,23,7,2020-11-04 02:42:03+00:00,2022-10-25 02:39:25+00:00,House,California,California 42,Democratic,D+22,-22.0,False,True,68.4,general,719
Charles_Booker_(American_politician),2022,125,68,9560.0,28,32,9,2020-11-07 07:24:00+00:00,2022-11-03 15:23:34+00:00,Senate,Kentucky,,Democratic,R+16,16.0,False,False,38.2,general,726
Kathy_Manning,2022,125,64,10586.0,22,16,9,2020-11-04 02:35:42+00:00,2022-10-02 04:35:58+00:00,House,North Carolina,North Carolina 6,Democratic,D+4,-4.0,True,True,53.9,general,697
Brad_Finstad,2022,124,57,10950.0,11,26,1,2022-03-09 01:22:59+00:00,2022-11-05 18:38:42+00:00,House,Minnesota,Minnesota 1,Republican,,,False,True,50.7,special,241
Monica_Tranel,2022,124,33,12097.0,13,17,2,2021-07-08 13:42:14+00:00,2022-11-08 19:27:54+00:00,House,Montana,Montana 1,Democratic,R+6,6.0,False,False,46.5,general,488
Barbara_Lee,2022,123,71,8000.0,31,13,12,2020-11-08 14:34:41+00:00,2022-11-07 12:38:05+00:00,House,California,California 12,Democratic,D+40,-40.0,False,True,90.5,general,728
Cindy_Axne,2022,123,51,5432.0,32,20,5,2020-11-04 22:15:19+00:00,2022-11-08 19:38:38+00:00,House,Iowa,Iowa 3,Democratic,R+3,3.0,True,False,49.6,general,733
David_Trone,2022,123,50,11551.0,43,18,7,2020-11-10 15:17:54+00:00,2022-10-31 22:05:40+00:00,House,Maryland,Maryland 6,Democratic,D+2,-2.0,True,True,54.7,general,720
Jerry_Nadler,2022,123,74,5180.0,34,30,9,2020-12-16 17:16:09+00:00,2022-10-28 16:41:22+00:00,House,New York,New York 12,Democratic,D+34,-34.0,False,True,81.8,general,680
Sean_Patrick_Maloney,2022,123,64,22026.0,30,21,11,2020-11-11 23:35:48+00:00,2022-10-31 21:56:20+00:00,House,New York,New York 17,Democratic,D+3,-3.0,False,False,49.7,general,718
Haley_Stevens,2022,122,55,8994.0,29,20,9,2020-11-05 18:41:28+00:00,2022-10-06 13:07:51+00:00,House,Michigan,Michigan 11,Democratic,D+7,-7.0,True,True,61.3,general,699
Jason_Crow,2022,122,64,7399.0,32,26,15,2020-11-14 13:56:59+00:00,2022-10-02 04:11:38+00:00,House,Colorado,Colorado 6,Democratic,D+9,-9.0,True,True,60.6,general,686
Alex_Mooney,2022,121,61,16392.0,23,20,10,2020-12-04 22:04:28+00:00,2022-10-19 22:30:57+00:00,House,West Virginia,West Virginia 2,Republican,R+22,22.0,True,True,65.6,general,684
Peter_Welch,2022,121,54,-5576.0,27,14,7,2020-11-12 23:10:21+00:00,2022-10-15 23:16:59+00:00,Senate,Vermont,,Democratic,D+16,-16.0,False,True,68.5,general,702
Deborah_Ross_(politician),2022,119,62,8399.0,23,16,8,2020-11-04 03:50:46+00:00,2022-10-17 02:49:55+00:00,House,North Carolina,North Carolina 2,Democratic,D+12,-12.0,True,True,64.7,general,711
Tom_Emmer,2022,119,56,15887.0,29,23,5,2020-11-21 22:31:53+00:00,2022-11-06 23:10:57+00:00,House,Minnesota,Minnesota 6,Republican,R+12,12.0,True,True,62.1,general,715
Chris_Van_Hollen,2022,118,56,23436.0,31,17,10,2020-11-18 06:18:51+00:00,2022-10-24 11:54:52+00:00,Senate,Maryland,,Democratic,D+14,-14.0,False,True,65.8,general,705
Robert_Aderholt,2022,117,68,7984.0,28,18,10,2020-11-20 16:13:29+00:00,2022-09-11 06:29:48+00:00,House,Alabama,Alabama 4,Republican,R+33,33.0,True,True,84.2,general,659
Terri_Sewell,2022,117,58,12642.0,23,10,6,2020-11-27 00:10:41+00:00,2022-10-24 15:14:39+00:00,House,Alabama,Alabama 7,Democratic,D+14,-14.0,True,True,63.6,general,696
Buddy_Carter,2022,116,51,3019.0,19,18,7,2020-12-05 05:15:59+00:00,2022-10-11 07:15:45+00:00,House,Georgia,Georgia 1,Republican,R+9,9.0,True,True,59.1,general,675
Scott_Baugh,2022,116,46,3180.0,17,16,4,2020-11-11 21:14:39+00:00,2022-11-06 20:38:35+00:00,House,California,California 47,Republican,D+3,-3.0,False,False,48.3,general,724
Ann_Wagner,2022,115,53,7167.0,23,22,8,2020-12-08 13:46:31+00:00,2022-10-19 01:02:48+00:00,House,Missouri,Missouri 2,Republican,R+7,7.0,True,True,54.9,general,679
Dan_Newhouse,2022,115,62,12041.0,24,24,9,2020-11-23 23:05:03+00:00,2022-10-26 11:31:12+00:00,House,Washington,Washington 4,Republican,R+11,11.0,True,True,66.5,general,701
Susan_Wild,2022,115,45,7793.0,17,25,7,2020-11-08 13:20:27+00:00,2022-11-04 15:16:26+00:00,House,Pennsylvania,Pennsylvania 7,Democratic,R+2,2.0,True,True,51.0,general,726
Emanuel_Cleaver,2022,114,65,1684.0,25,16,4,2020-11-07 16:09:24+00:00,2022-10-06 19:42:15+00:00,House,Missouri,Missouri 5,Democratic,D+11,-11.0,True,True,61.0,general,698
Scott_Fitzgerald_(politician),2022,114,60,4710.0,29,14,5,2020-11-04 20:44:00+00:00,2022-11-05 03:58:03+00:00,House,Wisconsin,Wisconsin 5,Republican,R+14,14.0,True,True,64.4,general,730
Alliance_Party_(United_States),2022,113,56,8692.0,30,15,4,2020-11-06 11:17:35+00:00,2022-10-26 16:21:13+00:00,House,South Carolina,South Carolina 1,Alliance,R+7,7.0,False,False,1.0,general,719
Lauren_Underwood,2022,113,44,4436.0,26,32,4,2020-11-05 05:48:04+00:00,2022-11-04 16:22:14+00:00,House,Illinois,Illinois 14,Democratic,D+4,-4.0,True,True,54.2,general,729
Scott_Peters_(politician),2022,113,46,16314.0,16,16,10,2020-11-06 20:32:43+00:00,2022-10-23 14:47:24+00:00,House,California,California 50,Democratic,D+14,-14.0,False,True,62.8,general,715
Scott_Franklin_(politician),2022,112,47,9537.0,19,14,3,2020-11-04 01:54:44+00:00,2022-10-02 04:33:05+00:00,House,Florida,Florida 18,Republican,R+13,13.0,False,True,74.7,general,697
Jeremy_Kauffman,2022,111,29,11596.0,25,2,3,2022-04-21 15:28:52+00:00,2022-11-03 01:33:44+00:00,Senate,New Hampshire,,Libertarian,D+1,-1.0,False,False,2.0,general,195
Michael_Franken,2022,111,55,4278.0,23,25,1,2020-11-19 21:28:17+00:00,2022-11-06 06:22:47+00:00,Senate,Iowa,,Democratic,R+6,6.0,False,False,43.8,general,716
Ralph_Norman,2022,111,52,12841.0,18,19,5,2020-11-17 20:07:53+00:00,2022-10-03 16:06:37+00:00,House,South Carolina,South Carolina 5,Republican,R+12,12.0,True,True,64.0,general,684
Tracey_Mann,2022,111,66,4017.0,23,11,6,2020-11-04 19:49:13+00:00,2022-11-07 09:55:08+00:00,House,Kansas,Kansas 1,Republican,R+18,18.0,True,True,67.7,general,732
Debbie_Wasserman_Schultz,2022,109,56,26719.0,26,16,16,2020-11-04 10:08:52+00:00,2022-10-29 15:30:27+00:00,House,Florida,Florida 25,Democratic,D+9,-9.0,False,True,55.1,general,724
Jack_Bergman,2022,109,65,-657.0,27,15,8,2020-11-29 10:00:57+00:00,2022-10-02 03:52:08+00:00,House,Michigan,Michigan 1,Republican,R+13,13.0,True,True,60.0,general,671
Connie_Conway,2022,108,46,7264.0,15,10,2,2021-03-26 19:55:17+00:00,2022-10-31 06:55:48+00:00,House,California,California 22,Republican,,,False,True,62.1,special,583
Jake_LaTurner,2022,108,62,4230.0,28,16,6,2020-11-04 19:53:33+00:00,2022-10-08 01:39:14+00:00,House,Kansas,Kansas 2,Republican,R+11,11.0,True,True,57.6,general,702
Marcy_Kaptur,2022,108,56,3066.0,33,12,9,2020-11-27 00:15:14+00:00,2022-11-05 21:36:34+00:00,House,Ohio,Ohio 9,Democratic,R+3,3.0,True,True,56.6,general,708
Mary_Gay_Scanlon,2022,108,60,4270.0,24,21,4,2020-11-08 13:20:51+00:00,2022-10-02 04:09:35+00:00,House,Pennsylvania,Pennsylvania 5,Democratic,D+14,-14.0,True,True,65.1,general,692
Omar_Navarro,2022,108,59,-3135.0,24,37,8,2020-11-06 03:16:03+00:00,2022-10-07 05:50:08+00:00,House,California,California 43,Republican,D+32,-32.0,False,False,22.7,general,700
Judy_Chu,2022,107,56,-3230.0,29,22,8,2020-11-06 15:27:08+00:00,2022-10-18 17:13:12+00:00,House,California,California 28,Democratic,D+16,-16.0,False,True,66.2,general,711
Brad_Sherman,2022,106,66,942.0,31,27,7,2020-11-13 23:15:24+00:00,2022-10-24 20:54:14+00:00,House,California,California 32,Democratic,D+20,-20.0,False,True,69.2,general,709
Chris_Pappas_(American_politician),2022,106,54,6524.0,22,17,5,2020-12-04 23:38:53+00:00,2022-11-07 16:57:53+00:00,House,New Hampshire,New Hampshire 1,Democratic,EVEN,0.0,True,True,54.0,general,702
David_Scott_(Georgia_politician),2022,106,59,2900.0,20,48,6,2020-11-05 05:42:37+00:00,2022-07-03 12:36:15+00:00,House,Georgia,Georgia 13,Democratic,D+28,-28.0,True,True,81.8,general,605
Mike_Lawler,2022,106,37,4710.0,18,19,6,2021-01-31 21:56:08+00:00,2022-11-07 16:31:12+00:00,House,New York,New York 17,Republican,D+3,-3.0,False,True,50.3,general,644
Raja_Krishnamoorthi,2022,106,41,18334.0,23,9,7,2020-11-20 23:55:29+00:00,2022-10-02 04:05:35+00:00,House,Illinois,Illinois 8,Democratic,D+6,-6.0,True,True,56.9,general,680
Warren_Davidson,2022,106,55,4206.0,22,15,7,2020-11-04 05:47:02+00:00,2022-10-12 14:21:23+00:00,House,Ohio,Ohio 8,Republican,R+14,14.0,True,True,64.6,general,707
Gus_Bilirakis,2022,105,50,5287.0,25,32,6,2020-11-04 19:11:06+00:00,2022-11-01 20:17:53+00:00,House,Florida,Florida 12,Republican,R+17,17.0,True,True,70.4,general,727
Jerry_Moran,2022,105,68,31772.0,24,22,7,2020-11-08 11:28:30+00:00,2022-11-05 05:22:42+00:00,Senate,Kansas,,Republican,R+10,10.0,False,True,60.0,general,726
Zoe_Lofgren,2022,105,50,25955.0,37,12,8,2020-11-21 02:46:09+00:00,2022-11-06 06:58:31+00:00,House,California,California 18,Democratic,D+21,-21.0,False,True,65.9,general,715
Hal_Rogers,2022,104,65,5580.0,26,25,11,2020-11-19 20:53:53+00:00,2022-10-28 16:28:58+00:00,House,Kentucky,Kentucky 5,Republican,R+32,32.0,True,True,82.2,general,707
Ken_Calvert,2022,104,53,-3253.0,23,14,6,2020-11-05 00:09:01+00:00,2022-10-15 21:29:58+00:00,House,California,California 41,Republican,R+3,3.0,False,True,52.3,general,709
Donald_McEachin,2022,103,39,2847.0,26,45,7,2020-11-10 23:35:00+00:00,2022-10-02 04:06:15+00:00,House,Virginia,Virginia 4,Democratic,D+16,-16.0,True,True,64.4,general,690
Ryan_Zinke,2022,103,61,80312.0,30,13,14,2020-11-08 21:12:53+00:00,2022-11-07 17:28:52+00:00,House,Montana,Montana 1,Republican,R+6,6.0,False,True,49.6,general,728
Hakeem_Jeffries,2022,102,63,4330.0,31,17,11,2020-11-06 02:46:13+00:00,2022-10-03 17:26:11+00:00,House,New York,New York 8,Democratic,D+26,-26.0,True,True,71.7,general,696
Mark_Elworth_Jr.,2022,102,13,9416.0,60,11,1,2021-04-26 21:20:21+00:00,2022-10-01 17:27:45+00:00,House,Nebraska,Nebraska 3,Legal Marijuana Now,R+29,29.0,False,False,5.9,general,522
Mark_Green_(Tennessee_politician),2022,102,44,8072.0,25,14,14,2020-11-09 23:25:09+00:00,2022-10-02 04:18:23+00:00,House,Tennessee,Tennessee 7,Republican,R+10,10.0,True,True,60.0,general,691
Randy_Feenstra,2022,102,63,5631.0,20,17,8,2020-11-04 15:22:09+00:00,2022-10-17 00:06:43+00:00,House,Iowa,Iowa 4,Republican,R+16,16.0,True,True,67.4,general,711
Dan_Meuser,2022,101,60,12000.0,25,18,11,2020-11-05 03:12:02+00:00,2022-10-16 17:29:14+00:00,House,Pennsylvania,Pennsylvania 9,Republican,R+21,21.0,True,True,69.3,general,710
Steven_Horsford,2022,101,46,4435.0,25,20,8,2020-11-26 05:03:06+00:00,2022-11-03 19:40:21+00:00,House,Nevada,Nevada 4,Democratic,D+3,-3.0,True,True,52.4,general,707
Virginia_Foxx,2022,101,56,16323.0,27,23,11,2020-11-20 23:11:55+00:00,2022-10-05 06:53:45+00:00,House,North Carolina,North Carolina 5,Republican,R+13,13.0,True,True,63.2,general,683
Josh_Harder,2022,100,50,6713.0,27,17,6,2020-11-05 21:47:30+00:00,2022-10-17 02:20:47+00:00,House,California,California 9,Democratic,D+5,-5.0,False,True,54.8,general,710
Madeleine_Dean,2022,100,56,10370.0,26,24,2,2020-11-04 20:32:24+00:00,2022-10-02 04:17:02+00:00,House,Pennsylvania,Pennsylvania 4,Democratic,D+7,-7.0,True,True,61.3,general,696
Mike_Flood_(politician),2022,100,51,8492.0,18,14,2,2021-02-19 17:28:51+00:00,2022-10-24 18:39:03+00:00,House,Nebraska,Nebraska 1,Republican,,,False,True,52.7,special,612
Mike_Simpson,2022,100,47,10965.0,26,11,13,2020-12-07 20:29:07+00:00,2022-09-30 20:29:47+00:00,House,Idaho,Idaho 2,Republican,R+14,14.0,True,True,63.6,general,662
Thomas_Kean_Jr.,2022,100,70,5003.0,20,27,4,2020-11-09 01:45:28+00:00,2022-10-23 13:39:35+00:00,House,New Jersey,New Jersey 7,Republican,R+1,1.0,False,True,51.4,general,713
Adriano_Espaillat,2022,99,54,34369.0,21,19,10,2020-11-04 19:06:53+00:00,2022-10-17 20:25:57+00:00,House,New York,New York 13,Democratic,D+38,-38.0,True,True,100.0,general,712
Greg_Pence,2022,99,66,4104.0,22,24,5,2020-11-07 22:19:45+00:00,2022-10-30 12:31:40+00:00,House,Indiana,Indiana 6,Republican,R+19,19.0,True,True,67.5,general,721
Pete_Stauber,2022,99,43,6139.0,20,14,6,2020-11-16 17:04:33+00:00,2022-10-02 04:24:46+00:00,House,Minnesota,Minnesota 8,Republican,R+8,8.0,True,True,57.2,general,684
Grace_Meng,2022,98,51,4534.0,24,14,6,2020-11-05 21:40:52+00:00,2022-11-03 05:46:38+00:00,House,New York,New York 6,Democratic,D+15,-15.0,True,True,64.0,general,727
Greg_Stanton,2022,98,48,4917.0,23,16,4,2020-11-20 21:17:14+00:00,2022-11-03 17:03:05+00:00,House,Arizona,Arizona 4,Democratic,D+2,-2.0,False,True,56.1,general,712
Jim_McGovern_(American_politician),2022,98,48,16832.0,26,17,10,2020-11-12 00:46:06+00:00,2022-10-27 12:45:13+00:00,House,Massachusetts,Massachusetts 2,Democratic,D+13,-13.0,True,True,66.3,general,714
Jason_Smith_(American_politician),2022,97,56,16762.0,16,34,8,2020-11-17 23:47:02+00:00,2022-10-12 18:48:12+00:00,House,Missouri,Missouri 8,Republican,R+28,28.0,True,True,76.0,general,693
Mike_Levin,2022,97,39,4264.0,17,12,6,2020-11-06 05:27:30+00:00,2022-11-03 18:29:05+00:00,House,California,California 49,Democratic,D+3,-3.0,True,True,52.6,general,727
John_Hoeven,2022,96,61,19149.0,23,22,4,2020-11-10 13:56:45+00:00,2022-11-05 05:21:42+00:00,Senate,North Dakota,,Republican,R+20,20.0,False,True,56.4,general,724
Katherine_Clark,2022,96,50,11098.0,21,20,6,2020-11-10 06:18:43+00:00,2022-10-02 03:39:15+00:00,House,Massachusetts,Massachusetts 5,Democratic,D+23,-23.0,True,True,73.8,general,690
Glenn_Grothman,2022,95,55,10707.0,29,16,8,2020-11-12 12:11:03+00:00,2022-11-08 18:40:20+00:00,House,Wisconsin,Wisconsin 6,Republican,R+10,10.0,True,True,94.9,general,726
Jennifer_Wexton,2022,95,38,7704.0,20,13,9,2020-11-28 02:36:39+00:00,2022-10-14 16:11:59+00:00,House,Virginia,Virginia 10,Democratic,D+6,-6.0,True,True,53.3,general,685
Mike_Turner,2022,95,45,14668.0,21,19,14,2020-11-27 00:49:21+00:00,2022-10-06 08:23:07+00:00,House,Ohio,Ohio 10,Republican,R+4,4.0,True,True,61.7,general,678
Glenn_Thompson_(politician),2022,93,44,2590.0,16,13,5,2020-11-20 03:40:40+00:00,2022-10-08 20:02:57+00:00,House,Pennsylvania,Pennsylvania 15,Republican,R+21,21.0,True,True,69.9,general,687
Jimmy_Gomez,2022,93,45,13228.0,16,16,6,2020-11-04 19:13:53+00:00,2022-10-02 04:07:54+00:00,House,California,California 34,Democratic,D+32,-32.0,True,True,51.2,general,696
Brendan_Boyle,2022,92,53,5368.0,25,15,6,2020-11-04 19:01:59+00:00,2022-10-30 13:45:28+00:00,House,Pennsylvania,Pennsylvania 2,Democratic,D+20,-20.0,True,True,75.7,general,724
Chrissy_Houlahan,2022,92,42,3555.0,18,12,9,2020-11-09 16:57:54+00:00,2022-10-02 04:19:15+00:00,House,Pennsylvania,Pennsylvania 6,Democratic,D+5,-5.0,True,True,58.3,general,691
Don_Beyer,2022,92,56,7372.0,21,20,5,2020-11-10 18:08:46+00:00,2022-10-18 00:35:50+00:00,House,Virginia,Virginia 8,Democratic,D+26,-26.0,True,True,73.7,general,706
Joe_Sempolinski,2022,92,38,6694.0,11,20,1,2022-08-04 01:32:46+00:00,2022-10-31 06:52:27+00:00,House,New York,New York 23,Republican,,,False,True,53.1,special,88
John_Garamendi,2022,92,52,-1621.0,25,14,9,2020-11-06 08:16:23+00:00,2022-11-05 11:26:50+00:00,House,California,California 8,Democratic,D+26,-26.0,False,True,75.7,general,729
Mike_Bost,2022,92,54,11734.0,22,16,9,2020-11-17 22:52:02+00:00,2022-11-08 19:42:14+00:00,House,Illinois,Illinois 12,Republican,R+24,24.0,True,True,75.0,general,720
Wiley_Nickel,2022,91,31,15251.0,21,18,9,2020-11-30 01:19:27+00:00,2022-10-04 17:40:00+00:00,House,North Carolina,North Carolina 13,Democratic,R+2,2.0,False,True,51.6,general,673
Ami_Bera,2022,90,50,4294.0,17,19,13,2020-11-12 18:02:34+00:00,2022-10-17 02:46:13+00:00,House,California,California 6,Democratic,D+7,-7.0,False,True,55.9,general,703
Russ_Fulcher,2022,90,57,8114.0,16,18,4,2020-11-10 18:11:01+00:00,2022-10-20 14:56:38+00:00,House,Idaho,Idaho 1,Republican,R+22,22.0,True,True,71.3,general,708
Tim_Burchett,2022,90,41,645.0,27,12,9,2020-11-10 03:18:59+00:00,2022-10-23 21:28:14+00:00,House,Tennessee,Tennessee 2,Republican,R+18,18.0,True,True,67.9,general,712
Allan_Fung,2022,89,50,9256.0,23,15,8,2020-11-08 16:09:38+00:00,2022-11-08 17:05:36+00:00,House,Rhode Island,Rhode Island 2,Republican,D+4,-4.0,False,False,46.8,general,730
Jan_Schakowsky,2022,89,40,5352.0,23,4,10,2020-11-05 19:36:21+00:00,2022-11-05 21:29:17+00:00,House,Illinois,Illinois 9,Democratic,D+19,-19.0,True,True,71.7,general,730
Doug_Lamborn,2022,88,52,5387.0,19,14,10,2020-11-12 16:57:16+00:00,2022-10-09 23:34:38+00:00,House,Colorado,Colorado 5,Republican,R+9,9.0,True,True,56.0,general,696
Steve_Cohen_(politician),2022,88,52,2539.0,29,10,9,2020-11-11 09:50:48+00:00,2022-09-12 19:47:46+00:00,House,Tennessee,Tennessee 9,Democratic,D+22,-22.0,True,True,70.0,general,670
Dan_Kildee,2022,87,31,3195.0,17,7,7,2020-11-29 07:41:36+00:00,2022-11-07 01:38:08+00:00,House,Michigan,Michigan 8,Democratic,R+1,1.0,False,True,53.1,general,707
Hank_Johnson,2022,87,53,-2209.0,22,23,7,2020-11-13 01:59:57+00:00,2022-11-08 19:13:36+00:00,House,Georgia,Georgia 4,Democratic,D+27,-27.0,True,True,78.5,general,725
Leora_Levy,2022,87,48,5099.0,17,34,4,2020-11-10 04:55:03+00:00,2022-10-28 17:26:24+00:00,Senate,Connecticut,,Republican,D+7,-7.0,False,False,42.5,general,717
Lou_Correa,2022,87,40,6728.0,20,12,5,2020-11-21 21:15:27+00:00,2022-10-02 03:53:12+00:00,House,California,California 46,Democratic,D+15,-15.0,True,True,61.8,general,679
Mark_Pocan,2022,87,49,9977.0,21,16,6,2020-11-18 13:54:58+00:00,2022-10-15 19:34:13+00:00,House,Wisconsin,Wisconsin 2,Democratic,D+19,-19.0,True,True,71.0,general,696
Pete_Sessions,2022,87,56,5879.0,20,8,6,2020-11-05 01:13:22+00:00,2022-09-30 18:13:17+00:00,House,Texas,Texas 17,Republican,R+14,14.0,True,True,66.5,general,694
Summer_Lee,2022,87,55,10028.0,19,16,5,2020-11-20 16:33:15+00:00,2022-11-08 18:19:53+00:00,House,Pennsylvania,Pennsylvania 12,Democratic,D+8,-8.0,False,True,56.2,general,718
Thomas_McDermott_Jr.,2022,87,37,5451.0,24,8,5,2020-12-07 00:42:22+00:00,2022-11-03 14:41:20+00:00,Senate,Indiana,,Democratic,R+11,11.0,False,False,37.9,general,696
Bryan_Steil,2022,86,48,6554.0,16,14,4,2020-11-04 23:22:16+00:00,2022-10-02 04:24:55+00:00,House,Wisconsin,Wisconsin 1,Republican,R+3,3.0,True,True,54.1,general,696
Joyce_Beatty,2022,86,52,9490.0,27,13,7,2020-12-04 19:47:05+00:00,2022-10-02 03:30:08+00:00,House,Ohio,Ohio 3,Democratic,D+20,-20.0,True,True,70.5,general,666
Derek_Kilmer,2022,85,39,2145.0,15,6,7,2020-12-02 07:45:56+00:00,2022-10-02 03:34:10+00:00,House,Washington,Washington 6,Democratic,D+6,-6.0,True,True,60.0,general,668
Jahana_Hayes,2022,85,42,5589.0,23,10,5,2020-12-05 07:55:12+00:00,2022-11-03 19:02:03+00:00,House,Connecticut,Connecticut 5,Democratic,D+3,-3.0,True,True,50.4,general,698
Mark_Amodei,2022,85,50,4581.0,22,9,9,2020-11-07 16:29:07+00:00,2022-11-02 01:17:32+00:00,House,Nevada,Nevada 2,Republican,R+8,8.0,True,True,59.7,general,724
Morgan_Luttrell,2022,85,6,11549.0,1,0,0,2022-03-01 20:36:45+00:00,2022-10-15 17:43:43+00:00,House,Texas,Texas 8,Republican,R+16,16.0,False,True,68.1,general,227
Bill_Posey,2022,84,38,476.0,13,6,7,2020-11-18 22:00:23+00:00,2022-07-03 17:08:26+00:00,House,Florida,Florida 8,Republican,R+11,11.0,True,True,64.9,general,591
Maebe_A._Girl,2022,84,40,288.0,18,14,5,2020-11-15 01:50:50+00:00,2022-11-08 22:32:18+00:00,House,California,California 30,Democratic,D+23,-23.0,False,False,28.9,general,723
Sam_Graves,2022,84,46,7307.0,24,17,7,2020-11-09 03:35:28+00:00,2022-08-27 20:48:43+00:00,House,Missouri,Missouri 6,Republican,R+21,21.0,True,True,70.3,general,656
Kendra_Horn,2022,83,57,4268.0,15,11,2,2020-11-04 06:43:36+00:00,2022-08-15 14:32:21+00:00,Senate,Oklahoma,,Democratic,R+20,20.0,False,False,35.2,special,649
Bill_Pascrell,2022,82,44,7690.0,22,16,2,2020-11-18 04:49:11+00:00,2022-07-03 05:26:08+00:00,House,New Jersey,New Jersey 9,Democratic,D+8,-8.0,True,True,54.9,general,592
David_Joyce_(politician),2022,82,39,9905.0,21,9,7,2020-12-02 06:06:53+00:00,2022-10-15 23:36:36+00:00,House,Ohio,Ohio 14,Republican,R+9,9.0,True,True,61.7,general,682
Pete_Aguilar,2022,82,39,6713.0,18,6,7,2020-11-16 17:04:01+00:00,2022-10-02 03:40:16+00:00,House,California,California 33,Democratic,D+12,-12.0,False,True,57.7,general,684
Trent_Kelly,2022,82,47,5241.0,16,17,7,2020-11-19 22:37:20+00:00,2022-10-24 06:31:09+00:00,House,Mississippi,Mississippi 1,Republican,R+18,18.0,True,True,73.0,general,703
Dean_Tran,2022,81,24,5545.0,13,36,5,2020-11-08 09:51:36+00:00,2022-09-23 22:59:09+00:00,House,Massachusetts,Massachusetts 3,Republican,D+11,-11.0,False,False,36.4,general,684
Jim_Baird_(politician),2022,81,50,13515.0,20,14,9,2020-11-29 04:43:25+00:00,2022-10-02 04:10:41+00:00,House,Indiana,Indiana 4,Republican,R+18,18.0,True,True,68.2,general,671
Lizzie_Fletcher,2022,81,45,285.0,8,19,6,2020-11-15 06:35:02+00:00,2022-10-02 04:17:20+00:00,House,Texas,Texas 7,Democratic,D+13,-13.0,True,True,63.8,general,685
Marc_Molinaro,2022,81,30,10069.0,14,44,3,2021-01-26 20:21:31+00:00,2022-10-23 15:35:05+00:00,House,New York,New York 19,Republican,,,False,False,48.8,special,634
Andy_Barr,2022,80,46,14479.0,22,12,9,2020-12-21 22:01:13+00:00,2022-10-02 03:29:56+00:00,House,Kentucky,Kentucky 6,Republican,R+9,9.0,True,True,65.1,general,649
Anna_Eshoo,2022,80,42,13173.0,24,11,10,2020-11-07 10:36:15+00:00,2022-11-04 18:06:41+00:00,House,California,California 16,Democratic,D+26,-26.0,False,True,57.8,general,727
Bruce_Westerman,2022,80,40,7225.0,20,3,7,2020-11-20 21:57:13+00:00,2022-10-16 06:26:19+00:00,House,Arkansas,Arkansas 4,Republican,R+20,20.0,True,True,71.0,general,694
French_Hill_(politician),2022,80,36,6792.0,20,6,4,2020-11-04 17:12:04+00:00,2022-10-02 03:46:47+00:00,House,Arkansas,Arkansas 2,Republican,R+9,9.0,True,True,60.0,general,696
Patty_Pansing_Brooks,2022,80,36,-1036.0,16,10,6,2020-11-22 20:45:24+00:00,2022-10-25 18:45:37+00:00,House,Nebraska,Nebraska 1,Democratic,,,False,False,47.3,special,701
Carol_Miller_(politician),2022,79,44,7695.0,15,10,2,2020-12-11 13:38:11+00:00,2022-10-02 04:21:01+00:00,House,West Virginia,West Virginia 1,Republican,R+23,23.0,False,True,66.7,general,659
Debbie_Dingell,2022,79,46,1571.0,20,14,8,2020-11-04 00:54:11+00:00,2022-10-18 15:49:12+00:00,House,Michigan,Michigan 6,Democratic,D+11,-11.0,False,True,65.9,general,713
Ben_Cline,2022,78,44,4472.0,19,12,7,2020-11-08 13:33:17+00:00,2022-10-02 04:11:11+00:00,House,Virginia,Virginia 6,Republican,R+14,14.0,True,True,64.5,general,692
Jo_Rae_Perkins,2022,78,39,8281.0,9,16,3,2020-11-14 15:13:02+00:00,2022-10-29 17:45:41+00:00,Senate,Oregon,,Republican,D+6,-6.0,False,False,41.0,general,714
Lloyd_Smucker,2022,78,32,6392.0,27,12,5,2020-12-02 22:06:28+00:00,2022-10-21 13:56:06+00:00,House,Pennsylvania,Pennsylvania 11,Republican,R+13,13.0,True,True,61.5,general,687
Maxwell_Frost,2022,78,28,16158.0,11,5,1,2022-08-23 23:34:57+00:00,2022-10-21 15:47:03+00:00,House,Florida,Florida 10,Democratic,D+14,-14.0,False,True,59.0,general,58
Morgan_McGarvey,2022,78,41,9136.0,33,12,4,2020-12-07 02:28:30+00:00,2022-11-08 23:49:23+00:00,House,Kentucky,Kentucky 3,Democratic,D+9,-9.0,False,True,62.0,general,701
Brad_Schneider,2022,77,39,3766.0,17,14,6,2020-11-10 21:54:26+00:00,2022-10-02 03:51:17+00:00,House,Illinois,Illinois 10,Democratic,D+11,-11.0,True,True,63.0,general,690
Darren_Soto,2022,77,37,2222.0,20,7,12,2020-11-28 16:25:18+00:00,2022-10-26 06:32:07+00:00,House,Florida,Florida 9,Democratic,D+8,-8.0,True,True,53.6,general,696
Drew_Ferguson_(politician),2022,77,41,12884.0,21,7,7,2020-11-17 22:41:34+00:00,2022-10-08 06:15:16+00:00,House,Georgia,Georgia 3,Republican,R+18,18.0,True,True,68.7,general,689
Jamie_McLeod-Skinner,2022,77,29,18433.0,13,4,2,2022-05-18 11:42:29+00:00,2022-10-18 04:25:26+00:00,House,Oregon,Oregon 5,Democratic,D+2,-2.0,False,False,48.8,general,152
Mark_Takano,2022,77,41,4135.0,14,5,6,2020-11-18 23:05:25+00:00,2022-10-07 01:03:51+00:00,House,California,California 39,Democratic,D+12,-12.0,False,True,57.7,general,687
Rick_Crawford_(politician),2022,77,37,-7139.0,21,6,5,2020-11-20 21:26:56+00:00,2022-10-11 20:34:11+00:00,House,Arkansas,Arkansas 1,Republican,R+22,22.0,True,True,73.8,general,689
Gerry_Connolly,2022,76,48,4909.0,17,26,9,2020-11-10 10:06:55+00:00,2022-11-06 05:46:07+00:00,House,Virginia,Virginia 11,Democratic,D+18,-18.0,True,True,66.9,general,725
Kim_Schrier,2022,76,38,4743.0,17,21,3,2020-12-11 13:48:17+00:00,2022-11-08 19:11:41+00:00,House,Washington,Washington 8,Democratic,D+1,-1.0,True,True,53.3,general,697
Lisa_Blunt_Rochester,2022,76,45,3366.0,19,11,7,2020-11-05 14:49:50+00:00,2022-10-09 09:25:52+00:00,House,Delaware,Delaware at-large,Democratic,D+7,-7.0,True,True,55.5,general,702
Rob_Wittman,2022,76,51,10406.0,15,23,4,2020-11-04 23:45:24+00:00,2022-11-06 06:33:42+00:00,House,Virginia,Virginia 1,Republican,R+6,6.0,True,True,56.0,general,731
Daniel_Webster_(Florida_politician),2022,75,44,7661.0,19,16,8,2020-11-19 23:30:23+00:00,2022-10-08 06:58:30+00:00,House,Florida,Florida 11,Republican,R+8,8.0,True,True,63.1,general,687
Barry_Loudermilk,2022,74,47,7844.0,16,11,5,2020-11-27 02:08:25+00:00,2022-10-12 15:21:34+00:00,House,Georgia,Georgia 11,Republican,R+11,11.0,True,True,62.6,general,684
John_Curtis,2022,74,37,2874.0,18,6,10,2020-11-20 03:19:41+00:00,2022-10-02 04:08:13+00:00,House,Utah,Utah 3,Republican,R+13,13.0,True,True,64.4,general,681
Lance_Gooden,2022,74,44,9763.0,17,12,3,2020-12-11 13:24:45+00:00,2022-11-06 08:16:35+00:00,House,Texas,Texas 5,Republican,R+14,14.0,True,True,64.0,general,694
Scott_DesJarlais,2022,74,40,5041.0,26,8,8,2020-11-22 11:32:07+00:00,2022-10-01 16:33:57+00:00,House,Tennessee,Tennessee 4,Republican,R+22,22.0,True,True,70.6,general,678
Tom_Cole,2022,74,43,5020.0,21,9,6,2020-11-05 18:50:09+00:00,2022-11-04 17:25:18+00:00,House,Oklahoma,Oklahoma 4,Republican,R+19,19.0,True,True,66.8,general,728
Vern_Buchanan,2022,74,46,20823.0,20,9,7,2020-11-29 02:59:51+00:00,2022-10-14 03:48:00+00:00,House,Florida,Florida 16,Republican,R+7,7.0,True,True,62.2,general,684
Dusty_Johnson,2022,73,43,4072.0,19,9,6,2020-11-28 18:01:45+00:00,2022-10-02 04:19:23+00:00,House,South Dakota,South Dakota at-large,Republican,R+16,16.0,True,True,77.4,general,672
Jodey_Arrington,2022,73,39,5116.0,18,8,10,2020-12-09 12:51:46+00:00,2022-10-18 20:33:05+00:00,House,Texas,Texas 19,Republican,R+26,26.0,True,True,80.3,general,678
Mike_Gallagher_(American_politician),2022,73,46,6709.0,17,6,9,2020-11-04 20:16:37+00:00,2022-10-02 04:03:53+00:00,House,Wisconsin,Wisconsin 8,Republican,R+10,10.0,True,True,73.5,general,696
Tim_Walberg,2022,73,40,3912.0,13,7,8,2020-11-17 22:33:11+00:00,2022-10-01 16:25:58+00:00,House,Michigan,Michigan 5,Republican,R+15,15.0,False,True,62.4,general,682
Bonnie_Watson_Coleman,2022,72,38,5825.0,16,15,1,2020-12-09 12:46:27+00:00,2022-10-02 03:50:06+00:00,House,New Jersey,New Jersey 12,Democratic,D+12,-12.0,True,True,63.1,general,661
David_Rouzer,2022,72,44,5832.0,20,11,3,2020-11-08 23:27:11+00:00,2022-10-15 17:55:20+00:00,House,North Carolina,North Carolina 7,Republican,R+8,8.0,True,True,57.7,general,705
Jen_Kiggans,2022,72,32,2314.0,12,8,9,2020-12-03 04:27:26+00:00,2022-11-05 20:21:45+00:00,House,Virginia,Virginia 2,Republican,R+2,2.0,False,True,51.7,general,702
Mark_DeSaulnier,2022,72,35,1012.0,20,14,7,2020-11-21 01:52:07+00:00,2022-10-30 02:13:47+00:00,House,California,California 10,Democratic,D+18,-18.0,False,True,78.9,general,708
Tom_Tiffany,2022,72,38,6661.0,15,13,5,2020-11-12 20:42:44+00:00,2022-10-17 21:20:46+00:00,House,Wisconsin,Wisconsin 7,Republican,R+12,12.0,True,True,61.9,general,704
Zach_Nunn,2022,72,24,13888.0,14,6,2,2021-05-04 17:38:19+00:00,2022-11-08 19:52:21+00:00,House,Iowa,Iowa 3,Republican,R+3,3.0,False,True,50.3,general,553
Gregory_Meeks,2022,71,42,4374.0,22,8,5,2020-11-12 22:50:02+00:00,2022-10-16 15:21:48+00:00,House,New York,New York 5,Democratic,D+30,-30.0,True,True,75.2,general,702
Paul_Tonko,2022,71,30,1573.0,20,8,8,2020-11-04 19:20:27+00:00,2022-11-06 07:42:00+00:00,House,New York,New York 20,Democratic,D+7,-7.0,True,True,55.1,general,731
Vicente_Gonzalez_(American_politician),2022,71,33,-1787.0,18,6,7,2020-11-12 22:27:18+00:00,2022-10-02 04:04:03+00:00,House,Texas,Texas 34,Democratic,D+9,-9.0,False,True,52.7,general,688
Kevin_Hern,2022,70,34,7094.0,12,11,4,2020-11-09 22:06:35+00:00,2022-10-26 00:43:26+00:00,House,Oklahoma,Oklahoma 1,Republican,R+14,14.0,True,True,61.2,general,715
Neal_Dunn,2022,70,42,7808.0,14,11,7,2020-11-04 19:11:39+00:00,2022-10-05 05:48:36+00:00,House,Florida,Florida 2,Republican,R+8,8.0,True,True,59.8,general,699
Bill_Huizenga,2022,69,44,4155.0,16,9,4,2020-11-17 22:49:12+00:00,2022-10-21 02:32:13+00:00,House,Michigan,Michigan 4,Republican,R+5,5.0,False,True,54.4,general,702
Brian_Babin,2022,69,39,13942.0,16,11,5,2020-11-20 23:07:59+00:00,2022-10-02 03:44:50+00:00,House,Texas,Texas 36,Republican,R+18,18.0,True,True,69.5,general,680
Colin_Allred,2022,69,41,3465.0,13,12,1,2020-11-20 17:53:10+00:00,2022-10-02 04:10:08+00:00,House,Texas,Texas 32,Democratic,D+14,-14.0,True,True,65.4,general,680
Dina_Titus,2022,69,37,-8526.0,23,7,8,2020-11-08 03:34:51+00:00,2022-10-02 03:29:44+00:00,House,Nevada,Nevada 1,Democratic,D+3,-3.0,True,True,51.6,general,692
Joaquin_Castro,2022,69,44,1110.0,22,13,7,2020-12-09 02:49:43+00:00,2022-10-13 15:07:19+00:00,House,Texas,Texas 20,Democratic,D+15,-15.0,True,True,68.4,general,673
Richard_Hudson_(American_politician),2022,69,32,5583.0,15,6,3,2020-11-04 03:59:54+00:00,2022-11-03 21:58:27+00:00,House,North Carolina,North Carolina 9,Republican,R+6,6.0,False,True,56.5,general,729
Socialist_Workers_Party_(United_States),2022,69,45,4818.0,17,19,5,2020-11-21 20:10:09+00:00,2022-10-21 20:11:32+00:00,House,New Jersey,New Jersey 8,Socialist Workers,D+22,-22.0,False,False,0.9,general,699
Doris_Matsui,2022,68,42,2651.0,13,11,3,2020-11-08 23:56:33+00:00,2022-09-29 03:24:24+00:00,House,California,California 7,Democratic,D+17,-17.0,False,True,68.3,general,689
Jared_Huffman,2022,68,34,16584.0,8,12,3,2020-11-12 16:53:49+00:00,2022-10-30 03:33:02+00:00,House,California,California 2,Democratic,D+23,-23.0,True,True,74.4,general,716
Lori_Trahan,2022,68,32,15814.0,14,11,3,2020-11-30 23:51:49+00:00,2022-10-02 04:25:53+00:00,House,Massachusetts,Massachusetts 3,Democratic,D+11,-11.0,True,True,63.6,general,670
Stephen_Lynch_(politician),2022,68,41,12252.0,16,15,4,2020-11-11 15:15:09+00:00,2022-10-04 05:48:33+00:00,House,Massachusetts,Massachusetts 8,Democratic,D+15,-15.0,True,True,69.8,general,691
Sydney_Kamlager-Dove,2022,68,35,3085.0,16,7,3,2020-12-18 02:30:54+00:00,2022-09-02 20:34:38+00:00,House,California,California 37,Democratic,D+37,-37.0,False,True,64.0,general,623
Troy_Balderson,2022,68,41,3439.0,16,13,2,2020-11-09 22:26:38+00:00,2022-10-30 04:28:15+00:00,House,Ohio,Ohio 12,Republican,R+18,18.0,True,True,69.3,general,719
Gary_Chambers,2022,67,29,18690.0,12,14,5,2021-01-04 22:17:53+00:00,2022-11-07 16:14:19+00:00,Senate,Louisiana,,Democratic,R+12,12.0,False,False,17.9,general,671
Mike_Rogers_(Alabama_politician),2022,67,46,7789.0,18,8,4,2020-11-19 21:08:21+00:00,2022-10-07 14:11:20+00:00,House,Alabama,Alabama 3,Republican,R+19,19.0,True,True,71.2,general,686
Morgan_Griffith,2022,67,38,8358.0,21,8,8,2020-11-27 01:53:48+00:00,2022-11-08 00:11:43+00:00,House,Virginia,Virginia 9,Republican,R+23,23.0,True,True,73.4,general,710
Brad_Wenstrup,2022,66,39,4181.0,18,7,8,2020-11-18 19:24:37+00:00,2022-11-03 05:26:54+00:00,House,Ohio,Ohio 2,Republican,R+25,25.0,True,True,74.5,general,714
David_Kustoff,2022,66,35,4162.0,13,14,5,2020-11-09 18:14:18+00:00,2022-10-14 23:17:29+00:00,House,Tennessee,Tennessee 8,Republican,R+21,21.0,True,True,74.0,general,704
Chuck_Fleischmann,2022,65,36,9201.0,24,12,5,2020-12-14 09:59:23+00:00,2022-10-01 16:35:39+00:00,House,Tennessee,Tennessee 3,Republican,R+19,19.0,True,True,68.4,general,656
Shri_Thanedar,2022,65,36,2462.0,18,8,5,2020-11-05 03:55:24+00:00,2022-11-08 14:34:31+00:00,House,Michigan,Michigan 13,Democratic,D+23,-23.0,False,True,71.1,general,733
Steve_Chabot,2022,65,45,3008.0,18,12,5,2020-12-06 04:02:27+00:00,2022-11-08 22:00:15+00:00,House,Ohio,Ohio 1,Republican,D+2,-2.0,True,False,47.2,general,702
Tom_Barrett_(Michigan_politician),2022,65,22,2592.0,14,12,2,2020-11-12 05:16:34+00:00,2022-11-08 21:32:21+00:00,House,Michigan,Michigan 7,Republican,R+2,2.0,False,False,46.3,general,726
Betty_McCollum,2022,64,40,4671.0,16,7,2,2020-11-06 23:17:13+00:00,2022-07-28 22:36:48+00:00,House,Minnesota,Minnesota 4,DFL,D+17,-17.0,True,True,67.7,general,628
Christy_Smith_(politician),2022,64,41,582.0,14,16,8,2020-11-09 03:03:41+00:00,2022-11-08 19:08:51+00:00,House,California,California 27,Democratic,D+4,-4.0,False,False,46.8,general,729
Madison_Gesiotto_Gilbert,2022,64,27,-1509.0,6,9,4,2020-12-14 18:52:36+00:00,2022-10-25 18:48:12+00:00,House,Ohio,Ohio 13,Republican,R+1,1.0,False,False,47.3,general,679
Seth_Magaziner,2022,64,27,-2945.0,10,8,6,2020-12-25 18:26:14+00:00,2022-11-07 16:52:01+00:00,House,Rhode Island,Rhode Island 2,Democratic,D+4,-4.0,False,True,50.5,general,681
Susie_Lee,2022,64,31,7456.0,11,11,4,2020-11-17 15:47:21+00:00,2022-10-17 02:09:47+00:00,House,Nevada,Nevada 3,Democratic,D+1,-1.0,True,True,52.0,general,698
Emilia_Sykes,2022,63,32,5532.0,14,15,5,2020-12-20 02:26:43+00:00,2022-10-01 13:59:55+00:00,House,Ohio,Ohio 13,Democratic,R+1,1.0,False,True,52.7,general,650
Jimmy_Panetta,2022,63,37,5725.0,15,8,7,2020-11-21 02:57:29+00:00,2022-10-15 20:06:02+00:00,House,California,California 19,Democratic,D+18,-18.0,False,True,68.7,general,693
Lloyd_Doggett,2022,63,42,2345.0,15,18,6,2020-11-04 00:06:01+00:00,2022-09-07 03:00:19+00:00,House,Texas,Texas 37,Democratic,D+24,-24.0,False,True,76.8,general,672
Michael_Guest_(politician),2022,63,36,7072.0,9,6,2,2020-12-11 13:25:33+00:00,2022-10-02 04:18:32+00:00,House,Mississippi,Mississippi 3,Republican,R+15,15.0,True,True,70.7,general,659
Michael_McCaul,2022,63,38,489.0,16,17,3,2020-11-05 02:30:30+00:00,2022-10-17 21:20:46+00:00,House,Texas,Texas 10,Republican,R+13,13.0,True,True,63.3,general,711
Danny_Davis_(Illinois_politician),2022,62,40,6009.0,18,7,8,2020-11-22 19:28:12+00:00,2022-10-30 14:33:53+00:00,House,Illinois,Illinois 7,Democratic,D+36,-36.0,True,True,100.0,general,706
Frank_Pallone,2022,62,42,16599.0,21,11,8,2020-11-10 14:54:09+00:00,2022-10-30 05:59:22+00:00,House,New Jersey,New Jersey 6,Democratic,D+8,-8.0,True,True,57.5,general,718
Grace_Napolitano,2022,62,31,-459.0,21,6,3,2020-11-21 03:45:31+00:00,2022-10-18 17:13:13+00:00,House,California,California 31,Democratic,D+15,-15.0,False,True,59.5,general,696
James_Comer,2022,62,37,2416.0,14,6,6,2020-11-23 21:25:54+00:00,2022-11-06 08:19:30+00:00,House,Kentucky,Kentucky 1,Republican,R+24,24.0,True,True,74.9,general,712
Joseph_Morelle,2022,62,35,4028.0,13,14,5,2020-12-10 13:34:06+00:00,2022-11-06 17:52:01+00:00,House,New York,New York 25,Democratic,D+7,-7.0,True,True,53.9,general,696
Kay_Granger,2022,62,37,7878.0,21,7,6,2020-11-17 07:44:25+00:00,2022-09-24 23:39:35+00:00,House,Texas,Texas 12,Republican,R+12,12.0,True,True,64.3,general,676
Michael_Cloud,2022,62,34,10819.0,13,3,9,2020-12-10 13:32:24+00:00,2022-10-02 04:08:50+00:00,House,Texas,Texas 27,Republican,R+13,13.0,True,True,64.4,general,660
Raul_Ruiz_(politician),2022,62,34,2353.0,15,9,8,2020-11-14 04:59:28+00:00,2022-10-23 17:58:18+00:00,House,California,California 25,Democratic,D+6,-6.0,False,True,57.4,general,708
Sanford_Bishop,2022,62,40,9563.0,22,4,8,2020-11-20 03:34:22+00:00,2022-10-14 17:06:18+00:00,House,Georgia,Georgia 2,Democratic,D+3,-3.0,True,True,55.0,general,693
Gwen_Moore,2022,61,40,23902.0,19,13,7,2020-11-24 17:14:49+00:00,2022-08-18 01:43:11+00:00,House,Wisconsin,Wisconsin 4,Democratic,D+25,-25.0,True,True,75.3,general,631
Joe_Wilson,2022,61,46,334.0,20,10,9,2020-11-16 16:35:26+00:00,2022-10-28 06:24:01+00:00,House,South Carolina,South Carolina 2,Republican,R+8,8.0,True,True,60.1,general,710
Kirsten_Engel,2022,61,29,4942.0,9,7,2,2020-11-15 21:30:35+00:00,2022-08-26 14:58:04+00:00,House,Arizona,Arizona 6,Democratic,R+3,3.0,False,False,49.3,general,648
Yadira_Caraveo,2022,61,27,6068.0,15,16,3,2020-12-31 16:25:57+00:00,2022-10-30 02:50:08+00:00,House,Colorado,Colorado 8,Democratic,EVEN,0.0,False,True,48.4,general,667
Christina_Bohannan,2022,60,26,5426.0,8,6,3,2021-04-21 23:37:19+00:00,2022-10-29 02:13:07+00:00,House,Iowa,Iowa 1,Democratic,R+3,3.0,False,False,46.6,general,555
Donald_Norcross,2022,60,28,3416.0,18,5,5,2020-11-07 16:25:19+00:00,2022-10-02 03:39:37+00:00,House,New Jersey,New Jersey 1,Democratic,D+10,-10.0,True,True,62.3,general,693
Glenn_Ivey,2022,60,31,34848.0,6,21,2,2021-03-10 17:16:00+00:00,2022-11-03 17:45:24+00:00,House,Maryland,Maryland 4,Democratic,D+40,-40.0,False,True,90.1,general,603
Mark_Holland_(American_politician),2022,60,20,8390.0,11,7,0,2021-06-29 08:20:50+00:00,2022-09-28 18:56:10+00:00,Senate,Kansas,,Democratic,R+10,10.0,False,False,37.0,general,456
Veronica_Escobar,2022,60,29,1320.0,16,8,2,2020-11-28 09:09:08+00:00,2022-10-05 16:39:44+00:00,House,Texas,Texas 16,Democratic,D+17,-17.0,True,True,63.5,general,676
Frederica_Wilson,2022,59,33,-1934.0,16,3,8,2020-11-27 00:38:01+00:00,2022-10-01 16:51:19+00:00,House,Florida,Florida 24,Democratic,D+25,-25.0,True,True,71.8,general,673
Michael_C._Burgess,2022,59,37,4489.0,13,20,5,2020-12-14 08:12:23+00:00,2022-07-06 05:22:23+00:00,House,Texas,Texas 26,Republican,R+13,13.0,True,True,69.3,general,568
Robin_Kelly,2022,59,34,1258.0,18,7,4,2020-12-08 13:50:12+00:00,2022-10-02 03:38:49+00:00,House,Illinois,Illinois 2,Democratic,D+19,-19.0,True,True,67.1,general,662
Bobby_Scott_(politician),2022,58,38,2357.0,19,8,4,2020-11-24 03:45:21+00:00,2022-10-31 02:09:27+00:00,House,Virginia,Virginia 3,Democratic,D+17,-17.0,True,True,67.4,general,705
Ed_Case,2022,58,33,1074.0,13,12,5,2020-11-04 01:32:47+00:00,2022-10-24 19:47:32+00:00,House,Hawaii,Hawaii 1,Democratic,D+14,-14.0,True,True,73.7,general,719
Jim_Himes,2022,58,38,-1476.0,12,6,5,2020-11-16 16:54:44+00:00,2022-11-03 19:28:45+00:00,House,Connecticut,Connecticut 4,Democratic,D+13,-13.0,True,True,59.4,general,717
Norma_Torres,2022,58,34,1782.0,12,12,3,2020-11-21 05:13:43+00:00,2022-10-02 03:49:58+00:00,House,California,California 35,Democratic,D+13,-13.0,True,True,57.4,general,679
Rick_Allen_(politician),2022,58,32,5827.0,12,4,7,2020-11-15 09:26:42+00:00,2022-10-02 03:44:41+00:00,House,Georgia,Georgia 12,Republican,R+8,8.0,True,True,59.6,general,685
Salud_Carbajal,2022,58,37,4353.0,12,11,5,2020-11-04 20:13:10+00:00,2022-10-02 03:52:50+00:00,House,California,California 24,Democratic,D+13,-13.0,True,True,60.6,general,696
Suzan_DelBene,2022,58,28,3445.0,18,3,6,2020-11-29 19:22:04+00:00,2022-11-06 19:55:01+00:00,House,Washington,Washington 1,Democratic,D+13,-13.0,True,True,63.5,general,707
Alma_Adams,2022,57,30,4096.0,18,3,4,2020-12-04 05:13:53+00:00,2022-10-02 03:39:27+00:00,House,North Carolina,North Carolina 12,Democratic,D+13,-13.0,True,True,62.7,general,666
Cara_Mund,2022,57,36,2150.0,11,10,5,2020-11-15 08:52:40+00:00,2022-11-08 06:55:56+00:00,House,North Dakota,North Dakota at-large,Independent,R+20,20.0,False,False,37.7,general,722
Heather_Mizeur,2022,57,20,-2295.0,6,3,10,2020-12-27 03:13:58+00:00,2022-11-08 23:27:45+00:00,House,Maryland,Maryland 1,Democratic,R+11,11.0,False,False,43.1,general,681
Kweisi_Mfume,2022,57,36,1814.0,15,10,3,2020-11-10 10:46:28+00:00,2022-10-24 20:50:24+00:00,House,Maryland,Maryland 7,Democratic,D+30,-30.0,True,True,82.1,general,713
Sheila_Jackson_Lee,2022,57,33,3167.0,19,0,8,2020-11-25 01:28:00+00:00,2022-10-08 18:12:43+00:00,House,Texas,Texas 18,Democratic,D+23,-23.0,True,True,70.7,general,682
Yvette_Clarke,2022,56,35,603.0,19,10,6,2020-11-04 14:48:26+00:00,2022-09-29 21:44:12+00:00,House,New York,New York 9,Democratic,D+25,-25.0,True,True,81.5,general,694
Annie_Kuster,2022,55,25,-3199.0,12,3,9,2020-11-05 22:43:35+00:00,2022-10-02 03:34:29+00:00,House,New Hampshire,New Hampshire 2,Democratic,D+2,-2.0,True,True,55.8,general,695
Bill_Foster_(politician),2022,55,34,6860.0,15,5,4,2020-11-04 15:15:25+00:00,2022-10-01 16:28:13+00:00,House,Illinois,Illinois 11,Democratic,D+5,-5.0,True,True,56.5,general,696
Joe_Courtney_(politician),2022,55,34,-1208.0,16,12,7,2020-11-06 16:21:02+00:00,2022-07-21 19:26:00+00:00,House,Connecticut,Connecticut 2,Democratic,D+3,-3.0,True,True,58.2,general,622
Joe_Kent,2022,55,16,5108.0,4,0,3,2021-06-29 21:01:59+00:00,2022-10-22 22:40:05+00:00,House,Washington,Washington 3,Republican,R+5,5.0,False,False,49.3,general,480
Mike_Quigley,2022,55,36,13372.0,15,7,6,2020-11-16 07:39:02+00:00,2022-10-07 18:30:14+00:00,House,Illinois,Illinois 5,Democratic,D+18,-18.0,True,True,69.6,general,690
Bob_Latta,2022,54,39,-26.0,20,9,5,2020-12-02 01:47:33+00:00,2022-08-27 14:53:45+00:00,House,Ohio,Ohio 5,Republican,R+15,15.0,True,True,66.9,general,633
Julia_Brownley,2022,54,26,2270.0,14,4,9,2020-11-21 03:22:02+00:00,2022-11-03 18:28:15+00:00,House,California,California 26,Democratic,D+8,-8.0,True,True,54.5,general,712
Amanda_Adkins_(politician),2022,53,28,-565.0,9,3,2,2020-11-14 07:16:01+00:00,2022-11-02 22:11:37+00:00,House,Kansas,Kansas 3,Republican,R+1,1.0,False,False,42.8,general,718
Liam_Madden,2022,53,18,9315.0,7,5,5,2020-12-22 00:47:08+00:00,2022-11-07 02:33:09+00:00,House,Vermont,Vermont at-large,Republican,D+16,-16.0,False,False,27.9,general,685
Rick_Larsen,2022,53,36,1921.0,15,6,8,2020-12-11 22:30:58+00:00,2022-11-07 07:41:30+00:00,House,Washington,Washington 2,Democratic,D+9,-9.0,True,True,60.1,general,695
Ron_Estes,2022,53,34,4002.0,12,7,4,2020-11-07 14:39:05+00:00,2022-10-24 00:37:52+00:00,House,Kansas,Kansas 4,Republican,R+14,14.0,True,True,63.3,general,715
Blaine_Luetkemeyer,2022,52,36,5324.0,14,5,4,2020-11-13 21:02:29+00:00,2022-10-27 05:06:57+00:00,House,Missouri,Missouri 3,Republican,R+16,16.0,True,True,65.1,general,712
Diana_DeGette,2022,52,34,2349.0,16,7,4,2020-11-22 19:38:29+00:00,2022-09-16 14:52:13+00:00,House,Colorado,Colorado 1,Democratic,D+29,-29.0,True,True,80.3,general,662
Erin_Houchin,2022,52,19,4262.0,3,15,7,2020-12-11 06:35:25+00:00,2022-11-08 23:53:56+00:00,House,Indiana,Indiana 9,Republican,R+16,16.0,False,True,63.6,general,697
Jim_Costa,2022,52,31,4571.0,11,10,4,2020-11-15 21:28:46+00:00,2022-10-20 04:35:58+00:00,House,California,California 21,Democratic,D+9,-9.0,False,True,54.2,general,703
Kelly_Armstrong,2022,52,27,4469.0,10,4,6,2020-12-10 13:36:57+00:00,2022-10-02 04:10:19+00:00,House,North Dakota,North Dakota at-large,Republican,R+20,20.0,True,True,62.3,general,660
Earl_Blumenauer,2022,51,34,3507.0,13,7,7,2020-11-13 22:02:09+00:00,2022-08-16 05:54:05+00:00,House,Oregon,Oregon 3,Democratic,D+22,-22.0,True,True,70.0,general,640
Larry_Bucshon,2022,51,27,635.0,15,10,4,2020-11-10 21:40:26+00:00,2022-10-01 16:32:00+00:00,House,Indiana,Indiana 8,Republican,R+19,19.0,True,True,65.7,general,689
Sylvia_Garcia,2022,51,33,2080.0,14,7,3,2020-11-15 06:47:31+00:00,2022-11-07 17:07:34+00:00,House,Texas,Texas 29,Democratic,D+18,-18.0,True,True,71.4,general,722
Annette_Taddeo,2022,50,27,19150.0,13,10,3,2020-11-18 18:50:36+00:00,2022-10-26 17:30:21+00:00,House,Florida,Florida 27,Democratic,EVEN,0.0,False,False,42.7,general,706
Charles_Graham_(American_politician),2022,50,25,10579.0,5,6,5,2020-12-11 20:55:19+00:00,2022-11-06 18:10:48+00:00,House,North Carolina,North Carolina 7,Democratic,R+8,8.0,False,False,42.3,general,694
Working_Class_Party,2022,50,35,9563.0,17,4,7,2020-11-06 22:47:55+00:00,2022-11-08 22:39:38+00:00,House,Illinois,Illinois 4,Working Class,D+22,-22.0,False,False,3.5,general,731
Chellie_Pingree,2022,49,28,1273.0,14,5,7,2020-11-05 14:15:45+00:00,2022-11-07 15:11:15+00:00,House,Maine,Maine 1,Democratic,D+9,-9.0,True,True,62.9,general,732
Dwight_Evans_(politician),2022,49,29,10102.0,16,2,3,2020-11-07 18:39:02+00:00,2022-10-02 03:51:09+00:00,House,Pennsylvania,Pennsylvania 3,Democratic,D+39,-39.0,True,True,95.1,general,693
Juan_Vargas,2022,49,23,2993.0,14,3,4,2020-11-05 14:43:29+00:00,2022-10-20 08:52:47+00:00,House,California,California 52,Democratic,D+18,-18.0,False,True,66.7,general,713
Lois_Frankel,2022,49,24,3030.0,14,3,6,2020-11-05 00:08:53+00:00,2022-10-02 03:32:53+00:00,House,Florida,Florida 22,Democratic,D+7,-7.0,False,True,55.1,general,696
Al_Lawson,2022,48,26,1015.0,14,5,2,2020-11-19 20:50:57+00:00,2022-10-02 04:05:56+00:00,House,Florida,Florida 2,Democratic,R+8,8.0,False,False,40.2,general,681
Delia_Ramirez,2022,48,28,8611.0,11,1,4,2020-12-18 09:26:35+00:00,2022-10-20 07:44:41+00:00,House,Illinois,Illinois 3,Democratic,D+20,-20.0,False,True,68.5,general,670
Laura_Gillen,2022,48,21,8072.0,15,2,2,2022-03-03 21:10:15+00:00,2022-09-15 13:29:17+00:00,House,New York,New York 4,Democratic,D+5,-5.0,False,False,48.2,general,195
Marc_Veasey,2022,48,26,2899.0,13,4,2,2020-12-08 00:22:12+00:00,2022-10-02 03:37:44+00:00,House,Texas,Texas 33,Democratic,D+24,-24.0,True,True,72.0,general,663
Randy_Weber,2022,48,30,5733.0,14,5,5,2020-12-08 13:47:48+00:00,2022-10-02 03:38:10+00:00,House,Texas,Texas 14,Republican,R+17,17.0,True,True,70.2,general,662
Don_Davis_(North_Carolina_politician),2022,47,21,-1609.0,6,6,1,2020-12-28 02:54:20+00:00,2022-09-02 07:55:44+00:00,House,North Carolina,North Carolina 1,Democratic,D+2,-2.0,False,True,52.4,general,613
John_Moolenaar,2022,47,26,2337.0,14,3,5,2020-12-03 03:52:46+00:00,2022-10-02 03:47:30+00:00,House,Michigan,Michigan 2,Republican,R+16,16.0,False,True,63.7,general,667
Josh_Brecheen,2022,47,14,9574.0,6,9,3,2020-12-02 21:05:09+00:00,2022-10-07 21:11:27+00:00,House,Oklahoma,Oklahoma 2,Republican,R+29,29.0,False,True,72.4,general,674
Suzanne_Bonamici,2022,47,28,712.0,17,4,5,2020-12-01 23:52:45+00:00,2022-10-09 02:36:01+00:00,House,Oregon,Oregon 1,Democratic,D+18,-18.0,True,True,68.0,general,676
Adam_Smith_(Washington_politician),2022,46,28,2014.0,13,5,6,2020-11-25 19:23:26+00:00,2022-10-20 10:37:59+00:00,House,Washington,Washington 9,Democratic,D+21,-21.0,True,True,71.6,general,693
Al_Green_(politician),2022,46,25,916.0,16,12,7,2020-11-29 09:13:58+00:00,2022-10-16 21:08:01+00:00,House,Texas,Texas 9,Democratic,D+26,-26.0,True,True,76.7,general,686
Patrick_McHenry,2022,46,29,4102.0,15,4,7,2020-11-09 03:41:33+00:00,2022-10-22 02:25:58+00:00,House,North Carolina,North Carolina 10,Republican,R+22,22.0,True,True,72.7,general,711
Rick_Becker,2022,46,25,3195.0,15,4,8,2020-11-30 20:39:36+00:00,2022-11-02 18:34:56+00:00,Senate,North Dakota,,Independent,R+20,20.0,False,False,18.5,general,701
Adam_Gray,2022,45,19,-11406.0,7,4,5,2020-11-11 13:52:05+00:00,2022-08-26 15:21:31+00:00,House,California,California 13,Democratic,D+4,-4.0,False,False,49.8,general,653
Brian_Higgins,2022,45,29,420.0,11,9,7,2020-11-05 02:23:33+00:00,2022-09-21 04:54:56+00:00,House,New York,New York 26,Democratic,D+9,-9.0,True,True,64.0,general,685
Bruce_Poliquin,2022,45,26,3859.0,8,7,6,2020-12-12 21:55:21+00:00,2022-10-05 10:17:08+00:00,House,Maine,Maine 2,Republican,R+6,6.0,False,False,46.9,general_rcv_runoff,661
Donald_Payne_Jr.,2022,45,25,4627.0,15,5,6,2020-11-18 17:01:03+00:00,2022-10-02 03:29:32+00:00,House,New Jersey,New Jersey 10,Democratic,D+30,-30.0,True,True,77.6,general,682
Jeff_Ettinger,2022,44,25,3133.0,5,3,4,2020-11-14 22:13:37+00:00,2022-10-23 15:29:39+00:00,House,Minnesota,Minnesota 1,DFL,,,False,False,46.8,special,707
Adam_Frisch,2022,43,17,7168.0,6,5,1,2022-07-27 19:18:24+00:00,2022-11-07 07:31:55+00:00,House,Colorado,Colorado 3,Democratic,R+7,7.0,False,False,49.9,general,102
Joe_Pinion,2022,43,24,1011.0,10,9,2,2022-03-15 15:53:47+00:00,2022-11-05 23:46:09+00:00,Senate,New York,,Republican,D+10,-10.0,False,False,42.8,general,235
Adrian_Smith_(politician),2022,42,29,4975.0,12,7,2,2020-11-26 23:05:00+00:00,2022-10-07 12:34:36+00:00,House,Nebraska,Nebraska 3,Republican,R+29,29.0,True,True,78.3,general,679
Alan_Cohn,2022,42,25,2106.0,10,7,5,2020-11-24 05:47:41+00:00,2022-10-02 00:40:22+00:00,House,Florida,Florida 15,Democratic,R+4,4.0,False,False,41.5,general,676
Kathy_Castor,2022,41,23,6101.0,5,6,5,2020-11-18 21:05:38+00:00,2022-11-06 20:06:51+00:00,House,Florida,Florida 14,Democratic,D+8,-8.0,True,True,56.9,general,717
Laurel_Lee,2022,41,21,1827.0,13,5,5,2020-11-17 16:16:05+00:00,2022-10-08 18:12:55+00:00,House,Florida,Florida 15,Republican,R+4,4.0,False,True,58.5,general,690
Chuck_Edwards,2022,40,29,4753.0,7,8,3,2020-12-30 03:20:18+00:00,2022-10-25 03:25:31+00:00,House,North Carolina,North Carolina 11,Republican,R+8,8.0,False,True,53.8,general,664
Colin_Schmitt,2022,40,22,2338.0,8,7,1,2020-12-23 21:58:21+00:00,2022-09-29 23:56:07+00:00,House,New York,New York 18,Republican,D+1,-1.0,False,False,49.3,general,645
Jonathan_Jackson_(Illinois_politician),2022,40,18,3074.0,5,3,6,2020-12-08 14:51:20+00:00,2022-10-19 15:56:57+00:00,House,Illinois,Illinois 1,Democratic,D+20,-20.0,False,True,67.0,general,680
Val_Hoyle,2022,40,20,693.0,12,4,4,2020-11-19 06:40:43+00:00,2022-08-31 20:39:23+00:00,House,Oregon,Oregon 4,Democratic,D+4,-4.0,False,True,50.6,general,650
Johnny_DuPree,2022,39,20,2375.0,7,2,7,2021-01-28 22:51:12+00:00,2022-09-06 17:31:45+00:00,House,Mississippi,Mississippi 4,Democratic,R+22,22.0,False,False,24.6,general,585
Jasmine_Crockett,2022,38,23,3437.0,8,5,0,2020-11-10 01:29:25+00:00,2022-10-15 23:46:02+00:00,House,Texas,Texas 30,Democratic,D+27,-27.0,False,True,75.0,general,704
Rick_Tyler,2022,38,23,45.0,12,16,7,2020-11-21 04:46:57+00:00,2022-10-23 21:54:25+00:00,House,Tennessee,Tennessee 3,Independent,R+19,19.0,False,False,0.9,general,701
Rudy_Salas,2022,38,22,-3299.0,6,10,2,2020-11-09 18:23:19+00:00,2022-11-03 18:01:50+00:00,House,California,California 22,Democratic,D+5,-5.0,False,False,48.5,general,723
Brett_Guthrie,2022,37,25,25.0,8,4,4,2020-12-17 16:46:22+00:00,2022-10-03 15:36:56+00:00,House,Kentucky,Kentucky 2,Republican,R+21,21.0,True,True,71.9,general,654
Barbara_Kirkmeyer,2022,36,21,1097.0,5,3,3,2020-11-28 21:18:54+00:00,2022-10-19 11:59:53+00:00,House,Colorado,Colorado 8,Republican,EVEN,0.0,False,False,47.7,general,689
Dutch_Ruppersberger,2022,36,27,1234.0,11,6,5,2020-12-02 22:07:19+00:00,2022-10-03 19:08:59+00:00,House,Maryland,Maryland 2,Democratic,D+7,-7.0,True,True,59.2,general,669
John_Sarbanes,2022,36,27,1068.0,12,6,3,2020-11-28 04:00:26+00:00,2022-07-04 17:27:43+00:00,House,Maryland,Maryland 3,Democratic,D+10,-10.0,True,True,60.2,general,583
George_Logan_(Connecticut_politician),2022,35,21,2238.0,10,8,2,2020-11-07 20:34:29+00:00,2022-11-03 19:01:27+00:00,House,Connecticut,Connecticut 5,Republican,D+3,-3.0,False,False,49.6,general,725
John_B._Larson,2022,35,25,518.0,9,9,2,2020-11-24 05:57:21+00:00,2022-07-22 01:19:51+00:00,House,Connecticut,Connecticut 1,Democratic,D+12,-12.0,True,True,61.3,general,604
Kevin_Mullin,2022,35,25,2274.0,9,4,4,2020-12-26 04:03:58+00:00,2022-10-27 21:55:44+00:00,House,California,California 15,Democratic,D+28,-28.0,False,True,55.5,general,670
Garret_Graves,2022,34,19,312.0,8,2,3,2020-12-09 12:33:15+00:00,2022-10-04 06:54:35+00:00,House,Louisiana,Louisiana 6,Republican,R+19,19.0,True,True,80.4,general,663
Jared_Moskowitz,2022,34,17,4975.0,2,7,1,2020-12-18 03:52:37+00:00,2022-09-06 16:39:08+00:00,House,Florida,Florida 23,Democratic,D+5,-5.0,False,True,51.6,general,627
Unity_Party_of_America,2022,34,28,1117.0,15,7,4,2020-11-04 01:11:06+00:00,2022-11-07 22:41:29+00:00,House,Colorado,Colorado 2,Unity,D+17,-17.0,False,False,0.6,general,733
Ben_Clark_(politician),2022,33,10,11056.0,7,0,0,2021-01-06 00:57:02+00:00,2022-08-13 13:00:06+00:00,House,North Carolina,North Carolina 9,Democratic,R+6,6.0,False,False,43.5,general,584
Eric_Burlison,2022,33,20,-3335.0,8,4,3,2021-02-01 20:35:50+00:00,2022-08-10 11:41:29+00:00,House,Missouri,Missouri 7,Republican,R+24,24.0,False,True,70.9,general,554
Tom_Patti,2022,33,16,-319.0,5,7,2,2021-01-03 22:50:52+00:00,2022-09-21 20:48:39+00:00,House,California,California 9,Republican,D+5,-5.0,False,False,45.2,general,625
Neil_Parrott,2022,32,21,1412.0,6,8,3,2020-12-25 19:18:51+00:00,2022-10-24 04:41:51+00:00,House,Maryland,Maryland 6,Republican,D+2,-2.0,False,False,45.2,general,667
Nick_Begich_III,2022,31,10,6081.0,10,1,1,2021-10-23 20:38:55+00:00,2022-09-19 10:58:14+00:00,House,Alaska,Alaska at-large,Republican,,,False,False,28.1,special_rcv_round1,330
Andrea_Salinas,2022,29,14,909.0,9,2,1,2020-12-17 02:54:17+00:00,2022-09-24 01:25:16+00:00,House,Oregon,Oregon 6,Democratic,D+4,-4.0,False,True,50.0,general,645
Brittany_Pettersen,2022,28,19,1597.0,5,5,3,2020-12-04 06:37:38+00:00,2022-08-25 19:51:47+00:00,House,Colorado,Colorado 7,Democratic,D+4,-4.0,False,True,56.4,general,629
Liz_Mathis,2022,28,16,1101.0,5,4,2,2020-11-27 23:38:13+00:00,2022-11-04 17:23:44+00:00,House,Iowa,Iowa 2,Democratic,R+4,4.0,False,False,45.9,general,706
Pacific_Green_Party,2022,28,20,617.0,11,6,3,2020-12-31 21:17:39+00:00,2022-10-19 22:06:52+00:00,House,Oregon,Oregon 3,Pacific Green,D+22,-22.0,False,False,3.6,general,657
Nick_Langworthy,2022,27,17,1757.0,4,14,3,2021-02-13 01:51:09+00:00,2022-09-14 01:41:55+00:00,House,New York,New York 23,Republican,R+12,12.0,False,True,64.9,general,577
Andy_Ogles,2022,26,16,2205.0,3,1,1,2022-08-26 08:13:25+00:00,2022-11-01 02:32:40+00:00,House,Tennessee,Tennessee 5,Republican,R+9,9.0,False,True,55.8,general,66
Bob_McDermott,2022,26,9,2183.0,12,0,0,2020-12-04 18:22:46+00:00,2022-08-20 05:12:58+00:00,Senate,Hawaii,,Republican,D+14,-14.0,False,False,26.0,general,623
Jan_Perry,2022,26,11,1291.0,6,5,3,2020-12-07 20:36:44+00:00,2022-08-23 20:35:48+00:00,House,California,California 37,Democratic,D+37,-37.0,False,False,36.0,general,623
Valerie_Foushee,2022,26,15,10231.0,6,4,2,2021-01-21 15:47:59+00:00,2022-10-14 03:38:42+00:00,House,North Carolina,North Carolina 4,Democratic,D+16,-16.0,False,True,66.9,general,630
Heidi_Campbell_(politician),2022,25,16,1453.0,6,3,0,2020-11-20 16:52:43+00:00,2022-10-25 00:17:31+00:00,House,Tennessee,Tennessee 5,Democratic,R+9,9.0,False,False,42.3,general,703
Mike_Erickson,2022,25,16,1443.0,6,4,3,2020-12-07 14:45:48+00:00,2022-09-27 07:57:38+00:00,House,Oregon,Oregon 6,Republican,D+4,-4.0,False,False,47.5,general,658
Nikki_Budzinski,2022,25,11,7553.0,2,0,0,2022-03-19 17:48:25+00:00,2022-10-23 15:24:25+00:00,House,Illinois,Illinois 13,Democratic,D+3,-3.0,False,True,56.6,general,217
Cris_Ericson,2022,23,15,-1211.0,8,6,1,2021-03-20 03:31:28+00:00,2022-10-16 23:03:49+00:00,Senate,Vermont,,Independent,D+16,-16.0,False,False,0.4,general,575
Trish_Gunby,2022,23,12,2088.0,4,0,1,2021-03-16 15:10:59+00:00,2022-08-25 14:25:51+00:00,House,Missouri,Missouri 2,Democratic,R+7,7.0,False,False,43.1,general,526
Frank_Lucas_(Oklahoma_politician),2022,22,14,3354.0,6,2,2,2020-11-24 03:15:10+00:00,2022-09-30 20:06:23+00:00,House,Oklahoma,Oklahoma 3,Republican,R+24,24.0,True,True,74.5,general,675
Jennifer_Schultz,2022,22,11,550.0,4,0,1,2020-11-27 03:53:09+00:00,2022-09-17 16:25:23+00:00,House,Minnesota,Minnesota 8,DFL,R+8,8.0,False,False,42.8,general,659
Brad_Pfaff,2022,21,17,3941.0,3,1,4,2020-11-08 16:00:17+00:00,2022-09-16 12:30:22+00:00,House,Wisconsin,Wisconsin 3,Democratic,R+4,4.0,False,False,48.1,general,676
Jill_Tokuda,2022,21,14,1517.0,0,4,1,2020-11-21 08:21:31+00:00,2022-11-08 22:05:31+00:00,House,Hawaii,Hawaii 2,Democratic,D+14,-14.0,False,True,62.2,general,717
Dale_Strong,2022,20,8,3140.0,5,0,1,2021-04-05 21:57:19+00:00,2022-09-10 00:44:45+00:00,House,Alabama,Alabama 5,Republican,R+17,17.0,False,True,67.2,general,522
Independent_American_Party_of_Nevada,2022,17,8,1241.0,6,2,3,2020-12-28 00:55:35+00:00,2022-07-24 23:24:53+00:00,House,Nevada,Nevada 2,Independent American,R+8,8.0,False,False,1.4,general,573
Rich_McCormick,2022,16,4,1873.0,1,0,0,2022-05-26 15:20:11+00:00,2022-09-10 00:59:38+00:00,House,Georgia,Georgia 6,Republican,R+11,11.0,False,True,62.2,general,106
Francis_Conole,2022,15,8,-82.0,3,0,1,2022-06-06 17:12:07+00:00,2022-10-06 05:23:02+00:00,House,New York,New York 22,Democratic,D+1,-1.0,False,False,49.5,general,121
Steven_B._Grant,2022,14,8,1057.0,1,0,1,2021-04-06 14:18:48+00:00,2022-11-01 17:40:21+00:00,Senate,Florida,,Independent,R+3,3.0,False,False,0.4,general,574
Aaron_Bean,2022,12,11,943.0,3,0,3,2020-11-19 18:01:53+00:00,2022-08-24 14:58:35+00:00,House,Florida,Florida 4,Republican,R+6,6.0,False,True,60.5,general,642
George_Santos,2022,11,6,951.0,1,0,1,2020-11-04 23:21:17+00:00,2022-11-01 17:17:31+00:00,House,New York,New York 3,Republican,D+2,-2.0,False,True,53.8,general,726
Chris_Deluzio,2022,10,4,2897.0,2,0,0,2021-08-23 17:15:57+00:00,2022-10-22 19:24:59+00:00,House,Pennsylvania,Pennsylvania 17,Democratic,EVEN,0.0,False,True,53.4,general,425
Mike_Ezell,2022,10,5,4770.0,1,0,0,2022-06-08 03:23:29+00:00,2022-11-01 21:35:57+00:00,House,Mississippi,Mississippi 4,Republican,R+22,22.0,False,True,73.3,general,146
Monte_Hodges,2022,10,7,248.0,3,1,1,2021-06-01 11:47:07+00:00,2022-05-25 16:37:10+00:00,House,Arkansas,Arkansas 1,Democratic,R+22,22.0,False,False,26.2,general,358
None_of_These_Candidates,2022,10,7,5014.0,4,0,2,2020-11-12 13:39:27+00:00,2022-11-08 14:57:00+00:00,Senate,Nevada,,,R+1,1.0,False,False,1.2,general,726
Robert_Asencio,2022,10,7,1243.0,3,1,0,2021-02-13 13:25:20+00:00,2022-09-22 23:22:13+00:00,House,Florida,Florida 28,Democratic,R+2,2.0,False,False,36.3,general,586
Rob_Menendez,2022,9,5,-3507.0,1,1,0,2021-12-25 02:23:37+00:00,2022-10-30 04:28:25+00:00,House,New Jersey,New Jersey 8,Democratic,D+22,-22.0,False,True,72.9,general,309
Karoline_Leavitt,2022,8,6,11.0,0,1,0,2022-09-12 19:16:03+00:00,2022-11-08 01:00:26+00:00,House,New Hampshire,New Hampshire 1,Republican,EVEN,0.0,False,False,45.9,general,56
Mike_France_(politician),2022,8,7,775.0,1,0,0,2021-01-06 02:25:11+00:00,2022-08-12 02:31:36+00:00,House,Connecticut,Connecticut 2,Republican,D+3,-3.0,False,False,40.2,general,583
Monica_De_La_Cruz,2022,8,2,2499.0,0,0,0,2022-10-13 22:30:32+00:00,2022-10-22 15:29:56+00:00,House,Texas,Texas 15,Republican,R+1,1.0,False,True,53.3,general,8
John_Sophocleus,2022,7,4,557.0,2,0,0,2022-03-01 18:05:15+00:00,2022-08-16 03:28:00+00:00,Senate,Alabama,,Libertarian,R+15,15.0,False,False,2.3,general,167
Mike_Collins_(politician),2022,7,2,1179.0,1,0,0,2022-06-22 01:52:51+00:00,2022-10-13 21:39:57+00:00,House,Georgia,Georgia 10,Republican,R+15,15.0,False,True,64.5,general,113
April_Becker,2022,6,4,14.0,0,0,0,2021-04-14 18:30:07+00:00,2022-08-03 14:05:28+00:00,House,Nevada,Nevada 3,Republican,D+1,-1.0,False,False,48.0,general,475
Moderate_Party_of_Rhode_Island,2022,6,5,600.0,4,0,3,2020-12-07 11:39:49+00:00,2022-09-14 03:30:09+00:00,House,Rhode Island,Rhode Island 2,Moderate,D+4,-4.0,False,False,2.7,general,645
Nathaniel_Moran,2022,6,6,3319.0,0,0,0,2022-01-05 05:45:47+00:00,2022-09-10 03:46:35+00:00,House,Texas,Texas 1,Republican,R+26,26.0,False,True,78.1,general,247
Trudy_Busch_Valentine,2022,6,4,-12.0,1,0,0,2022-08-03 03:44:44+00:00,2022-10-28 04:25:44+00:00,Senate,Missouri,,Democratic,R+10,10.0,False,False,42.2,general,86
Wesley_Hunt,2022,6,4,7986.0,0,0,0,2022-03-03 02:06:07+00:00,2022-09-10 00:54:47+00:00,House,Texas,Texas 38,Republican,R+12,12.0,False,True,63.0,general,190
Keith_Pekau,2022,5,5,0.0,1,1,0,2022-07-13 19:14:56+00:00,2022-10-29 23:54:30+00:00,House,Illinois,Illinois 6,Republican,D+3,-3.0,False,False,45.6,general,108
Keith_Self,2022,5,3,933.0,0,0,0,2022-03-03 00:15:13+00:00,2022-06-30 13:51:04+00:00,House,Texas,Texas 3,Republican,R+11,11.0,False,True,60.5,general,119
Brandon_Williams_(politician),2022,4,3,1451.0,0,0,0,2022-08-24 19:12:45+00:00,2022-10-22 22:37:37+00:00,House,New York,New York 22,Republican,D+1,-1.0,False,True,50.5,general,59
Cory_Mills,2022,4,3,98.0,0,0,0,2021-04-10 02:51:09+00:00,2022-08-24 01:54:46+00:00,House,Florida,Florida 7,Republican,R+5,5.0,False,True,58.5,general,500
Gabe_Vasquez,2022,4,2,1632.0,0,0,0,2022-04-21 00:16:37+00:00,2022-09-10 01:22:44+00:00,House,New Mexico,New Mexico 2,Democratic,D+1,-1.0,False,True,50.3,general,142
Nick_LaLota,2022,4,4,1646.0,0,0,0,2022-07-27 02:43:52+00:00,2022-10-31 10:03:23+00:00,House,New York,New York 1,Republican,R+3,3.0,False,True,55.5,general,96
Rudy_Yakym,2022,4,4,74.0,0,1,0,2022-08-17 02:34:03+00:00,2022-10-30 04:28:24+00:00,House,Indiana,Indiana 2,Republican,,,False,True,63.3,special,74
Anna_Paulina_Luna,2022,3,2,74.0,0,0,0,2022-08-23 21:25:25+00:00,2022-08-24 04:38:54+00:00,House,Florida,Florida 13,Republican,R+6,6.0,False,True,53.1,general,0
Eli_Crane,2022,3,3,91.0,0,0,0,2021-07-21 03:28:31+00:00,2022-09-27 14:25:21+00:00,House,Arizona,Arizona 2,Republican,R+6,6.0,False,True,53.9,general,433
Juan_Ciscomani,2022,3,3,1250.0,0,0,0,2022-06-14 15:44:15+00:00,2022-10-11 15:18:49+00:00,House,Arizona,Arizona 6,Republican,R+3,3.0,False,True,50.7,general,118
Russell_Fry_(politician),2022,3,2,102.0,0,0,0,2021-10-24 22:37:58+00:00,2022-05-13 05:11:48+00:00,House,South Carolina,South Carolina 7,Republican,R+11,11.0,False,True,64.9,general,200
Derrick_Van_Orden,2022,2,2,-2.0,1,0,0,2022-03-01 14:54:37+00:00,2022-06-01 15:12:47+00:00,House,Wisconsin,Wisconsin 3,Republican,R+4,4.0,False,True,51.9,general,92
Jevin_Hodge,2022,2,2,14.0,0,0,0,2021-05-07 01:02:01+00:00,2022-08-03 17:11:01+00:00,House,Arizona,Arizona 1,Democratic,R+2,2.0,False,False,49.6,general,453
John_E._James,2022,2,1,27.0,0,0,0,2020-12-26 03:24:39+00:00,2020-12-26 03:25:12+00:00,House,Michigan,Michigan 10,Republican,R+3,3.0,False,True,48.8,general,0
Lorence_Wenke,2022,2,2,42.0,1,0,0,2021-01-13 15:00:50+00:00,2021-05-29 00:15:16+00:00,House,Michigan,Michigan 4,Libertarian,R+5,5.0,False,False,2.5,general,135
Marie_Gluesenkamp_Perez,2022,2,1,66.0,0,0,0,2022-11-01 15:03:00+00:00,2022-11-01 15:03:36+00:00,House,Washington,Washington 3,Democratic,R+5,5.0,False,True,50.1,general,0
Chase_Oliver,2022,1,1,0.0,0,0,0,2022-10-20 01:43:35+00:00,2022-10-20 01:43:35+00:00,Senate,Georgia,,Libertarian,R+3,3.0,False,False,2.1,general,0
Eric_Sorensen_(politician),2022,1,1,0.0,0,0,0,2022-06-29 01:55:07+00:00,2022-06-29 01:55:07+00:00,House,Illinois,Illinois 17,Democratic,D+2,-2.0,False,True,52.0,general,0
Greg_Landsman,2022,1,1,0.0,0,0,0,2022-06-07 16:18:46+00:00,2022-06-07 16:18:46+00:00,House,Ohio,Ohio 1,Democratic,D+2,-2.0,False,True,52.8,general,0
Hillary_Scholten,2022,1,1,0.0,0,0,0,2022-06-22 19:38:52+00:00,2022-06-22 19:38:52+00:00,House,Michigan,Michigan 3,Democratic,D+1,-1.0,False,True,54.9,general,0
Mark_Robertson_(politician),2022,1,1,0.0,0,0,0,2022-06-20 17:44:18+00:00,2022-06-20 17:44:18+00:00,House,Nevada,Nevada 1,Republican,D+3,-3.0,False,False,46.0,general,0
Mike_Thompson_(California_politician),2022,1,1,13.0,0,0,0,2021-01-28 11:22:03+00:00,2021-01-28 11:22:03+00:00,House,California,California 4,Democratic,D+17,-17.0,False,True,67.8,general,0
Mike_ter_Maat,2022,1,1,0.0,0,0,0,2022-05-13 19:45:00+00:00,2022-05-13 19:45:00+00:00,House,Florida,Florida 20,Libertarian,,,False,False,0.7,special,0
Sam_Peters,2022,1,1,0.0,0,0,0,2022-06-20 17:50:27+00:00,2022-06-20 17:50:27+00:00,House,Nevada,Nevada 4,Republican,D+3,-3.0,False,False,47.6,general,0
Tyler_Kistner,2022,1,1,0.0,1,0,0,2022-05-18 17:12:20+00:00,2022-05-18 17:12:20+00:00,House,Minnesota,Minnesota 2,Republican,D+1,-1.0,False,False,45.7,general,0
Mike_Johnson,2024,1880,437,125340.0,335,141,56,2022-11-15 00:54:10+00:00,2024-11-05 05:53:19+00:00,House,Louisiana,Louisiana 4,Republican,R+26,26.0,True,True,85.8,general,721
Anna_Paulina_Luna,2024,1101,360,51703.0,142,226,18,2022-11-09 02:17:20+00:00,2024-11-05 04:35:37+00:00,House,Florida,Florida 13,Republican,R+6,6.0,True,True,54.8,general,727
Kari_Lake,2024,832,243,67213.0,111,91,25,2022-11-09 01:52:58+00:00,2024-11-04 07:33:34+00:00,Senate,Arizona,,Republican,R+2,2.0,False,False,47.65,general,726
Lauren_Boebert,2024,630,253,56573.0,107,4,20,2022-11-09 10:27:21+00:00,2024-11-04 01:38:24+00:00,House,Colorado,Colorado 4,Republican,R+13,13.0,False,True,53.6,general,725
Hakeem_Jeffries,2024,609,268,47931.0,112,126,24,2022-11-17 00:20:12+00:00,2024-11-02 19:38:16+00:00,House,New York,New York 8,Democratic,D+27,-27.0,True,True,75.4,general,716
Nancy_Pelosi,2024,557,208,51505.0,115,0,27,2022-11-10 08:48:15+00:00,2024-11-05 11:37:01+00:00,House,California,California 11,Democratic,D+37,-37.0,True,True,81.0,general,726
Elissa_Slotkin,2024,535,119,25794.0,69,113,8,2022-11-09 02:13:40+00:00,2024-11-03 10:40:26+00:00,Senate,Michigan,,Democratic,R+1,1.0,False,True,48.64,general,725
Alexandria_Ocasio-Cortez,2024,491,179,51993.0,111,0,37,2022-11-09 06:00:36+00:00,2024-10-31 04:30:21+00:00,House,New York,New York 14,Democratic,D+27,-27.0,True,True,69.2,general,721
Marjorie_Taylor_Greene,2024,465,194,74393.0,90,2,24,2022-11-09 00:27:43+00:00,2024-10-23 04:02:10+00:00,House,Georgia,Georgia 14,Republican,R+22,22.0,True,True,64.4,general,714
Marie_Gluesenkamp_Perez,2024,464,196,34044.0,56,104,11,2022-11-12 11:35:32+00:00,2024-11-03 23:25:56+00:00,House,Washington,Washington 3,Democratic,R+5,5.0,True,True,51.7,general,722
Tom_Suozzi,2024,458,135,32186.0,54,52,12,2022-11-18 01:29:28+00:00,2024-11-05 06:01:02+00:00,House,New York,New York 3,Democratic,,,False,True,53.9,special,718
Andy_Ogles,2024,456,176,45668.0,90,52,15,2022-11-09 05:20:27+00:00,2024-11-01 20:15:05+00:00,House,Tennessee,Tennessee 5,Republican,R+9,9.0,True,True,56.9,general,723
Rashida_Tlaib,2024,437,118,28091.0,80,0,16,2022-11-12 20:37:26+00:00,2024-10-29 06:52:23+00:00,House,Michigan,Michigan 12,Democratic,D+23,-23.0,True,True,69.7,general,716
Jim_Jordan,2024,431,229,19300.0,105,57,17,2022-11-11 04:06:49+00:00,2024-10-25 14:10:43+00:00,House,Ohio,Ohio 4,Republican,R+20,20.0,True,True,68.5,general,714
Josh_Gottheimer,2024,426,98,235653.0,140,28,22,2022-11-09 15:00:25+00:00,2024-11-05 20:04:32+00:00,House,New Jersey,New Jersey 5,Democratic,D+4,-4.0,True,True,54.6,general,727
Maxwell_Frost,2024,425,232,17944.0,89,126,14,2022-11-09 00:42:26+00:00,2024-11-02 13:10:51+00:00,House,Florida,Florida 10,Democratic,D+14,-14.0,True,True,62.4,general,724
Mazi_Melesa_Pilip,2024,424,141,20978.0,48,174,6,2023-01-23 03:06:33+00:00,2024-11-04 01:22:00+00:00,House,New York,New York 3,Republican,,,False,False,45.9,special,650
Bernie_Moreno,2024,421,139,25894.0,33,139,6,2024-01-25 20:00:43+00:00,2024-11-05 01:10:43+00:00,Senate,Ohio,,Republican,R+6,6.0,False,True,50.09,general,284
Mike_Lawler,2024,409,179,19076.0,51,98,11,2022-11-09 15:54:32+00:00,2024-11-02 05:02:48+00:00,House,New York,New York 17,Republican,D+3,-3.0,True,True,52.2,general,723
Eli_Crane,2024,390,203,25759.0,80,87,12,2022-11-09 20:51:07+00:00,2024-11-04 03:37:18+00:00,House,Arizona,Arizona 2,Republican,R+6,6.0,True,True,54.5,general,725
Derrick_Van_Orden,2024,388,157,22509.0,65,96,10,2022-11-09 14:18:02+00:00,2024-10-24 04:27:49+00:00,House,Wisconsin,Wisconsin 3,Republican,R+4,4.0,False,True,51.4,general,714
Larry_Hogan,2024,370,136,65788.0,65,57,21,2022-11-09 01:03:19+00:00,2024-11-05 21:32:15+00:00,Senate,Maryland,,Republican,D+14,-14.0,False,False,42.84,general,727
Mary_Peltola,2024,370,180,34809.0,80,62,10,2022-11-09 08:23:16+00:00,2024-10-25 14:29:54+00:00,House,Alaska,Alaska at-large,Democratic,R+8,8.0,True,False,48.7,general_rcv_runoff,716
Tim_Sheehy,2024,367,53,25098.0,26,12,7,2023-06-27 13:59:00+00:00,2024-11-05 08:47:48+00:00,Senate,Montana,,Republican,R+11,11.0,False,True,52.64,general,496
Elise_Stefanik,2024,366,190,18184.0,99,70,22,2022-11-11 19:01:11+00:00,2024-10-24 22:36:02+00:00,House,New York,New York 21,Republican,R+10,10.0,True,True,62.0,general,713
Jon_Tester,2024,363,125,31799.0,58,49,18,2022-11-11 14:36:04+00:00,2024-11-05 05:25:18+00:00,Senate,Montana,,Democratic,R+11,11.0,False,False,45.5,general,724
Pete_Ricketts,2024,359,140,18848.0,52,82,11,2022-11-09 05:31:07+00:00,2024-10-22 20:47:45+00:00,Senate,Nebraska,,Republican,R+13,13.0,False,True,62.64,special,713
Henry_Cuellar,2024,355,81,13178.0,29,26,13,2022-11-20 15:42:19+00:00,2024-11-03 18:17:58+00:00,House,Texas,Texas 28,Democratic,D+3,-3.0,True,True,52.8,general,714
Adam_Schiff,2024,346,163,21925.0,86,21,17,2022-11-17 01:53:40+00:00,2024-10-27 21:20:54+00:00,Senate,California,,Democratic,D+13,-13.0,False,True,58.87,general,710
Forward_Party_(United_States),2024,345,113,-8700.0,72,56,5,2022-11-09 13:08:52+00:00,2024-11-04 05:21:54+00:00,House,Colorado,Colorado 5,Forward,R+9,9.0,False,False,0.4,general,725
Bernie_Sanders,2024,343,177,142829.0,98,0,41,2022-11-10 05:46:29+00:00,2024-11-03 19:02:39+00:00,Senate,Vermont,,Independent,D+16,-16.0,False,True,63.16,general,724
Byron_Donalds,2024,339,183,19499.0,85,49,18,2022-11-13 05:18:58+00:00,2024-10-06 18:25:48+00:00,House,Florida,Florida 19,Republican,R+13,13.0,True,True,66.3,general,693
Tammy_Baldwin,2024,334,101,41404.0,49,35,22,2022-11-10 17:51:49+00:00,2024-11-05 15:39:44+00:00,Senate,Wisconsin,,Democratic,R+2,2.0,False,True,49.33,general,725
Matt_Gaetz,2024,331,136,28092.0,69,0,12,2022-11-12 15:55:36+00:00,2024-10-07 17:59:42+00:00,House,Florida,Florida 1,Republican,R+19,19.0,True,True,66.0,general,695
Andy_Kim,2024,330,124,48369.0,81,22,22,2022-11-09 05:30:34+00:00,2024-10-24 02:57:29+00:00,Senate,New Jersey,,Democratic,D+6,-6.0,False,True,53.64,general,714
Tom_Emmer,2024,330,168,15509.0,58,82,13,2022-11-09 04:47:56+00:00,2024-10-19 06:46:17+00:00,House,Minnesota,Minnesota 6,Republican,R+12,12.0,True,True,62.5,general,710
Sherrod_Brown,2024,329,134,55520.0,56,41,12,2022-11-09 11:09:45+00:00,2024-11-05 17:52:45+00:00,Senate,Ohio,,Democratic,R+6,6.0,False,False,46.47,general,727
Angela_Alsobrooks,2024,306,54,118273.0,42,19,9,2022-11-11 02:07:57+00:00,2024-11-04 19:17:32+00:00,Senate,Maryland,,Democratic,D+14,-14.0,False,True,54.64,general,724
Summer_Lee,2024,302,159,37158.0,69,89,15,2022-11-09 05:17:17+00:00,2024-11-04 04:28:43+00:00,House,Pennsylvania,Pennsylvania 12,Democratic,D+8,-8.0,True,True,56.4,general,725
John_Duarte_(politician),2024,300,102,21478.0,36,37,6,2022-11-09 10:12:09+00:00,2024-10-28 19:52:10+00:00,House,California,California 13,Republican,D+4,-4.0,True,False,49.96,general,719
Joe_Kent,2024,294,103,21952.0,52,48,16,2022-11-16 02:32:33+00:00,2024-11-02 19:16:47+00:00,House,Washington,Washington 3,Republican,R+5,5.0,False,False,47.9,general,717
Scott_Perry,2024,290,109,18150.0,77,22,13,2022-11-11 03:45:51+00:00,2024-11-04 19:21:11+00:00,House,Pennsylvania,Pennsylvania 10,Republican,R+5,5.0,True,True,50.6,general,724
Bob_Casey_Jr.,2024,289,111,21603.0,50,56,16,2022-11-09 16:01:36+00:00,2024-11-05 19:37:18+00:00,Senate,Pennsylvania,,Democratic,R+2,2.0,False,False,48.6,general,727
Royce_White,2024,288,117,-15030.0,45,69,15,2022-11-18 06:26:41+00:00,2024-11-04 21:14:32+00:00,Senate,Minnesota,,Republican,D+1,-1.0,False,False,40.5,general,717
Steve_Scalise,2024,288,166,4318.0,74,25,16,2022-11-15 21:56:01+00:00,2024-09-10 23:39:42+00:00,House,Louisiana,Louisiana 1,Republican,R+22,22.0,True,True,66.8,general,665
Colin_Allred,2024,282,126,37527.0,46,54,8,2022-11-20 02:35:31+00:00,2024-11-03 03:25:13+00:00,Senate,Texas,,Democratic,R+5,5.0,False,False,44.57,general,714
Ruben_Gallego,2024,281,131,11866.0,55,54,6,2022-11-30 05:49:26+00:00,2024-11-04 22:51:47+00:00,Senate,Arizona,,Democratic,R+2,2.0,False,True,50.06,general,705
Nancy_Mace,2024,277,126,28427.0,53,31,14,2022-11-10 00:19:25+00:00,2024-11-04 20:27:09+00:00,House,South Carolina,South Carolina 1,Republican,R+7,7.0,True,True,58.3,general,725
James_Comer,2024,276,171,18518.0,49,74,14,2022-11-10 18:40:01+00:00,2024-10-19 07:17:30+00:00,House,Kentucky,Kentucky 1,Republican,R+24,24.0,True,True,74.7,general,708
Don_Bacon,2024,271,123,34088.0,88,42,9,2022-11-09 02:34:02+00:00,2024-11-01 19:48:19+00:00,House,Nebraska,Nebraska 2,Republican,EVEN,0.0,True,True,50.9,general,723
Scott_Baugh,2024,265,52,30583.0,64,46,11,2022-11-28 13:37:22+00:00,2024-10-24 16:41:27+00:00,House,California,California 47,Republican,D+3,-3.0,False,False,48.6,general,696
Brandon_Williams_(politician),2024,254,96,33534.0,35,45,8,2022-11-15 04:42:50+00:00,2024-11-04 23:56:42+00:00,House,New York,New York 22,Republican,D+3,-3.0,True,False,45.4,general,720
Ilhan_Omar,2024,251,121,59762.0,48,0,16,2022-11-27 22:49:09+00:00,2024-10-28 16:52:36+00:00,House,Minnesota,Minnesota 5,DFL,D+30,-30.0,True,True,75.2,general,700
Jasmine_Crockett,2024,248,153,25538.0,52,78,6,2022-11-09 01:51:58+00:00,2024-10-26 02:50:08+00:00,House,Texas,Texas 30,Democratic,D+27,-27.0,True,True,84.9,general,717
Wesley_Bell,2024,246,101,447.0,47,54,17,2022-12-01 13:47:31+00:00,2024-10-29 22:00:43+00:00,House,Missouri,Missouri 1,Democratic,D+27,-27.0,False,True,75.9,general,698
Marsha_Blackburn,2024,239,109,53183.0,47,48,14,2022-11-11 15:25:33+00:00,2024-11-05 16:52:06+00:00,Senate,Tennessee,,Republican,R+14,14.0,False,True,63.8,general,725
Rick_Scott,2024,235,95,57779.0,45,11,16,2022-11-16 05:00:06+00:00,2024-10-30 19:01:45+00:00,Senate,Florida,,Republican,R+3,3.0,False,True,55.57,general,714
Dan_Osborn,2024,234,65,25367.0,27,21,9,2024-02-21 08:48:45+00:00,2024-11-05 22:32:46+00:00,Senate,Nebraska,,Independent,R+13,13.0,False,False,46.47,general,258
Max_Miller_(politician),2024,232,126,10652.0,35,45,4,2022-11-09 03:12:39+00:00,2024-11-05 01:59:04+00:00,House,Ohio,Ohio 7,Republican,R+7,7.0,True,True,51.1,general,726
Gabe_Amo,2024,231,71,15637.0,32,11,10,2023-03-19 16:03:24+00:00,2024-10-03 23:54:26+00:00,House,Rhode Island,Rhode Island 1,Democratic,D+12,-12.0,True,True,63.2,general,564
Jennifer_McClellan,2024,231,77,21061.0,37,18,11,2022-11-30 02:40:49+00:00,2024-09-18 05:53:06+00:00,House,Virginia,Virginia 4,Democratic,D+16,-16.0,True,True,67.5,general,658
Clay_Higgins,2024,229,148,7053.0,48,72,10,2022-11-15 13:03:45+00:00,2024-11-04 18:42:40+00:00,House,Louisiana,Louisiana 3,Republican,R+22,22.0,True,True,70.6,general,720
Chip_Roy,2024,225,126,-1953.0,61,38,18,2022-11-18 15:01:32+00:00,2024-10-17 15:43:49+00:00,House,Texas,Texas 21,Republican,R+13,13.0,True,True,61.9,general,699
Juan_Ciscomani,2024,225,110,18667.0,35,39,5,2022-11-11 16:19:53+00:00,2024-10-18 20:38:32+00:00,House,Arizona,Arizona 6,Republican,R+3,3.0,True,True,50.0,general,707
Steve_Garvey,2024,225,95,10637.0,47,26,8,2023-01-08 20:55:48+00:00,2024-11-05 04:45:42+00:00,Senate,California,,Republican,D+13,-13.0,False,False,41.13,general,666
Andy_Biggs,2024,215,128,8323.0,63,33,8,2022-11-15 21:50:35+00:00,2024-11-04 19:59:45+00:00,House,Arizona,Arizona 5,Republican,R+11,11.0,True,True,60.4,general,719
Josh_Hawley,2024,213,67,214427.0,48,0,18,2022-11-16 18:24:24+00:00,2024-11-05 11:21:23+00:00,Senate,Missouri,,Republican,R+10,10.0,False,True,55.58,general,719
Mike_Collins_(politician),2024,213,97,31934.0,35,23,10,2022-11-09 04:59:06+00:00,2024-10-08 12:45:56+00:00,House,Georgia,Georgia 10,Republican,R+14,14.0,True,True,63.1,general,699
Victoria_Spartz,2024,213,125,20161.0,37,32,9,2022-11-09 01:43:13+00:00,2024-10-25 07:28:12+00:00,House,Indiana,Indiana 5,Republican,R+11,11.0,True,True,56.6,general,716
Adam_Frisch,2024,211,78,7914.0,36,30,5,2022-11-09 04:09:26+00:00,2024-10-20 18:47:51+00:00,House,Colorado,Colorado 3,Democratic,R+7,7.0,False,False,45.8,general,711
Ted_Cruz,2024,211,114,77006.0,51,0,18,2022-11-13 23:55:40+00:00,2024-11-01 17:20:31+00:00,Senate,Texas,,Republican,R+5,5.0,False,True,53.07,general,718
Becca_Balint,2024,210,94,18162.0,41,35,9,2022-11-09 00:38:53+00:00,2024-10-24 16:42:24+00:00,House,Vermont,Vermont at-large,Democratic,D+16,-16.0,True,True,62.5,general,715
Robert_Garcia_(California_congressman),2024,207,107,19890.0,45,54,17,2022-11-09 22:55:52+00:00,2024-11-01 18:58:07+00:00,House,California,California 42,Democratic,D+22,-22.0,True,True,68.1,general,722
Ronny_Jackson,2024,205,102,14772.0,27,35,11,2022-11-29 07:53:23+00:00,2024-09-29 17:31:51+00:00,House,Texas,Texas 13,Republican,R+26,26.0,True,True,100.0,general,670
Kevin_Hern,2024,204,93,23480.0,34,35,7,2022-11-29 07:33:08+00:00,2024-11-04 13:49:22+00:00,House,Oklahoma,Oklahoma 1,Republican,R+14,14.0,True,True,60.4,general,706
Dave_McCormick,2024,201,96,10295.0,37,47,8,2022-11-10 14:54:08+00:00,2024-11-04 16:11:05+00:00,Senate,Pennsylvania,,Republican,R+2,2.0,False,True,48.82,general,725
Roger_Wicker,2024,197,81,33599.0,67,7,10,2022-11-11 13:35:18+00:00,2024-10-22 21:32:25+00:00,Senate,Mississippi,,Republican,R+11,11.0,False,True,62.81,general,711
Tony_Gonzales,2024,192,93,13166.0,37,42,6,2022-11-11 02:07:28+00:00,2024-10-05 20:55:11+00:00,House,Texas,Texas 23,Republican,R+5,5.0,True,True,62.3,general,694
Jamie_Raskin,2024,191,101,8102.0,47,28,19,2022-11-15 08:39:41+00:00,2024-11-05 18:41:28+00:00,House,Maryland,Maryland 8,Democratic,D+29,-29.0,True,True,76.8,general,721
Greg_Casar,2024,187,116,31558.0,37,47,10,2022-11-09 22:49:59+00:00,2024-09-23 01:37:01+00:00,House,Texas,Texas 35,Democratic,D+21,-21.0,True,True,67.4,general,683
Paul_Gosar,2024,186,107,107979.0,42,0,17,2022-11-09 06:07:59+00:00,2024-11-01 19:54:56+00:00,House,Arizona,Arizona 9,Republican,R+16,16.0,True,True,65.3,general,723
Amy_Klobuchar,2024,185,93,53088.0,33,23,13,2022-11-11 13:33:17+00:00,2024-11-05 20:13:05+00:00,Senate,Minnesota,,DFL,D+1,-1.0,False,True,56.2,general,725
Lucas_Kunce,2024,184,72,33284.0,23,13,9,2022-11-13 19:15:42+00:00,2024-11-05 19:37:22+00:00,Senate,Missouri,,Democratic,R+10,10.0,False,False,41.76,general,723
Ryan_Zinke,2024,181,106,43318.0,43,18,12,2022-11-10 11:17:40+00:00,2024-10-30 20:09:52+00:00,House,Montana,Montana 1,Republican,R+6,6.0,True,True,52.3,general,720
Dan_Goldman,2024,178,87,7695.0,39,7,14,2022-11-09 02:39:09+00:00,2024-10-05 23:55:54+00:00,House,New York,New York 10,Democratic,D+34,-34.0,True,True,82.5,general,696
Shri_Thanedar,2024,178,99,9015.0,29,31,4,2022-11-09 11:31:09+00:00,2024-11-01 20:07:45+00:00,House,Michigan,Michigan 13,Democratic,D+23,-23.0,True,True,68.6,general,723
Angus_King,2024,177,89,47275.0,34,29,12,2022-11-14 14:23:42+00:00,2024-11-05 20:14:47+00:00,Senate,Maine,,Independent,D+2,-2.0,False,True,52.06,general,722
Johnny_Olszewski,2024,177,33,108536.0,22,17,6,2022-11-23 01:55:16+00:00,2024-10-31 15:10:58+00:00,House,Maryland,Maryland 2,Democratic,D+7,-7.0,False,True,58.2,general,708
Keith_Self,2024,177,89,22437.0,29,51,7,2022-11-09 02:15:09+00:00,2024-09-26 14:14:44+00:00,House,Texas,Texas 3,Republican,R+11,11.0,True,True,62.5,general,687
David_Schweikert,2024,175,94,15798.0,41,24,11,2022-11-12 04:19:43+00:00,2024-11-03 11:35:46+00:00,House,Arizona,Arizona 1,Republican,R+2,2.0,True,True,51.9,general,722
Jim_Justice,2024,175,93,26878.0,40,29,13,2022-11-27 16:15:27+00:00,2024-11-05 23:00:21+00:00,Senate,West Virginia,,Republican,R+22,22.0,False,True,68.75,general,709
Eric_Sorensen_(politician),2024,170,68,12376.0,24,17,12,2022-11-10 11:58:07+00:00,2024-10-25 20:20:16+00:00,House,Illinois,Illinois 17,Democratic,D+2,-2.0,True,True,54.4,general,715
Harriet_Hageman,2024,168,102,9422.0,33,36,5,2022-11-09 10:56:19+00:00,2024-10-29 05:12:44+00:00,House,Wyoming,Wyoming at-large,Republican,R+25,25.0,True,True,71.0,general,719
Jared_Golden,2024,168,76,15211.0,20,17,11,2022-11-17 01:02:54+00:00,2024-11-04 04:30:55+00:00,House,Maine,Maine 2,Democratic,R+6,6.0,True,True,50.3,general,718
George_Latimer_(New_York_politician),2024,163,90,5990.0,31,48,7,2022-12-23 00:09:34+00:00,2024-10-19 16:05:35+00:00,House,New York,New York 16,Democratic,D+21,-21.0,False,True,71.6,general,666
Gloria_Johnson_(politician),2024,163,62,17697.0,22,15,3,2022-11-30 23:51:40+00:00,2024-10-17 09:24:22+00:00,Senate,Tennessee,,Democratic,R+14,14.0,False,False,34.2,general,686
Hillary_Scholten,2024,163,71,15237.0,21,15,5,2022-11-09 11:32:07+00:00,2024-10-15 21:29:03+00:00,House,Michigan,Michigan 3,Democratic,D+1,-1.0,True,True,53.7,general,706
John_Rose_(Tennessee_politician),2024,163,92,5839.0,28,67,3,2022-11-29 07:42:06+00:00,2024-10-28 19:25:55+00:00,House,Tennessee,Tennessee 6,Republican,R+17,17.0,True,True,68.0,general,699
Elizabeth_Warren,2024,162,73,118078.0,30,0,12,2022-11-11 13:29:35+00:00,2024-10-30 14:56:35+00:00,Senate,Massachusetts,,Democratic,D+15,-15.0,False,True,59.81,general,719
Michelle_Steel,2024,162,66,12944.0,19,31,6,2022-11-14 00:12:46+00:00,2024-11-05 08:21:46+00:00,House,California,California 45,Republican,D+2,-2.0,True,False,49.9,general,722
Greg_Landsman,2024,161,68,12419.0,25,25,3,2022-11-09 04:52:42+00:00,2024-10-23 19:41:20+00:00,House,Ohio,Ohio 1,Democratic,D+2,-2.0,True,True,54.6,general,714
Kirsten_Gillibrand,2024,161,75,58109.0,53,26,14,2022-11-15 00:52:36+00:00,2024-10-22 03:08:37+00:00,Senate,New York,,Democratic,D+10,-10.0,False,True,58.5,general,707
Monica_De_La_Cruz,2024,161,80,8894.0,22,25,5,2022-11-09 06:19:53+00:00,2024-10-29 16:49:55+00:00,House,Texas,Texas 15,Republican,R+1,1.0,True,True,57.1,general,720
Morgan_Luttrell,2024,161,68,13477.0,22,27,4,2022-11-09 05:02:42+00:00,2024-10-30 02:38:09+00:00,House,Texas,Texas 8,Republican,R+16,16.0,True,True,68.2,general,720
Eric_Burlison,2024,160,100,9579.0,26,55,5,2022-11-09 12:41:22+00:00,2024-08-29 22:23:44+00:00,House,Missouri,Missouri 7,Republican,R+24,24.0,True,True,71.6,general,659
John_James_(Michigan_politician),2024,159,98,14179.0,20,35,11,2022-11-09 21:16:45+00:00,2024-10-23 21:11:09+00:00,House,Michigan,Michigan 10,Republican,R+3,3.0,True,True,51.1,general,713
Brian_Mast,2024,157,101,9950.0,29,37,9,2022-11-29 07:28:13+00:00,2024-10-19 07:52:50+00:00,House,Florida,Florida 21,Republican,R+7,7.0,True,True,61.8,general,690
Troy_Nehls,2024,156,75,10145.0,20,61,7,2022-11-09 17:21:17+00:00,2024-10-08 02:57:16+00:00,House,Texas,Texas 22,Republican,R+11,11.0,True,True,62.1,general,698
Rich_McCormick,2024,155,92,17901.0,31,29,7,2022-11-09 05:53:08+00:00,2024-10-31 00:20:25+00:00,House,Georgia,Georgia 7,Republican,R+13,13.0,False,True,64.9,general,721
Chris_Deluzio,2024,154,82,11212.0,26,25,10,2022-11-09 05:23:38+00:00,2024-11-01 19:25:58+00:00,House,Pennsylvania,Pennsylvania 17,Democratic,EVEN,0.0,True,True,53.9,general,723
Mondaire_Jones,2024,154,73,22517.0,40,18,17,2022-11-10 21:25:27+00:00,2024-10-26 13:52:38+00:00,House,New York,New York 17,Democratic,D+3,-3.0,False,False,45.8,general,715
Tim_Burchett,2024,154,95,19455.0,33,36,7,2022-11-29 07:33:59+00:00,2024-11-05 17:40:16+00:00,House,Tennessee,Tennessee 2,Republican,R+18,18.0,True,True,69.3,general,707
Jill_Tokuda,2024,153,64,18680.0,23,11,9,2022-11-09 09:55:50+00:00,2024-09-20 12:40:51+00:00,House,Hawaii,Hawaii 2,Democratic,D+14,-14.0,True,True,66.5,general,681
Lori_Chavez-DeRemer,2024,153,81,27788.0,22,26,4,2022-11-09 10:31:59+00:00,2024-11-02 02:42:59+00:00,House,Oregon,Oregon 5,Republican,D+2,-2.0,True,False,45.0,general,723
Marc_Molinaro,2024,153,84,6303.0,35,30,3,2022-11-09 19:05:51+00:00,2024-11-02 02:40:09+00:00,House,New York,New York 19,Republican,R+1,1.0,True,False,48.9,general,723
Mike_Garcia_(politician),2024,153,68,7516.0,16,31,7,2022-11-11 16:34:38+00:00,2024-11-02 02:36:54+00:00,House,California,California 27,Republican,D+4,-4.0,True,False,48.7,general,721
Nick_LaLota,2024,152,88,10673.0,29,30,4,2022-11-10 15:59:33+00:00,2024-11-05 22:14:05+00:00,House,New York,New York 1,Republican,R+4,4.0,True,True,55.2,general,726
Ro_Khanna,2024,150,92,19660.0,36,20,19,2022-11-12 23:51:34+00:00,2024-11-05 16:58:50+00:00,House,California,California 17,Democratic,D+23,-23.0,True,True,67.7,general,723
Sheldon_Whitehouse,2024,150,71,28051.0,36,17,12,2022-11-12 06:58:05+00:00,2024-11-02 19:17:43+00:00,Senate,Rhode Island,,Democratic,D+8,-8.0,False,True,59.9,general,721
Cory_Mills,2024,146,94,18685.0,19,38,5,2022-11-09 01:33:28+00:00,2024-08-30 10:08:19+00:00,House,Florida,Florida 7,Republican,R+5,5.0,True,True,56.5,general,660
Jim_Banks,2024,146,86,26615.0,21,29,8,2022-11-15 19:22:39+00:00,2024-10-19 07:17:37+00:00,Senate,Indiana,,Republican,R+11,11.0,False,True,58.64,general,703
Kevin_Kiley_(politician),2024,146,87,8858.0,23,24,7,2022-11-11 02:58:57+00:00,2024-11-03 11:40:54+00:00,House,California,California 3,Republican,R+4,4.0,True,True,55.5,general,723
Wesley_Hunt,2024,145,77,10631.0,19,23,5,2022-11-09 05:03:45+00:00,2024-09-19 19:27:12+00:00,House,Texas,Texas 38,Republican,R+12,12.0,True,True,62.7,general,680
John_Barrasso,2024,144,66,27014.0,30,12,8,2022-11-11 15:47:56+00:00,2024-10-22 22:41:42+00:00,Senate,Wyoming,,Republican,R+25,25.0,False,True,75.11,general,711
Kat_Cammack,2024,144,84,7689.0,29,26,9,2022-11-29 07:50:08+00:00,2024-11-04 05:35:52+00:00,House,Florida,Florida 3,Republican,R+9,9.0,True,True,61.6,general,705
Gabe_Vasquez,2024,143,73,16255.0,18,27,2,2022-11-10 06:20:59+00:00,2024-10-25 16:12:35+00:00,House,New Mexico,New Mexico 2,Democratic,D+1,-1.0,True,True,52.1,general,715
Raja_Krishnamoorthi,2024,142,65,10501.0,45,22,10,2022-11-11 18:22:32+00:00,2024-10-17 13:00:02+00:00,House,Illinois,Illinois 8,Democratic,D+6,-6.0,True,True,57.1,general,705
Don_Davis_(North_Carolina_politician),2024,141,61,12975.0,13,24,3,2022-11-09 12:37:31+00:00,2024-11-02 10:24:32+00:00,House,North Carolina,North Carolina 1,Democratic,R+1,1.0,True,True,49.5,general,723
Jerry_Nadler,2024,140,99,2937.0,32,33,7,2022-11-09 23:28:52+00:00,2024-10-31 05:09:05+00:00,House,New York,New York 12,Democratic,D+34,-34.0,True,True,80.5,general,721
Ted_Lieu,2024,140,80,9440.0,32,23,13,2022-11-17 17:48:09+00:00,2024-11-04 11:54:16+00:00,House,California,California 36,Democratic,D+21,-21.0,True,True,68.7,general,717
David_Valadao,2024,138,78,5451.0,29,28,5,2022-11-16 05:46:26+00:00,2024-11-04 12:14:13+00:00,House,California,California 22,Republican,D+5,-5.0,True,True,53.4,general,719
Yadira_Caraveo,2024,136,86,10198.0,17,23,4,2022-11-10 04:03:05+00:00,2024-10-21 22:17:42+00:00,House,Colorado,Colorado 8,Democratic,EVEN,0.0,True,True,48.2,general,711
Andy_Harris_(politician),2024,135,77,95826.0,26,10,7,2022-12-02 23:20:07+00:00,2024-10-27 03:22:58+00:00,House,Maryland,Maryland 1,Republican,R+11,11.0,True,True,59.4,general,694
Jared_Moskowitz,2024,134,90,9007.0,28,19,10,2022-11-09 01:42:27+00:00,2024-10-10 03:55:41+00:00,House,Florida,Florida 23,Democratic,D+5,-5.0,True,True,52.4,general,701
John_Mannion_(American_politician),2024,134,44,6501.0,23,22,4,2022-11-16 16:34:29+00:00,2024-11-04 01:14:33+00:00,House,New York,New York 22,Democratic,D+3,-3.0,False,True,54.6,general,718
Jen_Kiggans,2024,133,75,6363.0,17,31,3,2022-11-09 03:27:41+00:00,2024-10-23 00:27:11+00:00,House,Virginia,Virginia 2,Republican,R+2,2.0,True,True,50.8,general,713
Eugene_Vindman,2024,132,66,10863.0,26,21,10,2022-11-19 18:13:09+00:00,2024-11-03 19:15:43+00:00,House,Virginia,Virginia 7,Democratic,D+1,-1.0,False,True,51.3,general,715
Angie_Craig,2024,131,66,8391.0,26,14,11,2022-11-10 01:03:15+00:00,2024-10-22 00:53:16+00:00,House,Minnesota,Minnesota 2,DFL,D+1,-1.0,True,True,55.6,general,711
Erin_Houchin,2024,131,75,7087.0,13,39,3,2022-11-09 03:13:52+00:00,2024-10-13 13:19:15+00:00,House,Indiana,Indiana 9,Republican,R+16,16.0,True,True,64.5,general,704
Nicole_Malliotakis,2024,131,64,368.0,28,32,5,2022-11-11 16:40:36+00:00,2024-10-24 12:23:01+00:00,House,New York,New York 11,Republican,R+6,6.0,True,True,64.1,general,712
Matt_Cartwright,2024,130,61,14472.0,21,21,15,2022-11-27 20:01:45+00:00,2024-11-04 13:43:21+00:00,House,Pennsylvania,Pennsylvania 8,Democratic,R+4,4.0,True,False,49.2,general,707
Debbie_Wasserman_Schultz,2024,129,87,4093.0,28,25,11,2022-12-12 14:18:57+00:00,2024-10-19 04:06:46+00:00,House,Florida,Florida 25,Democratic,D+9,-9.0,True,True,54.5,general,676
Emilia_Sykes,2024,129,64,9656.0,31,16,5,2022-11-09 10:04:41+00:00,2024-10-02 18:53:28+00:00,House,Ohio,Ohio 13,Democratic,R+1,1.0,True,True,51.1,general,693
Sarah_McBride,2024,129,84,13555.0,35,25,10,2022-11-28 01:39:28+00:00,2024-11-02 18:59:01+00:00,House,Delaware,Delaware at-large,Democratic,D+7,-7.0,False,True,57.9,general,705
Josh_Brecheen,2024,128,62,13033.0,17,20,3,2022-11-09 05:49:48+00:00,2024-08-22 18:05:10+00:00,House,Oklahoma,Oklahoma 2,Republican,R+29,29.0,True,True,74.2,general,652
Richard_Neal,2024,128,54,2953.0,11,69,4,2022-11-09 17:51:21+00:00,2024-10-19 03:05:57+00:00,House,Massachusetts,Massachusetts 1,Democratic,D+9,-9.0,True,True,62.6,general,709
Rob_Menendez,2024,127,77,31469.0,22,18,7,2022-11-09 02:33:13+00:00,2024-11-05 22:10:26+00:00,House,New Jersey,New Jersey 8,Democratic,D+22,-22.0,True,True,59.4,general,727
Tim_Kennedy_(politician),2024,127,37,9524.0,16,8,2,2022-12-05 10:16:19+00:00,2024-10-24 17:53:03+00:00,House,New York,New York 26,Democratic,,,False,True,68.5,special,689
Sydney_Kamlager-Dove,2024,126,76,6860.0,23,22,5,2022-11-10 05:42:15+00:00,2024-08-22 18:15:31+00:00,House,California,California 37,Democratic,D+37,-37.0,True,True,78.3,general,651
Mike_Ezell,2024,124,63,5423.0,26,36,3,2022-11-09 02:20:20+00:00,2024-09-25 19:18:20+00:00,House,Mississippi,Mississippi 4,Republican,R+22,22.0,True,True,74.0,general,686
Chris_Murphy,2024,123,71,31677.0,28,20,9,2022-12-15 01:16:13+00:00,2024-10-30 15:22:07+00:00,Senate,Connecticut,,Democratic,D+7,-7.0,False,True,58.58,general,685
Delia_Ramirez,2024,121,84,10660.0,27,17,8,2022-11-09 23:00:00+00:00,2024-10-26 17:38:55+00:00,House,Illinois,Illinois 3,Democratic,D+20,-20.0,True,True,67.3,general,716
Glenn_Ivey,2024,120,60,41134.0,14,21,8,2022-11-09 03:03:13+00:00,2024-11-01 21:41:33+00:00,House,Maryland,Maryland 4,Democratic,D+40,-40.0,True,True,88.4,general,723
Unity_Party_of_America,2024,120,34,9369.0,28,26,1,2023-02-08 15:29:24+00:00,2024-10-20 19:51:10+00:00,House,Colorado,Colorado 1,Unity,D+29,-29.0,False,False,1.2,general,620
Seth_Magaziner,2024,119,65,11282.0,18,26,5,2022-11-09 02:40:10+00:00,2024-11-05 21:03:18+00:00,House,Rhode Island,Rhode Island 2,Democratic,D+4,-4.0,True,True,58.4,general,727
Tim_Kaine,2024,119,58,42810.0,28,0,16,2022-11-16 14:41:04+00:00,2024-11-04 00:36:04+00:00,Senate,Virginia,,Democratic,D+3,-3.0,False,True,54.4,general,718
Vince_Fong,2024,119,80,7532.0,15,31,4,2022-11-14 00:20:44+00:00,2024-10-29 22:13:19+00:00,House,California,California 20,Republican,,,False,True,60.6,special,715
Grace_Meng,2024,118,66,6875.0,20,20,9,2022-11-27 21:44:39+00:00,2024-11-02 00:45:44+00:00,House,New York,New York 6,Democratic,D+14,-14.0,True,True,60.7,general,705
Mariannette_Miller-Meeks,2024,117,51,3704.0,8,43,3,2022-11-10 23:33:26+00:00,2024-11-05 22:06:05+00:00,House,Iowa,Iowa 1,Republican,R+3,3.0,True,True,50.1,general,725
Sharice_Davids,2024,117,78,6145.0,30,18,7,2022-11-09 01:11:47+00:00,2024-10-23 08:19:04+00:00,House,Kansas,Kansas 3,Democratic,R+1,1.0,True,True,53.4,general,714
Tim_Walberg,2024,117,72,12089.0,29,19,11,2022-12-05 10:12:22+00:00,2024-10-23 21:58:43+00:00,House,Michigan,Michigan 5,Republican,R+15,15.0,True,True,65.7,general,688
Zach_Nunn,2024,117,64,6067.0,15,19,1,2022-11-09 10:23:15+00:00,2024-11-03 11:29:56+00:00,House,Iowa,Iowa 3,Republican,R+3,3.0,True,True,51.9,general,725
Stephanie_Bice,2024,116,65,4897.0,17,25,9,2022-11-23 19:47:05+00:00,2024-10-14 06:03:51+00:00,House,Oklahoma,Oklahoma 5,Republican,R+12,12.0,True,True,60.7,general,690
Brian_Fitzpatrick_(American_politician),2024,115,76,14339.0,17,21,9,2022-11-11 20:55:57+00:00,2024-11-01 18:32:13+00:00,House,Pennsylvania,Pennsylvania 1,Republican,EVEN,0.0,True,True,56.4,general,720
Mike_Rogers_(Michigan_politician),2024,115,49,7994.0,20,19,4,2022-11-30 19:18:08+00:00,2024-10-29 16:43:18+00:00,Senate,Michigan,,Republican,R+1,1.0,False,False,48.3,general,698
Yassamin_Ansari,2024,115,40,20003.0,16,4,4,2023-01-25 16:33:57+00:00,2024-10-24 02:51:06+00:00,House,Arizona,Arizona 3,Democratic,D+24,-24.0,False,True,70.9,general,637
John_Curtis,2024,113,63,13002.0,22,15,7,2022-11-09 02:35:37+00:00,2024-10-19 06:57:50+00:00,Senate,Utah,,Republican,R+13,13.0,False,True,62.5,general,710
Ralph_Norman,2024,113,74,13750.0,23,23,12,2022-11-29 07:32:27+00:00,2024-11-05 22:24:18+00:00,House,South Carolina,South Carolina 5,Republican,R+12,12.0,True,True,63.6,general,707
Steny_Hoyer,2024,113,83,2338.0,22,23,12,2022-11-15 16:08:16+00:00,2024-10-24 19:07:59+00:00,House,Maryland,Maryland 5,Democratic,D+15,-15.0,True,True,67.8,general,709
Celeste_Maloy,2024,112,54,8494.0,16,19,5,2023-06-16 16:31:53+00:00,2024-08-28 17:25:09+00:00,House,Utah,Utah 2,Republican,R+11,11.0,True,True,58.0,general,439
Laurel_Lee,2024,112,67,5819.0,12,15,7,2022-11-09 01:36:17+00:00,2024-10-26 14:56:11+00:00,House,Florida,Florida 15,Republican,R+4,4.0,True,True,56.2,general,717
Virginia_Foxx,2024,112,74,-1393.0,24,21,5,2022-11-09 16:13:48+00:00,2024-10-19 03:09:05+00:00,House,North Carolina,North Carolina 5,Republican,R+10,10.0,True,True,59.5,general,709
Jim_Clyburn,2024,111,77,11742.0,18,10,10,2022-11-15 20:41:24+00:00,2024-10-19 03:42:03+00:00,House,South Carolina,South Carolina 6,Democratic,D+14,-14.0,True,True,59.6,general,703
Nick_Begich_III,2024,111,22,-5997.0,29,0,5,2023-06-27 21:41:52+00:00,2024-10-11 19:12:16+00:00,House,Alaska,Alaska at-large,Republican,R+8,8.0,False,True,51.3,general_rcv_runoff,471
Ritchie_Torres,2024,111,71,9914.0,30,16,17,2022-11-13 04:12:58+00:00,2024-10-31 12:06:21+00:00,House,New York,New York 15,Democratic,D+35,-35.0,True,True,76.5,general,718
Amish_Shah,2024,110,38,9759.0,31,12,3,2022-12-03 11:25:32+00:00,2024-10-23 13:21:39+00:00,House,Arizona,Arizona 1,Democratic,R+2,2.0,False,False,48.1,general,690
Adriano_Espaillat,2024,109,73,5371.0,22,28,7,2022-11-13 04:44:22+00:00,2024-10-19 04:32:19+00:00,House,New York,New York 13,Democratic,D+38,-38.0,True,True,83.5,general,705
Greg_Steube,2024,109,65,11525.0,18,17,6,2022-11-29 07:42:59+00:00,2024-09-12 21:33:06+00:00,House,Florida,Florida 17,Republican,R+10,10.0,True,True,63.9,general,653
Pramila_Jayapal,2024,109,73,9277.0,32,19,8,2022-11-14 21:32:12+00:00,2024-10-29 06:08:31+00:00,House,Washington,Washington 7,Democratic,D+36,-36.0,True,True,84.2,general,714
Andrea_Salinas,2024,108,56,17703.0,10,19,1,2022-11-14 01:17:43+00:00,2024-10-22 21:21:14+00:00,House,Oregon,Oregon 6,Democratic,D+4,-4.0,True,True,53.4,general,708
Neil_Parrott,2024,107,21,80188.0,18,6,3,2022-11-11 19:36:37+00:00,2024-11-05 00:19:41+00:00,House,Maryland,Maryland 6,Republican,D+2,-2.0,False,False,46.7,general,724
Claudia_Tenney,2024,106,58,22762.0,18,15,5,2022-11-09 18:52:18+00:00,2024-11-03 15:01:25+00:00,House,New York,New York 24,Republican,R+13,13.0,True,True,65.7,general,724
Jerrod_Sessler,2024,106,45,7724.0,19,37,6,2022-12-02 06:41:53+00:00,2024-11-03 13:01:54+00:00,House,Washington,Washington 4,Republican,R+11,11.0,False,False,47.0,general,702
Pete_Stauber,2024,105,49,13891.0,16,30,5,2022-11-26 02:56:28+00:00,2024-11-01 05:37:38+00:00,House,Minnesota,Minnesota 8,Republican,R+8,8.0,True,True,58.0,general,706
Bonnie_Watson_Coleman,2024,104,39,12160.0,31,12,5,2022-11-17 00:23:44+00:00,2024-11-03 15:46:47+00:00,House,New Jersey,New Jersey 12,Democratic,D+12,-12.0,True,True,61.2,general,717
Jason_Crow,2024,104,54,6705.0,24,19,6,2022-11-21 01:56:57+00:00,2024-09-18 20:36:53+00:00,House,Colorado,Colorado 6,Democratic,D+9,-9.0,True,True,59.0,general,667
Kelly_Morrison,2024,104,43,5340.0,17,15,2,2022-11-24 05:15:46+00:00,2024-09-12 19:00:06+00:00,House,Minnesota,Minnesota 3,DFL,D+8,-8.0,False,True,58.5,general,658
Doug_LaMalfa,2024,102,59,17349.0,18,18,5,2022-11-18 13:19:29+00:00,2024-10-19 05:40:29+00:00,House,California,California 1,Republican,R+12,12.0,True,True,65.3,general,700
Mazie_Hirono,2024,102,64,20036.0,27,15,11,2022-11-16 01:18:54+00:00,2024-11-01 05:52:58+00:00,Senate,Hawaii,,Democratic,D+14,-14.0,False,True,64.6,general,716
Michelle_Fischbach,2024,102,60,2148.0,15,20,5,2022-11-10 22:15:34+00:00,2024-08-22 17:32:09+00:00,House,Minnesota,Minnesota 7,Republican,R+19,19.0,True,True,70.5,general,650
Mike_Kelly_(Pennsylvania_politician),2024,102,50,6984.0,19,19,10,2022-11-27 06:41:28+00:00,2024-10-31 04:17:39+00:00,House,Pennsylvania,Pennsylvania 16,Republican,R+13,13.0,True,True,63.6,general,703
Preston_Love_Jr.,2024,102,27,9572.0,11,5,3,2023-02-15 17:30:30+00:00,2024-11-04 07:02:35+00:00,Senate,Nebraska,,Democratic,R+13,13.0,False,False,37.36,special,627
Rudy_Yakym,2024,102,60,10264.0,14,16,2,2022-11-09 02:33:29+00:00,2024-10-20 22:34:11+00:00,House,Indiana,Indiana 2,Republican,R+14,14.0,True,True,62.7,general,711
Tom_Cole,2024,101,72,4553.0,15,15,4,2022-11-22 01:21:48+00:00,2024-10-19 03:54:19+00:00,House,Oklahoma,Oklahoma 4,Republican,R+19,19.0,True,True,65.2,general,697
Yvette_Herrell,2024,101,59,7233.0,11,22,10,2022-11-10 08:16:07+00:00,2024-10-28 17:19:56+00:00,House,New Mexico,New Mexico 2,Republican,D+1,-1.0,False,True,47.9,general,718
Don_Beyer,2024,100,62,3657.0,20,24,6,2022-11-16 01:18:50+00:00,2024-10-10 07:06:33+00:00,House,Virginia,Virginia 8,Democratic,D+26,-26.0,True,True,71.7,general,694
Lisa_Blunt_Rochester,2024,100,57,7756.0,12,16,5,2022-11-12 04:14:27+00:00,2024-11-02 09:32:05+00:00,Senate,Delaware,,Democratic,D+7,-7.0,False,True,56.6,general,721
Mayra_Flores,2024,100,56,5877.0,27,4,4,2022-11-09 05:59:09+00:00,2024-11-04 19:04:18+00:00,House,Texas,Texas 34,Republican,D+9,-9.0,False,False,48.7,general,726
Mike_Bost,2024,100,63,5202.0,20,13,8,2022-11-17 00:24:06+00:00,2024-10-19 05:30:00+00:00,House,Illinois,Illinois 12,Republican,R+24,24.0,True,True,74.2,general,702
Nikki_Budzinski,2024,100,66,6401.0,10,9,6,2022-11-09 04:13:48+00:00,2024-09-17 20:26:29+00:00,House,Illinois,Illinois 13,Democratic,D+3,-3.0,True,True,58.1,general,678
Pat_Ryan_(politician),2024,100,65,4803.0,18,17,2,2022-11-09 10:31:25+00:00,2024-10-24 23:17:50+00:00,House,New York,New York 18,Democratic,D+2,-2.0,True,True,57.2,general,715
Dennis_Kucinich,2024,99,54,20299.0,22,0,13,2022-11-30 01:50:18+00:00,2024-09-01 01:08:31+00:00,House,Ohio,Ohio 7,Independent,R+7,7.0,False,False,12.8,general,640
Young_Kim,2024,99,55,14372.0,17,7,6,2022-11-13 22:31:22+00:00,2024-11-02 14:34:05+00:00,House,California,California 40,Republican,R+2,2.0,True,True,55.3,general,719
Chuck_Fleischmann,2024,98,59,7730.0,18,21,10,2022-11-09 01:53:24+00:00,2024-10-20 22:21:13+00:00,House,Tennessee,Tennessee 3,Republican,R+19,19.0,True,True,67.5,general,711
Kevin_Mullin,2024,98,65,6432.0,13,19,6,2022-11-10 18:32:58+00:00,2024-10-01 01:45:46+00:00,House,California,California 15,Democratic,D+28,-28.0,True,True,73.1,general,690
Kirsten_Engel,2024,98,41,5099.0,16,35,4,2022-11-13 00:57:54+00:00,2024-11-02 00:39:56+00:00,House,Arizona,Arizona 6,Democratic,R+3,3.0,False,False,47.5,general,719
Mark_Green_(Tennessee_politician),2024,98,51,9286.0,12,10,4,2022-11-29 07:37:59+00:00,2024-09-23 20:27:00+00:00,House,Tennessee,Tennessee 7,Republican,R+10,10.0,True,True,59.5,general,664
Eric_Swalwell,2024,97,55,9344.0,21,0,12,2022-11-18 03:28:49+00:00,2024-10-19 07:23:32+00:00,House,California,California 14,Democratic,D+22,-22.0,True,True,67.8,general,701
Lloyd_Doggett,2024,97,69,7692.0,21,24,8,2022-11-10 08:08:28+00:00,2024-10-23 18:46:53+00:00,House,Texas,Texas 37,Democratic,D+24,-24.0,True,True,74.2,general,713
Maria_Cantwell,2024,97,54,22147.0,11,22,8,2022-11-12 21:25:10+00:00,2024-11-03 10:50:58+00:00,Senate,Washington,,Democratic,D+8,-8.0,False,True,59.09,general,721
Morgan_McGarvey,2024,97,53,7937.0,13,14,1,2022-11-09 00:06:24+00:00,2024-09-18 11:31:08+00:00,House,Kentucky,Kentucky 3,Democratic,D+9,-9.0,True,True,62.0,general,679
John_McGuire_(Virginia_politician),2024,96,44,13368.0,20,11,3,2022-12-18 18:21:36+00:00,2024-10-03 16:33:15+00:00,House,Virginia,Virginia 5,Republican,R+7,7.0,False,True,57.5,general,654
Richard_Hudson_(American_politician),2024,96,61,3968.0,27,21,5,2022-11-14 23:39:11+00:00,2024-10-19 07:22:39+00:00,House,North Carolina,North Carolina 9,Republican,R+9,9.0,True,True,56.3,general,704
Sara_Jacobs,2024,96,57,11816.0,17,13,3,2022-11-29 07:53:29+00:00,2024-10-15 22:39:40+00:00,House,California,California 51,Democratic,D+12,-12.0,True,True,60.7,general,686
Barry_Moore_(American_politician),2024,95,55,8388.0,21,7,6,2022-11-29 07:56:08+00:00,2024-10-18 14:50:13+00:00,House,Alabama,Alabama 1,Republican,R+28,28.0,False,True,78.5,general,689
Janelle_Bynum,2024,94,41,19641.0,24,9,5,2022-12-21 05:48:31+00:00,2024-11-04 17:02:40+00:00,House,Oregon,Oregon 5,Democratic,D+2,-2.0,False,True,47.7,general,684
Jason_Smith_(American_politician),2024,94,56,4458.0,19,19,12,2022-12-14 19:43:48+00:00,2024-10-19 07:08:04+00:00,House,Missouri,Missouri 8,Republican,R+28,28.0,True,True,76.2,general,674
Buddy_Carter,2024,93,61,5963.0,18,20,8,2022-12-11 21:21:11+00:00,2024-11-03 11:33:09+00:00,House,Georgia,Georgia 1,Republican,R+9,9.0,True,True,62.0,general,692
Glenn_Grothman,2024,92,58,13295.0,20,18,5,2022-11-15 04:27:00+00:00,2024-10-19 05:41:23+00:00,House,Wisconsin,Wisconsin 6,Republican,R+10,10.0,True,True,61.3,general,704
Lily_Tang_Williams,2024,92,32,21969.0,8,19,4,2024-09-11 14:04:30+00:00,2024-11-05 22:20:55+00:00,House,New Hampshire,New Hampshire 2,Republican,D+2,-2.0,False,False,47.0,general,55
Val_Hoyle,2024,92,52,16838.0,11,11,5,2022-11-11 02:50:11+00:00,2024-10-28 11:34:50+00:00,House,Oregon,Oregon 4,Democratic,D+4,-4.0,True,True,51.8,general,717
Jeff_Van_Drew,2024,91,55,12488.0,15,10,5,2022-11-11 06:14:21+00:00,2024-11-01 13:35:10+00:00,House,New Jersey,New Jersey 2,Republican,R+5,5.0,True,True,58.1,general,721
Aaron_Bean,2024,90,55,6720.0,12,19,0,2022-11-10 02:14:45+00:00,2024-10-26 15:01:16+00:00,House,Florida,Florida 4,Republican,R+6,6.0,True,True,57.3,general,716
Dave_Min,2024,90,45,2757.0,15,11,8,2022-11-28 00:54:57+00:00,2024-11-05 04:47:17+00:00,House,California,California 47,Democratic,D+3,-3.0,False,True,51.4,general,708
Dusty_Johnson,2024,90,55,6532.0,19,15,2,2022-11-12 03:18:50+00:00,2024-10-10 18:21:34+00:00,House,South Dakota,South Dakota at-large,Republican,R+16,16.0,True,True,72.0,general,698
Sean_Casten,2024,90,48,11461.0,20,8,8,2022-11-10 22:35:49+00:00,2024-09-11 03:36:23+00:00,House,Illinois,Illinois 6,Democratic,D+3,-3.0,True,True,54.2,general,670
Valerie_Foushee,2024,90,51,6271.0,15,8,2,2022-11-09 01:05:43+00:00,2024-10-30 15:01:53+00:00,House,North Carolina,North Carolina 4,Democratic,D+21,-21.0,True,True,71.8,general,721
Dan_Crenshaw,2024,89,56,8689.0,16,0,5,2022-11-09 09:59:45+00:00,2024-10-17 15:42:43+00:00,House,Texas,Texas 2,Republican,R+15,15.0,True,True,65.7,general,708
Beth_Van_Duyne,2024,88,50,5463.0,20,12,5,2022-11-27 05:21:00+00:00,2024-10-26 16:48:20+00:00,House,Texas,Texas 24,Republican,R+10,10.0,True,True,60.3,general,699
Gabe_Evans,2024,88,24,5273.0,15,3,3,2022-11-26 17:38:21+00:00,2024-10-30 22:43:05+00:00,House,Colorado,Colorado 8,Republican,EVEN,0.0,False,True,49.0,general,704
Greg_Lopez,2024,88,43,14107.0,9,16,4,2024-03-29 08:54:52+00:00,2024-10-22 21:56:28+00:00,House,Colorado,Colorado 4,Republican,,,False,True,58.4,special,207
Jim_Costa,2024,88,53,7469.0,24,14,11,2022-11-09 01:26:31+00:00,2024-11-04 12:01:56+00:00,House,California,California 21,Democratic,D+9,-9.0,True,True,52.6,general,726
Rosa_DeLauro,2024,88,54,17593.0,15,14,9,2022-12-15 22:23:26+00:00,2024-08-21 21:39:30+00:00,House,Connecticut,Connecticut 3,Democratic,D+7,-7.0,True,True,58.9,general,614
Sylvester_Turner,2024,88,51,8299.0,17,12,6,2022-12-06 11:02:26+00:00,2024-10-05 11:40:41+00:00,House,Texas,Texas 18,Democratic,D+23,-23.0,False,True,69.4,general,669
Brendan_Boyle,2024,87,54,5928.0,14,20,5,2022-11-29 02:53:23+00:00,2024-10-31 18:44:17+00:00,House,Pennsylvania,Pennsylvania 2,Democratic,D+20,-20.0,True,True,71.5,general,702
Deb_Fischer,2024,87,52,10616.0,16,7,6,2022-11-11 14:39:56+00:00,2024-10-29 02:02:31+00:00,Senate,Nebraska,,Republican,R+13,13.0,False,True,53.19,general,717
Jared_Huffman,2024,87,49,1359.0,19,6,8,2022-12-14 19:34:07+00:00,2024-11-01 12:43:34+00:00,House,California,California 2,Democratic,D+23,-23.0,True,True,71.9,general,687
Kevin_Cramer,2024,87,49,32368.0,18,12,5,2023-01-03 23:35:02+00:00,2024-10-31 17:40:57+00:00,Senate,North Dakota,,Republican,R+20,20.0,False,True,66.5,general,666
Michael_Rulli,2024,87,47,5073.0,11,14,3,2022-11-21 21:19:28+00:00,2024-11-05 13:35:06+00:00,House,Ohio,Ohio 6,Republican,,,False,True,54.6,special,714
Susan_Wild,2024,87,45,6825.0,13,22,4,2022-11-09 18:26:01+00:00,2024-10-17 15:42:49+00:00,House,Pennsylvania,Pennsylvania 7,Democratic,R+2,2.0,True,False,49.5,general,707
Andrew_Clyde,2024,86,57,6399.0,22,10,5,2022-11-10 04:41:05+00:00,2024-11-05 01:13:18+00:00,House,Georgia,Georgia 9,Republican,R+20,20.0,True,True,69.0,general,725
David_Joyce_(politician),2024,86,57,5000.0,14,15,5,2022-11-17 01:56:01+00:00,2024-10-19 07:21:31+00:00,House,Ohio,Ohio 14,Republican,R+9,9.0,True,True,63.4,general,702
Lisa_McClain,2024,86,57,7931.0,20,15,4,2022-11-29 07:54:43+00:00,2024-10-17 16:21:07+00:00,House,Michigan,Michigan 9,Republican,R+18,18.0,True,True,66.8,general,688
Constitution_Party_(United_States),2024,85,50,2512.0,29,0,6,2022-11-12 00:15:47+00:00,2024-11-01 05:47:46+00:00,House,Colorado,Colorado 5,Constitution,R+9,9.0,False,False,1.1,general,720
Diana_Harshbarger,2024,85,45,10571.0,17,8,1,2022-11-14 07:20:17+00:00,2024-09-28 21:34:16+00:00,House,Tennessee,Tennessee 1,Republican,R+30,30.0,True,True,78.4,general,684
Michael_McCaul,2024,85,47,15495.0,15,16,4,2022-12-10 03:52:10+00:00,2024-11-01 02:26:57+00:00,House,Texas,Texas 10,Republican,R+13,13.0,True,True,63.6,general,691
Sam_Liccardo,2024,85,38,19030.0,15,23,12,2022-11-16 21:41:18+00:00,2024-11-05 22:30:39+00:00,House,California,California 16,Democratic,D+26,-26.0,False,True,58.2,general,720
Warren_Davidson,2024,85,53,3523.0,28,16,8,2022-12-14 19:56:29+00:00,2024-10-19 07:49:00+00:00,House,Ohio,Ohio 8,Republican,R+14,14.0,True,True,62.8,general,674
Zoe_Lofgren,2024,85,55,5471.0,13,10,8,2022-11-21 01:55:51+00:00,2024-11-03 18:21:16+00:00,House,California,California 18,Democratic,D+21,-21.0,True,True,64.6,general,713
Pete_Aguilar,2024,84,52,5959.0,15,8,5,2022-11-30 20:03:14+00:00,2024-10-19 07:18:21+00:00,House,California,California 33,Democratic,D+12,-12.0,True,True,58.8,general,688
Guy_Reschenthaler,2024,83,53,10851.0,10,20,4,2022-11-26 23:29:49+00:00,2024-11-04 21:19:00+00:00,House,Pennsylvania,Pennsylvania 14,Republican,R+18,18.0,True,True,66.6,general,708
Jessica_Morse,2024,83,18,14293.0,9,5,2,2023-10-15 23:02:17+00:00,2024-10-07 19:33:41+00:00,House,California,California 3,Democratic,R+4,4.0,False,False,44.5,general,357
Lucy_McBath,2024,83,54,3607.0,15,9,3,2022-11-13 20:41:04+00:00,2024-10-17 15:40:19+00:00,House,Georgia,Georgia 6,Democratic,D+22,-22.0,False,True,74.7,general,703
Marcy_Kaptur,2024,83,51,4832.0,25,13,5,2022-11-09 23:36:29+00:00,2024-10-27 23:43:05+00:00,House,Ohio,Ohio 9,Democratic,R+3,3.0,True,True,48.3,general,718
Tom_McClintock,2024,83,53,7785.0,28,13,6,2022-11-15 05:55:23+00:00,2024-10-19 02:18:33+00:00,House,California,California 5,Republican,R+9,9.0,True,True,61.8,general,703
Bennie_Thompson,2024,82,49,3751.0,11,8,4,2022-11-22 18:49:13+00:00,2024-11-03 20:35:31+00:00,House,Mississippi,Mississippi 2,Democratic,D+11,-11.0,True,True,62.0,general,712
Chuck_Edwards,2024,82,62,8311.0,5,23,1,2022-11-09 05:15:22+00:00,2024-10-19 06:16:12+00:00,House,North Carolina,North Carolina 11,Republican,R+8,8.0,True,True,56.8,general,710
Evan_Low,2024,82,48,11949.0,27,15,8,2022-12-22 23:37:38+00:00,2024-11-03 07:09:37+00:00,House,California,California 16,Democratic,D+26,-26.0,False,False,41.8,general,681
Jim_Himes,2024,82,55,7398.0,18,14,6,2022-11-29 14:52:34+00:00,2024-10-19 06:05:55+00:00,House,Connecticut,Connecticut 4,Democratic,D+13,-13.0,True,True,61.1,general,689
Steve_Cohen_(politician),2024,82,40,9626.0,16,14,9,2022-12-07 21:58:55+00:00,2024-10-19 04:09:17+00:00,House,Tennessee,Tennessee 9,Democratic,D+22,-22.0,True,True,71.3,general,681
Steve_Womack,2024,82,59,3773.0,21,16,3,2022-11-27 06:58:30+00:00,2024-10-28 07:10:31+00:00,House,Arkansas,Arkansas 3,Republican,R+15,15.0,True,True,63.8,general,701
Frank_J._Mrvan,2024,81,43,4449.0,12,12,5,2022-11-09 13:29:26+00:00,2024-10-25 02:20:44+00:00,House,Indiana,Indiana 1,Democratic,D+3,-3.0,True,True,53.4,general,715
Barry_Loudermilk,2024,80,43,3872.0,19,6,7,2022-12-06 12:40:55+00:00,2024-10-27 03:12:32+00:00,House,Georgia,Georgia 11,Republican,R+14,14.0,True,True,67.3,general,690
Brittany_Pettersen,2024,80,54,9031.0,13,8,2,2022-11-09 10:08:37+00:00,2024-08-22 18:46:11+00:00,House,Colorado,Colorado 7,Democratic,D+4,-4.0,True,True,55.3,general,652
Chris_Pappas_(American_politician),2024,80,47,18660.0,24,13,14,2022-11-14 04:16:23+00:00,2024-11-05 19:30:32+00:00,House,New Hampshire,New Hampshire 1,Democratic,EVEN,0.0,True,True,54.0,general,722
Mark_Takano,2024,80,45,5057.0,20,12,11,2022-12-14 19:41:40+00:00,2024-10-19 07:22:59+00:00,House,California,California 39,Democratic,D+12,-12.0,True,True,56.7,general,674
Debbie_Mucarsel-Powell,2024,79,48,8598.0,14,25,3,2023-02-25 01:49:46+00:00,2024-11-02 13:54:51+00:00,Senate,Florida,,Democratic,R+3,3.0,False,False,42.79,general,616
Jack_Bergman,2024,79,46,4504.0,18,8,7,2022-12-14 21:44:18+00:00,2024-10-26 20:36:21+00:00,House,Michigan,Michigan 1,Republican,R+13,13.0,True,True,59.1,general,681
John_Garamendi,2024,79,40,-96.0,21,7,16,2022-11-11 03:00:27+00:00,2024-10-27 11:24:40+00:00,House,California,California 8,Democratic,D+26,-26.0,True,True,74.0,general,716
Ken_Calvert,2024,79,42,3058.0,13,4,9,2022-11-19 04:35:33+00:00,2024-10-28 16:53:28+00:00,House,California,California 41,Republican,R+3,3.0,True,True,51.7,general,709
John_Joyce_(American_politician),2024,78,43,11937.0,12,19,3,2022-11-12 06:33:07+00:00,2024-10-17 15:44:01+00:00,House,Pennsylvania,Pennsylvania 13,Republican,R+25,25.0,True,True,74.2,general,705
Martin_Heinrich,2024,78,41,30164.0,15,6,3,2022-11-11 14:50:40+00:00,2024-11-02 19:26:34+00:00,Senate,New Mexico,,Democratic,D+3,-3.0,False,True,55.06,general,722
Ami_Bera,2024,77,51,6100.0,17,12,9,2022-11-10 02:31:20+00:00,2024-11-03 18:16:49+00:00,House,California,California 6,Democratic,D+7,-7.0,True,True,57.6,general,724
John_Avlon,2024,77,30,-20716.0,16,0,10,2022-11-30 21:05:07+00:00,2024-09-11 17:53:51+00:00,House,New York,New York 1,Democratic,R+4,4.0,False,False,44.8,general,650
Mike_Quigley,2024,77,49,4290.0,16,10,13,2022-11-21 17:32:23+00:00,2024-10-30 00:18:13+00:00,House,Illinois,Illinois 5,Democratic,D+18,-18.0,True,True,69.0,general,708
Vern_Buchanan,2024,77,56,4190.0,19,5,14,2022-11-09 18:38:51+00:00,2024-11-05 03:35:30+00:00,House,Florida,Florida 16,Republican,R+7,7.0,True,True,59.5,general,726
Jim_McGovern_(American_politician),2024,76,50,5838.0,10,10,10,2022-11-09 17:48:09+00:00,2024-09-18 11:33:43+00:00,House,Massachusetts,Massachusetts 2,Democratic,D+13,-13.0,True,True,68.8,general,678
Lloyd_Smucker,2024,76,31,4727.0,22,8,3,2022-11-29 07:31:58+00:00,2024-10-19 06:42:12+00:00,House,Pennsylvania,Pennsylvania 11,Republican,R+13,13.0,True,True,62.9,general,689
Terri_Sewell,2024,76,50,5218.0,11,15,9,2022-11-14 01:00:22+00:00,2024-10-19 06:41:40+00:00,House,Alabama,Alabama 7,Democratic,D+12,-12.0,True,True,63.7,general,705
Vicente_Gonzalez_(American_politician),2024,76,37,7000.0,10,7,4,2022-11-09 18:46:38+00:00,2024-10-28 13:44:26+00:00,House,Texas,Texas 34,Democratic,D+9,-9.0,True,True,51.3,general,718
Chrissy_Houlahan,2024,75,39,10276.0,11,15,7,2022-11-29 07:38:27+00:00,2024-11-04 18:03:22+00:00,House,Pennsylvania,Pennsylvania 6,Democratic,D+5,-5.0,True,True,56.2,general,706
Joe_Neguse,2024,75,44,6994.0,15,12,6,2022-11-29 07:39:38+00:00,2024-08-28 13:53:10+00:00,House,Colorado,Colorado 2,Democratic,D+17,-17.0,True,True,68.4,general,638
Jonathan_Jackson_(Illinois_politician),2024,75,45,5948.0,8,6,6,2022-11-09 11:22:47+00:00,2024-09-24 04:44:11+00:00,House,Illinois,Illinois 1,Democratic,D+20,-20.0,True,True,65.9,general,684
Mike_Simpson,2024,75,38,-126.0,10,7,11,2022-11-30 21:38:29+00:00,2024-10-31 11:17:38+00:00,House,Idaho,Idaho 2,Republican,R+14,14.0,True,True,61.4,general,700
Mike_Turner,2024,75,52,2645.0,17,19,5,2022-11-17 02:31:28+00:00,2024-10-19 19:29:09+00:00,House,Ohio,Ohio 10,Republican,R+4,4.0,True,True,57.6,general,702
Paul_Tonko,2024,75,48,4191.0,21,26,2,2022-11-10 16:23:53+00:00,2024-10-19 05:28:28+00:00,House,New York,New York 20,Democratic,D+7,-7.0,True,True,61.1,general,708
Ryan_Mackenzie,2024,75,27,9746.0,17,10,0,2022-11-30 05:17:19+00:00,2024-10-18 14:18:59+00:00,House,Pennsylvania,Pennsylvania 7,Republican,R+2,2.0,False,True,50.5,general,688
Susie_Lee,2024,75,36,3733.0,15,17,3,2022-11-12 00:58:54+00:00,2024-10-30 03:29:00+00:00,House,Nevada,Nevada 3,Democratic,D+1,-1.0,True,True,51.4,general,718
Darren_Soto,2024,74,31,6109.0,10,1,10,2022-11-24 14:39:12+00:00,2024-10-19 06:36:56+00:00,House,Florida,Florida 9,Democratic,D+8,-8.0,True,True,55.1,general,694
Dina_Titus,2024,74,38,4365.0,15,10,6,2022-11-09 13:37:28+00:00,2024-10-24 00:45:06+00:00,House,Nevada,Nevada 1,Democratic,D+3,-3.0,True,True,52.0,general,714
Doris_Matsui,2024,74,52,-2015.0,16,11,9,2022-11-13 05:52:36+00:00,2024-11-05 05:54:48+00:00,House,California,California 7,Democratic,D+17,-17.0,True,True,66.8,general,723
Maxine_Dexter,2024,74,37,11322.0,16,30,2,2022-11-21 22:27:08+00:00,2024-10-28 05:29:03+00:00,House,Oregon,Oregon 3,Democratic,D+22,-22.0,False,True,67.9,general,706
Derek_Merrin,2024,73,27,650.0,6,25,0,2022-11-17 00:19:09+00:00,2024-09-17 21:08:41+00:00,House,Ohio,Ohio 9,Republican,R+3,3.0,False,False,47.6,general,670
Gerry_Connolly,2024,73,49,8349.0,9,13,9,2022-11-27 15:09:57+00:00,2024-11-01 03:07:35+00:00,House,Virginia,Virginia 11,Democratic,D+18,-18.0,True,True,67.0,general,704
Hank_Johnson,2024,73,54,8569.0,24,16,5,2022-11-12 03:36:09+00:00,2024-10-19 05:22:59+00:00,House,Georgia,Georgia 4,Democratic,D+27,-27.0,True,True,75.6,general,707
Julie_Fedorchak,2024,73,25,13519.0,7,7,2,2024-02-22 03:02:00+00:00,2024-10-17 12:56:30+00:00,House,North Dakota,North Dakota at-large,Republican,R+20,20.0,False,True,69.5,general,238
Mikie_Sherrill,2024,73,42,4597.0,13,18,5,2022-11-11 04:24:31+00:00,2024-09-11 14:48:24+00:00,House,New Jersey,New Jersey 11,Democratic,D+6,-6.0,True,True,56.5,general,670
Austin_Theriault,2024,72,31,1779.0,11,10,3,2022-11-10 22:26:07+00:00,2024-11-05 16:07:33+00:00,House,Maine,Maine 2,Republican,R+6,6.0,False,False,49.7,general,725
Carol_Miller_(politician),2024,72,41,4078.0,10,9,7,2022-11-11 16:35:23+00:00,2024-10-29 05:24:43+00:00,House,West Virginia,West Virginia 1,Republican,R+23,23.0,True,True,66.4,general,717
David_Kustoff,2024,72,42,2195.0,17,13,6,2022-12-08 14:38:21+00:00,2024-10-19 07:51:55+00:00,House,Tennessee,Tennessee 8,Republican,R+21,21.0,True,True,72.3,general,680
Maggie_Goodlander,2024,72,22,12758.0,16,5,1,2024-05-08 16:40:50+00:00,2024-11-04 06:10:17+00:00,House,New Hampshire,New Hampshire 2,Democratic,D+2,-2.0,False,True,53.0,general,179
Nick_Langworthy,2024,72,46,2713.0,11,16,1,2022-11-09 22:09:31+00:00,2024-10-31 23:55:42+00:00,House,New York,New York 23,Republican,R+12,12.0,True,True,65.8,general,722
Sarah_Elfreth,2024,72,15,31454.0,11,5,0,2022-11-27 17:56:54+00:00,2024-11-05 12:38:54+00:00,House,Maryland,Maryland 3,Democratic,D+10,-10.0,False,True,59.3,general,708
Shomari_Figures,2024,72,20,12722.0,9,3,4,2023-10-26 16:46:49+00:00,2024-10-07 17:12:54+00:00,House,Alabama,Alabama 2,Democratic,D+4,-4.0,False,True,54.6,general,347
August_Pfluger,2024,71,40,12845.0,11,9,2,2022-11-16 01:40:34+00:00,2024-10-06 15:04:01+00:00,House,Texas,Texas 11,Republican,R+23,23.0,True,True,100.0,general,690
Kimberly_Klacik,2024,71,37,14604.0,9,22,4,2022-11-15 15:12:15+00:00,2024-10-24 21:52:21+00:00,House,Maryland,Maryland 2,Republican,D+7,-7.0,False,False,39.5,general,709
Maxine_Waters,2024,71,47,4904.0,15,0,11,2022-11-12 17:03:59+00:00,2024-10-19 02:52:34+00:00,House,California,California 43,Democratic,D+32,-32.0,True,True,75.1,general,706
Steven_Horsford,2024,71,37,5301.0,14,10,5,2022-11-12 21:22:30+00:00,2024-10-19 05:56:52+00:00,House,Nevada,Nevada 4,Democratic,D+3,-3.0,True,True,52.7,general,706
Ashley_Hinson,2024,70,42,2984.0,9,9,3,2022-11-29 07:52:34+00:00,2024-11-05 22:07:58+00:00,House,Iowa,Iowa 2,Republican,R+4,4.0,True,True,57.1,general,707
Darrell_Issa,2024,70,49,4584.0,16,0,13,2022-11-12 15:37:25+00:00,2024-10-19 02:18:43+00:00,House,California,California 48,Republican,R+9,9.0,True,True,59.3,general,706
Jahana_Hayes,2024,70,42,4186.0,9,8,5,2022-11-12 08:27:14+00:00,2024-10-28 12:37:05+00:00,House,Connecticut,Connecticut 5,Democratic,D+3,-3.0,True,True,53.4,general,716
Brad_Sherman,2024,69,43,-11732.0,8,8,10,2022-11-10 17:32:19+00:00,2024-10-19 02:51:45+00:00,House,California,California 32,Democratic,D+20,-20.0,True,True,66.2,general,708
Jacky_Rosen,2024,69,39,18282.0,19,10,6,2022-12-01 01:18:18+00:00,2024-10-28 19:43:13+00:00,Senate,Nevada,,Democratic,R+1,1.0,False,True,47.87,general,697
Jay_Obernolte,2024,69,41,3227.0,19,9,5,2022-11-29 07:56:36+00:00,2024-10-09 18:05:49+00:00,House,California,California 23,Republican,R+8,8.0,True,True,60.1,general,680
Jim_Baird_(politician),2024,69,38,9262.0,11,20,5,2022-11-14 05:53:53+00:00,2024-10-19 14:49:41+00:00,House,Indiana,Indiana 4,Republican,R+18,18.0,True,True,64.8,general,705
Madeleine_Dean,2024,69,43,4325.0,12,10,5,2022-11-27 21:53:56+00:00,2024-11-05 21:09:25+00:00,House,Pennsylvania,Pennsylvania 4,Democratic,D+7,-7.0,True,True,59.1,general,708
Neal_Dunn,2024,68,44,3816.0,7,10,3,2022-12-14 21:46:46+00:00,2024-10-19 07:52:44+00:00,House,Florida,Florida 2,Republican,R+8,8.0,True,True,61.6,general,674
Bryan_Steil,2024,67,38,4976.0,10,10,3,2022-11-14 22:40:55+00:00,2024-10-16 12:54:40+00:00,House,Wisconsin,Wisconsin 1,Republican,R+3,3.0,True,True,54.1,general,701
Gus_Bilirakis,2024,67,46,3115.0,11,16,8,2022-12-12 13:59:53+00:00,2024-10-28 23:18:09+00:00,House,Florida,Florida 12,Republican,R+17,17.0,True,True,71.0,general,686
Brad_Finstad,2024,66,42,4664.0,13,7,4,2022-11-17 01:03:06+00:00,2024-10-17 18:34:32+00:00,House,Minnesota,Minnesota 1,Republican,R+7,7.0,True,True,58.5,general,700
Julia_Letlow,2024,66,37,4274.0,14,11,3,2022-11-23 18:03:53+00:00,2024-08-22 17:59:40+00:00,House,Louisiana,Louisiana 5,Republican,R+19,19.0,True,True,62.9,general,637
Mark_DeSaulnier,2024,66,38,3724.0,11,3,4,2022-12-14 19:48:07+00:00,2024-10-19 05:40:52+00:00,House,California,California 10,Democratic,D+18,-18.0,True,True,66.5,general,674
Mark_Pocan,2024,66,40,3931.0,16,8,8,2022-12-03 03:14:21+00:00,2024-11-02 19:30:47+00:00,House,Wisconsin,Wisconsin 2,Democratic,D+19,-19.0,True,True,70.1,general,700
Morgan_Griffith,2024,66,36,13894.0,12,7,6,2022-11-10 08:05:35+00:00,2024-10-19 05:29:31+00:00,House,Virginia,Virginia 9,Republican,R+23,23.0,True,True,72.6,general,708
Pete_Sessions,2024,66,45,4487.0,10,7,7,2022-12-16 01:11:09+00:00,2024-11-03 19:58:49+00:00,House,Texas,Texas 17,Republican,R+14,14.0,True,True,66.3,general,688
Bill_Huizenga,2024,65,37,2384.0,11,9,3,2022-12-07 01:09:37+00:00,2024-10-20 23:50:58+00:00,House,Michigan,Michigan 4,Republican,R+5,5.0,True,True,55.1,general,683
Dan_Newhouse,2024,65,43,3262.0,11,14,3,2022-11-22 14:58:54+00:00,2024-10-21 12:28:07+00:00,House,Washington,Washington 4,Republican,R+11,11.0,True,True,53.0,general,698
Working_Class_Party,2024,65,25,4519.0,10,16,3,2022-11-10 16:44:24+00:00,2024-09-19 21:13:16+00:00,House,Illinois,Illinois 4,Working Class,D+22,-22.0,False,False,5.2,general,679
Ben_Cline,2024,64,38,6165.0,8,8,5,2022-11-23 20:47:09+00:00,2024-10-29 23:24:44+00:00,House,Virginia,Virginia 6,Republican,R+14,14.0,True,True,63.2,general,706
Dan_Meuser,2024,64,36,6007.0,13,11,4,2022-11-18 22:15:41+00:00,2024-10-08 10:32:30+00:00,House,Pennsylvania,Pennsylvania 9,Republican,R+21,21.0,True,True,70.5,general,689
Ed_Case,2024,64,39,1819.0,8,6,10,2022-11-19 00:32:39+00:00,2024-10-19 02:57:07+00:00,House,Hawaii,Hawaii 1,Democratic,D+14,-14.0,True,True,71.8,general,700
Haley_Stevens,2024,64,40,4706.0,11,18,3,2022-11-22 03:45:35+00:00,2024-10-17 15:43:31+00:00,House,Michigan,Michigan 11,Democratic,D+7,-7.0,True,True,58.2,general,695
Judy_Chu,2024,64,42,5146.0,8,11,7,2022-11-09 09:53:13+00:00,2024-10-19 05:29:48+00:00,House,California,California 28,Democratic,D+16,-16.0,True,True,64.9,general,709
Michael_Cloud,2024,64,43,5055.0,18,8,6,2022-11-29 07:32:58+00:00,2024-10-19 07:58:22+00:00,House,Texas,Texas 27,Republican,R+13,13.0,True,True,66.0,general,690
Debbie_Dingell,2024,63,41,3757.0,13,10,4,2022-12-05 05:27:15+00:00,2024-11-01 09:17:11+00:00,House,Michigan,Michigan 6,Democratic,D+11,-11.0,True,True,62.0,general,697
Greg_Stanton,2024,63,38,3569.0,11,19,2,2022-11-29 07:42:41+00:00,2024-10-28 12:28:26+00:00,House,Arizona,Arizona 4,Democratic,D+2,-2.0,True,True,52.7,general,699
Kim_Schrier,2024,63,35,6341.0,8,23,1,2022-11-10 02:46:06+00:00,2024-11-03 10:38:31+00:00,House,Washington,Washington 8,Democratic,D+1,-1.0,True,True,54.1,general,724
Lois_Frankel,2024,63,44,3267.0,10,9,6,2022-12-14 19:33:36+00:00,2024-10-28 12:38:40+00:00,House,Florida,Florida 22,Democratic,D+7,-7.0,True,True,55.0,general,683
Mike_Levin,2024,63,35,5013.0,9,8,4,2022-11-13 16:15:39+00:00,2024-10-01 17:12:11+00:00,House,California,California 49,Democratic,D+3,-3.0,True,True,52.2,general,688
John_Moolenaar,2024,62,40,2530.0,11,3,4,2022-12-14 19:51:27+00:00,2024-10-20 23:23:55+00:00,House,Michigan,Michigan 2,Republican,R+16,16.0,True,True,65.1,general,676
Pat_Fallon,2024,62,38,5372.0,9,6,2,2022-11-28 23:59:06+00:00,2024-11-01 02:24:13+00:00,House,Texas,Texas 4,Republican,R+16,16.0,True,True,68.4,general,703
Tom_Barrett_(Michigan_politician),2024,62,32,2658.0,7,8,6,2022-11-09 05:57:34+00:00,2024-10-21 19:07:39+00:00,House,Michigan,Michigan 7,Republican,R+2,2.0,False,True,50.3,general,712
Lauren_Underwood,2024,61,33,4810.0,7,5,2,2022-11-17 15:30:44+00:00,2024-09-18 05:36:18+00:00,House,Illinois,Illinois 14,Democratic,D+4,-4.0,True,True,55.1,general,670
Brad_Schneider,2024,60,43,3325.0,9,9,4,2022-11-10 01:36:25+00:00,2024-11-04 11:48:42+00:00,House,Illinois,Illinois 10,Democratic,D+11,-11.0,True,True,60.0,general,725
Brian_Babin,2024,60,41,3456.0,10,12,5,2022-11-22 05:03:53+00:00,2024-10-19 07:35:54+00:00,House,Texas,Texas 36,Republican,R+18,18.0,True,True,69.4,general,697
Caroline_Gleich,2024,60,29,4739.0,5,8,3,2023-01-31 02:38:53+00:00,2024-10-31 05:10:45+00:00,Senate,Utah,,Democratic,R+13,13.0,False,False,31.74,general,639
Daniel_Webster_(Florida_politician),2024,60,40,3297.0,7,5,12,2022-11-20 07:19:08+00:00,2024-10-31 18:56:48+00:00,House,Florida,Florida 11,Republican,R+8,8.0,True,True,60.4,general,711
Gil_Cisneros,2024,60,33,9072.0,10,7,4,2022-12-12 22:01:45+00:00,2024-11-05 20:43:59+00:00,House,California,California 31,Democratic,D+15,-15.0,False,True,59.7,general,693
John_Rutherford_(Florida_politician),2024,60,32,24926.0,12,2,8,2022-11-29 07:31:53+00:00,2024-10-20 02:21:26+00:00,House,Florida,Florida 5,Republican,R+11,11.0,True,True,63.1,general,690
Kathy_Castor,2024,60,40,3375.0,10,6,4,2022-12-21 17:33:27+00:00,2024-10-19 05:14:56+00:00,House,Florida,Florida 14,Democratic,D+8,-8.0,True,True,56.9,general,667
Mary_Gay_Scanlon,2024,60,30,4121.0,12,12,5,2022-11-09 01:02:56+00:00,2024-09-14 03:27:40+00:00,House,Pennsylvania,Pennsylvania 5,Democratic,D+14,-14.0,True,True,65.3,general,675
Mike_Carey_(politician),2024,60,34,6846.0,13,16,4,2022-11-22 14:59:05+00:00,2024-10-08 00:08:20+00:00,House,Ohio,Ohio 15,Republican,R+6,6.0,True,True,56.5,general,685
Russ_Fulcher,2024,60,36,3959.0,8,12,5,2022-11-22 18:47:16+00:00,2024-10-24 23:16:38+00:00,House,Idaho,Idaho 1,Republican,R+22,22.0,True,True,71.0,general,702
Sam_Graves,2024,60,42,4246.0,8,11,5,2022-12-03 05:35:47+00:00,2024-10-30 03:25:10+00:00,House,Missouri,Missouri 6,Republican,R+21,21.0,True,True,70.7,general,696
Sylvia_Garcia,2024,60,36,2511.0,8,15,2,2022-11-21 01:56:33+00:00,2024-10-31 11:41:52+00:00,House,Texas,Texas 29,Democratic,D+18,-18.0,True,True,65.3,general,710
United_Citizens_Party,2024,60,15,8694.0,19,1,4,2022-12-13 05:01:09+00:00,2024-10-18 05:03:58+00:00,House,South Carolina,South Carolina 6,United Citizens,D+14,-14.0,False,False,1.6,general,675
Danny_Davis_(Illinois_politician),2024,59,42,3576.0,17,10,10,2022-11-12 20:37:25+00:00,2024-10-19 02:57:41+00:00,House,Illinois,Illinois 7,Democratic,D+36,-36.0,True,True,83.3,general,706
Lizzie_Fletcher,2024,59,36,2376.0,9,13,1,2022-11-10 18:56:27+00:00,2024-10-17 15:43:55+00:00,House,Texas,Texas 7,Democratic,D+13,-13.0,True,True,61.3,general,706
Stephen_Lynch_(politician),2024,59,38,650.0,9,8,6,2022-11-09 17:35:38+00:00,2024-10-19 03:06:20+00:00,House,Massachusetts,Massachusetts 8,Democratic,D+15,-15.0,True,True,70.5,general,709
Blake_Moore,2024,58,39,4500.0,12,12,2,2022-11-24 20:26:55+00:00,2024-10-13 22:19:10+00:00,House,Utah,Utah 1,Republican,R+12,12.0,True,True,63.1,general,689
Greg_Murphy_(politician),2024,58,35,4020.0,6,9,1,2022-11-29 07:46:26+00:00,2024-11-02 10:19:26+00:00,House,North Carolina,North Carolina 3,Republican,R+11,11.0,True,True,77.4,general,704
Jimmy_Gomez,2024,58,39,6476.0,10,6,2,2022-11-16 05:26:17+00:00,2024-11-05 18:15:58+00:00,House,California,California 34,Democratic,D+32,-32.0,True,True,55.6,general,720
Juan_Vargas,2024,58,33,2351.0,8,7,8,2022-12-14 19:41:55+00:00,2024-11-04 12:09:57+00:00,House,California,California 52,Democratic,D+18,-18.0,True,True,66.3,general,690
Rick_Allen_(politician),2024,58,37,4207.0,6,10,2,2022-11-18 20:39:20+00:00,2024-10-31 14:07:05+00:00,House,Georgia,Georgia 12,Republican,R+8,8.0,True,True,60.3,general,712
Riley_Moore,2024,58,40,7095.0,9,12,5,2022-11-09 02:49:25+00:00,2024-09-13 01:08:00+00:00,House,West Virginia,West Virginia 2,Republican,R+22,22.0,False,True,70.8,general,673
Shontel_Brown,2024,58,30,4622.0,3,16,2,2022-11-16 09:41:46+00:00,2024-09-18 05:42:31+00:00,House,Ohio,Ohio 11,Democratic,D+28,-28.0,True,True,78.3,general,671
Burgess_Owens,2024,57,35,733.0,12,5,5,2022-11-28 01:50:23+00:00,2024-10-29 14:48:04+00:00,House,Utah,Utah 4,Republican,R+16,16.0,True,True,63.4,general,701
Cleo_Fields,2024,57,32,5235.0,16,2,5,2022-12-27 12:45:53+00:00,2024-07-29 05:14:32+00:00,House,Louisiana,Louisiana 6,Democratic,D+8,-8.0,False,True,50.8,general,579
French_Hill_(politician),2024,57,42,2968.0,11,6,7,2022-12-14 19:50:08+00:00,2024-10-19 07:40:37+00:00,House,Arkansas,Arkansas 2,Republican,R+9,9.0,True,True,58.9,general,674
Joseph_Morelle,2024,57,34,3558.0,7,17,1,2022-11-10 04:22:57+00:00,2024-11-01 17:59:29+00:00,House,New York,New York 25,Democratic,D+8,-8.0,True,True,60.8,general,722
Josh_Harder,2024,57,35,4804.0,9,8,2,2022-11-13 22:05:12+00:00,2024-10-16 10:07:22+00:00,House,California,California 9,Democratic,D+5,-5.0,True,True,51.8,general,702
Rick_Crawford_(politician),2024,57,36,13226.0,15,7,5,2022-12-06 00:23:36+00:00,2024-10-19 07:03:14+00:00,House,Arkansas,Arkansas 1,Republican,R+22,22.0,True,True,72.9,general,683
Suhas_Subramanyam,2024,57,35,7410.0,15,7,3,2022-12-07 18:37:33+00:00,2024-11-03 19:03:47+00:00,House,Virginia,Virginia 10,Democratic,D+6,-6.0,False,True,52.3,general,697
Alaskan_Independence_Party,2024,56,31,1842.0,13,13,0,2022-12-22 01:58:16+00:00,2024-10-28 09:44:40+00:00,House,Alaska,Alaska at-large,Independence,R+8,8.0,False,False,3.9,general_rcv_round1,676
Curtis_Hertel_Jr.,2024,56,27,2162.0,13,2,5,2022-11-28 01:54:29+00:00,2024-10-01 19:40:37+00:00,House,Michigan,Michigan 7,Democratic,R+2,2.0,False,False,46.6,general,673
Jan_Schakowsky,2024,56,44,5499.0,10,10,8,2022-11-12 12:55:13+00:00,2024-10-19 02:57:50+00:00,House,Illinois,Illinois 9,Democratic,D+19,-19.0,True,True,68.4,general,706
Trent_Kelly,2024,56,33,3100.0,10,12,6,2022-11-25 07:04:18+00:00,2024-10-19 07:43:38+00:00,House,Mississippi,Mississippi 1,Republican,R+18,18.0,True,True,69.8,general,694
Adam_Smith_(Washington_politician),2024,55,38,5578.0,10,7,5,2022-11-19 21:14:18+00:00,2024-10-29 06:22:56+00:00,House,Washington,Washington 9,Democratic,D+21,-21.0,True,True,66.9,general,709
Andrew_Garbarino,2024,55,35,2511.0,11,5,4,2022-11-15 19:53:58+00:00,2024-11-04 18:03:35+00:00,House,New York,New York 2,Republican,R+4,4.0,True,True,59.2,general,719
Betty_McCollum,2024,55,39,2442.0,7,7,3,2022-12-06 20:33:34+00:00,2024-10-19 02:47:58+00:00,House,Minnesota,Minnesota 4,DFL,D+17,-17.0,True,True,67.4,general,682
Jodey_Arrington,2024,55,39,2023.0,12,5,4,2022-12-14 19:58:01+00:00,2024-10-19 07:08:29+00:00,House,Texas,Texas 19,Republican,R+26,26.0,True,True,80.7,general,674
Lou_Correa,2024,55,33,2509.0,5,9,6,2022-11-19 01:42:30+00:00,2024-10-19 05:47:05+00:00,House,California,California 46,Democratic,D+15,-15.0,True,True,63.4,general,700
Scott_Fitzgerald_(politician),2024,55,29,1960.0,8,2,4,2022-11-29 07:51:43+00:00,2024-10-19 06:04:55+00:00,House,Wisconsin,Wisconsin 5,Republican,R+14,14.0,True,True,64.5,general,689
Suzan_DelBene,2024,55,34,-4256.0,10,9,3,2022-12-08 02:11:52+00:00,2024-10-29 06:28:03+00:00,House,Washington,Washington 1,Democratic,D+13,-13.0,True,True,63.2,general,691
Bruce_Westerman,2024,54,34,2926.0,9,4,3,2022-12-11 21:10:35+00:00,2024-10-19 07:32:16+00:00,House,Arkansas,Arkansas 4,Republican,R+20,20.0,True,True,72.9,general,677
Carol_Blood,2024,54,32,869.0,14,26,1,2022-11-09 22:21:25+00:00,2024-09-23 20:43:07+00:00,House,Nebraska,Nebraska 1,Democratic,R+9,9.0,False,False,39.9,general,683
Hung_Cao,2024,54,23,41.0,9,4,2,2024-03-20 06:03:04+00:00,2024-10-25 09:31:10+00:00,Senate,Virginia,,Republican,D+3,-3.0,False,False,45.4,general,219
Kweisi_Mfume,2024,54,39,2744.0,13,8,4,2022-12-14 19:11:00+00:00,2024-10-14 22:23:21+00:00,House,Maryland,Maryland 7,Democratic,D+30,-30.0,True,True,80.3,general,670
Sanford_Bishop,2024,54,40,3281.0,11,4,7,2022-11-24 19:33:05+00:00,2024-10-19 02:56:19+00:00,House,Georgia,Georgia 2,Democratic,D+3,-3.0,True,True,56.3,general,694
Tom_Tiffany,2024,54,26,2686.0,8,7,0,2022-11-29 07:46:36+00:00,2024-11-05 02:20:10+00:00,House,Wisconsin,Wisconsin 7,Republican,R+12,12.0,True,True,63.6,general,706
Abraham_Hamadeh,2024,53,30,25928.0,8,9,1,2024-07-09 00:04:48+00:00,2024-11-05 18:41:33+00:00,House,Arizona,Arizona 8,Republican,R+10,10.0,False,True,56.5,general,119
April_McClain_Delaney,2024,53,11,27997.0,3,1,4,2024-02-12 03:03:11+00:00,2024-11-05 15:28:06+00:00,House,Maryland,Maryland 6,Democratic,D+2,-2.0,False,True,53.1,general,267
Cliff_Bentz,2024,53,28,16516.0,8,5,3,2022-11-11 13:08:43+00:00,2024-08-22 17:28:21+00:00,House,Oregon,Oregon 2,Republican,R+15,15.0,True,True,64.0,general,650
Emanuel_Cleaver,2024,53,37,4117.0,6,5,5,2022-12-03 00:29:03+00:00,2024-11-02 06:32:46+00:00,House,Missouri,Missouri 5,Democratic,D+11,-11.0,True,True,60.2,general,700
Joe_Courtney_(politician),2024,53,36,12210.0,6,8,6,2022-12-02 02:36:04+00:00,2024-11-01 23:38:59+00:00,House,Connecticut,Connecticut 2,Democratic,D+3,-3.0,True,True,58.0,general,700
Jimmy_Panetta,2024,52,32,2302.0,13,2,7,2022-11-29 07:31:39+00:00,2024-10-19 07:47:07+00:00,House,California,California 19,Democratic,D+18,-18.0,True,True,69.3,general,690
Jonathan_Nez,2024,52,31,4724.0,23,6,3,2022-11-09 12:10:05+00:00,2024-10-19 17:03:28+00:00,House,Arizona,Arizona 2,Democratic,R+6,6.0,False,False,45.5,general,710
Mark_Harris_(North_Carolina_politician),2024,52,26,17787.0,13,22,4,2023-02-14 09:17:02+00:00,2024-09-24 01:58:35+00:00,House,North Carolina,North Carolina 8,Republican,R+11,11.0,False,True,59.6,general,587
Frank_Pallone,2024,51,38,1472.0,8,8,8,2022-11-28 16:30:57+00:00,2024-10-19 05:25:09+00:00,House,New Jersey,New Jersey 6,Democratic,D+8,-8.0,True,True,56.1,general,690
LaMonica_McIver,2024,51,24,7872.0,3,6,0,2024-05-07 19:58:15+00:00,2024-10-19 05:52:31+00:00,House,New Jersey,New Jersey 10,Democratic,,,False,True,81.4,special,164
Mike_Flood_(politician),2024,51,30,2393.0,6,5,0,2022-11-29 07:59:31+00:00,2024-09-10 16:02:18+00:00,House,Nebraska,Nebraska 1,Republican,R+9,9.0,True,True,60.1,general,651
Raul_Ruiz_(politician),2024,51,32,137.0,8,6,6,2022-12-14 19:40:48+00:00,2024-10-19 05:05:50+00:00,House,California,California 25,Democratic,D+6,-6.0,True,True,56.3,general,674
Rob_Wittman,2024,51,34,1325.0,5,6,7,2022-12-16 23:58:08+00:00,2024-10-26 14:41:14+00:00,House,Virginia,Virginia 1,Republican,R+6,6.0,True,True,56.4,general,679
Rudy_Salas,2024,51,25,10193.0,8,12,3,2022-11-16 01:49:27+00:00,2024-10-26 10:10:57+00:00,House,California,California 22,Democratic,D+5,-5.0,False,False,46.6,general,710
Scott_Peters_(politician),2024,51,33,3449.0,8,6,8,2022-11-29 03:17:39+00:00,2024-10-19 05:51:09+00:00,House,California,California 50,Democratic,D+14,-14.0,True,True,64.3,general,690
Troy_Downing,2024,51,27,3491.0,11,10,6,2022-11-26 18:37:40+00:00,2024-11-05 20:40:19+00:00,House,Montana,Montana 2,Republican,R+16,16.0,False,True,66.0,general,710
Bill_Foster_(politician),2024,50,35,3239.0,8,1,6,2022-12-31 16:16:36+00:00,2024-10-28 12:20:21+00:00,House,Illinois,Illinois 11,Democratic,D+5,-5.0,True,True,55.6,general,666
Chris_Smith_(New_Jersey_politician),2024,50,36,4467.0,6,6,9,2022-11-18 17:41:00+00:00,2024-11-03 03:20:06+00:00,House,New Jersey,New Jersey 4,Republican,R+14,14.0,True,True,67.4,general,715
Derek_Schmidt,2024,50,30,2253.0,7,9,5,2022-11-09 17:28:28+00:00,2024-10-17 09:23:06+00:00,House,Kansas,Kansas 2,Republican,R+11,11.0,False,True,57.1,general,707
Donald_Norcross,2024,50,24,3584.0,7,8,2,2022-11-15 21:01:36+00:00,2024-10-30 02:01:10+00:00,House,New Jersey,New Jersey 1,Democratic,D+10,-10.0,True,True,57.8,general,714
Joyce_Beatty,2024,50,31,6263.0,14,2,1,2022-12-14 19:31:28+00:00,2024-10-19 03:47:32+00:00,House,Ohio,Ohio 3,Democratic,D+20,-20.0,True,True,70.7,general,674
Lance_Gooden,2024,50,35,4107.0,8,8,2,2022-11-10 12:15:03+00:00,2024-10-17 11:33:27+00:00,House,Texas,Texas 5,Republican,R+14,14.0,True,True,64.1,general,706
Mark_Amodei,2024,50,30,-5344.0,10,2,6,2022-12-01 23:27:05+00:00,2024-10-19 05:56:39+00:00,House,Nevada,Nevada 2,Republican,R+8,8.0,True,True,55.0,general,687
Scott_Franklin_(politician),2024,50,33,4599.0,11,4,6,2022-11-29 07:51:48+00:00,2024-08-29 10:57:33+00:00,House,Florida,Florida 18,Republican,R+13,13.0,True,True,65.3,general,639
Julia_Brownley,2024,49,34,2808.0,7,6,5,2022-11-14 03:53:23+00:00,2024-10-19 05:39:01+00:00,House,California,California 26,Democratic,D+8,-8.0,True,True,56.1,general,705
Monica_Tranel,2024,49,36,1427.0,13,6,6,2022-11-10 17:20:01+00:00,2024-10-16 20:00:35+00:00,House,Montana,Montana 1,Democratic,R+6,6.0,False,False,44.6,general,706
Randy_Feenstra,2024,49,30,5600.0,6,3,1,2022-11-29 07:50:57+00:00,2024-11-05 00:11:04+00:00,House,Iowa,Iowa 4,Republican,R+16,16.0,True,True,67.2,general,706
Tony_Vargas,2024,49,25,9716.0,6,9,6,2022-11-14 14:53:38+00:00,2024-10-21 21:30:36+00:00,House,Nebraska,Nebraska 2,Democratic,EVEN,0.0,False,False,49.1,general,707
David_Scott_(Georgia_politician),2024,48,33,267.0,7,6,5,2022-11-28 22:38:10+00:00,2024-10-24 20:17:25+00:00,House,Georgia,Georgia 13,Democratic,D+17,-17.0,True,True,71.8,general,695
None_of_These_Candidates,2024,48,22,3261.0,11,1,4,2022-11-09 06:41:34+00:00,2024-10-11 20:44:46+00:00,Senate,Nevada,,,R+1,1.0,False,False,3.0,general,702
Norma_Torres,2024,48,31,2297.0,10,5,4,2022-11-19 23:36:03+00:00,2024-10-19 06:06:32+00:00,House,California,California 35,Democratic,D+13,-13.0,True,True,58.4,general,699
Peter_Barca,2024,48,18,4852.0,12,2,1,2022-12-27 13:59:04+00:00,2024-10-17 04:52:41+00:00,House,Wisconsin,Wisconsin 1,Democratic,R+3,3.0,False,False,43.9,general,659
Rob_Mercuri,2024,48,30,145.0,7,8,3,2022-12-13 17:32:14+00:00,2024-10-06 20:24:22+00:00,House,Pennsylvania,Pennsylvania 17,Republican,EVEN,0.0,False,False,46.1,general,663
Robin_Kelly,2024,48,33,5478.0,8,0,5,2022-12-02 20:29:03+00:00,2024-10-19 05:25:23+00:00,House,Illinois,Illinois 2,Democratic,D+19,-19.0,True,True,67.6,general,686
Salud_Carbajal,2024,48,32,2256.0,9,5,5,2022-12-14 21:45:45+00:00,2024-10-19 07:45:08+00:00,House,California,California 24,Democratic,D+13,-13.0,True,True,62.7,general,674
Suzanne_Bonamici,2024,48,33,12764.0,4,5,2,2022-11-14 03:59:03+00:00,2024-10-19 05:43:19+00:00,House,Oregon,Oregon 1,Democratic,D+18,-18.0,True,True,68.8,general,705
Ann_Wagner,2024,47,30,2268.0,5,5,4,2022-11-10 15:44:31+00:00,2024-10-19 04:41:34+00:00,House,Missouri,Missouri 2,Republican,R+7,7.0,True,True,54.5,general,708
Curtis_Bashaw_(politician),2024,47,14,-325.0,4,0,3,2024-10-05 02:31:20+00:00,2024-10-14 09:32:49+00:00,Senate,New Jersey,,Republican,D+6,-6.0,False,False,44.0,general,9
Diana_DeGette,2024,47,35,2173.0,12,7,6,2022-11-12 05:51:13+00:00,2024-10-19 02:54:11+00:00,House,Colorado,Colorado 1,Democratic,D+29,-29.0,True,True,76.6,general,706
Glenn_Thompson_(politician),2024,47,27,8143.0,4,4,2,2022-11-11 04:38:28+00:00,2024-10-19 06:14:20+00:00,House,Pennsylvania,Pennsylvania 15,Republican,R+21,21.0,True,True,71.5,general,708
Emily_Randall,2024,46,29,4101.0,9,22,4,2022-11-26 20:10:17+00:00,2024-09-24 06:27:17+00:00,House,Washington,Washington 6,Democratic,D+6,-6.0,False,True,56.8,general,667
Glenn_Elliott_(politician),2024,46,12,-7984.0,9,0,1,2024-07-13 18:05:54+00:00,2024-07-25 01:11:18+00:00,Senate,West Virginia,,Democratic,R+22,22.0,False,False,27.26,general,11
Melanie_Stansbury,2024,46,28,1640.0,4,10,1,2022-11-09 20:01:42+00:00,2024-11-01 21:50:22+00:00,House,New Mexico,New Mexico 1,Democratic,D+5,-5.0,True,True,56.4,general,723
Nikema_Williams,2024,46,29,2213.0,7,3,4,2022-11-29 07:57:55+00:00,2024-09-29 14:44:24+00:00,House,Georgia,Georgia 5,Democratic,D+35,-35.0,True,True,85.7,general,670
Troy_Carter_(politician),2024,46,27,2895.0,6,6,3,2022-11-16 00:37:47+00:00,2024-08-28 18:15:30+00:00,House,Louisiana,Louisiana 2,Democratic,D+16,-16.0,True,True,60.3,general,651
Chellie_Pingree,2024,45,34,846.0,6,9,3,2022-11-10 04:39:31+00:00,2024-11-01 21:24:39+00:00,House,Maine,Maine 1,Democratic,D+9,-9.0,True,True,58.7,general,722
George_T._Whitesides,2024,45,19,5713.0,17,6,3,2023-02-22 19:38:08+00:00,2024-10-18 20:51:54+00:00,House,California,California 27,Democratic,D+4,-4.0,False,True,51.3,general,604
Gregory_Meeks,2024,45,33,745.0,9,5,4,2022-11-14 08:53:08+00:00,2024-10-19 07:09:36+00:00,House,New York,New York 5,Democratic,D+30,-30.0,True,True,72.9,general,704
Lateefah_Simon,2024,45,29,172.0,11,9,6,2023-01-08 19:19:07+00:00,2024-11-01 13:48:35+00:00,House,California,California 12,Democratic,D+40,-40.0,False,True,65.4,general,662
Laura_Friedman,2024,45,33,3213.0,12,9,0,2022-12-12 21:59:58+00:00,2024-08-31 22:16:24+00:00,House,California,California 30,Democratic,D+23,-23.0,False,True,68.4,general,628
Scott_DesJarlais,2024,45,30,2089.0,8,8,4,2022-11-29 16:32:00+00:00,2024-10-19 06:52:47+00:00,House,Tennessee,Tennessee 4,Republican,R+22,22.0,True,True,70.0,general,689
Bob_Onder,2024,44,22,5076.0,10,11,6,2022-11-30 05:11:20+00:00,2024-09-11 13:58:10+00:00,House,Missouri,Missouri 3,Republican,R+16,16.0,False,True,61.3,general,651
Brett_Guthrie,2024,44,30,848.0,5,3,1,2022-12-07 23:22:56+00:00,2024-10-19 06:14:37+00:00,House,Kentucky,Kentucky 2,Republican,R+21,21.0,True,True,73.1,general,681
Frederica_Wilson,2024,44,30,6260.0,9,5,6,2022-11-21 15:21:46+00:00,2024-10-19 05:58:42+00:00,House,Florida,Florida 24,Democratic,D+25,-25.0,True,True,68.2,general,697
Drew_Johnson,2024,43,13,1332.0,11,2,5,2022-11-23 16:07:59+00:00,2024-10-22 20:10:25+00:00,House,Nevada,Nevada 3,Republican,D+1,-1.0,False,False,48.6,general,699
John_Carter_(Texas_politician),2024,43,36,4163.0,7,6,4,2022-12-15 03:47:33+00:00,2024-10-19 06:35:15+00:00,House,Texas,Texas 31,Republican,R+14,14.0,True,True,64.4,general,674
Bobby_Scott_(politician),2024,42,34,3065.0,8,3,4,2022-12-04 19:36:17+00:00,2024-10-19 03:55:01+00:00,House,Virginia,Virginia 3,Democratic,D+17,-17.0,True,True,70.1,general,684
Gwen_Moore,2024,42,29,3333.0,5,4,3,2022-12-11 06:30:31+00:00,2024-10-30 14:19:08+00:00,House,Wisconsin,Wisconsin 4,Democratic,D+25,-25.0,True,True,74.9,general,689
Yvette_Clarke,2024,41,27,5241.0,10,6,5,2022-11-12 20:17:51+00:00,2024-10-19 04:30:26+00:00,House,New York,New York 9,Democratic,D+25,-25.0,True,True,74.3,general,706
Adam_Gray,2024,40,27,1274.0,7,15,0,2022-11-24 05:15:15+00:00,2024-11-01 02:02:46+00:00,House,California,California 13,Democratic,D+4,-4.0,False,True,50.04,general,707
Bob_Latta,2024,40,26,2448.0,3,15,4,2022-12-07 22:34:59+00:00,2024-10-19 05:56:25+00:00,House,Ohio,Ohio 5,Republican,R+15,15.0,True,True,67.5,general,681
Elbert_Guillory,2024,40,19,-3702.0,7,8,4,2022-11-23 02:53:34+00:00,2024-10-27 11:01:05+00:00,House,Louisiana,Louisiana 6,Republican,D+8,-8.0,False,False,37.7,general,704
Jake_Ellzey,2024,40,24,2600.0,3,2,3,2022-11-29 07:59:01+00:00,2024-09-25 18:47:57+00:00,House,Texas,Texas 6,Republican,R+15,15.0,True,True,65.7,general,666
Nancy_Boyda,2024,40,21,13671.0,8,13,2,2022-12-06 17:02:48+00:00,2024-10-28 15:32:02+00:00,House,Kansas,Kansas 2,Democratic,R+11,11.0,False,False,38.2,general,691
Veronica_Escobar,2024,40,24,3882.0,4,6,0,2022-11-29 07:37:14+00:00,2024-09-19 14:41:07+00:00,House,Texas,Texas 16,Democratic,D+17,-17.0,True,True,59.5,general,660
Deborah_Ross_(politician),2024,39,22,2209.0,5,3,4,2022-11-29 07:57:13+00:00,2024-08-22 17:56:14+00:00,House,North Carolina,North Carolina 2,Democratic,D+15,-15.0,True,True,66.3,general,632
John_Driscoll_(Montana_politician),2024,39,17,1164.0,10,6,2,2023-07-02 00:56:50+00:00,2024-11-02 22:31:53+00:00,House,Montana,Montana 2,Democratic,R+16,16.0,False,False,34.0,general,489
Nellie_Pou,2024,38,25,4071.0,6,7,0,2022-12-14 03:47:25+00:00,2024-10-12 12:35:32+00:00,House,New Jersey,New Jersey 9,Democratic,D+8,-8.0,False,True,50.8,general,668
Ron_Estes,2024,38,25,2830.0,5,1,2,2022-11-26 10:29:55+00:00,2024-10-20 16:27:34+00:00,House,Kansas,Kansas 4,Republican,R+14,14.0,True,True,65.0,general,694
Tracey_Mann,2024,38,23,3333.0,4,3,1,2022-11-15 03:25:51+00:00,2024-08-22 17:49:56+00:00,House,Kansas,Kansas 1,Republican,R+18,18.0,True,True,69.1,general,646
Alma_Adams,2024,37,24,2020.0,7,1,2,2022-12-02 13:11:35+00:00,2024-11-04 20:14:07+00:00,House,North Carolina,North Carolina 12,Democratic,D+23,-23.0,True,True,74.0,general,703
Mike_Haridopolos,2024,37,21,-417.0,8,2,6,2022-11-26 13:23:53+00:00,2024-10-30 00:42:23+00:00,House,Florida,Florida 8,Republican,R+11,11.0,False,True,62.2,general,703
David_Rouzer,2024,36,25,1111.0,8,2,2,2022-12-14 19:53:32+00:00,2024-11-01 02:34:41+00:00,House,North Carolina,North Carolina 7,Republican,R+8,8.0,True,True,58.6,general,687
Marilyn_Strickland,2024,36,21,1145.0,6,1,4,2022-11-29 07:57:42+00:00,2024-10-29 06:40:55+00:00,House,Washington,Washington 10,Democratic,D+7,-7.0,True,True,58.7,general,699
George_Logan_(Connecticut_politician),2024,35,21,3800.0,6,4,1,2022-11-10 02:46:19+00:00,2024-10-22 20:30:22+00:00,House,Connecticut,Connecticut 5,Republican,D+3,-3.0,False,False,46.6,general,712
Kristen_McDonald_Rivet,2024,35,23,2211.0,9,8,3,2022-11-16 01:17:40+00:00,2024-10-05 02:40:53+00:00,House,Michigan,Michigan 8,Democratic,R+1,1.0,False,True,51.2,general,689
Randy_Weber,2024,35,26,1150.0,6,6,4,2022-11-29 02:15:08+00:00,2024-10-19 07:21:25+00:00,House,Texas,Texas 14,Republican,R+17,17.0,True,True,68.7,general,690
Marc_Veasey,2024,34,24,1153.0,5,3,1,2022-12-13 20:40:12+00:00,2024-10-19 07:21:09+00:00,House,Texas,Texas 33,Democratic,D+24,-24.0,True,True,68.8,general,675
Troy_Balderson,2024,34,18,967.0,3,7,2,2022-11-29 07:33:04+00:00,2024-10-19 06:52:58+00:00,House,Ohio,Ohio 12,Republican,R+18,18.0,True,True,68.5,general,689
Michael_Baumgartner,2024,33,16,18784.0,9,6,3,2022-11-28 02:26:28+00:00,2024-11-02 21:34:43+00:00,House,Washington,Washington 5,Republican,R+8,8.0,False,True,60.7,general,705
Patricia_Morgan,2024,32,19,3024.0,6,12,4,2022-12-19 00:36:29+00:00,2024-10-21 16:45:50+00:00,Senate,Rhode Island,,Republican,D+8,-8.0,False,False,40.1,general,672
Tim_Moore_(North_Carolina_politician),2024,32,26,789.0,7,8,1,2022-11-23 19:21:44+00:00,2024-10-08 08:15:20+00:00,House,North Carolina,North Carolina 14,Republican,R+11,11.0,False,True,58.1,general,684
Adrian_Smith_(politician),2024,30,24,573.0,6,7,1,2022-11-29 03:16:45+00:00,2024-10-19 05:01:52+00:00,House,Nebraska,Nebraska 3,Republican,R+29,29.0,True,True,80.4,general,690
Drew_MacEwen,2024,30,21,408.0,2,10,3,2022-11-25 01:36:17+00:00,2024-10-13 08:06:33+00:00,House,Washington,Washington 6,Republican,D+6,-6.0,False,False,43.2,general,688
John_B._Larson,2024,29,25,2304.0,4,7,4,2022-11-22 10:40:26+00:00,2024-10-19 02:54:44+00:00,House,Connecticut,Connecticut 1,Democratic,D+12,-12.0,True,True,63.1,general,696
Mike_Erickson,2024,29,18,10526.0,5,4,3,2022-11-26 18:31:54+00:00,2024-09-30 19:37:26+00:00,House,Oregon,Oregon 6,Republican,D+4,-4.0,False,False,46.6,general,674
Tad_Jude,2024,29,20,-901.0,9,3,3,2022-12-06 10:54:38+00:00,2024-10-07 04:20:42+00:00,House,Minnesota,Minnesota 3,Republican,D+8,-8.0,False,False,41.5,general,670
Bob_McDermott,2024,28,17,2396.0,8,3,1,2022-11-12 13:27:24+00:00,2024-10-21 23:31:51+00:00,Senate,Hawaii,,Republican,D+14,-14.0,False,False,31.9,general,709
Nadia_Milleron,2024,28,12,583.0,14,6,1,2024-08-22 03:00:47+00:00,2024-10-29 22:07:27+00:00,House,Massachusetts,Massachusetts 1,Independent,D+9,-9.0,False,False,37.4,general,68
Rick_Larsen,2024,28,23,1365.0,5,4,1,2022-12-22 13:39:47+00:00,2024-11-03 15:50:29+00:00,House,Washington,Washington 2,Democratic,D+9,-9.0,True,True,64.0,general,682
Larry_A._Thompson,2024,26,11,5272.0,8,0,4,2023-07-31 02:32:32+00:00,2024-10-17 14:25:59+00:00,House,California,California 32,Republican,D+20,-20.0,False,False,33.8,general,444
Herb_Conaway,2024,25,15,5192.0,4,0,2,2022-12-07 15:36:32+00:00,2024-09-07 01:54:11+00:00,House,New Jersey,New Jersey 3,Democratic,D+5,-5.0,False,True,53.2,general,639
Mark_Messmer,2024,25,18,1444.0,2,4,2,2022-11-28 01:44:32+00:00,2024-10-12 17:59:05+00:00,House,Indiana,Indiana 8,Republican,R+19,19.0,False,True,68.0,general,684
Marlin_Stutzman,2024,25,17,5904.0,6,1,1,2022-12-23 22:20:49+00:00,2024-11-05 23:42:46+00:00,House,Indiana,Indiana 3,Republican,R+18,18.0,False,True,65.0,general,683
Craig_Goldman,2024,24,17,1152.0,5,5,1,2022-11-15 16:01:21+00:00,2024-09-28 21:19:47+00:00,House,Texas,Texas 12,Republican,R+12,12.0,False,True,63.5,general,683
Erica_Lee_Carter,2024,24,3,8084.0,1,0,1,2024-08-14 15:21:04+00:00,2024-11-02 02:25:53+00:00,House,Texas,Texas 18,Democratic,,,False,True,67.9,special,79
John_Lee_(Nevada_politician),2024,24,15,96.0,4,7,3,2022-11-18 20:12:20+00:00,2024-11-05 08:16:38+00:00,House,Nevada,Nevada 4,Republican,D+3,-3.0,False,False,44.6,general,717
Luz_Rivas,2024,24,15,3861.0,1,3,1,2022-12-23 02:07:56+00:00,2024-06-25 01:58:17+00:00,House,California,California 29,Democratic,D+26,-26.0,False,True,69.8,general,549
Megan_Barry,2024,24,16,-147.0,5,6,2,2023-01-05 19:47:27+00:00,2024-10-14 22:36:19+00:00,House,Tennessee,Tennessee 7,Democratic,R+10,10.0,False,False,38.0,general,648
Michael_Bedenbaugh,2024,24,12,1379.0,8,3,0,2023-06-28 01:03:59+00:00,2024-05-31 18:23:03+00:00,House,South Carolina,South Carolina 3,Alliance,R+21,21.0,False,False,2.9,general,338
Kevin_Lincoln_(politician),2024,23,14,879.0,3,3,0,2022-11-11 15:43:21+00:00,2024-09-06 07:46:57+00:00,House,California,California 9,Republican,D+5,-5.0,False,False,48.2,general,664
Michael_Katz_(politician),2024,23,11,1104.0,5,0,1,2023-07-06 07:23:51+00:00,2024-07-30 17:22:59+00:00,Senate,Delaware,,Independent Party,D+7,-7.0,False,False,3.9,general,390
Christina_Bohannan,2024,22,18,1290.0,5,5,1,2022-12-02 05:16:21+00:00,2024-08-31 00:17:59+00:00,House,Iowa,Iowa 1,Democratic,R+3,3.0,False,False,49.9,general,637
Julie_Johnson_(politician),2024,22,16,507.0,4,2,3,2022-12-13 18:33:32+00:00,2024-09-28 06:05:59+00:00,House,Texas,Texas 32,Democratic,D+14,-14.0,False,True,60.5,general,654
Kevin_Coughlin,2024,22,14,425.0,8,1,1,2022-12-12 16:26:03+00:00,2024-10-28 11:43:55+00:00,House,Ohio,Ohio 13,Republican,R+1,1.0,False,False,48.9,general,685
Russell_Prescott,2024,22,16,2599.0,2,2,0,2022-12-02 05:50:25+00:00,2024-10-25 05:58:23+00:00,House,New Hampshire,New Hampshire 1,Republican,EVEN,0.0,False,False,46.0,general,693
Sharon_Clahchischilliage,2024,21,14,607.0,4,6,0,2022-12-12 15:21:12+00:00,2024-08-06 03:07:30+00:00,House,New Mexico,New Mexico 3,Republican,D+4,-4.0,False,False,43.7,general,602
Brandon_Gill,2024,20,6,4260.0,0,0,1,2024-03-07 11:26:49+00:00,2024-08-04 13:28:31+00:00,House,Texas,Texas 26,Republican,R+13,13.0,False,True,62.1,general,150
Jennifer_Schultz,2024,20,15,581.0,6,3,0,2022-12-02 05:36:07+00:00,2024-10-20 01:08:50+00:00,House,Minnesota,Minnesota 8,DFL,R+8,8.0,False,False,42.0,general,687
Brian_Jack,2024,18,8,2158.0,1,2,1,2023-03-03 02:42:41+00:00,2024-09-03 18:52:25+00:00,House,Georgia,Georgia 3,Republican,R+18,18.0,False,True,66.3,general,550
Mel_Manuel,2024,17,5,2604.0,4,0,0,2024-10-26 10:52:09+00:00,2024-11-03 06:34:23+00:00,House,Louisiana,Louisiana 1,Democratic,R+22,22.0,False,False,24.0,general,7
Jefferson_Shreve,2024,16,3,9935.0,1,0,0,2024-05-08 00:50:05+00:00,2024-10-14 00:28:09+00:00,House,Indiana,Indiana 6,Republican,R+19,19.0,False,True,63.9,general,158
Pacific_Green_Party,2024,13,7,1838.0,7,1,0,2022-12-18 15:25:12+00:00,2024-09-14 01:51:23+00:00,House,Oregon,Oregon 3,Pacific Green,D+22,-22.0,False,False,3.0,general,635
David_Taylor_(Ohio_politician),2024,12,3,4076.0,0,0,0,2024-03-20 01:06:05+00:00,2024-11-04 07:53:05+00:00,House,Ohio,Ohio 2,Republican,R+25,25.0,False,True,73.6,general,229
Tony_Wied,2024,12,3,2620.0,1,0,0,2024-08-14 04:28:37+00:00,2024-10-11 22:39:18+00:00,House,Wisconsin,Wisconsin 8,Republican,,,False,True,57.4,special,58
Jeff_Crank,2024,11,9,-6560.0,1,6,1,2022-12-13 18:35:50+00:00,2024-02-28 04:52:10+00:00,House,Colorado,Colorado 5,Republican,R+9,9.0,False,True,54.7,general,441
Mike_France_(politician),2024,11,9,320.0,2,0,0,2022-11-09 20:48:51+00:00,2024-02-27 22:43:00+00:00,House,Connecticut,Connecticut 2,Republican,D+3,-3.0,False,False,42.0,general,475
Addison_McDowell,2024,10,1,2945.0,0,0,0,2024-02-03 01:56:33+00:00,2024-08-13 22:18:58+00:00,House,North Carolina,North Carolina 6,Republican,R+11,11.0,False,True,69.2,general,192
Caleb_Rudow,2024,10,9,1114.0,2,0,1,2022-12-08 12:34:44+00:00,2024-05-24 05:40:07+00:00,House,North Carolina,North Carolina 11,Democratic,R+8,8.0,False,False,43.2,general,532
Robert_F._Hyde,2024,10,7,703.0,1,2,0,2024-01-21 22:07:41+00:00,2024-10-08 16:50:52+00:00,Senate,Connecticut,,Independent,D+7,-7.0,False,False,0.9,general,260
Sheri_Biggs,2024,10,1,2190.0,0,0,0,2024-06-26 01:02:08+00:00,2024-06-26 04:06:07+00:00,House,South Carolina,South Carolina 3,Republican,R+21,21.0,False,True,71.8,general,0
Brad_Knott,2024,9,2,2308.0,0,0,0,2024-03-06 20:20:59+00:00,2024-10-08 01:10:12+00:00,House,North Carolina,North Carolina 13,Republican,R+11,11.0,False,True,58.6,general,215
Steve_Berry_(Vermont_politician),2024,9,8,1728.0,0,0,1,2022-11-15 18:14:40+00:00,2024-10-21 20:00:58+00:00,Senate,Vermont,,Independent,D+16,-16.0,False,False,2.2,general,706
Adam_Miller_(politician),2024,8,6,2015.0,1,0,0,2022-11-25 22:31:18+00:00,2024-09-07 02:43:28+00:00,House,Ohio,Ohio 15,Democratic,R+6,6.0,False,False,43.5,general,651
Laurie_Buckhout,2024,8,5,0.0,2,0,0,2024-03-06 02:21:26+00:00,2024-03-06 10:17:20+00:00,House,North Carolina,North Carolina 1,Republican,R+1,1.0,False,False,47.8,general,0
Approval_Voting_Party,2024,7,6,303.0,0,0,0,2023-05-30 00:11:32+00:00,2024-11-05 18:37:31+00:00,House,Colorado,Colorado 4,Approval Voting,,,False,False,1.9,special,525
Pat_Harrigan,2024,7,2,2403.0,0,0,0,2024-03-06 01:19:57+00:00,2024-10-07 21:20:25+00:00,House,North Carolina,North Carolina 10,Republican,R+10,10.0,False,True,57.5,general,215
William_Hoge_(California_politician),2024,7,6,136.0,1,1,0,2022-12-04 01:03:04+00:00,2024-09-17 06:08:38+00:00,House,Nevada,Nevada 1,IAPN,D+3,-3.0,False,False,0.8,general,653
Laura_Gillen,2024,6,2,-90.0,0,0,0,2023-03-15 13:39:37+00:00,2024-10-25 15:53:29+00:00,House,New York,New York 4,Democratic,D+5,-5.0,False,True,51.1,general,590
Austin_Scott_(politician),2024,1,1,31.0,0,0,0,2023-10-14 11:44:10+00:00,2023-10-14 11:44:10+00:00,House,Georgia,Georgia 8,Republican,R+16,16.0,True,True,68.9,general,0
Josh_Riley,2024,1,1,0.0,0,0,0,2023-11-15 21:47:20+00:00,2023-11-15 21:47:20+00:00,House,New York,New York 19,Democratic,R+1,1.0,False,True,51.1,general,0
Tom_Kean_Jr.,2024,1,1,0.0,0,0,0,2023-10-25 21:58:40+00:00,2023-10-25 21:58:40+00:00,House,New Jersey,New Jersey 7,Republican,R+1,1.0,False,True,51.8,general,0
