date,mean_edits_per_page,mean_editors_per_page,num_pages
2006-11-08,6.141025641025641,3.33974358974359,156
2006-11-09,3.0875,1.9625,160
2006-11-10,3.246913580246914,2.037037037037037,162
2006-11-11,2.8698224852071004,1.8106508875739644,169
2006-11-12,2.2450331125827816,1.4834437086092715,151
2006-11-13,3.4505494505494507,2.10989010989011,91
2006-11-14,3.2291666666666665,1.9444444444444444,144
2006-11-15,2.242424242424242,1.5353535353535352,99
2006-11-16,3.1809523809523808,2.104761904761905,105
2006-11-17,3.1882352941176473,1.8941176470588235,85
2006-11-18,1.9416666666666667,1.5416666666666667,120
2006-11-19,2.1076923076923078,1.4,65
2006-11-20,2.7457627118644066,1.7627118644067796,59
2006-11-21,1.8795180722891567,1.4698795180722892,83
2006-11-22,1.5789473684210527,1.3157894736842106,133
2006-11-23,1.95,1.4,40
2006-11-24,1.7777777777777777,1.4166666666666667,36
2006-11-25,1.6923076923076923,1.3076923076923077,39
2006-11-26,2.090909090909091,1.2272727272727273,22
2006-11-27,3.8222222222222224,1.6444444444444444,45
2006-11-28,2.25,1.725,40
2006-11-29,2.6136363636363638,1.7272727272727273,44
2006-11-30,2.175438596491228,1.5789473684210527,57
2006-12-01,2.2037037037037037,1.462962962962963,54
2006-12-02,1.6923076923076923,1.3333333333333333,39
2006-12-03,2.04,1.52,25
2006-12-04,1.6607142857142858,1.4107142857142858,56
2006-12-05,2.8095238095238093,1.4047619047619047,42
2006-12-06,1.8775510204081634,1.3673469387755102,49
2006-12-07,2.4693877551020407,1.530612244897959,49
2006-12-08,1.6097560975609757,1.2926829268292683,41
2006-12-09,1.7555555555555555,1.2666666666666666,45
2006-12-10,1.7264150943396226,1.2452830188679245,106
2006-12-11,2.4875,1.6875,80
2006-12-12,3.051282051282051,1.5897435897435896,39
2006-12-13,3.772727272727273,2.1818181818181817,44
2006-12-14,2.21875,1.515625,64
2006-12-15,3.522727272727273,1.2954545454545454,44
2006-12-16,2.9,1.5666666666666667,30
2006-12-17,2.25,1.35,40
2006-12-18,1.6744186046511629,1.3255813953488371,43
2006-12-19,1.3663366336633664,1.1683168316831682,101
2006-12-20,2.2162162162162162,1.5405405405405406,37
2006-12-21,3.260869565217391,1.9130434782608696,46
2006-12-22,2.7222222222222223,1.6388888888888888,36
2006-12-23,2.36,1.72,25
2006-12-24,1.8888888888888888,1.3333333333333333,36
2006-12-25,2.0,1.3333333333333333,21
2006-12-26,1.639344262295082,1.180327868852459,61
2006-12-27,1.4193548387096775,1.096774193548387,31
2006-12-28,2.53125,1.625,32
2006-12-29,2.5625,1.625,32
2006-12-30,3.0476190476190474,1.4761904761904763,21
2006-12-31,1.4482758620689655,1.0344827586206897,29
2007-01-01,1.4444444444444444,1.2222222222222223,18
2007-01-02,2.3333333333333335,1.3333333333333333,45
2007-01-03,3.4464285714285716,1.7142857142857142,56
2007-01-04,3.315151515151515,2.1333333333333333,165
2007-01-05,2.3910614525139664,1.7877094972067038,179
2007-01-06,1.8804347826086956,1.423913043478261,92
2007-01-07,2.7126436781609193,1.8850574712643677,87
2007-01-08,2.0923076923076924,1.5538461538461539,65
2007-01-09,2.8125,1.7708333333333333,48
2007-01-10,1.8658536585365855,1.3170731707317074,82
2007-01-11,1.4430379746835442,1.2531645569620253,79
2007-01-12,1.8923076923076922,1.5384615384615385,65
2007-01-13,2.90625,1.46875,32
2007-01-14,1.8333333333333333,1.4166666666666667,48
2007-01-15,2.4565217391304346,1.434782608695652,46
2007-01-16,1.9761904761904763,1.380952380952381,42
2007-01-17,3.6666666666666665,1.5277777777777777,36
2007-01-18,1.775,1.2,40
2007-01-19,2.138888888888889,1.3611111111111112,36
2007-01-20,2.7435897435897436,1.5128205128205128,39
2007-01-21,1.6222222222222222,1.2666666666666666,45
2007-01-22,1.3773584905660377,1.169811320754717,53
2007-01-23,1.816326530612245,1.4285714285714286,49
2007-01-24,2.652173913043478,1.826086956521739,46
2007-01-25,2.8378378378378377,1.6486486486486487,37
2007-01-26,2.3823529411764706,1.5294117647058822,34
2007-01-27,2.0434782608695654,1.3478260869565217,23
2007-01-28,2.1923076923076925,1.7307692307692308,26
2007-01-29,2.0,1.4705882352941178,34
2007-01-30,2.933333333333333,1.7333333333333334,30
2007-01-31,2.6285714285714286,1.3142857142857143,35
2007-02-01,1.9,1.3666666666666667,30
2007-02-02,1.46875,1.21875,32
2007-02-03,2.1785714285714284,1.25,28
2007-02-04,2.0833333333333335,1.375,24
2007-02-05,2.8823529411764706,1.6470588235294117,34
2007-02-06,1.9420289855072463,1.3478260869565217,69
2007-02-07,2.9166666666666665,1.5,60
2007-02-08,3.292307692307692,1.7538461538461538,65
2007-02-09,3.0638297872340425,1.7234042553191489,47
2007-02-10,2.03125,1.53125,32
2007-02-11,2.057142857142857,1.4857142857142858,35
2007-02-12,2.8378378378378377,1.837837837837838,37
2007-02-13,3.754385964912281,1.5789473684210527,57
2007-02-14,2.63265306122449,1.653061224489796,49
2007-02-15,1.9387755102040816,1.3061224489795917,49
2007-02-16,2.017543859649123,1.456140350877193,57
2007-02-17,1.849056603773585,1.4339622641509433,53
2007-02-18,1.9848484848484849,1.4696969696969697,66
2007-02-19,1.5735294117647058,1.25,68
2007-02-20,2.022222222222222,1.4444444444444444,45
2007-02-21,1.5714285714285714,1.2142857142857142,56
2007-02-22,2.193548387096774,1.5806451612903225,31
2007-02-23,1.619047619047619,1.2619047619047619,42
2007-02-24,1.6612903225806452,1.3709677419354838,62
2007-02-25,1.8157894736842106,1.2105263157894737,38
2007-02-26,3.2195121951219514,1.4878048780487805,41
2007-02-27,2.0588235294117645,1.4705882352941178,34
2007-02-28,2.6097560975609757,1.853658536585366,41
2007-03-01,1.7307692307692308,1.4615384615384615,26
2007-03-02,2.533333333333333,1.5,30
2007-03-03,1.9189189189189189,1.3513513513513513,37
2007-03-04,2.15,1.5,40
2007-03-05,3.590909090909091,2.0454545454545454,22
2007-03-06,1.96875,1.625,32
2007-03-07,1.9230769230769231,1.3333333333333333,39
2007-03-08,2.173076923076923,1.5192307692307692,52
2007-03-09,2.6307692307692307,1.6153846153846154,65
2007-03-10,1.9305555555555556,1.25,72
2007-03-11,2.2045454545454546,1.4090909090909092,44
2007-03-12,2.1818181818181817,1.6666666666666667,33
2007-03-13,1.9772727272727273,1.5,44
2007-03-14,2.6785714285714284,1.9642857142857142,28
2007-03-15,3.0526315789473686,2.210526315789474,19
2007-03-16,2.2325581395348837,1.4883720930232558,43
2007-03-17,2.9767441860465116,1.5348837209302326,43
2007-03-18,2.090909090909091,1.2363636363636363,55
2007-03-19,2.5853658536585367,1.2926829268292683,41
2007-03-20,2.0454545454545454,1.2954545454545454,44
2007-03-21,2.260869565217391,1.5,46
2007-03-22,1.873015873015873,1.3650793650793651,63
2007-03-23,1.6346153846153846,1.3269230769230769,104
2007-03-24,1.3620689655172413,1.2,290
2007-03-25,1.7647058823529411,1.2549019607843137,51
2007-03-26,1.8541666666666667,1.3541666666666667,48
2007-03-27,1.7358490566037736,1.320754716981132,53
2007-03-28,1.8372093023255813,1.2790697674418605,43
2007-03-29,1.8928571428571428,1.3928571428571428,28
2007-03-30,2.5833333333333335,1.6944444444444444,36
2007-03-31,1.7906976744186047,1.3488372093023255,43
2007-04-01,1.7317073170731707,1.1951219512195121,41
2007-04-02,2.1707317073170733,1.3902439024390243,41
2007-04-03,1.8857142857142857,1.542857142857143,35
2007-04-04,2.1842105263157894,1.6578947368421053,38
2007-04-05,1.7733333333333334,1.28,75
2007-04-06,2.5072463768115942,1.5217391304347827,69
2007-04-07,1.5813953488372092,1.2790697674418605,43
2007-04-08,2.3125,1.34375,32
2007-04-09,1.5769230769230769,1.3076923076923077,26
2007-04-10,2.111111111111111,1.9333333333333333,45
2007-04-11,2.0689655172413794,1.6551724137931034,29
2007-04-12,2.357142857142857,1.6785714285714286,28
2007-04-13,2.1739130434782608,1.434782608695652,23
2007-04-14,1.5365853658536586,1.0975609756097562,41
2007-04-15,1.4782608695652173,1.0869565217391304,23
2007-04-16,1.8333333333333333,1.625,24
2007-04-17,1.9342105263157894,1.355263157894737,76
2007-04-18,2.7058823529411766,2.0,17
2007-04-19,3.2941176470588234,2.0,17
2007-04-20,2.2857142857142856,1.7142857142857142,35
2007-04-21,1.8113207547169812,1.3584905660377358,53
2007-04-22,2.5121951219512195,1.3658536585365855,41
2007-04-23,1.7142857142857142,1.380952380952381,42
2007-04-24,2.2333333333333334,1.5,30
2007-04-25,2.925925925925926,1.8148148148148149,27
2007-04-26,2.125,1.4375,32
2007-04-27,2.6923076923076925,1.8461538461538463,26
2007-04-28,2.1,1.5,30
2007-04-29,1.696969696969697,1.3636363636363635,33
2007-04-30,2.7037037037037037,1.6666666666666667,27
2007-05-01,2.375,1.75,32
2007-05-02,2.4482758620689653,1.5517241379310345,29
2007-05-03,2.148936170212766,1.4893617021276595,47
2007-05-04,2.566666666666667,1.6,30
2007-05-05,1.5555555555555556,1.1944444444444444,36
2007-05-06,2.2857142857142856,1.5238095238095237,21
2007-05-07,2.5,1.5,24
2007-05-08,1.8235294117647058,1.588235294117647,17
2007-05-09,2.5,1.75,36
2007-05-10,1.9310344827586208,1.4827586206896552,29
2007-05-11,2.1,1.3,30
2007-05-12,2.16,1.48,25
2007-05-13,1.4545454545454546,1.121212121212121,33
2007-05-14,1.5217391304347827,1.2608695652173914,23
2007-05-15,1.90625,1.5,32
2007-05-16,2.096774193548387,1.6451612903225807,31
2007-05-17,2.0833333333333335,1.375,24
2007-05-18,1.8620689655172413,1.3448275862068966,29
2007-05-19,1.8695652173913044,1.3478260869565217,23
2007-05-20,2.4054054054054053,1.3783783783783783,37
2007-05-21,2.2941176470588234,1.5294117647058822,17
2007-05-22,2.652173913043478,1.6956521739130435,23
2007-05-23,1.7777777777777777,1.5185185185185186,27
2007-05-24,2.3333333333333335,1.4666666666666666,30
2007-05-25,2.4583333333333335,1.4583333333333333,24
2007-05-26,1.5316455696202531,1.1645569620253164,79
2007-05-27,2.5652173913043477,1.826086956521739,23
2007-05-28,3.761904761904762,2.0,21
2007-05-29,2.9285714285714284,1.9285714285714286,28
2007-05-30,2.4583333333333335,1.8333333333333333,24
2007-05-31,2.433333333333333,1.5666666666666667,30
2007-06-01,3.1621621621621623,2.4324324324324325,37
2007-06-02,2.032258064516129,1.6451612903225807,31
2007-06-03,2.3333333333333335,1.6666666666666667,21
2007-06-04,3.0434782608695654,1.9565217391304348,23
2007-06-05,3.3666666666666667,2.1333333333333333,30
2007-06-06,2.1538461538461537,1.5897435897435896,39
2007-06-07,2.6666666666666665,1.5333333333333334,30
2007-06-08,3.5384615384615383,1.8846153846153846,26
2007-06-09,2.260869565217391,1.3043478260869565,23
2007-06-10,1.75,1.4166666666666667,12
2007-06-11,1.364864864864865,1.1756756756756757,74
2007-06-12,1.6481481481481481,1.1111111111111112,54
2007-06-13,3.2,1.6,15
2007-06-14,2.925925925925926,1.6296296296296295,27
2007-06-15,2.2666666666666666,1.4666666666666666,30
2007-06-16,2.2222222222222223,1.2592592592592593,27
2007-06-17,1.8823529411764706,1.5294117647058822,17
2007-06-18,1.47,1.22,100
2007-06-19,2.36,1.56,25
2007-06-20,2.1136363636363638,1.25,44
2007-06-21,1.4166666666666667,1.2083333333333333,24
2007-06-22,2.0,1.3043478260869565,46
2007-06-23,1.9,1.55,20
2007-06-24,2.0526315789473686,1.2105263157894737,19
2007-06-25,2.025,1.275,40
2007-06-26,1.82,1.32,50
2007-06-27,1.5217391304347827,1.0869565217391304,23
2007-06-28,2.1714285714285713,1.2285714285714286,35
2007-06-29,1.945945945945946,1.4054054054054055,37
2007-06-30,1.320754716981132,1.1320754716981132,53
2007-07-01,1.975609756097561,1.3170731707317074,41
2007-07-02,1.1704545454545454,1.1221590909090908,352
2007-07-03,1.7391304347826086,1.3043478260869565,46
2007-07-04,1.6818181818181819,1.1136363636363635,44
2007-07-05,1.36,1.16,25
2007-07-06,1.696969696969697,1.3636363636363635,33
2007-07-07,1.5357142857142858,1.2857142857142858,28
2007-07-08,1.380952380952381,1.0952380952380953,21
2007-07-09,2.0,1.3783783783783783,37
2007-07-10,1.6451612903225807,1.1612903225806452,31
2007-07-11,1.4761904761904763,1.1904761904761905,21
2007-07-12,2.138888888888889,1.3055555555555556,36
2007-07-13,1.8918918918918919,1.4054054054054055,37
2007-07-14,1.9696969696969697,1.3333333333333333,33
2007-07-15,2.1666666666666665,1.4583333333333333,24
2007-07-16,1.8484848484848484,1.3333333333333333,33
2007-07-17,2.0454545454545454,1.2727272727272727,44
2007-07-18,2.3555555555555556,1.288888888888889,45
2007-07-19,2.2181818181818183,1.309090909090909,55
2007-07-20,2.0,1.2857142857142858,35
2007-07-21,1.5,1.4,30
2007-07-22,1.5185185185185186,1.1111111111111112,27
2007-07-23,1.542857142857143,1.1714285714285715,35
2007-07-24,2.3333333333333335,1.2916666666666667,24
2007-07-25,3.269230769230769,1.5384615384615385,26
2007-07-26,2.1,1.5,50
2007-07-27,1.8888888888888888,1.4074074074074074,27
2007-07-28,1.3220338983050848,1.1694915254237288,59
2007-07-29,2.5806451612903225,1.3870967741935485,31
2007-07-30,1.4375,1.15625,32
2007-07-31,1.54,1.24,50
2007-08-01,1.4285714285714286,1.1587301587301588,63
2007-08-02,2.275,1.275,40
2007-08-03,1.7142857142857142,1.3428571428571427,35
2007-08-04,2.0,1.1,20
2007-08-05,1.7419354838709677,1.1612903225806452,31
2007-08-06,1.5319148936170213,1.2553191489361701,47
2007-08-07,1.3611111111111112,1.1388888888888888,36
2007-08-08,1.82,1.16,50
2007-08-09,2.3555555555555556,1.6666666666666667,45
2007-08-10,2.025,1.425,40
2007-08-11,2.3448275862068964,1.6551724137931034,29
2007-08-12,2.1,1.6,10
2007-08-13,4.578947368421052,2.3684210526315788,19
2007-08-14,2.25,1.7083333333333333,24
2007-08-15,2.0357142857142856,1.5,28
2007-08-16,2.04,1.52,25
2007-08-17,1.9361702127659575,1.4042553191489362,47
2007-08-18,2.3181818181818183,1.2272727272727273,44
2007-08-19,1.7692307692307692,1.2307692307692308,39
2007-08-20,2.8444444444444446,1.5333333333333334,45
2007-08-21,1.9,1.4333333333333333,30
2007-08-22,2.3076923076923075,1.6666666666666667,39
2007-08-23,2.71875,1.65625,32
2007-08-24,2.9183673469387754,1.346938775510204,49
2007-08-25,1.793103448275862,1.3103448275862069,29
2007-08-26,1.794871794871795,1.3333333333333333,39
2007-08-27,1.6521739130434783,1.3043478260869565,23
2007-08-28,1.6470588235294117,1.2058823529411764,34
2007-08-29,2.3636363636363638,1.6818181818181819,22
2007-08-30,1.6857142857142857,1.2571428571428571,35
2007-08-31,2.3823529411764706,1.6764705882352942,34
2007-09-01,2.5555555555555554,1.5555555555555556,18
2007-09-02,1.4090909090909092,1.0909090909090908,22
2007-09-03,2.0476190476190474,1.7619047619047619,21
2007-09-04,1.5,1.2142857142857142,28
2007-09-05,2.4242424242424243,1.4848484848484849,33
2007-09-06,1.9743589743589745,1.3333333333333333,39
2007-09-07,1.5333333333333334,1.1666666666666667,30
2007-09-08,1.5909090909090908,1.3181818181818181,22
2007-09-09,1.2962962962962963,1.1111111111111112,27
2007-09-10,2.2564102564102564,1.564102564102564,39
2007-09-11,2.1,1.4666666666666666,30
2007-09-12,1.7727272727272727,1.6363636363636365,22
2007-09-13,1.434782608695652,1.3043478260869565,23
2007-09-14,1.92,1.48,25
2007-09-15,1.4736842105263157,1.263157894736842,38
2007-09-16,1.6521739130434783,1.3043478260869565,23
2007-09-17,2.21875,1.4375,32
2007-09-18,1.8666666666666667,1.5666666666666667,30
2007-09-19,1.6,1.36,25
2007-09-20,1.8888888888888888,1.5,18
2007-09-21,1.7916666666666667,1.5,24
2007-09-22,1.35,1.1,20
2007-09-23,1.5263157894736843,1.1578947368421053,19
2007-09-24,2.1379310344827585,1.6896551724137931,29
2007-09-25,1.9523809523809523,1.4285714285714286,21
2007-09-26,2.277227722772277,1.9306930693069306,101
2007-09-27,2.210526315789474,1.5789473684210527,19
2007-09-28,2.0,1.5416666666666667,24
2007-09-29,1.68,1.28,25
2007-09-30,1.1481481481481481,1.0740740740740742,54
2007-10-01,1.95,1.4,40
2007-10-02,2.051282051282051,1.6153846153846154,39
2007-10-03,2.138888888888889,1.5833333333333333,36
2007-10-04,1.8571428571428572,1.4642857142857142,28
2007-10-05,2.1666666666666665,1.4583333333333333,24
2007-10-06,3.076923076923077,1.3846153846153846,26
2007-10-07,2.111111111111111,1.4444444444444444,27
2007-10-08,2.15625,1.375,32
2007-10-09,2.4615384615384617,1.2692307692307692,26
2007-10-10,1.8461538461538463,1.5769230769230769,26
2007-10-11,2.2666666666666666,1.4666666666666666,30
2007-10-12,3.04,1.84,25
2007-10-13,2.130434782608696,1.3478260869565217,23
2007-10-14,2.1785714285714284,1.25,28
2007-10-15,2.28125,1.46875,32
2007-10-16,2.0,1.5151515151515151,33
2007-10-17,2.9069767441860463,1.6744186046511629,43
2007-10-18,2.8055555555555554,1.9444444444444444,36
2007-10-19,2.255813953488372,1.6046511627906976,43
2007-10-20,1.64,1.4,50
2007-10-21,1.4285714285714286,1.2619047619047619,42
2007-10-22,1.9642857142857142,1.5357142857142858,28
2007-10-23,1.6666666666666667,1.4222222222222223,45
2007-10-24,3.107142857142857,2.0357142857142856,28
2007-10-25,2.0384615384615383,1.4230769230769231,52
2007-10-26,1.7073170731707317,1.5121951219512195,41
2007-10-27,1.7037037037037037,1.1851851851851851,27
2007-10-28,1.64,1.36,25
2007-10-29,1.7894736842105263,1.368421052631579,19
2007-10-30,1.9523809523809523,1.619047619047619,21
2007-10-31,2.4285714285714284,1.7619047619047619,21
2007-11-01,2.5,1.65,20
2007-11-02,2.3043478260869565,1.5217391304347827,23
2007-11-03,2.2857142857142856,1.6785714285714286,28
2007-11-04,1.3703703703703705,1.1851851851851851,27
2007-11-05,2.3214285714285716,1.6785714285714286,28
2007-11-06,2.4583333333333335,1.8333333333333333,24
2007-11-07,1.725,1.375,40
2007-11-08,1.7866666666666666,1.24,75
2007-11-09,2.1923076923076925,1.2307692307692308,26
2007-11-10,2.0526315789473686,1.4210526315789473,19
2007-11-11,2.125,1.375,32
2007-11-12,2.1363636363636362,1.3181818181818181,22
2007-11-13,1.5277777777777777,1.2222222222222223,36
2007-11-14,1.8484848484848484,1.606060606060606,33
2007-11-15,1.826086956521739,1.3478260869565217,46
2007-11-16,1.4137931034482758,1.2241379310344827,58
2007-11-17,1.4090909090909092,1.2272727272727273,22
2007-11-18,2.0,1.3478260869565217,23
2007-11-19,2.933333333333333,1.5333333333333334,15
2007-11-20,1.8,1.2,15
2007-11-21,2.3333333333333335,1.4166666666666667,12
2007-11-22,2.0,1.4666666666666666,15
2007-11-23,1.6666666666666667,1.2222222222222223,18
2007-11-24,5.909090909090909,1.0,11
2007-11-25,1.5384615384615385,1.3846153846153846,13
2007-11-26,1.5,1.375,16
2007-11-27,2.0,1.4516129032258065,31
2007-11-28,1.2921348314606742,1.101123595505618,89
2007-11-29,1.84,1.48,25
2007-11-30,1.4666666666666666,1.1666666666666667,30
2007-12-01,1.7049180327868851,1.3934426229508197,61
2007-12-02,2.3636363636363638,1.5454545454545454,22
2007-12-03,1.8333333333333333,1.5,24
2007-12-04,2.0,1.5,26
2007-12-05,1.5,1.3636363636363635,22
2007-12-06,1.9666666666666666,1.4666666666666666,30
2007-12-07,2.736842105263158,1.9473684210526316,19
2007-12-08,1.6071428571428572,1.2857142857142858,28
2007-12-09,1.5384615384615385,1.1923076923076923,52
2007-12-10,2.12,1.56,25
2007-12-11,1.4210526315789473,1.2105263157894737,38
2007-12-12,1.8888888888888888,1.3777777777777778,90
2007-12-13,1.6774193548387097,1.3064516129032258,62
2007-12-14,1.2882882882882882,1.1711711711711712,111
2007-12-15,2.0,1.1818181818181819,33
2007-12-16,2.1666666666666665,1.7222222222222223,18
2007-12-17,1.2843137254901962,1.1764705882352942,102
2007-12-18,1.3816568047337279,1.3461538461538463,338
2007-12-19,1.5677966101694916,1.4322033898305084,118
2007-12-20,1.7058823529411764,1.1470588235294117,34
2007-12-21,2.1333333333333333,1.5333333333333334,30
2007-12-22,1.3333333333333333,1.0833333333333333,12
2007-12-23,1.3870967741935485,1.1612903225806452,62
2007-12-24,1.2962962962962963,1.0,27
2007-12-25,1.162162162162162,1.0810810810810811,37
2007-12-26,1.3076923076923077,1.1538461538461537,13
2007-12-27,1.9285714285714286,1.0714285714285714,28
2007-12-28,1.4054054054054055,1.1891891891891893,37
2007-12-29,2.0,1.3076923076923077,13
2007-12-30,1.935483870967742,1.2258064516129032,31
2007-12-31,1.3692307692307693,1.123076923076923,65
2008-01-01,1.3125,1.125,16
2008-01-02,1.9130434782608696,1.5217391304347827,23
2008-01-03,2.5714285714285716,1.9047619047619047,21
2008-01-04,2.25,2.0,20
2008-01-05,1.875,1.25,24
2008-01-06,4.157894736842105,1.9473684210526316,19
2008-01-07,3.263157894736842,2.1578947368421053,19
2008-01-08,2.869565217391304,2.0434782608695654,23
2008-01-09,1.4166666666666667,1.2222222222222223,36
2008-01-10,2.375,1.5,24
2008-01-11,1.96,1.48,25
2008-01-12,1.6,1.32,25
2008-01-13,1.6956521739130435,1.0869565217391304,23
2008-01-14,1.896551724137931,1.3103448275862069,29
2008-01-15,2.0357142857142856,1.5357142857142858,28
2008-01-16,1.8043478260869565,1.391304347826087,46
2008-01-17,1.7307692307692308,1.1923076923076923,26
2008-01-18,1.7727272727272727,1.4545454545454546,22
2008-01-19,2.3529411764705883,1.5294117647058822,17
2008-01-20,1.5294117647058822,1.1176470588235294,34
2008-01-21,1.868421052631579,1.6578947368421053,38
2008-01-22,1.7241379310344827,1.3103448275862069,29
2008-01-23,1.65625,1.1875,32
2008-01-24,2.2941176470588234,1.7352941176470589,34
2008-01-25,2.107142857142857,1.3928571428571428,28
2008-01-26,1.5806451612903225,1.1612903225806452,31
2008-01-27,2.608695652173913,1.6956521739130435,23
2008-01-28,1.8857142857142857,1.2571428571428571,35
2008-01-29,2.5,1.5,26
2008-01-30,2.52,1.52,25
2008-01-31,1.7222222222222223,1.1666666666666667,36
2008-02-01,2.2666666666666666,1.5666666666666667,30
2008-02-02,1.8461538461538463,1.3076923076923077,26
2008-02-03,1.84,1.28,25
2008-02-04,1.1527777777777777,1.0833333333333333,72
2008-02-05,2.3333333333333335,1.3333333333333333,57
2008-02-06,1.8387096774193548,1.3548387096774193,31
2008-02-07,1.875,1.28125,32
2008-02-08,1.8717948717948718,1.358974358974359,39
2008-02-09,1.4871794871794872,1.2564102564102564,39
2008-02-10,1.64,1.48,25
2008-02-11,2.1714285714285713,1.5142857142857142,35
2008-02-12,1.5357142857142858,1.3928571428571428,28
2008-02-13,2.1,1.5333333333333334,30
2008-02-14,2.6052631578947367,1.868421052631579,38
2008-02-15,4.205128205128205,1.6923076923076923,39
2008-02-16,1.8235294117647058,1.3137254901960784,51
2008-02-17,2.142857142857143,1.25,28
2008-02-18,1.607843137254902,1.2156862745098038,51
2008-02-19,1.896551724137931,1.206896551724138,29
2008-02-20,1.7619047619047619,1.1428571428571428,42
2008-02-21,1.3636363636363635,1.2272727272727273,22
2008-02-22,2.230769230769231,1.435897435897436,39
2008-02-23,1.9259259259259258,1.1481481481481481,27
2008-02-24,2.130434782608696,1.434782608695652,23
2008-02-25,1.7105263157894737,1.263157894736842,38
2008-02-26,1.5897435897435896,1.358974358974359,39
2008-02-27,1.7096774193548387,1.3548387096774193,31
2008-02-28,2.7,1.4333333333333333,30
2008-02-29,1.7179487179487178,1.435897435897436,39
2008-03-01,1.4411764705882353,1.2794117647058822,68
2008-03-02,1.6382978723404256,1.1063829787234043,47
2008-03-03,1.9393939393939394,1.393939393939394,33
2008-03-04,1.4509803921568627,1.2549019607843137,51
2008-03-05,2.1707317073170733,1.4146341463414633,41
2008-03-06,1.46875,1.234375,64
2008-03-07,2.942857142857143,1.3428571428571427,35
2008-03-08,2.576923076923077,1.7692307692307692,26
2008-03-09,2.913793103448276,1.896551724137931,58
2008-03-10,1.8571428571428572,1.3333333333333333,84
2008-03-11,1.8875,1.3375,80
2008-03-12,2.3684210526315788,1.6842105263157894,38
2008-03-13,1.7804878048780488,1.4634146341463414,41
2008-03-14,1.4864864864864864,1.054054054054054,37
2008-03-15,2.909090909090909,1.2424242424242424,33
2008-03-16,1.511111111111111,1.2222222222222223,45
2008-03-17,1.875,1.2321428571428572,56
2008-03-18,2.230769230769231,1.435897435897436,39
2008-03-19,2.2222222222222223,1.288888888888889,45
2008-03-20,2.6,1.52,25
2008-03-21,2.28,1.6,25
2008-03-22,1.7741935483870968,1.2903225806451613,31
2008-03-23,1.5909090909090908,1.3181818181818181,22
2008-03-24,2.3333333333333335,1.5151515151515151,33
2008-03-25,1.6388888888888888,1.4444444444444444,36
2008-03-26,1.7936507936507937,1.3015873015873016,63
2008-03-27,1.8409090909090908,1.2954545454545454,44
2008-03-28,2.5675675675675675,1.3243243243243243,37
2008-03-29,1.6333333333333333,1.3333333333333333,30
2008-03-30,1.90625,1.53125,32
2008-03-31,4.125,1.59375,32
2008-04-01,2.1594202898550723,1.2173913043478262,69
2008-04-02,1.5862068965517242,1.2413793103448276,58
2008-04-03,2.689655172413793,1.5172413793103448,29
2008-04-04,2.323529411764706,1.6470588235294117,34
2008-04-05,1.7916666666666667,1.4166666666666667,24
2008-04-06,1.9714285714285715,1.5142857142857142,35
2008-04-07,1.9696969696969697,1.606060606060606,33
2008-04-08,2.3142857142857145,1.2571428571428571,35
2008-04-09,3.1714285714285713,1.6857142857142857,35
2008-04-10,2.696969696969697,1.5151515151515151,33
2008-04-11,1.8157894736842106,1.368421052631579,38
2008-04-12,1.64,1.36,25
2008-04-13,2.1666666666666665,1.3,30
2008-04-14,2.2941176470588234,1.6764705882352942,34
2008-04-15,2.5681818181818183,1.5909090909090908,44
2008-04-16,1.5666666666666667,1.3166666666666667,60
2008-04-17,2.210526315789474,1.5,38
2008-04-18,6.576923076923077,1.5769230769230769,26
2008-04-19,2.5,1.2916666666666667,24
2008-04-20,3.1333333333333333,1.4666666666666666,30
2008-04-21,3.857142857142857,2.142857142857143,28
2008-04-22,4.064516129032258,1.7096774193548387,31
2008-04-23,3.7037037037037037,1.5925925925925926,27
2008-04-24,3.129032258064516,1.7419354838709677,31
2008-04-25,2.5625,1.25,32
2008-04-26,1.9473684210526316,1.1578947368421053,19
2008-04-27,1.68,1.32,25
2008-04-28,2.0789473684210527,1.2894736842105263,38
2008-04-29,1.7692307692307692,1.3076923076923077,26
2008-04-30,1.6666666666666667,1.2222222222222223,45
2008-05-01,1.935483870967742,1.4193548387096775,31
2008-05-02,1.9259259259259258,1.5925925925925926,27
2008-05-03,1.3333333333333333,1.125,24
2008-05-04,2.225806451612903,1.2903225806451613,31
2008-05-05,2.0344827586206895,1.3448275862068966,29
2008-05-06,2.3333333333333335,1.5151515151515151,33
2008-05-07,2.7058823529411766,1.7058823529411764,34
2008-05-08,1.6470588235294117,1.1764705882352942,34
2008-05-09,1.7352941176470589,1.3235294117647058,34
2008-05-10,1.25,1.1111111111111112,36
2008-05-11,1.3658536585365855,1.1585365853658536,82
2008-05-12,1.2602739726027397,1.1506849315068493,73
2008-05-13,1.457142857142857,1.1428571428571428,35
2008-05-14,2.125,1.375,24
2008-05-15,1.6666666666666667,1.2037037037037037,54
2008-05-16,1.3428571428571427,1.2,35
2008-05-17,1.4912280701754386,1.1403508771929824,57
2008-05-18,1.6595744680851063,1.148936170212766,47
2008-05-19,2.1,1.1166666666666667,60
2008-05-20,2.6923076923076925,1.2564102564102564,39
2008-05-21,2.21875,1.5,32
2008-05-22,1.9705882352941178,1.3235294117647058,34
2008-05-23,1.8275862068965518,1.3103448275862069,29
2008-05-24,2.0277777777777777,1.4166666666666667,36
2008-05-25,2.0689655172413794,1.4137931034482758,29
2008-05-26,2.103448275862069,1.4827586206896552,29
2008-05-27,2.5925925925925926,1.4074074074074074,27
2008-05-28,1.793103448275862,1.3103448275862069,29
2008-05-29,2.5185185185185186,1.3333333333333333,27
2008-05-30,1.6428571428571428,1.1428571428571428,28
2008-05-31,1.96875,1.53125,32
2008-06-01,1.434782608695652,1.2608695652173914,23
2008-06-02,1.5454545454545454,1.2424242424242424,33
2008-06-03,1.9666666666666666,1.5333333333333334,30
2008-06-04,2.0,1.4516129032258065,31
2008-06-05,2.5526315789473686,1.368421052631579,38
2008-06-06,2.090909090909091,1.2272727272727273,44
2008-06-07,2.46875,1.125,32
2008-06-08,1.5698924731182795,1.1935483870967742,93
2008-06-09,2.074074074074074,1.2222222222222223,27
2008-06-10,2.1481481481481484,1.4814814814814814,54
2008-06-11,1.8695652173913044,1.5434782608695652,46
2008-06-12,1.675,1.175,40
2008-06-13,3.0,1.56,25
2008-06-14,2.25,1.1,20
2008-06-15,1.2058823529411764,1.1176470588235294,34
2008-06-16,1.7551020408163265,1.3061224489795917,49
2008-06-17,2.018181818181818,1.2363636363636363,55
2008-06-18,1.6785714285714286,1.2321428571428572,56
2008-06-19,2.097560975609756,1.4878048780487805,41
2008-06-20,2.4468085106382977,1.3829787234042554,47
2008-06-21,2.088235294117647,1.4705882352941178,34
2008-06-22,1.542857142857143,1.1714285714285715,35
2008-06-23,1.9318181818181819,1.2727272727272727,44
2008-06-24,1.7435897435897436,1.1538461538461537,39
2008-06-25,3.135135135135135,1.7297297297297298,37
2008-06-26,1.9736842105263157,1.1710526315789473,76
2008-06-27,3.6136363636363638,1.5454545454545454,44
2008-06-28,1.5806451612903225,1.3225806451612903,31
2008-06-29,1.7619047619047619,1.3333333333333333,21
2008-06-30,1.553191489361702,1.3191489361702127,47
2008-07-01,1.9777777777777779,1.4444444444444444,45
2008-07-02,1.7272727272727273,1.3333333333333333,33
2008-07-03,1.967741935483871,1.2903225806451613,31
2008-07-04,3.55,1.5,20
2008-07-05,2.2,1.3,30
2008-07-06,1.3571428571428572,1.2142857142857142,28
2008-07-07,1.935483870967742,1.4838709677419355,31
2008-07-08,2.75,1.6875,32
2008-07-09,2.8125,1.65625,32
2008-07-10,2.511627906976744,1.5348837209302326,43
2008-07-11,1.4579439252336448,1.2710280373831775,107
2008-07-12,2.0,1.2333333333333334,30
2008-07-13,1.6133333333333333,1.1733333333333333,75
2008-07-14,1.5806451612903225,1.2365591397849462,93
2008-07-15,1.6545454545454545,1.290909090909091,55
2008-07-16,1.8028169014084507,1.323943661971831,71
2008-07-17,1.8,1.288888888888889,45
2008-07-18,1.7108433734939759,1.1927710843373494,83
2008-07-19,1.475,1.125,40
2008-07-20,1.6896551724137931,1.206896551724138,29
2008-07-21,1.894736842105263,1.4210526315789473,19
2008-07-22,1.8823529411764706,1.2941176470588236,17
2008-07-23,2.2857142857142856,1.3214285714285714,28
2008-07-24,2.1491228070175437,1.6228070175438596,114
2008-07-25,1.8235294117647058,1.2941176470588236,34
2008-07-26,1.7560975609756098,1.3902439024390243,41
2008-07-27,1.537313432835821,1.2388059701492538,67
2008-07-28,1.5172413793103448,1.160919540229885,87
2008-07-29,2.0454545454545454,1.4848484848484849,66
2008-07-30,2.0625,1.3958333333333333,48
2008-07-31,1.9791666666666667,1.3125,48
2008-08-01,2.3333333333333335,1.5333333333333334,30
2008-08-02,1.6363636363636365,1.2272727272727273,22
2008-08-03,3.1785714285714284,2.25,28
2008-08-04,2.96,2.0,25
2008-08-05,1.8333333333333333,1.5,42
2008-08-06,2.5454545454545454,1.509090909090909,55
2008-08-07,2.3333333333333335,1.4736842105263157,57
2008-08-08,3.129032258064516,1.7419354838709677,31
2008-08-09,1.7735849056603774,1.4339622641509433,53
2008-08-10,1.853658536585366,1.2926829268292683,41
2008-08-11,3.4166666666666665,2.0833333333333335,24
2008-08-12,1.8918918918918919,1.2702702702702702,37
2008-08-13,2.5294117647058822,1.6176470588235294,34
2008-08-14,1.9210526315789473,1.5,38
2008-08-15,2.189189189189189,1.4054054054054055,37
2008-08-16,1.6666666666666667,1.1851851851851851,27
2008-08-17,2.8333333333333335,1.5833333333333333,24
2008-08-18,2.215686274509804,1.4901960784313726,51
2008-08-19,1.2524271844660195,1.1262135922330097,206
2008-08-20,2.033333333333333,1.3,30
2008-08-21,1.7236842105263157,1.3157894736842106,76
2008-08-22,3.3255813953488373,1.8837209302325582,43
2008-08-23,3.5,2.0555555555555554,18
2008-08-24,1.564102564102564,1.2564102564102564,39
2008-08-25,1.9705882352941178,1.4411764705882353,34
2008-08-26,2.0714285714285716,1.5714285714285714,56
2008-08-27,1.9482758620689655,1.5172413793103448,58
2008-08-28,2.6341463414634148,1.5365853658536586,41
2008-08-29,1.4615384615384615,1.3333333333333333,39
2008-08-30,1.5,1.2391304347826086,46
2008-08-31,1.5454545454545454,1.2159090909090908,88
2008-09-01,2.6,1.4285714285714286,35
2008-09-02,1.6888888888888889,1.211111111111111,90
2008-09-03,1.9508196721311475,1.3934426229508197,61
2008-09-04,2.056603773584906,1.679245283018868,53
2008-09-05,3.057142857142857,2.0,35
2008-09-06,1.7291666666666667,1.375,48
2008-09-07,1.7671232876712328,1.2054794520547945,73
2008-09-08,1.4615384615384615,1.2307692307692308,26
2008-09-09,1.7391304347826086,1.3043478260869565,46
2008-09-10,1.7758620689655173,1.3103448275862069,58
2008-09-11,1.816326530612245,1.183673469387755,49
2008-09-12,1.171875,1.078125,64
2008-09-13,1.8,1.2181818181818183,55
2008-09-14,1.2941176470588236,1.0941176470588236,85
2008-09-15,1.421875,1.234375,64
2008-09-16,1.8181818181818181,1.2727272727272727,22
2008-09-17,2.0,1.25,48
2008-09-18,2.2888888888888888,1.511111111111111,45
2008-09-19,3.129032258064516,1.5483870967741935,31
2008-09-20,1.7,1.2,30
2008-09-21,2.257142857142857,1.5142857142857142,35
2008-09-22,2.56,1.48,25
2008-09-23,1.8,1.3,30
2008-09-24,2.1621621621621623,1.3513513513513513,37
2008-09-25,2.2777777777777777,1.6944444444444444,36
2008-09-26,1.6829268292682926,1.2439024390243902,41
2008-09-27,1.6666666666666667,1.3636363636363635,33
2008-09-28,2.3488372093023258,1.3255813953488371,43
2008-09-29,2.735294117647059,1.838235294117647,68
2008-09-30,2.561797752808989,1.8202247191011236,89
2008-10-01,2.671232876712329,1.6849315068493151,73
2008-10-02,2.0,1.4179104477611941,67
2008-10-03,2.5257731958762886,1.7525773195876289,97
2008-10-04,2.5434782608695654,1.608695652173913,46
2008-10-05,2.061224489795918,1.5714285714285714,49
2008-10-06,2.4431818181818183,1.5227272727272727,88
2008-10-07,2.6027397260273974,1.6027397260273972,73
2008-10-08,2.2698412698412698,1.6349206349206349,63
2008-10-09,2.485294117647059,1.6470588235294117,68
2008-10-10,2.7777777777777777,1.7555555555555555,45
2008-10-11,4.038461538461538,1.7307692307692308,26
2008-10-12,2.0634920634920637,1.3492063492063493,63
2008-10-13,2.392405063291139,1.5822784810126582,79
2008-10-14,2.168831168831169,1.4155844155844155,77
2008-10-15,2.8043478260869565,1.6956521739130435,46
2008-10-16,2.9583333333333335,1.8541666666666667,48
2008-10-17,2.608695652173913,1.5869565217391304,46
2008-10-18,1.351123595505618,1.196629213483146,356
2008-10-19,3.3333333333333335,2.15,60
2008-10-20,2.2916666666666665,1.6041666666666667,96
2008-10-21,3.0833333333333335,1.7708333333333333,48
2008-10-22,4.169491525423729,2.169491525423729,59
2008-10-23,3.6862745098039214,2.215686274509804,51
2008-10-24,2.305084745762712,1.5084745762711864,59
2008-10-25,1.9642857142857142,1.2142857142857142,56
2008-10-26,3.04,1.54,50
2008-10-27,2.2222222222222223,1.5238095238095237,63
2008-10-28,2.9310344827586206,1.7586206896551724,58
2008-10-29,3.32,1.84,50
2008-10-30,2.2542372881355934,1.6101694915254237,59
2008-10-31,2.4107142857142856,1.6964285714285714,56
2008-11-01,2.533333333333333,1.4,30
2008-11-02,1.9069767441860466,1.3953488372093024,43
2008-11-03,2.46,1.6,50
2008-11-04,1.9841269841269842,1.5396825396825398,63
2008-11-05,3.075187969924812,2.0225563909774436,133
2008-11-06,2.5392156862745097,1.6764705882352942,102
2008-11-07,2.9014084507042255,1.7887323943661972,71
2008-11-08,2.619718309859155,1.619718309859155,71
2008-11-09,2.4262295081967213,1.3442622950819672,61
2008-11-10,2.535211267605634,1.4366197183098592,71
2008-11-11,2.492063492063492,1.8412698412698412,63
2008-11-12,2.5,1.75,60
2008-11-13,3.5319148936170213,1.9361702127659575,47
2008-11-14,2.64,1.32,50
2008-11-15,2.1818181818181817,1.3409090909090908,44
2008-11-16,3.2903225806451615,1.5483870967741935,31
2008-11-17,3.1,1.7666666666666666,30
2008-11-18,1.8,1.2857142857142858,35
2008-11-19,2.5517241379310347,1.4827586206896552,58
2008-11-20,2.641025641025641,1.794871794871795,39
2008-11-21,3.8292682926829267,1.5853658536585367,41
2008-11-22,2.861111111111111,1.1944444444444444,36
2008-11-23,3.2857142857142856,1.6071428571428572,28
2008-11-24,3.3333333333333335,1.8484848484848484,33
2008-11-25,1.6666666666666667,1.2142857142857142,42
2008-11-26,2.911764705882353,1.4411764705882353,34
2008-11-27,1.4230769230769231,1.3076923076923077,26
2008-11-28,1.5405405405405406,1.2972972972972974,37
2008-11-29,1.75,1.46875,32
2008-11-30,1.3571428571428572,1.25,28
2008-12-01,1.8823529411764706,1.1470588235294117,34
2008-12-02,1.9565217391304348,1.3695652173913044,46
2008-12-03,1.851063829787234,1.446808510638298,47
2008-12-04,2.7346938775510203,1.8775510204081634,49
2008-12-05,1.6551724137931034,1.3275862068965518,58
2008-12-06,5.235294117647059,1.588235294117647,34
2008-12-07,4.2272727272727275,2.1363636363636362,44
2008-12-08,4.75,2.34375,32
2008-12-09,2.1333333333333333,1.6,30
2008-12-10,3.6923076923076925,2.6538461538461537,26
2008-12-11,2.107142857142857,1.5357142857142858,28
2008-12-12,2.066666666666667,1.5,30
2008-12-13,2.1,1.5333333333333334,30
2008-12-14,2.736842105263158,2.210526315789474,19
2008-12-15,1.6590909090909092,1.3636363636363635,44
2008-12-16,2.4545454545454546,1.5757575757575757,33
2008-12-17,2.59375,1.59375,32
2008-12-18,1.8048780487804879,1.3658536585365855,41
2008-12-19,1.6923076923076923,1.2307692307692308,26
2008-12-20,1.90625,1.34375,32
2008-12-21,2.025,1.15,40
2008-12-22,1.9642857142857142,1.25,28
2008-12-23,2.0384615384615383,1.2307692307692308,26
2008-12-24,2.64,1.56,25
2008-12-25,1.8095238095238095,1.1428571428571428,21
2008-12-26,1.7333333333333334,1.2666666666666666,15
2008-12-27,2.5,1.45,20
2008-12-28,1.826086956521739,1.434782608695652,23
2008-12-29,1.9411764705882353,1.4705882352941178,17
2008-12-30,2.52,1.56,25
2008-12-31,2.607142857142857,1.6428571428571428,28
2009-01-01,2.391304347826087,1.608695652173913,23
2009-01-02,1.75,1.375,24
2009-01-03,2.0,1.4883720930232558,43
2009-01-04,1.791044776119403,1.1940298507462686,67
2009-01-05,1.6923076923076923,1.358974358974359,39
2009-01-06,2.9456521739130435,1.8695652173913044,92
2009-01-07,2.5675675675675675,1.7702702702702702,74
2009-01-08,2.08,1.3,50
2009-01-09,2.460526315789474,1.605263157894737,76
2009-01-10,1.8333333333333333,1.2291666666666667,48
2009-01-11,2.0357142857142856,1.2857142857142858,28
2009-01-12,2.3333333333333335,1.3333333333333333,45
2009-01-13,1.9791666666666667,1.2291666666666667,48
2009-01-14,1.5192307692307692,1.2884615384615385,52
2009-01-15,1.4285714285714286,1.0952380952380953,42
2009-01-16,1.4680851063829787,1.1914893617021276,47
2009-01-17,1.475,1.225,40
2009-01-18,1.4464285714285714,1.1607142857142858,56
2009-01-19,1.679245283018868,1.2641509433962264,53
2009-01-20,1.9148936170212767,1.3829787234042554,47
2009-01-21,1.5909090909090908,1.3863636363636365,44
2009-01-22,2.119047619047619,1.4285714285714286,42
2009-01-23,1.9189189189189189,1.3783783783783783,74
2009-01-24,2.259259259259259,1.8518518518518519,27
2009-01-25,2.066666666666667,1.4333333333333333,30
2009-01-26,2.4166666666666665,1.2222222222222223,36
2009-01-27,3.0434782608695654,1.6521739130434783,23
2009-01-28,2.2051282051282053,1.7435897435897436,39
2009-01-29,2.3333333333333335,1.2619047619047619,42
2009-01-30,1.5909090909090908,1.2272727272727273,44
2009-01-31,1.6730769230769231,1.2884615384615385,52
2009-02-01,1.9743589743589745,1.2564102564102564,39
2009-02-02,3.923076923076923,1.6538461538461537,26
2009-02-03,1.78125,1.3125,32
2009-02-04,1.7708333333333333,1.375,48
2009-02-05,1.8974358974358974,1.2564102564102564,39
2009-02-06,2.1219512195121952,1.3658536585365855,41
2009-02-07,1.9285714285714286,1.1785714285714286,28
2009-02-08,2.6666666666666665,1.3333333333333333,15
2009-02-09,2.193548387096774,1.3870967741935485,31
2009-02-10,2.238095238095238,1.5476190476190477,42
2009-02-11,2.8444444444444446,1.7777777777777777,45
2009-02-12,3.1666666666666665,1.6111111111111112,36
2009-02-13,2.0,1.3333333333333333,39
2009-02-14,1.35,1.1,40
2009-02-15,1.6486486486486487,1.3243243243243243,37
2009-02-16,2.176470588235294,1.411764705882353,34
2009-02-17,2.1785714285714284,1.3928571428571428,28
2009-02-18,1.75,1.375,24
2009-02-19,2.3870967741935485,1.5161290322580645,31
2009-02-20,2.1714285714285713,1.3142857142857143,35
2009-02-21,1.7727272727272727,1.2272727272727273,22
2009-02-22,2.45,1.4,20
2009-02-23,1.2758620689655173,1.103448275862069,29
2009-02-24,1.7777777777777777,1.3703703703703705,27
2009-02-25,2.423076923076923,1.7692307692307692,26
2009-02-26,2.6875,1.90625,32
2009-02-27,3.6666666666666665,1.962962962962963,27
2009-02-28,2.6666666666666665,1.5757575757575757,33
2009-03-01,3.25,1.75,24
2009-03-02,2.7708333333333335,1.6041666666666667,48
2009-03-03,2.6538461538461537,1.8846153846153846,26
2009-03-04,2.361111111111111,1.7222222222222223,36
2009-03-05,2.5416666666666665,1.4166666666666667,24
2009-03-06,1.9583333333333333,1.4166666666666667,24
2009-03-07,2.36,1.4,25
2009-03-08,1.8076923076923077,1.2692307692307692,26
2009-03-09,1.3488372093023255,1.0930232558139534,43
2009-03-10,2.6857142857142855,1.7714285714285714,35
2009-03-11,1.9027777777777777,1.3333333333333333,72
2009-03-12,1.9705882352941178,1.411764705882353,34
2009-03-13,2.46875,1.59375,32
2009-03-14,1.9210526315789473,1.3157894736842106,38
2009-03-15,2.2758620689655173,1.5517241379310345,29
2009-03-16,2.5357142857142856,1.7142857142857142,28
2009-03-17,4.09375,2.46875,32
2009-03-18,2.8,1.875,40
2009-03-19,2.152173913043478,1.6304347826086956,46
2009-03-20,3.1724137931034484,1.896551724137931,29
2009-03-21,3.392857142857143,1.6071428571428572,28
2009-03-22,2.227272727272727,2.0,22
2009-03-23,1.6,1.34,50
2009-03-24,3.6785714285714284,2.4285714285714284,28
2009-03-25,2.138888888888889,1.5555555555555556,36
2009-03-26,2.8846153846153846,2.076923076923077,26
2009-03-27,2.0588235294117645,1.588235294117647,34
2009-03-28,2.1875,1.875,16
2009-03-29,3.25,1.95,20
2009-03-30,2.242424242424242,1.393939393939394,33
2009-03-31,1.5,1.1333333333333333,30
2009-04-01,1.734375,1.390625,64
2009-04-02,2.111111111111111,1.5555555555555556,27
2009-04-03,1.4745762711864407,1.2033898305084745,59
2009-04-04,1.619047619047619,1.380952380952381,21
2009-04-05,2.619047619047619,1.4285714285714286,21
2009-04-06,1.9,1.4,40
2009-04-07,1.44,1.1866666666666668,75
2009-04-08,1.5892857142857142,1.3928571428571428,56
2009-04-09,1.9019607843137254,1.3137254901960784,51
2009-04-10,1.675,1.15,40
2009-04-11,1.2894736842105263,1.0789473684210527,38
2009-04-12,1.457142857142857,1.1714285714285715,35
2009-04-13,1.711111111111111,1.2,45
2009-04-14,1.537037037037037,1.2037037037037037,54
2009-04-15,1.855421686746988,1.3734939759036144,83
2009-04-16,1.85,1.375,40
2009-04-17,1.7457627118644068,1.271186440677966,59
2009-04-18,2.1875,1.28125,32
2009-04-19,1.8421052631578947,1.280701754385965,57
2009-04-20,2.966666666666667,1.6666666666666667,30
2009-04-21,1.8088235294117647,1.5147058823529411,68
2009-04-22,2.246376811594203,1.6666666666666667,69
2009-04-23,1.813953488372093,1.441860465116279,43
2009-04-24,2.813953488372093,1.7674418604651163,43
2009-04-25,2.0,1.4666666666666666,30
2009-04-26,2.425925925925926,1.4444444444444444,54
2009-04-27,2.5135135135135136,1.5675675675675675,37
2009-04-28,2.5675675675675675,1.8108108108108107,37
2009-04-29,2.769230769230769,2.076923076923077,39
2009-04-30,4.075,2.5,40
2009-05-01,1.630952380952381,1.3571428571428572,84
2009-05-02,2.7,1.6,20
2009-05-03,1.8125,1.25,16
2009-05-04,2.3333333333333335,1.6944444444444444,36
2009-05-05,2.09375,1.28125,32
2009-05-06,1.9565217391304348,1.2463768115942029,69
2009-05-07,1.721311475409836,1.180327868852459,61
2009-05-08,1.725,1.425,40
2009-05-09,1.4736842105263157,1.2105263157894737,38
2009-05-10,2.0294117647058822,1.5588235294117647,34
2009-05-11,2.8518518518518516,1.7037037037037037,27
2009-05-12,2.0,1.4634146341463414,41
2009-05-13,1.7666666666666666,1.4333333333333333,30
2009-05-14,1.5806451612903225,1.3225806451612903,31
2009-05-15,1.4444444444444444,1.0555555555555556,18
2009-05-16,1.263157894736842,1.105263157894737,19
2009-05-17,2.066666666666667,1.3666666666666667,30
2009-05-18,2.5609756097560976,1.4878048780487805,41
2009-05-19,1.6415094339622642,1.2830188679245282,53
2009-05-20,2.142857142857143,1.542857142857143,35
2009-05-21,1.7837837837837838,1.4054054054054055,37
2009-05-22,1.8928571428571428,1.5357142857142858,56
2009-05-23,2.0588235294117645,1.411764705882353,34
2009-05-24,1.8636363636363635,1.4090909090909092,22
2009-05-25,2.36,1.44,25
2009-05-26,2.9047619047619047,1.9523809523809523,21
2009-05-27,2.0,1.471698113207547,53
2009-05-28,1.72,1.4,25
2009-05-29,3.3157894736842106,1.736842105263158,19
2009-05-30,2.35,1.55,20
2009-05-31,1.5,1.2222222222222223,18
2009-06-01,2.1,1.35,20
2009-06-02,1.7,1.4,20
2009-06-03,1.75,1.4166666666666667,24
2009-06-04,2.1176470588235294,1.2647058823529411,34
2009-06-05,3.0,1.1904761904761905,42
2009-06-06,1.565217391304348,1.2608695652173914,23
2009-06-07,1.9166666666666667,1.4166666666666667,12
2009-06-08,1.875,1.25,16
2009-06-09,1.6666666666666667,1.2380952380952381,21
2009-06-10,1.8333333333333333,1.3333333333333333,18
2009-06-11,2.185185185185185,1.3333333333333333,27
2009-06-12,2.0384615384615383,1.3846153846153846,26
2009-06-13,1.1379310344827587,1.0,29
2009-06-14,2.2142857142857144,1.3571428571428572,14
2009-06-15,1.7083333333333333,1.3333333333333333,24
2009-06-16,1.5263157894736843,1.1578947368421053,19
2009-06-17,4.181818181818182,1.4545454545454546,22
2009-06-18,2.625,1.5416666666666667,24
2009-06-19,1.7857142857142858,1.25,28
2009-06-20,1.2857142857142858,1.2142857142857142,14
2009-06-21,2.3076923076923075,1.2307692307692308,13
2009-06-22,1.7826086956521738,1.2173913043478262,23
2009-06-23,1.5,1.2,10
2009-06-24,1.5925925925925926,1.4074074074074074,27
2009-06-25,1.9473684210526316,1.631578947368421,19
2009-06-26,3.5555555555555554,1.9259259259259258,27
2009-06-27,1.6,1.2,30
2009-06-28,2.388888888888889,1.5555555555555556,18
2009-06-29,3.0344827586206895,1.6551724137931034,29
2009-06-30,2.772727272727273,1.6363636363636365,22
2009-07-01,2.176470588235294,1.4411764705882353,34
2009-07-02,3.6923076923076925,1.7692307692307692,26
2009-07-03,1.6666666666666667,1.3703703703703705,27
2009-07-04,2.0,1.3571428571428572,14
2009-07-05,2.5,1.2,10
2009-07-06,3.5294117647058822,2.0588235294117645,17
2009-07-07,3.6153846153846154,2.076923076923077,26
2009-07-08,2.3,1.7333333333333334,30
2009-07-09,2.6666666666666665,1.393939393939394,33
2009-07-10,2.121212121212121,1.4848484848484849,33
2009-07-11,2.391304347826087,1.391304347826087,23
2009-07-12,2.3666666666666667,1.5,30
2009-07-13,2.0,1.4583333333333333,24
2009-07-14,1.75,1.4285714285714286,28
2009-07-15,2.0,1.5666666666666667,30
2009-07-16,2.8636363636363638,1.5454545454545454,22
2009-07-17,2.380952380952381,1.6666666666666667,21
2009-07-18,2.3181818181818183,1.5909090909090908,22
2009-07-19,2.5789473684210527,1.4736842105263157,19
2009-07-20,2.689655172413793,1.6551724137931034,29
2009-07-21,2.6363636363636362,1.5909090909090908,22
2009-07-22,2.1739130434782608,1.434782608695652,23
2009-07-23,3.72,1.68,25
2009-07-24,1.7142857142857142,1.6071428571428572,28
2009-07-25,2.0869565217391304,1.434782608695652,23
2009-07-26,1.45,1.25,20
2009-07-27,1.6333333333333333,1.2666666666666666,30
2009-07-28,1.7941176470588236,1.3823529411764706,34
2009-07-29,1.8727272727272728,1.1818181818181819,55
2009-07-30,2.0588235294117645,1.4509803921568627,51
2009-07-31,2.5952380952380953,1.5476190476190477,42
2009-08-01,1.875,1.4166666666666667,24
2009-08-02,1.8125,1.25,48
2009-08-03,2.096774193548387,1.3548387096774193,31
2009-08-04,1.7727272727272727,1.2727272727272727,44
2009-08-05,2.032258064516129,1.2580645161290323,31
2009-08-06,1.725,1.325,40
2009-08-07,1.2765957446808511,1.148936170212766,47
2009-08-08,1.7647058823529411,1.2156862745098038,51
2009-08-09,2.586206896551724,1.6206896551724137,29
2009-08-10,1.8363636363636364,1.1272727272727272,55
2009-08-11,1.5675675675675675,1.162162162162162,37
2009-08-12,3.25,1.6153846153846154,52
2009-08-13,3.0833333333333335,2.0,36
2009-08-14,2.1739130434782608,1.6956521739130435,23
2009-08-15,2.3157894736842106,1.5263157894736843,19
2009-08-16,2.1176470588235294,1.1176470588235294,17
2009-08-17,1.8157894736842106,1.1578947368421053,38
2009-08-18,2.4545454545454546,1.696969696969697,33
2009-08-19,2.28,1.64,25
2009-08-20,2.9565217391304346,2.0434782608695654,23
2009-08-21,2.6153846153846154,1.7692307692307692,26
2009-08-22,1.6956521739130435,1.434782608695652,23
2009-08-23,2.4285714285714284,1.6428571428571428,14
2009-08-24,1.6153846153846154,1.4102564102564104,39
2009-08-25,2.185185185185185,1.3333333333333333,27
2009-08-26,3.037037037037037,2.0,27
2009-08-27,2.2285714285714286,1.4,35
2009-08-28,2.625,1.9375,32
2009-08-29,2.375,1.7083333333333333,24
2009-08-30,2.4,1.4666666666666666,15
2009-08-31,1.5294117647058822,1.1764705882352942,17
2009-09-01,2.3636363636363638,1.6818181818181819,22
2009-09-02,1.4736842105263157,1.2894736842105263,38
2009-09-03,1.5483870967741935,1.2258064516129032,31
2009-09-04,2.2413793103448274,1.3793103448275863,29
2009-09-05,2.357142857142857,1.4285714285714286,14
2009-09-06,2.2083333333333335,1.7708333333333333,48
2009-09-07,1.9523809523809523,1.2857142857142858,21
2009-09-08,1.8620689655172413,1.3448275862068966,29
2009-09-09,1.8636363636363635,1.5454545454545454,22
2009-09-10,2.8461538461538463,1.8974358974358974,39
2009-09-11,1.8857142857142857,1.5142857142857142,35
2009-09-12,1.5172413793103448,1.1379310344827587,29
2009-09-13,1.5666666666666667,1.3333333333333333,30
2009-09-14,1.5526315789473684,1.368421052631579,38
2009-09-15,2.0454545454545454,1.5454545454545454,44
2009-09-16,2.088888888888889,1.488888888888889,45
2009-09-17,2.0,1.368421052631579,19
2009-09-18,1.8846153846153846,1.3461538461538463,26
2009-09-19,1.4,1.2,15
2009-09-20,1.7894736842105263,1.4736842105263157,19
2009-09-21,2.36,1.4,25
2009-09-22,1.5833333333333333,1.2916666666666667,24
2009-09-23,1.7391304347826086,1.2608695652173914,23
2009-09-24,2.3333333333333335,1.5714285714285714,21
2009-09-25,1.9259259259259258,1.4074074074074074,27
2009-09-26,2.391304347826087,1.7391304347826086,23
2009-09-27,2.2222222222222223,1.5555555555555556,18
2009-09-28,2.5,1.5833333333333333,24
2009-09-29,2.2,1.56,50
2009-09-30,3.1923076923076925,2.269230769230769,26
2009-10-01,5.892857142857143,3.607142857142857,28
2009-10-02,2.789473684210526,1.4210526315789473,19
2009-10-03,1.8636363636363635,1.3181818181818181,22
2009-10-04,2.36,1.44,25
2009-10-05,2.8,1.56,25
2009-10-06,1.9090909090909092,1.6363636363636365,22
2009-10-07,3.5217391304347827,2.130434782608696,23
2009-10-08,4.833333333333333,2.5,24
2009-10-09,4.7368421052631575,2.1578947368421053,19
2009-10-10,3.6666666666666665,1.5714285714285714,21
2009-10-11,1.6923076923076923,1.1538461538461537,26
2009-10-12,2.1875,1.6875,16
2009-10-13,2.0,1.44,25
2009-10-14,2.769230769230769,1.6538461538461537,26
2009-10-15,4.105263157894737,2.3157894736842106,19
2009-10-16,4.0,1.9090909090909092,22
2009-10-17,2.1818181818181817,1.4545454545454546,22
2009-10-18,1.85,1.35,20
2009-10-19,2.0,1.391304347826087,23
2009-10-20,2.5,1.6363636363636365,22
2009-10-21,2.076923076923077,1.5769230769230769,26
2009-10-22,3.5555555555555554,1.7222222222222223,18
2009-10-23,2.9642857142857144,1.8571428571428572,28
2009-10-24,3.0384615384615383,2.0,26
2009-10-25,1.8461538461538463,1.4615384615384615,13
2009-10-26,1.9333333333333333,1.5333333333333334,15
2009-10-27,2.4242424242424243,1.5151515151515151,33
2009-10-28,2.12,1.44,25
2009-10-29,1.6842105263157894,1.5263157894736843,19
2009-10-30,1.7222222222222223,1.5,18
2009-10-31,3.0454545454545454,1.8636363636363635,22
2009-11-01,2.96,2.2,25
2009-11-02,2.6538461538461537,1.5384615384615385,26
2009-11-03,3.875,2.09375,32
2009-11-04,3.641025641025641,2.1025641025641026,39
2009-11-05,4.465116279069767,2.186046511627907,43
2009-11-06,2.7954545454545454,1.9545454545454546,44
2009-11-07,2.1538461538461537,1.4615384615384615,39
2009-11-08,3.375,2.1944444444444446,72
2009-11-09,1.578125,1.234375,64
2009-11-10,2.5483870967741935,1.5806451612903225,31
2009-11-11,2.4838709677419355,1.5161290322580645,31
2009-11-12,2.4571428571428573,1.7142857142857142,35
2009-11-13,1.6136363636363635,1.2272727272727273,44
2009-11-14,1.7272727272727273,1.3333333333333333,33
2009-11-15,1.3333333333333333,1.25,36
2009-11-16,1.697674418604651,1.2093023255813953,43
2009-11-17,1.5714285714285714,1.2857142857142858,56
2009-11-18,1.5714285714285714,1.3428571428571427,35
2009-11-19,1.7317073170731707,1.3414634146341464,82
2009-11-20,2.088235294117647,1.3529411764705883,34
2009-11-21,1.5384615384615385,1.4230769230769231,26
2009-11-22,1.3157894736842106,1.1578947368421053,19
2009-11-23,3.0,1.45,20
2009-11-24,2.357142857142857,1.5357142857142858,28
2009-11-25,3.6,1.8,30
2009-11-26,2.235294117647059,1.2941176470588236,17
2009-11-27,2.0,1.3333333333333333,18
2009-11-28,1.7916666666666667,1.2916666666666667,24
2009-11-29,1.8888888888888888,1.2592592592592593,27
2009-11-30,1.903225806451613,1.2580645161290323,31
2009-12-01,2.1333333333333333,1.2666666666666666,30
2009-12-02,1.9655172413793103,1.3793103448275863,29
2009-12-03,1.394736842105263,1.131578947368421,38
2009-12-04,2.088235294117647,1.6176470588235294,34
2009-12-05,1.925,1.425,40
2009-12-06,2.4285714285714284,1.4285714285714286,14
2009-12-07,2.0434782608695654,1.3043478260869565,23
2009-12-08,1.8571428571428572,1.4642857142857142,28
2009-12-09,2.2,1.25,20
2009-12-10,1.6923076923076923,1.3076923076923077,26
2009-12-11,1.4242424242424243,1.1818181818181819,33
2009-12-12,2.8947368421052633,1.5789473684210527,19
2009-12-13,2.1538461538461537,1.3846153846153846,13
2009-12-14,1.92,1.36,25
2009-12-15,1.8333333333333333,1.5833333333333333,24
2009-12-16,1.5185185185185186,1.4074074074074074,27
2009-12-17,2.4074074074074074,1.5555555555555556,27
2009-12-18,2.0555555555555554,1.6666666666666667,18
2009-12-19,1.3461538461538463,1.0384615384615385,26
2009-12-20,1.8095238095238095,1.2857142857142858,21
2009-12-21,1.3043478260869565,1.2173913043478262,23
2009-12-22,1.6129032258064515,1.3225806451612903,31
2009-12-23,1.7083333333333333,1.3958333333333333,48
2009-12-24,1.375,1.0416666666666667,24
2009-12-25,1.3636363636363635,1.1818181818181819,11
2009-12-26,2.1538461538461537,1.3076923076923077,13
2009-12-27,1.4482758620689655,1.1724137931034482,29
2009-12-28,1.3174603174603174,1.1111111111111112,63
2009-12-29,2.3076923076923075,1.2307692307692308,26
2009-12-30,1.6451612903225807,1.2258064516129032,31
2009-12-31,2.0,1.5333333333333334,15
2010-01-01,1.9615384615384615,1.1538461538461537,26
2010-01-02,2.1666666666666665,1.4444444444444444,18
2010-01-03,1.4705882352941178,1.0588235294117647,17
2010-01-04,2.4166666666666665,1.4166666666666667,12
2010-01-05,1.8888888888888888,1.4444444444444444,18
2010-01-06,2.064516129032258,1.1935483870967742,31
2010-01-07,1.48,1.24,25
2010-01-08,2.2222222222222223,1.1666666666666667,18
2010-01-09,1.35,1.25,20
2010-01-10,2.0,1.1428571428571428,28
2010-01-11,3.3,1.4,20
2010-01-12,3.3181818181818183,1.5,22
2010-01-13,1.6,1.1714285714285715,35
2010-01-14,2.9545454545454546,1.4545454545454546,22
2010-01-15,1.2222222222222223,1.1111111111111112,18
2010-01-16,2.0,1.3529411764705883,17
2010-01-17,2.8421052631578947,1.105263157894737,19
2010-01-18,2.4,1.44,25
2010-01-19,2.466666666666667,1.2666666666666666,15
2010-01-20,2.3846153846153846,1.4230769230769231,26
2010-01-21,3.9545454545454546,1.5454545454545454,22
2010-01-22,3.380952380952381,1.380952380952381,21
2010-01-23,3.3333333333333335,1.2916666666666667,24
2010-01-24,2.782608695652174,1.3478260869565217,23
2010-01-25,3.125,1.5,16
2010-01-26,1.6785714285714286,1.1428571428571428,28
2010-01-27,1.4444444444444444,1.126984126984127,63
2010-01-28,2.1666666666666665,1.3333333333333333,18
2010-01-29,2.107142857142857,1.2857142857142858,28
2010-01-30,3.0434782608695654,1.434782608695652,23
2010-01-31,2.1785714285714284,1.2857142857142858,28
2010-02-01,1.5555555555555556,1.2222222222222223,27
2010-02-02,2.263157894736842,1.4736842105263157,19
2010-02-03,2.7027027027027026,1.2972972972972974,37
2010-02-04,2.590909090909091,1.5,22
2010-02-05,1.8064516129032258,1.4193548387096775,31
2010-02-06,1.7391304347826086,1.3043478260869565,23
2010-02-07,1.7878787878787878,1.2727272727272727,33
2010-02-08,1.52,1.12,25
2010-02-09,2.5641025641025643,1.2564102564102564,39
2010-02-10,1.9615384615384615,1.3846153846153846,26
2010-02-11,1.28,1.1,50
2010-02-12,1.96875,1.25,32
2010-02-13,1.72,1.12,25
2010-02-14,2.0952380952380953,1.1904761904761905,21
2010-02-15,1.3977272727272727,1.0681818181818181,88
2010-02-16,2.441860465116279,1.186046511627907,43
2010-02-17,2.4074074074074074,1.5185185185185186,27
2010-02-18,1.5,1.0952380952380953,42
2010-02-19,2.8125,1.1875,16
2010-02-20,2.0454545454545454,1.0454545454545454,22
2010-02-21,2.0,1.2222222222222223,18
2010-02-22,2.161290322580645,1.4838709677419355,31
2010-02-23,1.9285714285714286,1.3571428571428572,42
2010-02-24,2.35,1.5,20
2010-02-25,3.189189189189189,1.6486486486486487,37
2010-02-26,2.4390243902439024,1.4146341463414633,41
2010-02-27,2.3636363636363638,1.3636363636363635,22
2010-02-28,2.5757575757575757,1.303030303030303,33
2010-03-01,2.125,1.35,40
2010-03-02,1.826086956521739,1.2608695652173914,69
2010-03-03,2.769230769230769,1.794871794871795,39
2010-03-04,2.6,1.85,40
2010-03-05,2.032258064516129,1.5483870967741935,31
2010-03-06,1.5,1.0833333333333333,24
2010-03-07,3.6315789473684212,1.4210526315789473,19
2010-03-08,2.5294117647058822,1.4705882352941178,17
2010-03-09,1.7037037037037037,1.4074074074074074,27
2010-03-10,1.7777777777777777,1.3333333333333333,54
2010-03-11,2.3461538461538463,1.3076923076923077,26
2010-03-12,2.48,1.48,25
2010-03-13,1.8571428571428572,1.2,35
2010-03-14,2.466666666666667,1.1,30
2010-03-15,1.6842105263157894,1.368421052631579,38
2010-03-16,1.7,1.32,50
2010-03-17,2.36,1.64,25
2010-03-18,1.9189189189189189,1.3513513513513513,37
2010-03-19,2.5918367346938775,1.6326530612244898,49
2010-03-20,1.8823529411764706,1.3725490196078431,51
2010-03-21,2.2,1.6181818181818182,55
2010-03-22,3.8,2.5764705882352943,85
2010-03-23,2.216666666666667,1.6,60
2010-03-24,2.0,1.4318181818181819,44
2010-03-25,3.018181818181818,1.690909090909091,55
2010-03-26,2.193548387096774,1.6129032258064515,31
2010-03-27,2.2857142857142856,1.469387755102041,49
2010-03-28,2.15,1.45,40
2010-03-29,2.6206896551724137,1.5517241379310345,29
2010-03-30,1.3955555555555557,1.2133333333333334,225
2010-03-31,1.3798076923076923,1.2259615384615385,208
2010-04-01,3.1,2.085714285714286,70
2010-04-02,2.5,1.5192307692307692,52
2010-04-03,2.627450980392157,1.588235294117647,51
2010-04-04,1.5042372881355932,1.228813559322034,236
2010-04-05,1.8709677419354838,1.6129032258064515,31
2010-04-06,2.235294117647059,1.6176470588235294,34
2010-04-07,1.7083333333333333,1.1666666666666667,24
2010-04-08,2.263157894736842,1.7105263157894737,38
2010-04-09,1.65625,1.125,32
2010-04-10,3.347826086956522,1.4782608695652173,23
2010-04-11,2.107142857142857,1.2857142857142858,28
2010-04-12,2.1538461538461537,1.4230769230769231,26
2010-04-13,2.2758620689655173,1.2758620689655173,29
2010-04-14,3.130434782608696,1.3478260869565217,23
2010-04-15,1.36,1.16,25
2010-04-16,1.4489795918367347,1.2040816326530612,49
2010-04-17,1.35,1.2,20
2010-04-18,1.9642857142857142,1.5,28
2010-04-19,2.1463414634146343,1.2682926829268293,41
2010-04-20,1.8571428571428572,1.3571428571428572,28
2010-04-21,1.7894736842105263,1.1578947368421053,19
2010-04-22,2.0,1.2,25
2010-04-23,1.7727272727272727,1.3636363636363635,22
2010-04-24,1.5,1.15,20
2010-04-25,1.7058823529411764,1.3529411764705883,17
2010-04-26,1.25,1.1153846153846154,52
2010-04-27,2.1956521739130435,1.2826086956521738,46
2010-04-28,2.2916666666666665,1.4583333333333333,24
2010-04-29,2.7,1.45,20
2010-04-30,3.16,1.44,25
2010-05-01,1.1428571428571428,1.0714285714285714,14
2010-05-02,1.3703703703703705,1.2592592592592593,27
2010-05-03,1.2345679012345678,1.0864197530864197,81
2010-05-04,1.8387096774193548,1.4516129032258065,31
2010-05-05,1.7741935483870968,1.4516129032258065,31
2010-05-06,1.303030303030303,1.0303030303030303,33
2010-05-07,1.8636363636363635,1.3181818181818181,22
2010-05-08,1.7096774193548387,1.064516129032258,31
2010-05-09,1.7575757575757576,1.121212121212121,33
2010-05-10,1.6,1.2333333333333334,30
2010-05-11,2.16,1.56,25
2010-05-12,2.3870967741935485,1.4193548387096775,31
2010-05-13,1.7333333333333334,1.2666666666666666,15
2010-05-14,2.3703703703703702,1.3703703703703705,27
2010-05-15,1.6857142857142857,1.1714285714285715,35
2010-05-16,3.380952380952381,1.3333333333333333,21
2010-05-17,3.739130434782609,1.8695652173913044,23
2010-05-18,2.5142857142857142,1.3714285714285714,35
2010-05-19,3.576923076923077,1.3076923076923077,26
2010-05-20,3.21875,1.4375,32
2010-05-21,2.357142857142857,1.4285714285714286,28
2010-05-22,2.3703703703703702,1.5925925925925926,27
2010-05-23,1.75,1.3125,16
2010-05-24,1.5666666666666667,1.0,30
2010-05-25,4.133333333333334,2.066666666666667,15
2010-05-26,1.5,1.1363636363636365,22
2010-05-27,1.3666666666666667,1.2,30
2010-05-28,1.7727272727272727,1.3181818181818181,22
2010-05-29,2.0,1.2380952380952381,21
2010-05-30,1.9523809523809523,1.2380952380952381,21
2010-05-31,1.7142857142857142,1.1904761904761905,21
2010-06-01,1.9090909090909092,1.1363636363636365,22
2010-06-02,1.8,1.36,25
2010-06-03,1.96,1.32,25
2010-06-04,1.8333333333333333,1.1944444444444444,36
2010-06-05,2.588235294117647,1.088235294117647,34
2010-06-06,1.608695652173913,1.173913043478261,23
2010-06-07,2.6296296296296298,1.1851851851851851,27
2010-06-08,2.2941176470588234,1.3235294117647058,34
2010-06-09,3.15625,1.25,32
2010-06-10,1.8666666666666667,1.3333333333333333,30
2010-06-11,2.3076923076923075,1.3461538461538463,26
2010-06-12,1.6,1.2,20
2010-06-13,2.0588235294117645,1.2941176470588236,17
2010-06-14,4.90625,3.125,32
2010-06-15,4.354838709677419,1.7419354838709677,31
2010-06-16,2.3333333333333335,1.3333333333333333,33
2010-06-17,4.0,1.9473684210526316,38
2010-06-18,3.657142857142857,1.6571428571428573,35
2010-06-19,2.3214285714285716,1.3571428571428572,28
2010-06-20,2.727272727272727,1.4772727272727273,44
2010-06-21,2.5641025641025643,1.3333333333333333,39
2010-06-22,3.230769230769231,1.5,26
2010-06-23,3.3076923076923075,1.5769230769230769,26
2010-06-24,2.902439024390244,1.6341463414634145,41
2010-06-25,1.4666666666666666,1.1,30
2010-06-26,2.2916666666666665,1.2916666666666667,24
2010-06-27,1.68,1.08,25
2010-06-28,2.2888888888888888,1.2222222222222223,45
2010-06-29,1.8823529411764706,1.2352941176470589,34
2010-06-30,2.189189189189189,1.7027027027027026,37
2010-07-01,3.90625,2.0,32
2010-07-02,1.631578947368421,1.3157894736842106,19
2010-07-03,2.9411764705882355,1.6470588235294117,17
2010-07-04,3.1666666666666665,1.7380952380952381,42
2010-07-05,1.6470588235294117,1.2941176470588236,17
2010-07-06,2.5,1.3333333333333333,30
2010-07-07,2.0,1.1951219512195121,41
2010-07-08,2.3,1.4333333333333333,30
2010-07-09,1.588235294117647,1.2352941176470589,51
2010-07-10,1.8235294117647058,1.2941176470588236,17
2010-07-11,1.4230769230769231,1.0384615384615385,26
2010-07-12,1.5909090909090908,1.1931818181818181,88
2010-07-13,2.388888888888889,1.2222222222222223,18
2010-07-14,2.4,1.16,25
2010-07-15,1.68,1.16,25
2010-07-16,2.057142857142857,1.3428571428571427,35
2010-07-17,1.7307692307692308,1.3076923076923077,26
2010-07-18,2.8095238095238093,1.4285714285714286,21
2010-07-19,2.9375,1.1875,32
2010-07-20,4.166666666666667,1.3,30
2010-07-21,3.6315789473684212,1.1842105263157894,38
2010-07-22,2.5384615384615383,1.3076923076923077,26
2010-07-23,3.5172413793103448,1.4482758620689655,29
2010-07-24,1.9,1.1333333333333333,30
2010-07-25,1.9230769230769231,1.2692307692307692,26
2010-07-26,2.1944444444444446,1.1944444444444444,36
2010-07-27,3.3783783783783785,1.6756756756756757,37
2010-07-28,2.225,1.375,40
2010-07-29,3.323529411764706,1.7941176470588236,34
2010-07-30,2.8620689655172415,1.7241379310344827,29
2010-07-31,2.782608695652174,1.608695652173913,23
2010-08-01,2.1666666666666665,1.7083333333333333,24
2010-08-02,2.1470588235294117,1.3529411764705883,34
2010-08-03,2.1,1.65,40
2010-08-04,3.475,1.8,40
2010-08-05,1.7777777777777777,1.288888888888889,45
2010-08-06,1.5862068965517242,1.2758620689655173,29
2010-08-07,2.409090909090909,1.6363636363636365,22
2010-08-08,1.6818181818181819,1.4545454545454546,22
2010-08-09,1.7777777777777777,1.3703703703703705,27
2010-08-10,2.945945945945946,1.2702702702702702,37
2010-08-11,4.333333333333333,1.7407407407407407,27
2010-08-12,2.5714285714285716,1.6785714285714286,56
2010-08-13,3.625,2.075,40
2010-08-14,2.0714285714285716,1.6785714285714286,28
2010-08-15,2.121212121212121,1.4545454545454546,33
2010-08-16,1.85,1.45,40
2010-08-17,1.7954545454545454,1.2954545454545454,44
2010-08-18,1.9846153846153847,1.4461538461538461,65
2010-08-19,2.75,1.575,40
2010-08-20,2.4705882352941178,1.3529411764705883,34
2010-08-21,2.6451612903225805,1.4193548387096775,31
2010-08-22,1.9054054054054055,1.2702702702702702,74
2010-08-23,1.375,1.1171875,128
2010-08-24,2.4415584415584415,1.2207792207792207,77
2010-08-25,3.1515151515151514,1.8484848484848484,33
2010-08-26,1.6538461538461537,1.1923076923076923,26
2010-08-27,2.7142857142857144,1.3095238095238095,42
2010-08-28,1.8928571428571428,1.0357142857142858,28
2010-08-29,1.5633802816901408,1.1549295774647887,71
2010-08-30,1.7105263157894737,1.3157894736842106,38
2010-08-31,2.0,1.5666666666666667,30
2010-09-01,2.1714285714285713,1.3142857142857143,35
2010-09-02,2.121212121212121,1.3636363636363635,33
2010-09-03,2.4814814814814814,1.5185185185185186,27
2010-09-04,1.641025641025641,1.1538461538461537,39
2010-09-05,2.341463414634146,1.3414634146341464,41
2010-09-06,1.7058823529411764,1.1176470588235294,51
2010-09-07,1.9523809523809523,1.2619047619047619,42
2010-09-08,4.297872340425532,1.3829787234042554,47
2010-09-09,2.5,1.3157894736842106,38
2010-09-10,2.8857142857142857,1.6571428571428573,35
2010-09-11,2.525,1.475,40
2010-09-12,1.9534883720930232,1.3255813953488371,43
2010-09-13,1.9454545454545455,1.3272727272727274,55
2010-09-14,2.66,1.48,50
2010-09-15,3.0754716981132075,1.6037735849056605,53
2010-09-16,2.2758620689655173,1.293103448275862,58
2010-09-17,2.8627450980392157,1.4509803921568627,51
2010-09-18,1.5921052631578947,1.1710526315789473,76
2010-09-19,1.9263157894736842,1.3789473684210527,95
2010-09-20,2.3278688524590163,1.4426229508196722,61
2010-09-21,1.7735849056603774,1.1886792452830188,53
2010-09-22,1.890625,1.25,64
2010-09-23,1.9886363636363635,1.2613636363636365,88
2010-09-24,1.5555555555555556,1.2136752136752136,117
2010-09-25,2.3333333333333335,1.6666666666666667,51
2010-09-26,2.211764705882353,1.2705882352941176,85
2010-09-27,1.6547619047619047,1.3571428571428572,84
2010-09-28,1.5212765957446808,1.3085106382978724,94
2010-09-29,1.7608695652173914,1.358695652173913,92
2010-09-30,1.4943820224719102,1.1910112359550562,89
2010-10-01,2.1538461538461537,1.4230769230769231,26
2010-10-02,2.064516129032258,1.2580645161290323,31
2010-10-03,4.28,2.04,25
2010-10-04,2.789473684210526,1.5789473684210527,38
2010-10-05,3.125,1.5416666666666667,48
2010-10-06,3.125,1.4791666666666667,48
2010-10-07,3.152173913043478,1.4130434782608696,46
2010-10-08,3.923076923076923,2.076923076923077,39
2010-10-09,2.76,1.74,50
2010-10-10,3.8974358974358974,1.6666666666666667,39
2010-10-11,3.096774193548387,1.5483870967741935,62
2010-10-12,3.010204081632653,1.6224489795918366,98
2010-10-13,2.7777777777777777,1.6851851851851851,54
2010-10-14,2.6865671641791047,1.507462686567164,67
2010-10-15,2.5,1.4857142857142858,70
2010-10-16,2.077777777777778,1.3222222222222222,90
2010-10-17,2.3934426229508197,1.3770491803278688,61
2010-10-18,2.6,1.3647058823529412,85
2010-10-19,2.5714285714285716,1.3928571428571428,56
2010-10-20,2.338709677419355,1.403225806451613,62
2010-10-21,2.736842105263158,1.5789473684210527,76
2010-10-22,2.8795180722891565,1.3614457831325302,83
2010-10-23,2.0,1.368421052631579,95
2010-10-24,1.9672131147540983,1.139344262295082,122
2010-10-25,2.1271186440677967,1.4406779661016949,118
2010-10-26,2.347826086956522,1.4565217391304348,92
2010-10-27,2.2211538461538463,1.5480769230769231,104
2010-10-28,1.9636363636363636,1.2454545454545454,110
2010-10-29,2.6019417475728157,1.3786407766990292,103
2010-10-30,2.6129032258064515,1.3548387096774193,62
2010-10-31,2.5194805194805197,1.4285714285714286,77
2010-11-01,2.414285714285714,1.5285714285714285,70
2010-11-02,2.758241758241758,1.6263736263736264,91
2010-11-03,3.820143884892086,2.3597122302158273,139
2010-11-04,2.9310344827586206,1.9137931034482758,116
2010-11-05,2.8850574712643677,1.6896551724137931,87
2010-11-06,2.3225806451612905,1.5483870967741935,62
2010-11-07,1.9444444444444444,1.3055555555555556,108
2010-11-08,2.7857142857142856,1.5535714285714286,56
2010-11-09,2.3766233766233764,1.4545454545454546,77
2010-11-10,1.96,1.28,75
2010-11-11,1.7833333333333334,1.2666666666666666,60
2010-11-12,2.3118279569892475,1.3440860215053763,93
2010-11-13,2.2432432432432434,1.1891891891891893,74
2010-11-14,2.310344827586207,1.3275862068965518,58
2010-11-15,2.4827586206896552,1.3908045977011494,87
2010-11-16,2.7281553398058254,1.4757281553398058,103
2010-11-17,3.980769230769231,1.8269230769230769,52
2010-11-18,4.5777777777777775,1.6444444444444444,45
2010-11-19,2.127659574468085,1.3404255319148937,47
2010-11-20,1.6538461538461537,1.2115384615384615,52
2010-11-21,2.3043478260869565,1.434782608695652,23
2010-11-22,2.3947368421052633,1.394736842105263,38
2010-11-23,2.7906976744186047,1.558139534883721,43
2010-11-24,3.5918367346938775,1.8979591836734695,49
2010-11-25,2.324324324324324,1.2702702702702702,37
2010-11-26,1.8695652173913044,1.3043478260869565,23
2010-11-27,1.8857142857142857,1.2285714285714286,35
2010-11-28,2.0625,1.40625,32
2010-11-29,1.8545454545454545,1.3818181818181818,55
2010-11-30,2.142857142857143,1.3428571428571427,35
2010-12-01,1.8857142857142857,1.457142857142857,35
2010-12-02,2.076923076923077,1.5769230769230769,26
2010-12-03,2.03125,1.4375,32
2010-12-04,2.0277777777777777,1.4444444444444444,36
2010-12-05,1.1904761904761905,1.126984126984127,63
2010-12-06,1.408450704225352,1.1971830985915493,71
2010-12-07,1.5294117647058822,1.3823529411764706,34
2010-12-08,1.4444444444444444,1.2962962962962963,27
2010-12-09,2.52,1.88,25
2010-12-10,1.4,1.2,35
2010-12-11,1.6666666666666667,1.25,36
2010-12-12,1.3333333333333333,1.1555555555555554,45
2010-12-13,1.8035714285714286,1.4464285714285714,56
2010-12-14,2.85,2.0,20
2010-12-15,1.9574468085106382,1.2553191489361701,47
2010-12-16,1.459016393442623,1.180327868852459,61
2010-12-17,1.4912280701754386,1.105263157894737,57
2010-12-18,1.6,1.2333333333333334,30
2010-12-19,1.6129032258064515,1.2903225806451613,31
2010-12-20,1.8571428571428572,1.2,35
2010-12-21,1.8571428571428572,1.25,28
2010-12-22,1.8333333333333333,1.2222222222222223,18
2010-12-23,2.525,1.6,40
2010-12-24,1.7878787878787878,1.3333333333333333,33
2010-12-25,1.2608695652173914,1.0869565217391304,23
2010-12-26,2.8666666666666667,1.4,15
2010-12-27,2.3684210526315788,1.3157894736842106,19
2010-12-28,1.4444444444444444,1.2777777777777777,18
2010-12-29,1.5,1.2222222222222223,18
2010-12-30,1.4202898550724639,1.1014492753623188,69
2010-12-31,1.6363636363636365,1.2121212121212122,66
2011-01-01,1.6,1.36,25
2011-01-02,1.5348837209302326,1.302325581395349,43
2011-01-03,3.016260162601626,1.7967479674796747,123
2011-01-04,1.8848484848484848,1.3818181818181818,165
2011-01-05,2.1106194690265485,1.584070796460177,226
2011-01-06,2.761904761904762,2.238095238095238,168
2011-01-07,2.4488188976377954,1.8661417322834646,127
2011-01-08,1.8875,1.475,80
2011-01-09,1.82,1.38,50
2011-01-10,1.6666666666666667,1.32,75
2011-01-11,2.32,1.52,50
2011-01-12,1.5806451612903225,1.2258064516129032,31
2011-01-13,1.7837837837837838,1.4054054054054055,37
2011-01-14,2.111111111111111,1.3888888888888888,36
2011-01-15,1.4583333333333333,1.25,24
2011-01-16,3.0,1.3235294117647058,34
2011-01-17,1.4642857142857142,1.1785714285714286,28
2011-01-18,2.36,1.52,25
2011-01-19,1.6896551724137931,1.4827586206896552,29
2011-01-20,3.466666666666667,1.7333333333333334,30
2011-01-21,1.7352941176470589,1.3529411764705883,34
2011-01-22,1.875,1.5,24
2011-01-23,1.59375,1.15625,32
2011-01-24,2.0,1.59375,32
2011-01-25,2.1320754716981134,1.6415094339622642,53
2011-01-26,2.5483870967741935,1.903225806451613,31
2011-01-27,3.55,1.7,40
2011-01-28,2.04,1.56,25
2011-01-29,1.92,1.36,25
2011-01-30,1.7241379310344827,1.3793103448275863,29
2011-01-31,1.2857142857142858,1.1428571428571428,21
2011-02-01,1.625,1.5,24
2011-02-02,1.3125,1.1696428571428572,112
2011-02-03,2.0344827586206895,1.3793103448275863,29
2011-02-04,2.3043478260869565,1.391304347826087,23
2011-02-05,2.1578947368421053,1.2105263157894737,19
2011-02-06,1.96875,1.21875,32
2011-02-07,2.740740740740741,1.5555555555555556,27
2011-02-08,2.25,1.5833333333333333,24
2011-02-09,2.7142857142857144,1.380952380952381,21
2011-02-10,1.4705882352941178,1.226890756302521,119
2011-02-11,2.0277777777777777,1.3055555555555556,36
2011-02-12,2.04,1.4,25
2011-02-13,2.3636363636363638,1.3636363636363635,33
2011-02-14,1.8148148148148149,1.1851851851851851,27
2011-02-15,2.05,1.3,20
2011-02-16,2.3666666666666667,1.3333333333333333,30
2011-02-17,1.7941176470588236,1.2647058823529411,34
2011-02-18,2.7142857142857144,1.2142857142857142,28
2011-02-19,1.6615384615384616,1.3692307692307693,65
2011-02-20,1.4166666666666667,1.0833333333333333,72
2011-02-21,1.1111111111111112,1.0,9
2011-02-22,1.5625,1.2625,80
2011-02-23,1.411764705882353,1.1470588235294117,34
2011-02-24,1.627906976744186,1.255813953488372,43
2011-02-25,2.5185185185185186,1.3703703703703705,27
2011-02-26,3.1578947368421053,1.5789473684210527,19
2011-02-27,2.2,1.4666666666666666,15
2011-02-28,1.3150684931506849,1.095890410958904,73
2011-03-01,2.34375,1.5,32
2011-03-02,1.5476190476190477,1.3095238095238095,42
2011-03-03,1.6,1.4,25
2011-03-04,1.7096774193548387,1.2903225806451613,31
2011-03-05,1.6451612903225807,1.2903225806451613,31
2011-03-06,1.75,1.1071428571428572,28
2011-03-07,1.6666666666666667,1.1666666666666667,30
2011-03-08,1.609375,1.25,64
2011-03-09,2.46875,1.59375,32
2011-03-10,2.5,1.3529411764705883,34
2011-03-11,2.259259259259259,1.4074074074074074,27
2011-03-12,2.310344827586207,1.206896551724138,29
2011-03-13,1.793103448275862,1.206896551724138,87
2011-03-14,3.4871794871794872,1.4871794871794872,39
2011-03-15,2.0294117647058822,1.411764705882353,34
2011-03-16,2.6470588235294117,1.4705882352941178,51
2011-03-17,1.6727272727272726,1.3454545454545455,55
2011-03-18,2.3157894736842106,1.5789473684210527,19
2011-03-19,2.0833333333333335,1.4166666666666667,12
2011-03-20,1.6111111111111112,1.2222222222222223,18
2011-03-21,1.64,1.12,25
2011-03-22,1.488888888888889,1.2,45
2011-03-23,1.9333333333333333,1.1777777777777778,45
2011-03-24,2.6666666666666665,1.2083333333333333,24
2011-03-25,2.0,1.3157894736842106,19
2011-03-26,2.466666666666667,1.6666666666666667,15
2011-03-27,1.9411764705882353,1.3529411764705883,17
2011-03-28,1.6666666666666667,1.2857142857142858,21
2011-03-29,3.375,1.3125,16
2011-03-30,3.05,1.65,20
2011-03-31,3.1666666666666665,1.7083333333333333,24
2011-04-01,1.588235294117647,1.1764705882352942,17
2011-04-02,1.625,1.25,48
2011-04-03,1.575,1.175,40
2011-04-04,1.75,1.2,20
2011-04-05,2.7555555555555555,1.6222222222222222,45
2011-04-06,2.2222222222222223,1.7037037037037037,27
2011-04-07,2.409090909090909,1.6136363636363635,44
2011-04-08,2.5454545454545454,1.5454545454545454,22
2011-04-09,3.0588235294117645,2.1176470588235294,17
2011-04-10,1.6428571428571428,1.2142857142857142,14
2011-04-11,1.6,1.5333333333333334,15
2011-04-12,4.0,2.0,13
2011-04-13,1.55,1.35,20
2011-04-14,2.772727272727273,1.8181818181818181,22
2011-04-15,1.2142857142857142,1.1428571428571428,14
2011-04-16,1.7647058823529411,1.588235294117647,17
2011-04-17,1.75,1.25,24
2011-04-18,2.0869565217391304,1.3478260869565217,23
2011-04-19,1.5217391304347827,1.0869565217391304,23
2011-04-20,1.2647058823529411,1.1029411764705883,68
2011-04-21,2.0,1.2380952380952381,21
2011-04-22,1.4193548387096775,1.2258064516129032,31
2011-04-23,1.4622641509433962,1.169811320754717,106
2011-04-24,1.8,1.4,20
2011-04-25,1.5365853658536586,1.0975609756097562,41
2011-04-26,2.0869565217391304,1.434782608695652,23
2011-04-27,2.8666666666666667,1.5333333333333334,15
2011-04-28,1.84,1.32,25
2011-04-29,2.3076923076923075,1.6153846153846154,13
2011-04-30,2.466666666666667,1.2,15
2011-05-01,3.0,1.3333333333333333,9
2011-05-02,2.5454545454545454,1.2727272727272727,22
2011-05-03,1.8,1.35,20
2011-05-04,1.8181818181818181,1.4545454545454546,11
2011-05-05,3.0,1.4375,16
2011-05-06,2.0,1.6,10
2011-05-07,1.0833333333333333,1.0,12
2011-05-08,2.857142857142857,1.3571428571428572,14
2011-05-09,1.894736842105263,1.6842105263157894,19
2011-05-10,2.4545454545454546,1.8181818181818181,11
2011-05-11,1.4,1.1,10
2011-05-12,1.5714285714285714,1.3571428571428572,14
2011-05-13,2.9473684210526314,1.4736842105263157,19
2011-05-14,1.2105263157894737,1.105263157894737,19
2011-05-15,1.0666666666666667,1.0333333333333334,60
2011-05-16,1.3548387096774193,1.1612903225806452,31
2011-05-17,1.2857142857142858,1.2285714285714286,35
2011-05-18,1.2207792207792207,1.155844155844156,77
2011-05-19,1.145985401459854,1.1094890510948905,137
2011-05-20,1.5,1.3125,16
2011-05-21,2.0526315789473686,1.2105263157894737,19
2011-05-22,1.3333333333333333,1.0909090909090908,33
2011-05-23,1.9,1.5,10
2011-05-24,1.4285714285714286,1.3571428571428572,14
2011-05-25,3.4444444444444446,2.111111111111111,18
2011-05-26,2.5555555555555554,1.6111111111111112,18
2011-05-27,2.0625,1.4375,16
2011-05-28,2.0714285714285716,1.2142857142857142,14
2011-05-29,3.066666666666667,1.7333333333333334,15
2011-05-30,2.142857142857143,1.6428571428571428,14
2011-05-31,1.6923076923076923,1.4615384615384615,13
2011-06-01,2.2083333333333335,1.375,24
2011-06-02,1.5384615384615385,1.1923076923076923,26
2011-06-03,1.6666666666666667,1.2916666666666667,24
2011-06-04,3.9615384615384617,1.2307692307692308,26
2011-06-05,2.263157894736842,1.4210526315789473,19
2011-06-06,2.0714285714285716,1.1428571428571428,28
2011-06-07,1.9,1.5,20
2011-06-08,1.76,1.44,25
2011-06-09,1.5,1.0833333333333333,24
2011-06-10,1.5555555555555556,1.2222222222222223,18
2011-06-11,1.5217391304347827,1.2173913043478262,23
2011-06-12,1.5,1.3333333333333333,12
2011-06-13,1.7619047619047619,1.1428571428571428,21
2011-06-14,2.8666666666666667,1.4666666666666666,15
2011-06-15,1.5,1.25,24
2011-06-16,1.369047619047619,1.2261904761904763,84
2011-06-17,1.0987654320987654,1.0493827160493827,81
2011-06-18,1.1,1.0642857142857143,140
2011-06-19,1.625,1.125,16
2011-06-20,1.5555555555555556,1.037037037037037,54
2011-06-21,2.3181818181818183,1.1818181818181819,22
2011-06-22,2.1666666666666665,1.2916666666666667,24
2011-06-23,2.2941176470588234,1.1176470588235294,34
2011-06-24,4.157894736842105,2.8421052631578947,19
2011-06-25,1.588235294117647,1.0588235294117647,17
2011-06-26,1.1818181818181819,1.0909090909090908,11
2011-06-27,1.878787878787879,1.121212121212121,33
2011-06-28,2.161290322580645,1.3225806451612903,31
2011-06-29,1.4375,1.140625,64
2011-06-30,1.625,1.125,24
2011-07-01,2.4,1.45,20
2011-07-02,2.1538461538461537,1.6153846153846154,13
2011-07-03,2.3333333333333335,1.0,6
2011-07-04,1.6923076923076923,1.1538461538461537,13
2011-07-05,2.4,1.4,15
2011-07-06,2.8333333333333335,1.3333333333333333,18
2011-07-07,2.933333333333333,1.4,15
2011-07-08,2.3,1.25,20
2011-07-09,2.1052631578947367,1.3157894736842106,19
2011-07-10,1.4210526315789473,1.1578947368421053,19
2011-07-11,3.125,1.3125,16
2011-07-12,3.3846153846153846,1.8461538461538463,13
2011-07-13,3.176470588235294,1.8235294117647058,17
2011-07-14,3.5217391304347827,1.173913043478261,23
2011-07-15,2.52,1.6,25
2011-07-16,2.857142857142857,1.3571428571428572,14
2011-07-17,1.3529411764705883,1.1764705882352942,17
2011-07-18,1.5833333333333333,1.2916666666666667,24
2011-07-19,2.409090909090909,1.5454545454545454,22
2011-07-20,2.4347826086956523,1.8695652173913044,23
2011-07-21,1.6521739130434783,1.3478260869565217,23
2011-07-22,2.3181818181818183,1.3636363636363635,22
2011-07-23,1.8,1.45,20
2011-07-24,2.2941176470588234,1.5294117647058822,17
2011-07-25,1.8888888888888888,1.6296296296296295,27
2011-07-26,1.6785714285714286,1.3928571428571428,28
2011-07-27,3.3333333333333335,1.6666666666666667,15
2011-07-28,3.25,2.3125,16
2011-07-29,2.608695652173913,1.7391304347826086,23
2011-07-30,2.5588235294117645,1.4705882352941178,34
2011-07-31,3.411764705882353,1.7058823529411764,17
2011-08-01,2.8666666666666667,2.066666666666667,15
2011-08-02,2.769230769230769,1.6923076923076923,26
2011-08-03,2.1875,1.5,32
2011-08-04,2.5833333333333335,1.5416666666666667,24
2011-08-05,2.5,1.4375,16
2011-08-06,2.0,1.1785714285714286,28
2011-08-07,2.923076923076923,1.0769230769230769,13
2011-08-08,1.588235294117647,1.2352941176470589,17
2011-08-09,1.3333333333333333,1.12,75
2011-08-10,2.6842105263157894,1.4736842105263157,19
2011-08-11,1.4583333333333333,1.0625,96
2011-08-12,1.1493506493506493,1.0844155844155845,154
2011-08-13,1.75,1.1875,16
2011-08-14,2.0833333333333335,1.4166666666666667,12
2011-08-15,3.4615384615384617,1.6153846153846154,13
2011-08-16,3.3076923076923075,1.4615384615384615,13
2011-08-17,1.6875,1.375,16
2011-08-18,1.8076923076923077,1.3076923076923077,26
2011-08-19,2.4705882352941178,1.7647058823529411,17
2011-08-20,1.9375,1.3125,16
2011-08-21,1.5,1.1,10
2011-08-22,1.9411764705882353,1.2352941176470589,17
2011-08-23,2.066666666666667,1.5333333333333334,15
2011-08-24,3.2857142857142856,1.7857142857142858,14
2011-08-25,1.5384615384615385,1.0769230769230769,13
2011-08-26,2.0625,1.625,16
2011-08-27,2.0,1.125,8
2011-08-28,1.7272727272727273,1.1818181818181819,11
2011-08-29,2.1,1.4,10
2011-08-30,1.75,1.5,12
2011-08-31,1.9411764705882353,1.5294117647058822,17
2011-09-01,1.4666666666666666,1.2666666666666666,15
2011-09-02,1.7142857142857142,1.3571428571428572,14
2011-09-03,1.588235294117647,1.3529411764705883,17
2011-09-04,2.076923076923077,1.2307692307692308,13
2011-09-05,2.4,1.4666666666666666,15
2011-09-06,1.7692307692307692,1.1538461538461537,13
2011-09-07,2.3684210526315788,1.368421052631579,19
2011-09-08,2.0,1.263157894736842,19
2011-09-09,2.5,1.5,22
2011-09-10,2.4444444444444446,1.1111111111111112,18
2011-09-11,1.375,1.25,16
2011-09-12,3.625,1.75,16
2011-09-13,2.2666666666666666,1.6,15
2011-09-14,2.0,1.3870967741935485,31
2011-09-15,2.272727272727273,1.4090909090909092,22
2011-09-16,1.7647058823529411,1.3529411764705883,17
2011-09-17,1.7777777777777777,1.5555555555555556,9
2011-09-18,1.7857142857142858,1.0714285714285714,14
2011-09-19,1.5714285714285714,1.2380952380952381,21
2011-09-20,6.0,2.727272727272727,11
2011-09-21,2.2413793103448274,1.6551724137931034,29
2011-09-22,1.8888888888888888,1.5,18
2011-09-23,2.2083333333333335,1.4166666666666667,24
2011-09-24,2.1666666666666665,1.5833333333333333,12
2011-09-25,2.6818181818181817,1.2727272727272727,22
2011-09-26,2.03125,1.40625,32
2011-09-27,1.619047619047619,1.2857142857142858,21
2011-09-28,2.25,1.3333333333333333,12
2011-09-29,1.4375,1.25,16
2011-09-30,2.6666666666666665,1.6666666666666667,12
2011-10-01,2.111111111111111,1.3333333333333333,9
2011-10-02,1.6666666666666667,1.2,15
2011-10-03,2.0,1.25,12
2011-10-04,2.625,1.625,16
2011-10-05,1.1764705882352942,1.0588235294117647,17
2011-10-06,1.4545454545454546,1.1818181818181819,11
2011-10-07,1.6111111111111112,1.4444444444444444,18
2011-10-08,3.3,1.25,20
2011-10-09,3.0,1.1428571428571428,14
2011-10-10,1.6666666666666667,1.2083333333333333,24
2011-10-11,2.0454545454545454,1.5454545454545454,22
2011-10-12,5.333333333333333,1.4666666666666666,15
2011-10-13,2.0555555555555554,1.2222222222222223,18
2011-10-14,2.0588235294117645,1.7647058823529411,17
2011-10-15,2.0,1.3888888888888888,18
2011-10-16,2.4545454545454546,1.0909090909090908,22
2011-10-17,2.652173913043478,1.565217391304348,23
2011-10-18,2.0,1.3888888888888888,18
2011-10-19,3.2941176470588234,1.7058823529411764,17
2011-10-20,1.5625,1.3125,16
2011-10-21,2.5,1.0,12
2011-10-22,1.0,1.0,8
2011-10-23,1.4615384615384615,1.1538461538461537,13
2011-10-24,2.076923076923077,1.0769230769230769,13
2011-10-25,2.4,1.6,10
2011-10-26,2.380952380952381,1.619047619047619,21
2011-10-27,3.1052631578947367,1.1578947368421053,19
2011-10-28,2.076923076923077,1.3846153846153846,13
2011-10-29,1.8888888888888888,1.4444444444444444,9
2011-10-30,1.7272727272727273,1.5454545454545454,11
2011-10-31,1.3333333333333333,1.1111111111111112,9
2011-11-01,1.3333333333333333,1.3333333333333333,12
2011-11-02,1.7241379310344827,1.3793103448275863,29
2011-11-03,1.25,1.125,16
2011-11-04,1.4090909090909092,1.1818181818181819,22
2011-11-05,1.3783783783783783,1.162162162162162,37
2011-11-06,1.7333333333333334,1.5,30
2011-11-07,1.5,1.1818181818181819,22
2011-11-08,1.68,1.2,25
2011-11-09,2.857142857142857,1.6428571428571428,14
2011-11-10,3.5454545454545454,1.7272727272727273,11
2011-11-11,1.5454545454545454,1.1818181818181819,11
2011-11-12,2.2222222222222223,1.4444444444444444,9
2011-11-13,1.6666666666666667,1.0,9
2011-11-14,1.8888888888888888,1.1481481481481481,27
2011-11-15,1.5714285714285714,1.1428571428571428,21
2011-11-16,2.0,1.6666666666666667,21
2011-11-17,3.4761904761904763,2.380952380952381,21
2011-11-18,4.375,2.375,8
2011-11-19,2.0,1.25,16
2011-11-20,2.361111111111111,1.3888888888888888,36
2011-11-21,4.0,1.8043478260869565,46
2011-11-22,3.096774193548387,1.3870967741935485,31
2011-11-23,2.764705882352941,1.6470588235294117,17
2011-11-24,3.6818181818181817,2.3181818181818183,22
2011-11-25,1.6842105263157894,1.3157894736842106,19
2011-11-26,2.3333333333333335,1.2222222222222223,9
2011-11-27,2.3181818181818183,1.3636363636363635,22
2011-11-28,1.8333333333333333,1.4166666666666667,12
2011-11-29,2.3333333333333335,1.2777777777777777,18
2011-11-30,1.75,1.2083333333333333,24
2011-12-01,2.1818181818181817,1.2121212121212122,33
2011-12-02,1.5588235294117647,1.1764705882352942,34
2011-12-03,1.9,1.25,20
2011-12-04,3.0,1.4375,16
2011-12-05,1.8666666666666667,1.5333333333333334,15
2011-12-06,1.588235294117647,1.1176470588235294,17
2011-12-07,1.6,1.3,20
2011-12-08,2.4,1.4666666666666666,15
2011-12-09,1.4,1.25,20
2011-12-10,2.1875,1.3125,16
2011-12-11,1.9,1.4,10
2011-12-12,2.533333333333333,1.3333333333333333,15
2011-12-13,2.0,1.3333333333333333,18
2011-12-14,1.3636363636363635,1.3181818181818181,22
2011-12-15,4.3076923076923075,3.3846153846153846,26
2011-12-16,6.608695652173913,3.782608695652174,23
2011-12-17,2.727272727272727,1.8181818181818181,22
2011-12-18,1.875,1.4166666666666667,24
2011-12-19,2.227272727272727,1.3636363636363635,22
2011-12-20,1.64,1.24,25
2011-12-21,2.111111111111111,1.3333333333333333,18
2011-12-22,1.6428571428571428,1.3571428571428572,42
2011-12-23,1.6842105263157894,1.1578947368421053,19
2011-12-24,2.1176470588235294,1.7058823529411764,17
2011-12-25,1.411764705882353,1.2941176470588236,17
2011-12-26,1.75,1.375,16
2011-12-27,2.238095238095238,1.3333333333333333,21
2011-12-28,1.9444444444444444,1.3888888888888888,18
2011-12-29,3.526315789473684,1.8421052631578947,19
2011-12-30,1.45,1.2,20
2011-12-31,1.75,1.3125,16
2012-01-01,1.0714285714285714,1.0714285714285714,56
2012-01-02,1.5,1.1666666666666667,18
2012-01-03,2.3043478260869565,1.4782608695652173,23
2012-01-04,1.6896551724137931,1.5172413793103448,29
2012-01-05,1.75,1.25,12
2012-01-06,1.6875,1.1875,16
2012-01-07,1.9285714285714286,1.1428571428571428,14
2012-01-08,1.6923076923076923,1.4615384615384615,13
2012-01-09,2.8947368421052633,1.8421052631578947,19
2012-01-10,1.9473684210526316,1.1578947368421053,19
2012-01-11,4.0,2.5,16
2012-01-12,2.5,1.8333333333333333,24
2012-01-13,3.7333333333333334,2.2666666666666666,15
2012-01-14,2.090909090909091,1.3636363636363635,22
2012-01-15,2.2222222222222223,1.4074074074074074,27
2012-01-16,1.6,1.2285714285714286,35
2012-01-17,1.9767441860465116,1.4651162790697674,43
2012-01-18,1.0,1.0,8
2012-01-19,2.7419354838709675,1.5806451612903225,31
2012-01-20,1.6666666666666667,1.4814814814814814,27
2012-01-21,2.125,1.5416666666666667,24
2012-01-22,1.411764705882353,1.1176470588235294,34
2012-01-23,2.2941176470588234,1.6470588235294117,17
2012-01-24,1.3888888888888888,1.2222222222222223,18
2012-01-25,2.227272727272727,1.4318181818181819,44
2012-01-26,1.3289473684210527,1.144736842105263,76
2012-01-27,2.5789473684210527,1.4210526315789473,19
2012-01-28,1.5789473684210527,1.368421052631579,19
2012-01-29,1.606060606060606,1.3636363636363635,33
2012-01-30,1.5,1.1666666666666667,24
2012-01-31,1.4285714285714286,1.2857142857142858,14
2012-02-01,1.2666666666666666,1.1666666666666667,60
2012-02-02,1.9285714285714286,1.3928571428571428,28
2012-02-03,1.2352941176470589,1.0980392156862746,51
2012-02-04,2.0,1.5294117647058822,17
2012-02-05,1.3571428571428572,1.1785714285714286,28
2012-02-06,2.2666666666666666,1.7333333333333334,15
2012-02-07,1.6382978723404256,1.2659574468085106,94
2012-02-08,2.1052631578947367,1.263157894736842,19
2012-02-09,2.375,1.4583333333333333,24
2012-02-10,2.206896551724138,1.4482758620689655,29
2012-02-11,2.8181818181818183,1.3636363636363635,11
2012-02-12,1.75,1.3125,16
2012-02-13,4.0,2.0,19
2012-02-14,2.76,1.88,25
2012-02-15,1.375,1.25,24
2012-02-16,2.5483870967741935,1.7419354838709677,31
2012-02-17,3.05,1.7,20
2012-02-18,2.2142857142857144,1.3928571428571428,28
2012-02-19,1.4615384615384615,1.3846153846153846,13
2012-02-20,2.0526315789473686,1.1578947368421053,38
2012-02-21,1.7142857142857142,1.2142857142857142,28
2012-02-22,1.9310344827586208,1.6206896551724137,29
2012-02-23,1.9285714285714286,1.3571428571428572,14
2012-02-24,2.739130434782609,1.391304347826087,23
2012-02-25,1.4736842105263157,1.0526315789473684,19
2012-02-26,1.8571428571428572,1.2142857142857142,14
2012-02-27,2.7,1.4,10
2012-02-28,1.375,1.25,16
2012-02-29,1.75,1.35,20
2012-03-01,2.875,1.6666666666666667,24
2012-03-02,1.6521739130434783,1.3478260869565217,23
2012-03-03,1.8571428571428572,1.3571428571428572,14
2012-03-04,1.5555555555555556,1.1666666666666667,18
2012-03-05,2.0526315789473686,1.2105263157894737,19
2012-03-06,1.44,1.16,25
2012-03-07,3.5454545454545454,2.5454545454545454,22
2012-03-08,2.096774193548387,1.6451612903225807,31
2012-03-09,1.7857142857142858,1.3095238095238095,42
2012-03-10,1.962962962962963,1.1481481481481481,27
2012-03-11,1.8461538461538463,1.3461538461538463,26
2012-03-12,2.3666666666666667,1.3333333333333333,30
2012-03-13,2.25,1.125,24
2012-03-14,1.6097560975609757,1.3170731707317074,41
2012-03-15,2.074074074074074,1.4444444444444444,27
2012-03-16,1.4038461538461537,1.0961538461538463,52
2012-03-17,1.3108108108108107,1.162162162162162,74
2012-03-18,1.9090909090909092,1.0909090909090908,11
2012-03-19,2.5,1.3333333333333333,18
2012-03-20,2.0,1.2857142857142858,14
2012-03-21,3.0,1.28,25
2012-03-22,1.6774193548387097,1.2903225806451613,31
2012-03-23,1.4210526315789473,1.105263157894737,19
2012-03-24,1.8095238095238095,1.1428571428571428,21
2012-03-25,1.5333333333333334,1.2,15
2012-03-26,1.9565217391304348,1.3043478260869565,23
2012-03-27,1.6818181818181819,1.3181818181818181,22
2012-03-28,3.5454545454545454,2.6363636363636362,11
2012-03-29,2.130434782608696,1.608695652173913,23
2012-03-30,2.0454545454545454,1.5454545454545454,22
2012-03-31,3.0,2.0,9
2012-04-01,2.875,2.0,8
2012-04-02,2.4,1.2,20
2012-04-03,2.0,1.3333333333333333,15
2012-04-04,1.25,1.1666666666666667,24
2012-04-05,1.6153846153846154,1.2692307692307692,26
2012-04-06,1.1666666666666667,1.1,90
2012-04-07,1.8125,1.3125,16
2012-04-08,1.4375,1.3125,16
2012-04-09,2.2941176470588234,1.5294117647058822,17
2012-04-10,2.0952380952380953,1.6666666666666667,21
2012-04-11,2.375,1.5625,16
2012-04-12,2.210526315789474,1.263157894736842,19
2012-04-13,2.411764705882353,2.0,17
2012-04-14,1.4375,1.125,16
2012-04-15,1.3076923076923077,1.1538461538461537,13
2012-04-16,2.35,1.55,20
2012-04-17,1.8,1.3,20
2012-04-18,1.9375,1.3125,16
2012-04-19,1.2727272727272727,1.1818181818181819,11
2012-04-20,1.9523809523809523,1.5238095238095237,21
2012-04-21,1.2307692307692308,1.0769230769230769,13
2012-04-22,2.608695652173913,1.565217391304348,23
2012-04-23,2.6666666666666665,1.6,15
2012-04-24,1.9047619047619047,1.380952380952381,21
2012-04-25,2.5,1.625,16
2012-04-26,1.84,1.44,25
2012-04-27,2.0,1.4193548387096775,31
2012-04-28,2.066666666666667,1.4666666666666666,15
2012-04-29,2.3076923076923075,1.6153846153846154,13
2012-04-30,1.6956521739130435,1.2173913043478262,23
2012-05-01,2.2,1.6,20
2012-05-02,2.5,1.5714285714285714,14
2012-05-03,2.0,1.2142857142857142,14
2012-05-04,1.9473684210526316,1.1578947368421053,19
2012-05-05,1.55,1.25,20
2012-05-06,2.2666666666666666,1.6666666666666667,15
2012-05-07,1.8888888888888888,1.3888888888888888,18
2012-05-08,1.793103448275862,1.3103448275862069,29
2012-05-09,1.8518518518518519,1.2962962962962963,27
2012-05-10,2.130434782608696,1.391304347826087,23
2012-05-11,1.7619047619047619,1.2380952380952381,21
2012-05-12,1.3448275862068966,1.1724137931034482,29
2012-05-13,1.5454545454545454,1.2727272727272727,11
2012-05-14,1.411764705882353,1.0588235294117647,17
2012-05-15,2.090909090909091,1.2272727272727273,22
2012-05-16,2.16,1.36,25
2012-05-17,1.6666666666666667,1.25,24
2012-05-18,1.631578947368421,1.2105263157894737,19
2012-05-19,1.4375,1.25,16
2012-05-20,1.7,1.15,20
2012-05-21,2.0,1.3571428571428572,14
2012-05-22,1.875,1.21875,32
2012-05-23,2.7777777777777777,1.6296296296296295,27
2012-05-24,3.142857142857143,1.5714285714285714,28
2012-05-25,1.9130434782608696,1.3043478260869565,23
2012-05-26,2.6363636363636362,1.4545454545454546,11
2012-05-27,1.7692307692307692,1.1538461538461537,13
2012-05-28,2.1538461538461537,1.1538461538461537,13
2012-05-29,1.4761904761904763,1.1428571428571428,21
2012-05-30,2.2083333333333335,1.5416666666666667,24
2012-05-31,3.5454545454545454,1.1363636363636365,22
2012-06-01,2.0434782608695654,1.2173913043478262,23
2012-06-02,1.6666666666666667,1.2,15
2012-06-03,2.0454545454545454,1.1818181818181819,22
2012-06-04,2.0526315789473686,1.2105263157894737,19
2012-06-05,2.235294117647059,1.2941176470588236,34
2012-06-06,2.4242424242424243,1.2424242424242424,33
2012-06-07,1.2777777777777777,1.0,18
2012-06-08,1.4615384615384615,1.1923076923076923,26
2012-06-09,2.066666666666667,1.3,30
2012-06-10,1.0769230769230769,1.0,13
2012-06-11,1.5454545454545454,1.1818181818181819,22
2012-06-12,1.7115384615384615,1.1923076923076923,52
2012-06-13,2.0,1.2142857142857142,42
2012-06-14,1.25,1.0625,16
2012-06-15,1.4642857142857142,1.25,28
2012-06-16,2.0,1.2083333333333333,24
2012-06-17,1.5517241379310345,1.1379310344827587,29
2012-06-18,2.3333333333333335,1.2222222222222223,18
2012-06-19,1.6956521739130435,1.0869565217391304,23
2012-06-20,1.9375,1.375,16
2012-06-21,4.0,2.2666666666666666,15
2012-06-22,2.0,1.1333333333333333,15
2012-06-23,1.5,1.1428571428571428,14
2012-06-24,1.7272727272727273,1.2272727272727273,22
2012-06-25,2.4193548387096775,1.2258064516129032,31
2012-06-26,2.5416666666666665,1.3333333333333333,24
2012-06-27,2.185185185185185,1.5185185185185186,27
2012-06-28,1.6,1.16,25
2012-06-29,4.117647058823529,1.2352941176470589,17
2012-06-30,1.9090909090909092,1.0909090909090908,11
2012-07-01,1.7857142857142858,1.2857142857142858,14
2012-07-02,1.7692307692307692,1.3846153846153846,13
2012-07-03,2.25,1.1,20
2012-07-04,2.6153846153846154,1.6153846153846154,13
2012-07-05,3.0,1.5625,16
2012-07-06,2.0952380952380953,1.3333333333333333,21
2012-07-07,2.0625,1.4375,16
2012-07-08,1.8333333333333333,1.3333333333333333,12
2012-07-09,1.6,1.2571428571428571,35
2012-07-10,1.7777777777777777,1.2592592592592593,27
2012-07-11,2.1052631578947367,1.631578947368421,19
2012-07-12,1.9411764705882353,1.3529411764705883,17
2012-07-13,2.08,1.4,25
2012-07-14,1.5714285714285714,1.4285714285714286,14
2012-07-15,2.235294117647059,1.5294117647058822,17
2012-07-16,1.368421052631579,1.1578947368421053,19
2012-07-17,1.8125,1.125,16
2012-07-18,2.8947368421052633,1.4736842105263157,19
2012-07-19,1.2222222222222223,1.1481481481481481,27
2012-07-20,1.875,1.25,16
2012-07-21,2.5384615384615383,1.4615384615384615,13
2012-07-22,1.1666666666666667,1.1666666666666667,24
2012-07-23,1.7272727272727273,1.4090909090909092,22
2012-07-24,2.260869565217391,1.1304347826086956,23
2012-07-25,3.6,1.55,20
2012-07-26,2.142857142857143,1.3333333333333333,21
2012-07-27,1.631578947368421,1.0526315789473684,19
2012-07-28,1.25,1.0833333333333333,12
2012-07-29,1.2,1.0,5
2012-07-30,1.7272727272727273,1.0909090909090908,22
2012-07-31,1.6666666666666667,1.1111111111111112,18
2012-08-01,2.4285714285714284,1.3928571428571428,28
2012-08-02,2.8,1.45,20
2012-08-03,1.7222222222222223,1.3333333333333333,18
2012-08-04,1.4444444444444444,1.2592592592592593,27
2012-08-05,1.6875,1.0625,16
2012-08-06,3.888888888888889,1.7777777777777777,18
2012-08-07,1.7272727272727273,1.3636363636363635,22
2012-08-08,3.65625,2.0625,32
2012-08-09,5.157894736842105,2.526315789473684,19
2012-08-10,3.125,1.75,24
2012-08-11,14.793103448275861,5.310344827586207,29
2012-08-12,18.88235294117647,4.882352941176471,17
2012-08-13,13.0,3.9,20
2012-08-14,10.041666666666666,2.5833333333333335,24
2012-08-15,6.555555555555555,2.0277777777777777,36
2012-08-16,6.36,2.4,25
2012-08-17,6.931034482758621,2.413793103448276,29
2012-08-18,5.92,2.48,25
2012-08-19,4.954545454545454,2.090909090909091,22
2012-08-20,2.55,1.7,40
2012-08-21,1.96875,1.34375,32
2012-08-22,2.12,1.32,25
2012-08-23,3.185185185185185,1.5925925925925926,27
2012-08-24,3.8421052631578947,1.736842105263158,19
2012-08-25,2.193548387096774,1.2258064516129032,31
2012-08-26,3.2222222222222223,1.8333333333333333,18
2012-08-27,2.09375,1.375,32
2012-08-28,1.7826086956521738,1.391304347826087,23
2012-08-29,3.973684210526316,2.3421052631578947,38
2012-08-30,2.8620689655172415,1.7586206896551724,29
2012-08-31,2.2777777777777777,1.6111111111111112,18
2012-09-01,3.1481481481481484,1.7407407407407407,27
2012-09-02,3.1666666666666665,1.7777777777777777,18
2012-09-03,4.05,2.15,20
2012-09-04,5.0,2.4,25
2012-09-05,3.7037037037037037,2.3333333333333335,27
2012-09-06,1.7647058823529411,1.3529411764705883,34
2012-09-07,3.782608695652174,2.217391304347826,23
2012-09-08,2.8,1.4,25
2012-09-09,1.5,1.1111111111111112,18
2012-09-10,1.75,1.3125,16
2012-09-11,2.0,1.565217391304348,23
2012-09-12,2.3333333333333335,1.375,24
2012-09-13,1.8,1.36,25
2012-09-14,2.78125,1.46875,32
2012-09-15,1.95,1.45,20
2012-09-16,2.9285714285714284,1.2142857142857142,14
2012-09-17,2.0454545454545454,1.3181818181818181,22
2012-09-18,1.9259259259259258,1.2222222222222223,27
2012-09-19,1.9393939393939394,1.1818181818181819,33
2012-09-20,3.3333333333333335,1.6666666666666667,21
2012-09-21,2.935483870967742,1.3870967741935485,31
2012-09-22,3.740740740740741,1.2222222222222223,27
2012-09-23,2.3333333333333335,1.1851851851851851,27
2012-09-24,2.1025641025641026,1.205128205128205,39
2012-09-25,1.9130434782608696,1.2608695652173914,23
2012-09-26,1.8421052631578947,1.105263157894737,38
2012-09-27,1.9230769230769231,1.2307692307692308,26
2012-09-28,2.210526315789474,1.394736842105263,38
2012-09-29,2.15,1.35,20
2012-09-30,2.107142857142857,1.3928571428571428,28
2012-10-01,2.8214285714285716,1.1785714285714286,28
2012-10-02,2.0,1.5,20
2012-10-03,3.074074074074074,1.8148148148148149,27
2012-10-04,2.48,1.44,25
2012-10-05,2.32,1.56,25
2012-10-06,2.4210526315789473,1.9473684210526316,19
2012-10-07,2.6511627906976742,1.5348837209302326,43
2012-10-08,2.84375,1.84375,32
2012-10-09,1.368421052631579,1.1929824561403508,57
2012-10-10,1.7317073170731707,1.3414634146341464,41
2012-10-11,2.8378378378378377,1.6216216216216217,37
2012-10-12,1.8048780487804879,1.3658536585365855,41
2012-10-13,2.066666666666667,1.4666666666666666,15
2012-10-14,1.8421052631578947,1.1578947368421053,19
2012-10-15,2.0,1.3333333333333333,36
2012-10-16,2.125,1.4166666666666667,24
2012-10-17,1.826086956521739,1.2608695652173914,23
2012-10-18,1.9444444444444444,1.3611111111111112,36
2012-10-19,1.75,1.3571428571428572,28
2012-10-20,1.8461538461538463,1.3461538461538463,26
2012-10-21,1.5,1.2272727272727273,22
2012-10-22,2.923076923076923,1.7692307692307692,26
2012-10-23,2.0454545454545454,1.3181818181818181,44
2012-10-24,2.3333333333333335,1.5555555555555556,36
2012-10-25,3.9285714285714284,2.25,28
2012-10-26,1.8076923076923077,1.2692307692307692,26
2012-10-27,1.3043478260869565,1.1304347826086956,23
2012-10-28,1.7083333333333333,1.125,24
2012-10-29,2.3043478260869565,1.391304347826087,23
2012-10-30,1.8974358974358974,1.2564102564102564,39
2012-10-31,2.911111111111111,1.4222222222222223,45
2012-11-01,4.846153846153846,1.3846153846153846,26
2012-11-02,2.375,1.3541666666666667,48
2012-11-03,2.473684210526316,1.3333333333333333,57
2012-11-04,1.9692307692307693,1.2307692307692308,65
2012-11-05,2.24,1.24,50
2012-11-06,2.5526315789473686,1.5526315789473684,38
2012-11-07,3.4285714285714284,2.1530612244897958,98
2012-11-08,3.2916666666666665,1.9895833333333333,96
2012-11-09,2.75,1.6388888888888888,72
2012-11-10,2.0945945945945947,1.3243243243243243,74
2012-11-11,2.5081967213114753,1.4262295081967213,61
2012-11-12,2.6666666666666665,1.8205128205128205,39
2012-11-13,2.787878787878788,1.5757575757575757,33
2012-11-14,2.736842105263158,1.5263157894736843,38
2012-11-15,2.3157894736842106,1.543859649122807,57
2012-11-16,2.473684210526316,1.5526315789473684,38
2012-11-17,2.3055555555555554,1.3611111111111112,36
2012-11-18,2.263157894736842,1.5,38
2012-11-19,1.8333333333333333,1.3333333333333333,42
2012-11-20,2.1129032258064515,1.403225806451613,62
2012-11-21,1.6862745098039216,1.2941176470588236,51
2012-11-22,1.8918918918918919,1.2972972972972974,37
2012-11-23,2.0277777777777777,1.3611111111111112,36
2012-11-24,1.8170731707317074,1.4878048780487805,82
2012-11-25,1.8695652173913044,1.3043478260869565,23
2012-11-26,1.55,1.2,20
2012-11-27,1.75,1.3125,16
2012-11-28,1.6206896551724137,1.2413793103448276,29
2012-11-29,1.68,1.2,25
2012-11-30,2.2142857142857144,1.4285714285714286,28
2012-12-01,2.875,1.3125,16
2012-12-02,1.3478260869565217,1.0434782608695652,23
2012-12-03,1.5384615384615385,1.2307692307692308,26
2012-12-04,1.8709677419354838,1.1290322580645162,31
2012-12-05,1.6756756756756757,1.3513513513513513,37
2012-12-06,2.5238095238095237,1.4761904761904763,21
2012-12-07,2.142857142857143,1.4761904761904763,21
2012-12-08,2.357142857142857,1.4285714285714286,14
2012-12-09,3.357142857142857,1.7142857142857142,14
2012-12-10,1.875,1.3125,16
2012-12-11,1.4444444444444444,1.2592592592592593,27
2012-12-12,1.411764705882353,1.1176470588235294,17
2012-12-13,1.6363636363636365,1.0454545454545454,22
2012-12-14,1.6666666666666667,1.2083333333333333,24
2012-12-15,1.3333333333333333,1.2,15
2012-12-16,2.2857142857142856,1.2142857142857142,14
2012-12-17,2.6470588235294117,1.7647058823529411,17
2012-12-18,1.8333333333333333,1.1666666666666667,24
2012-12-19,2.625,1.5,16
2012-12-20,1.5555555555555556,1.2222222222222223,18
2012-12-21,1.4,1.2,25
2012-12-22,1.9722222222222223,1.1666666666666667,36
2012-12-23,1.5909090909090908,1.3181818181818181,22
2012-12-24,1.3571428571428572,1.2142857142857142,14
2012-12-25,1.3,1.3,10
2012-12-26,1.3888888888888888,1.1666666666666667,18
2012-12-27,2.2222222222222223,1.4444444444444444,18
2012-12-28,2.3333333333333335,1.3333333333333333,9
2012-12-29,1.2962962962962963,1.037037037037037,27
2012-12-30,2.25,1.2,20
2012-12-31,1.5833333333333333,1.25,24
2013-01-01,1.2,1.1333333333333333,15
2013-01-02,1.5526315789473684,1.0789473684210527,38
2013-01-03,3.327272727272727,2.1272727272727274,110
2013-01-04,2.278481012658228,1.5443037974683544,158
2013-01-05,1.9384615384615385,1.2461538461538462,65
2013-01-06,1.953125,1.296875,64
2013-01-07,1.509433962264151,1.150943396226415,53
2013-01-08,2.189189189189189,1.3513513513513513,37
2013-01-09,2.2941176470588234,1.3823529411764706,34
2013-01-10,2.135135135135135,1.2162162162162162,37
2013-01-11,2.340909090909091,1.2272727272727273,44
2013-01-12,1.4054054054054055,1.0810810810810811,37
2013-01-13,1.434782608695652,1.1304347826086956,23
2013-01-14,1.6451612903225807,1.2258064516129032,31
2013-01-15,1.7619047619047619,1.3333333333333333,21
2013-01-16,1.4782608695652173,1.173913043478261,23
2013-01-17,1.6842105263157894,1.263157894736842,19
2013-01-18,1.7027027027027026,1.135135135135135,37
2013-01-19,1.5517241379310345,1.3103448275862069,29
2013-01-20,1.6363636363636365,1.1363636363636365,22
2013-01-21,1.7826086956521738,1.173913043478261,23
2013-01-22,1.5769230769230769,1.3461538461538463,26
2013-01-23,1.4782608695652173,1.173913043478261,46
2013-01-24,2.966666666666667,1.7666666666666666,30
2013-01-25,1.7586206896551724,1.1724137931034482,29
2013-01-26,2.263157894736842,1.4210526315789473,19
2013-01-27,1.543859649122807,1.1578947368421053,57
2013-01-28,1.2692307692307692,1.0576923076923077,52
2013-01-29,1.6842105263157894,1.2105263157894737,38
2013-01-30,1.4285714285714286,1.183673469387755,49
2013-01-31,1.2333333333333334,1.1,30
2013-02-01,1.1938775510204083,1.0918367346938775,98
2013-02-02,1.3559322033898304,1.0847457627118644,59
2013-02-03,1.6153846153846154,1.1538461538461537,39
2013-02-04,1.8620689655172413,1.2413793103448276,29
2013-02-05,1.6,1.15,20
2013-02-06,1.25,1.1,20
2013-02-07,1.425531914893617,1.1063829787234043,47
2013-02-08,1.3846153846153846,1.0769230769230769,26
2013-02-09,1.4333333333333333,1.1333333333333333,30
2013-02-10,1.631578947368421,1.1578947368421053,19
2013-02-11,1.2916666666666667,1.1666666666666667,48
2013-02-12,1.5,1.1785714285714286,28
2013-02-13,1.7,1.3,20
2013-02-14,1.375,1.0625,16
2013-02-15,1.4375,1.125,16
2013-02-16,2.0,1.206896551724138,29
2013-02-17,1.6666666666666667,1.1666666666666667,18
2013-02-18,2.1153846153846154,1.2307692307692308,26
2013-02-19,1.9545454545454546,1.2727272727272727,22
2013-02-20,1.4736842105263157,1.4210526315789473,19
2013-02-21,1.3958333333333333,1.0833333333333333,48
2013-02-22,1.3333333333333333,1.1333333333333333,15
2013-02-23,1.6521739130434783,1.2608695652173914,23
2013-02-24,1.393939393939394,1.2121212121212122,33
2013-02-25,1.9375,1.25,16
2013-02-26,1.8387096774193548,1.5483870967741935,31
2013-02-27,1.6862745098039216,1.4313725490196079,51
2013-02-28,1.3157894736842106,1.1578947368421053,95
2013-03-01,2.710526315789474,1.2894736842105263,38
2013-03-02,1.3333333333333333,1.121212121212121,33
2013-03-03,1.0769230769230769,1.0384615384615385,26
2013-03-04,1.25,1.1875,16
2013-03-05,1.2173913043478262,1.2173913043478262,23
2013-03-06,1.6428571428571428,1.0714285714285714,14
2013-03-07,1.0909090909090908,1.0757575757575757,66
2013-03-08,1.4838709677419355,1.1612903225806452,31
2013-03-09,1.3888888888888888,1.1111111111111112,18
2013-03-10,1.3492063492063493,1.1111111111111112,63
2013-03-11,1.5526315789473684,1.2105263157894737,38
2013-03-12,1.9090909090909092,1.3636363636363635,22
2013-03-13,1.5849056603773586,1.150943396226415,53
2013-03-14,1.3823529411764706,1.1176470588235294,34
2013-03-15,1.3518518518518519,1.1111111111111112,54
2013-03-16,1.2142857142857142,1.0714285714285714,28
2013-03-17,1.4545454545454546,1.1363636363636365,22
2013-03-18,1.696969696969697,1.2727272727272727,33
2013-03-19,1.5714285714285714,1.1904761904761905,21
2013-03-20,1.5,1.1428571428571428,28
2013-03-21,1.1754385964912282,1.0701754385964912,57
2013-03-22,1.3448275862068966,1.0,29
2013-03-23,1.121212121212121,1.0505050505050506,99
2013-03-24,1.4444444444444444,1.0,9
2013-03-25,1.4761904761904763,1.0952380952380953,21
2013-03-26,2.769230769230769,1.3076923076923077,13
2013-03-27,1.5384615384615385,1.3846153846153846,13
2013-03-28,1.7058823529411764,1.2352941176470589,17
2013-03-29,2.9130434782608696,1.6521739130434783,23
2013-03-30,2.3333333333333335,1.4444444444444444,9
2013-03-31,2.533333333333333,1.7333333333333334,15
2013-04-01,1.75,1.5,8
2013-04-02,1.3888888888888888,1.2222222222222223,18
2013-04-03,5.65,1.85,20
2013-04-04,2.8125,2.125,16
2013-04-05,3.0952380952380953,1.619047619047619,21
2013-04-06,1.6071428571428572,1.2857142857142858,28
2013-04-07,2.2142857142857144,1.7142857142857142,14
2013-04-08,1.7222222222222223,1.3888888888888888,18
2013-04-09,2.0714285714285716,1.1428571428571428,14
2013-04-10,2.142857142857143,1.619047619047619,21
2013-04-11,3.0625,1.5,16
2013-04-12,2.1,1.4333333333333333,30
2013-04-13,2.0,1.0,21
2013-04-14,1.8333333333333333,1.2777777777777777,18
2013-04-15,3.0869565217391304,1.2608695652173914,23
2013-04-16,1.68,1.28,25
2013-04-17,2.2,1.3333333333333333,15
2013-04-18,2.56,1.36,25
2013-04-19,1.7647058823529411,1.411764705882353,17
2013-04-20,1.5384615384615385,1.2307692307692308,13
2013-04-21,2.8,1.3,20
2013-04-22,1.28,1.08,75
2013-04-23,2.6875,1.3125,16
2013-04-24,1.2307692307692308,1.1538461538461537,13
2013-04-25,2.142857142857143,1.2380952380952381,21
2013-04-26,1.8095238095238095,1.3333333333333333,21
2013-04-27,1.0,1.0,12
2013-04-28,1.625,1.125,16
2013-04-29,2.3529411764705883,1.0588235294117647,17
2013-04-30,1.8928571428571428,1.3928571428571428,28
2013-05-01,5.25,1.5,12
2013-05-02,3.4285714285714284,1.0,7
2013-05-03,2.0,1.1666666666666667,6
2013-05-04,1.4166666666666667,1.1666666666666667,12
2013-05-05,1.4444444444444444,1.1111111111111112,9
2013-05-06,1.75,1.1666666666666667,12
2013-05-07,1.8205128205128205,1.2307692307692308,39
2013-05-08,4.588235294117647,2.2941176470588234,17
2013-05-09,2.2,1.32,25
2013-05-10,1.0,1.0,16
2013-05-11,1.5294117647058822,1.2352941176470589,17
2013-05-12,1.9230769230769231,1.3076923076923077,13
2013-05-13,2.1875,1.1875,16
2013-05-14,1.4375,1.1875,16
2013-05-15,3.2857142857142856,1.6666666666666667,21
2013-05-16,2.8823529411764706,1.5294117647058822,17
2013-05-17,2.5,1.4285714285714286,14
2013-05-18,1.65,1.05,20
2013-05-19,1.391304347826087,1.2173913043478262,23
2013-05-20,1.7037037037037037,1.1481481481481481,27
2013-05-21,1.7894736842105263,1.2105263157894737,19
2013-05-22,3.235294117647059,1.1176470588235294,17
2013-05-23,2.0689655172413794,1.1724137931034482,29
2013-05-24,1.3125,1.1875,16
2013-05-25,1.4166666666666667,1.25,12
2013-05-26,2.0,1.3571428571428572,14
2013-05-27,3.3636363636363638,1.4545454545454546,11
2013-05-28,1.7,1.4,20
2013-05-29,1.2380952380952381,1.0952380952380953,21
2013-05-30,2.3529411764705883,1.7058823529411764,17
2013-05-31,1.7894736842105263,1.2105263157894737,19
2013-06-01,1.0952380952380953,1.0952380952380953,21
2013-06-02,1.7333333333333334,1.2,15
2013-06-03,1.4375,1.1875,16
2013-06-04,2.2857142857142856,1.3333333333333333,21
2013-06-05,2.6785714285714284,1.6071428571428572,28
2013-06-06,1.96,1.44,25
2013-06-07,1.8461538461538463,1.6153846153846154,13
2013-06-08,1.9,1.1,20
2013-06-09,1.1875,1.0,16
2013-06-10,2.3,1.5,10
2013-06-11,1.411764705882353,1.1176470588235294,17
2013-06-12,1.9,1.25,20
2013-06-13,2.0869565217391304,1.4782608695652173,23
2013-06-14,2.6363636363636362,1.5454545454545454,11
2013-06-15,2.0,1.2,10
2013-06-16,1.5555555555555556,1.1111111111111112,18
2013-06-17,1.0833333333333333,1.0,12
2013-06-18,2.9473684210526314,1.5263157894736843,19
2013-06-19,2.0384615384615383,1.3461538461538463,26
2013-06-20,1.95,1.2,20
2013-06-21,2.4,1.24,25
2013-06-22,2.0555555555555554,1.0555555555555556,18
2013-06-23,2.375,1.25,8
2013-06-24,1.5,1.0714285714285714,14
2013-06-25,1.4545454545454546,1.2272727272727273,22
2013-06-26,1.1290322580645162,1.032258064516129,31
2013-06-27,2.217391304347826,1.5217391304347827,23
2013-06-28,2.857142857142857,1.5714285714285714,14
2013-06-29,2.0,1.1538461538461537,13
2013-06-30,2.142857142857143,1.5,14
2013-07-01,1.7857142857142858,1.2142857142857142,14
2013-07-02,1.6,1.1333333333333333,15
2013-07-03,2.25,1.0,12
2013-07-04,1.6785714285714286,1.5714285714285714,28
2013-07-05,3.625,1.375,8
2013-07-06,2.2,1.2,15
2013-07-07,1.8333333333333333,1.0,12
2013-07-08,2.0,1.1538461538461537,13
2013-07-09,1.6,1.0,5
2013-07-10,1.8181818181818181,1.0909090909090908,11
2013-07-11,1.44,1.16,25
2013-07-12,1.3076923076923077,1.0769230769230769,52
2013-07-13,1.6428571428571428,1.2142857142857142,14
2013-07-14,1.4615384615384615,1.1538461538461537,13
2013-07-15,1.6875,1.0625,16
2013-07-16,1.290909090909091,1.0909090909090908,110
2013-07-17,1.75,1.125,16
2013-07-18,1.4691358024691359,1.1728395061728396,81
2013-07-19,1.4,1.2,15
2013-07-20,1.7037037037037037,1.2592592592592593,27
2013-07-21,1.3,1.0,10
2013-07-22,1.7391304347826086,1.434782608695652,23
2013-07-23,2.2666666666666666,1.6,15
2013-07-24,2.25,1.4375,16
2013-07-25,2.1666666666666665,1.625,48
2013-07-26,1.5952380952380953,1.2380952380952381,42
2013-07-27,1.8,1.3,20
2013-07-28,2.5357142857142856,2.142857142857143,28
2013-07-29,1.95,1.4,20
2013-07-30,1.6666666666666667,1.2777777777777777,18
2013-07-31,1.4,1.0,15
2013-08-01,2.0,1.15,20
2013-08-02,2.6315789473684212,1.4210526315789473,19
2013-08-03,2.0,1.5,8
2013-08-04,1.2666666666666666,1.0,15
2013-08-05,1.4473684210526316,1.105263157894737,38
2013-08-06,2.0588235294117645,1.2352941176470589,51
2013-08-07,1.9444444444444444,1.2222222222222223,54
2013-08-08,1.6666666666666667,1.0952380952380953,21
2013-08-09,3.533333333333333,1.2,15
2013-08-10,1.2941176470588236,1.0588235294117647,17
2013-08-11,1.3333333333333333,1.2222222222222223,9
2013-08-12,1.2,1.1,10
2013-08-13,1.3225806451612903,1.1290322580645162,31
2013-08-14,1.7,1.2666666666666666,30
2013-08-15,2.0,1.1578947368421053,38
2013-08-16,1.608695652173913,1.0434782608695652,23
2013-08-17,1.3,1.1,10
2013-08-18,1.64,1.04,25
2013-08-19,1.6111111111111112,1.0833333333333333,36
2013-08-20,1.78125,1.0625,32
2013-08-21,1.2105263157894737,1.0526315789473684,19
2013-08-22,1.9090909090909092,1.2272727272727273,22
2013-08-23,1.5128205128205128,1.0512820512820513,39
2013-08-24,1.4814814814814814,1.0,27
2013-08-25,1.3888888888888888,1.1111111111111112,36
2013-08-26,1.2291666666666667,1.1041666666666667,48
2013-08-27,1.3428571428571427,1.0571428571428572,35
2013-08-28,1.5675675675675675,1.054054054054054,37
2013-08-29,1.8620689655172413,1.103448275862069,29
2013-08-30,1.4222222222222223,1.1777777777777778,45
2013-08-31,1.2972972972972974,1.162162162162162,37
2013-09-01,1.2857142857142858,1.0952380952380953,21
2013-09-02,1.5714285714285714,1.1428571428571428,7
2013-09-03,1.4375,1.25,16
2013-09-04,1.6153846153846154,1.2307692307692308,13
2013-09-05,1.5,1.1363636363636365,22
2013-09-06,1.7777777777777777,1.2777777777777777,18
2013-09-07,1.625,1.0,16
2013-09-08,2.7142857142857144,1.2142857142857142,14
2013-09-09,1.8571428571428572,1.1428571428571428,7
2013-09-10,1.5333333333333334,1.2,15
2013-09-11,1.7272727272727273,1.2727272727272727,11
2013-09-12,2.0526315789473686,1.263157894736842,19
2013-09-13,1.625,1.0,16
2013-09-14,1.6666666666666667,1.1111111111111112,9
2013-09-15,1.125,1.125,8
2013-09-16,1.6,1.15,20
2013-09-17,2.0,1.0909090909090908,22
2013-09-18,2.375,1.0625,16
2013-09-19,2.7333333333333334,1.2,15
2013-09-20,2.090909090909091,1.2727272727272727,22
2013-09-21,1.3333333333333333,1.1333333333333333,15
2013-09-22,3.1538461538461537,1.5384615384615385,13
2013-09-23,1.7142857142857142,1.2857142857142858,14
2013-09-24,1.5714285714285714,1.2142857142857142,14
2013-09-25,2.6666666666666665,1.6666666666666667,12
2013-09-26,1.7894736842105263,1.263157894736842,19
2013-09-27,1.8181818181818181,1.2727272727272727,11
2013-09-28,1.125,1.0,8
2013-09-29,1.3529411764705883,1.0588235294117647,17
2013-09-30,1.6818181818181819,1.2727272727272727,22
2013-10-01,1.8888888888888888,1.3333333333333333,18
2013-10-02,2.0357142857142856,1.1785714285714286,28
2013-10-03,3.4210526315789473,2.263157894736842,19
2013-10-04,2.590909090909091,1.8636363636363635,22
2013-10-05,5.714285714285714,2.5714285714285716,21
2013-10-06,2.2916666666666665,1.2916666666666667,24
2013-10-07,1.736842105263158,1.3157894736842106,19
2013-10-08,2.823529411764706,1.7647058823529411,17
2013-10-09,1.967741935483871,1.1290322580645162,31
2013-10-10,2.1333333333333333,1.4333333333333333,30
2013-10-11,2.823529411764706,1.2352941176470589,17
2013-10-12,2.064516129032258,1.2258064516129032,31
2013-10-13,1.7058823529411764,1.1176470588235294,17
2013-10-14,2.0,1.375,16
2013-10-15,2.0434782608695654,1.2173913043478262,23
2013-10-16,1.375,1.2083333333333333,24
2013-10-17,1.425,1.175,40
2013-10-18,2.3,1.6,20
2013-10-19,2.6666666666666665,1.2222222222222223,18
2013-10-20,1.0,1.0,18
2013-10-21,1.7142857142857142,1.1428571428571428,21
2013-10-22,2.081081081081081,1.1891891891891893,37
2013-10-23,2.6818181818181817,1.2272727272727273,22
2013-10-24,2.5,1.4,30
2013-10-25,2.96,1.28,25
2013-10-26,3.4347826086956523,1.391304347826087,23
2013-10-27,2.8181818181818183,1.0,11
2013-10-28,1.4090909090909092,1.1818181818181819,22
2013-10-29,1.6666666666666667,1.1333333333333333,15
2013-10-30,1.9038461538461537,1.1153846153846154,52
2013-10-31,2.5306122448979593,1.1020408163265305,49
2013-11-01,2.2972972972972974,1.2162162162162162,37
2013-11-02,2.2,1.3,20
2013-11-03,3.75,1.5,20
2013-11-04,1.878787878787879,1.303030303030303,33
2013-11-05,1.8148148148148149,1.2962962962962963,27
2013-11-06,2.7142857142857144,1.6666666666666667,21
2013-11-07,1.7826086956521738,1.2608695652173914,23
2013-11-08,1.7619047619047619,1.2857142857142858,21
2013-11-09,2.6363636363636362,1.1818181818181819,11
2013-11-10,1.8666666666666667,1.2,15
2013-11-11,2.0,1.2272727272727273,22
2013-11-12,4.875,1.4375,16
2013-11-13,1.75,1.25,8
2013-11-14,1.3888888888888888,1.2777777777777777,18
2013-11-15,2.3125,1.4375,16
2013-11-16,3.2857142857142856,1.4285714285714286,7
2013-11-17,3.0,1.6363636363636365,11
2013-11-18,1.64,1.4,25
2013-11-19,1.65,1.2,20
2013-11-20,5.461538461538462,1.3076923076923077,13
2013-11-21,1.875,1.375,16
2013-11-22,3.1666666666666665,1.25,12
2013-11-23,1.6666666666666667,1.1111111111111112,9
2013-11-24,2.2666666666666666,1.1333333333333333,15
2013-11-25,3.375,1.3125,16
2013-11-26,2.3181818181818183,1.1818181818181819,22
2013-11-27,2.4615384615384617,1.1538461538461537,13
2013-11-28,1.5833333333333333,1.2777777777777777,36
2013-11-29,1.8571428571428572,1.2142857142857142,14
2013-11-30,3.2,1.3,10
2013-12-01,1.125,1.0,8
2013-12-02,1.7333333333333334,1.0,15
2013-12-03,2.857142857142857,1.3571428571428572,14
2013-12-04,1.9130434782608696,1.434782608695652,23
2013-12-05,2.96,1.6,25
2013-12-06,1.9,1.15,20
2013-12-07,2.0,1.5,6
2013-12-08,1.5833333333333333,1.5,12
2013-12-09,1.5263157894736843,1.263157894736842,19
2013-12-10,1.2142857142857142,1.1428571428571428,14
2013-12-11,2.142857142857143,1.3571428571428572,14
2013-12-12,3.3846153846153846,1.4615384615384615,13
2013-12-13,2.0588235294117645,1.411764705882353,17
2013-12-14,1.7692307692307692,1.0,13
2013-12-15,1.9,1.2,10
2013-12-16,1.2307692307692308,1.0769230769230769,13
2013-12-17,2.4210526315789473,1.4736842105263157,19
2013-12-18,2.4,1.4,20
2013-12-19,1.4375,1.1875,16
2013-12-20,1.6666666666666667,1.1666666666666667,12
2013-12-21,1.1666666666666667,1.0833333333333333,12
2013-12-22,1.2777777777777777,1.1666666666666667,18
2013-12-23,1.9285714285714286,1.2142857142857142,14
2013-12-24,1.1666666666666667,1.1,30
2013-12-25,1.3125,1.0625,16
2013-12-26,1.5263157894736843,1.0,19
2013-12-27,1.2222222222222223,1.2222222222222223,9
2013-12-28,1.3636363636363635,1.1818181818181819,11
2013-12-29,1.8,1.3,10
2013-12-30,1.3636363636363635,1.0,11
2013-12-31,1.125,1.0625,16
2014-01-01,1.263157894736842,1.1578947368421053,19
2014-01-02,1.9375,1.3125,16
2014-01-03,2.7857142857142856,1.7142857142857142,14
2014-01-04,1.8823529411764706,1.5294117647058822,17
2014-01-05,2.5833333333333335,2.1666666666666665,12
2014-01-06,1.9,1.35,20
2014-01-07,1.2666666666666666,1.0222222222222221,45
2014-01-08,1.6896551724137931,1.3448275862068966,29
2014-01-09,1.8,1.24,25
2014-01-10,1.7777777777777777,1.2777777777777777,18
2014-01-11,2.2666666666666666,1.1333333333333333,15
2014-01-12,1.5384615384615385,1.1538461538461537,13
2014-01-13,1.9285714285714286,1.5,14
2014-01-14,3.7142857142857144,1.5,14
2014-01-15,1.2666666666666666,1.1333333333333333,15
2014-01-16,1.625,1.1875,16
2014-01-17,1.8823529411764706,1.1176470588235294,17
2014-01-18,2.3333333333333335,1.1666666666666667,12
2014-01-19,4.0,1.4,15
2014-01-20,2.4,1.2,15
2014-01-21,1.5,1.0833333333333333,12
2014-01-22,1.95,1.05,20
2014-01-23,2.933333333333333,1.2666666666666666,15
2014-01-24,1.8181818181818181,1.1818181818181819,11
2014-01-25,6.2727272727272725,1.3636363636363635,11
2014-01-26,2.05,1.15,20
2014-01-27,4.066666666666666,1.4,15
2014-01-28,2.12,1.24,25
2014-01-29,6.52,3.2,25
2014-01-30,2.36,1.6,25
2014-01-31,2.09375,1.59375,32
2014-02-01,1.5384615384615385,1.2307692307692308,13
2014-02-02,1.3846153846153846,1.1282051282051282,39
2014-02-03,2.625,1.2916666666666667,24
2014-02-04,3.235294117647059,1.7058823529411764,17
2014-02-05,2.09375,1.5,32
2014-02-06,1.5925925925925926,1.1481481481481481,27
2014-02-07,1.6875,1.5,16
2014-02-08,1.4871794871794872,1.1794871794871795,39
2014-02-09,1.5588235294117647,1.2058823529411764,34
2014-02-10,1.9230769230769231,1.4615384615384615,13
2014-02-11,1.826086956521739,1.3043478260869565,23
2014-02-12,1.8421052631578947,1.368421052631579,19
2014-02-13,1.6,1.3333333333333333,15
2014-02-14,2.76,1.24,25
2014-02-15,1.2345679012345678,1.0740740740740742,81
2014-02-16,1.9310344827586208,1.4482758620689655,29
2014-02-17,1.2,1.1333333333333333,15
2014-02-18,1.375,1.125,16
2014-02-19,1.9333333333333333,1.4,15
2014-02-20,1.5,1.125,16
2014-02-21,3.0,1.1111111111111112,9
2014-02-22,2.142857142857143,1.4285714285714286,14
2014-02-23,1.308411214953271,1.1869158878504673,107
2014-02-24,1.4444444444444444,1.1111111111111112,18
2014-02-25,1.75,1.1875,16
2014-02-26,1.5263157894736843,1.1578947368421053,19
2014-02-27,1.8421052631578947,1.3157894736842106,19
2014-02-28,3.1818181818181817,1.2727272727272727,11
2014-03-01,2.6470588235294117,1.588235294117647,17
2014-03-02,1.7857142857142858,1.0,14
2014-03-03,2.1333333333333333,1.4,15
2014-03-04,1.1111111111111112,1.0555555555555556,18
2014-03-05,2.1363636363636362,1.6363636363636365,22
2014-03-06,3.08,1.6,25
2014-03-07,2.0285714285714285,1.2,35
2014-03-08,1.3968253968253967,1.0952380952380953,63
2014-03-09,1.876923076923077,1.123076923076923,65
2014-03-10,1.3214285714285714,1.1071428571428572,56
2014-03-11,1.3734939759036144,1.0963855421686748,83
2014-03-12,1.5416666666666667,1.25,24
2014-03-13,1.6428571428571428,1.2857142857142858,14
2014-03-14,1.9375,1.3125,16
2014-03-15,1.3529411764705883,1.1176470588235294,17
2014-03-16,1.6666666666666667,1.2222222222222223,9
2014-03-17,2.625,1.25,8
2014-03-18,2.142857142857143,1.2380952380952381,21
2014-03-19,2.1,1.15,20
2014-03-20,1.3888888888888888,1.2222222222222223,18
2014-03-21,1.7142857142857142,1.1428571428571428,14
2014-03-22,1.6666666666666667,1.25,12
2014-03-23,2.533333333333333,1.7333333333333334,15
2014-03-24,4.333333333333333,1.5,12
2014-03-25,1.2352941176470589,1.1764705882352942,17
2014-03-26,1.875,1.0,8
2014-03-27,1.2962962962962963,1.1111111111111112,27
2014-03-28,1.36,1.08,25
2014-03-29,2.0,1.1875,16
2014-03-30,1.2941176470588236,1.1176470588235294,17
2014-03-31,1.5294117647058822,1.2352941176470589,17
2014-04-01,3.1666666666666665,1.3333333333333333,12
2014-04-02,1.4444444444444444,1.1111111111111112,27
2014-04-03,3.2142857142857144,1.2142857142857142,14
2014-04-04,3.6470588235294117,1.5294117647058822,17
2014-04-05,1.75,1.1875,16
2014-04-06,1.6666666666666667,1.2222222222222223,9
2014-04-07,2.5555555555555554,1.6111111111111112,18
2014-04-08,6.666666666666667,2.9166666666666665,12
2014-04-09,7.133333333333334,2.2666666666666666,15
2014-04-10,2.4,1.5,20
2014-04-11,1.7777777777777777,1.2222222222222223,9
2014-04-12,2.4285714285714284,1.3571428571428572,14
2014-04-13,1.875,1.4375,16
2014-04-14,1.5476190476190477,1.2142857142857142,42
2014-04-15,1.5789473684210527,1.1578947368421053,19
2014-04-16,1.8333333333333333,1.7142857142857142,42
2014-04-17,1.6111111111111112,1.1666666666666667,18
2014-04-18,1.4782608695652173,1.0869565217391304,23
2014-04-19,1.6538461538461537,1.1538461538461537,26
2014-04-20,1.8333333333333333,1.0416666666666667,24
2014-04-21,1.0769230769230769,1.0,13
2014-04-22,1.6363636363636365,1.2272727272727273,22
2014-04-23,2.814814814814815,1.4814814814814814,27
2014-04-24,4.444444444444445,1.3333333333333333,9
2014-04-25,3.0,1.5,14
2014-04-26,2.2222222222222223,1.6666666666666667,9
2014-04-27,2.3333333333333335,1.1111111111111112,9
2014-04-28,1.825,1.325,40
2014-04-29,2.588235294117647,1.588235294117647,17
2014-04-30,2.590909090909091,1.1363636363636365,22
2014-05-01,2.3529411764705883,1.2941176470588236,17
2014-05-02,2.4761904761904763,1.1904761904761905,21
2014-05-03,1.4,1.1,10
2014-05-04,1.4615384615384615,1.2307692307692308,13
2014-05-05,1.5714285714285714,1.1428571428571428,21
2014-05-06,2.9411764705882355,1.8235294117647058,17
2014-05-07,2.1875,1.25,32
2014-05-08,2.28125,1.5,32
2014-05-09,3.263157894736842,1.3157894736842106,19
2014-05-10,1.1538461538461537,1.0,13
2014-05-11,2.08,1.52,25
2014-05-12,1.6521739130434783,1.3478260869565217,23
2014-05-13,2.0,1.619047619047619,21
2014-05-14,2.2857142857142856,1.6666666666666667,21
2014-05-15,2.933333333333333,1.6666666666666667,15
2014-05-16,2.727272727272727,1.2727272727272727,11
2014-05-17,1.5,1.2,10
2014-05-18,1.8571428571428572,1.1428571428571428,7
2014-05-19,4.545454545454546,1.6363636363636365,11
2014-05-20,2.28,1.32,25
2014-05-21,2.2941176470588234,1.411764705882353,17
2014-05-22,6.25,1.5,8
2014-05-23,2.772727272727273,1.2727272727272727,22
2014-05-24,1.0,1.0,6
2014-05-25,1.1538461538461537,1.0769230769230769,13
2014-05-26,2.9285714285714284,1.1428571428571428,14
2014-05-27,2.1739130434782608,1.173913043478261,23
2014-05-28,1.7272727272727273,1.2272727272727273,22
2014-05-29,1.4,1.35,20
2014-05-30,1.4761904761904763,1.2857142857142858,21
2014-05-31,1.4615384615384615,1.1538461538461537,13
2014-06-01,2.0,1.6153846153846154,13
2014-06-02,2.0,1.1666666666666667,12
2014-06-03,2.0526315789473686,1.263157894736842,19
2014-06-04,1.4,1.2,15
2014-06-05,2.25,1.0625,16
2014-06-06,1.1428571428571428,1.0714285714285714,14
2014-06-07,1.9473684210526316,1.105263157894737,19
2014-06-08,2.5,1.3333333333333333,12
2014-06-09,5.333333333333333,1.2,15
2014-06-10,2.25,1.3125,16
2014-06-11,1.5,1.1071428571428572,28
2014-06-12,1.619047619047619,1.4285714285714286,21
2014-06-13,2.0,1.2666666666666666,15
2014-06-14,1.7,1.2,10
2014-06-15,1.125,1.125,8
2014-06-16,2.9411764705882355,1.2941176470588236,17
2014-06-17,2.5454545454545454,1.2727272727272727,11
2014-06-18,2.0,1.3181818181818181,22
2014-06-19,7.266666666666667,2.533333333333333,15
2014-06-20,2.739130434782609,1.5217391304347827,23
2014-06-21,1.1875,1.0625,16
2014-06-22,2.75,1.45,20
2014-06-23,1.8823529411764706,1.411764705882353,17
2014-06-24,2.25,1.375,24
2014-06-25,2.7777777777777777,1.3703703703703705,27
2014-06-26,1.187725631768953,1.0433212996389891,277
2014-06-27,1.631578947368421,1.0921052631578947,76
2014-06-28,1.9411764705882353,1.0588235294117647,17
2014-06-29,2.3,1.2,10
2014-06-30,1.4285714285714286,1.2857142857142858,14
2014-07-01,1.8235294117647058,1.0588235294117647,17
2014-07-02,2.4444444444444446,1.4444444444444444,9
2014-07-03,1.8421052631578947,1.263157894736842,19
2014-07-04,1.6,1.25,20
2014-07-05,1.2727272727272727,1.0,11
2014-07-06,2.0,1.1818181818181819,11
2014-07-07,1.7647058823529411,1.2352941176470589,17
2014-07-08,2.0,1.3,10
2014-07-09,2.1333333333333333,1.2,15
2014-07-10,1.368421052631579,1.105263157894737,19
2014-07-11,2.263157894736842,1.5263157894736843,19
2014-07-12,2.611111111111111,1.5555555555555556,18
2014-07-13,1.5625,1.3125,16
2014-07-14,2.28,1.72,25
2014-07-15,3.3333333333333335,2.0,21
2014-07-16,1.6666666666666667,1.2857142857142858,21
2014-07-17,1.894736842105263,1.105263157894737,19
2014-07-18,1.9,1.2,10
2014-07-19,2.857142857142857,1.8571428571428572,7
2014-07-20,1.8461538461538463,1.0,13
2014-07-21,2.2222222222222223,1.6666666666666667,9
2014-07-22,1.7894736842105263,1.105263157894737,19
2014-07-23,2.9130434782608696,1.3043478260869565,23
2014-07-24,1.88,1.24,25
2014-07-25,1.75,1.25,16
2014-07-26,1.4285714285714286,1.2857142857142858,7
2014-07-27,1.9166666666666667,1.0833333333333333,12
2014-07-28,1.9047619047619047,1.0952380952380953,21
2014-07-29,1.1578947368421053,1.0526315789473684,19
2014-07-30,1.9230769230769231,1.2692307692307692,26
2014-07-31,1.1458333333333333,1.0625,96
2014-08-01,1.375,1.1875,64
2014-08-02,2.111111111111111,1.3888888888888888,18
2014-08-03,1.7692307692307692,1.2307692307692308,13
2014-08-04,1.378787878787879,1.1515151515151516,66
2014-08-05,3.0,1.625,16
2014-08-06,2.3278688524590163,1.2622950819672132,61
2014-08-07,1.8545454545454545,1.2363636363636363,55
2014-08-08,1.3174603174603174,1.0952380952380953,63
2014-08-09,1.3666666666666667,1.0666666666666667,30
2014-08-10,1.125,1.0625,16
2014-08-11,1.8636363636363635,1.3863636363636365,44
2014-08-12,2.317073170731707,1.2682926829268293,41
2014-08-13,2.6,1.2,10
2014-08-14,4.409090909090909,1.3636363636363635,22
2014-08-15,1.8125,1.3125,16
2014-08-16,1.0,1.0,5
2014-08-17,1.4444444444444444,1.1666666666666667,18
2014-08-18,2.1333333333333333,1.7333333333333334,15
2014-08-19,3.3636363636363638,1.2727272727272727,22
2014-08-20,1.8888888888888888,1.3333333333333333,18
2014-08-21,2.0833333333333335,1.3333333333333333,12
2014-08-22,1.7272727272727273,1.2727272727272727,11
2014-08-23,2.0,1.3333333333333333,9
2014-08-24,2.1538461538461537,1.0769230769230769,13
2014-08-25,2.3333333333333335,1.1428571428571428,21
2014-08-26,1.5833333333333333,1.1666666666666667,12
2014-08-27,2.75,1.25,12
2014-08-28,2.909090909090909,1.3181818181818181,22
2014-08-29,3.5,1.4090909090909092,22
2014-08-30,2.533333333333333,1.0666666666666667,15
2014-08-31,1.2,1.0,10
2014-09-01,1.619718309859155,1.1408450704225352,71
2014-09-02,1.5,1.2352941176470589,34
2014-09-03,3.263157894736842,1.263157894736842,19
2014-09-04,3.111111111111111,1.2962962962962963,27
2014-09-05,2.2413793103448274,1.3793103448275863,29
2014-09-06,1.4615384615384615,1.1538461538461537,13
2014-09-07,1.7619047619047619,1.2857142857142858,21
2014-09-08,1.8709677419354838,1.2580645161290323,31
2014-09-09,2.3684210526315788,1.1578947368421053,19
2014-09-10,2.3181818181818183,1.4545454545454546,22
2014-09-11,2.2,1.28,25
2014-09-12,3.4,1.2,20
2014-09-13,2.7857142857142856,1.3571428571428572,28
2014-09-14,4.0,1.6666666666666667,12
2014-09-15,2.533333333333333,1.6,15
2014-09-16,1.4705882352941178,1.2352941176470589,17
2014-09-17,2.0625,1.5,16
2014-09-18,1.52,1.16,25
2014-09-19,1.5789473684210527,1.2105263157894737,19
2014-09-20,2.0,1.3333333333333333,12
2014-09-21,1.0,1.0,13
2014-09-22,1.3888888888888888,1.2222222222222223,18
2014-09-23,1.25,1.0833333333333333,12
2014-09-24,3.3,2.0,10
2014-09-25,1.4615384615384615,1.3846153846153846,13
2014-09-26,1.896551724137931,1.206896551724138,29
2014-09-27,1.4285714285714286,1.3333333333333333,21
2014-09-28,1.8235294117647058,1.2352941176470589,17
2014-09-29,3.6956521739130435,1.565217391304348,23
2014-09-30,2.12,1.56,25
2014-10-01,2.4375,1.4375,16
2014-10-02,3.59375,1.5625,32
2014-10-03,3.125,1.6666666666666667,24
2014-10-04,1.3333333333333333,1.3333333333333333,12
2014-10-05,3.1818181818181817,1.3636363636363635,11
2014-10-06,3.7,1.8,20
2014-10-07,2.736842105263158,1.4736842105263157,19
2014-10-08,2.057142857142857,1.3428571428571427,35
2014-10-09,1.4285714285714286,1.1428571428571428,14
2014-10-10,2.5833333333333335,1.4166666666666667,12
2014-10-11,2.75,1.25,12
2014-10-12,2.5294117647058822,1.2941176470588236,17
2014-10-13,2.21875,1.28125,32
2014-10-14,2.0,1.3846153846153846,26
2014-10-15,2.727272727272727,1.6363636363636365,22
2014-10-16,2.411764705882353,1.2941176470588236,17
2014-10-17,1.52,1.24,25
2014-10-18,2.875,1.625,16
2014-10-19,2.8823529411764706,1.4705882352941178,17
2014-10-20,1.4651162790697674,1.1395348837209303,86
2014-10-21,1.96,1.32,25
2014-10-22,1.7894736842105263,1.631578947368421,19
2014-10-23,1.3,1.1,20
2014-10-24,2.1052631578947367,1.4736842105263157,19
2014-10-25,1.4074074074074074,1.1111111111111112,27
2014-10-26,2.6818181818181817,1.5454545454545454,22
2014-10-27,1.5789473684210527,1.368421052631579,19
2014-10-28,2.642857142857143,1.3571428571428572,14
2014-10-29,2.4444444444444446,1.6111111111111112,18
2014-10-30,1.7058823529411764,1.5294117647058822,17
2014-10-31,1.8333333333333333,1.5,18
2014-11-01,2.388888888888889,1.5555555555555556,18
2014-11-02,2.5,1.4545454545454546,22
2014-11-03,1.8928571428571428,1.3571428571428572,28
2014-11-04,2.857142857142857,2.0476190476190474,21
2014-11-05,3.7027027027027026,2.22972972972973,74
2014-11-06,2.6129032258064515,1.8870967741935485,62
2014-11-07,1.9210526315789473,1.5,38
2014-11-08,1.4262295081967213,1.180327868852459,61
2014-11-09,2.1555555555555554,1.2444444444444445,45
2014-11-10,1.8666666666666667,1.2666666666666666,30
2014-11-11,1.880952380952381,1.4047619047619047,42
2014-11-12,2.142857142857143,1.2857142857142858,28
2014-11-13,2.84,1.84,25
2014-11-14,1.7307692307692308,1.3461538461538463,26
2014-11-15,2.5,1.4090909090909092,22
2014-11-16,2.0588235294117645,1.1764705882352942,17
2014-11-17,1.5454545454545454,1.1818181818181819,22
2014-11-18,1.5,1.1111111111111112,18
2014-11-19,1.9090909090909092,1.303030303030303,33
2014-11-20,1.36,1.0,25
2014-11-21,1.9090909090909092,1.4090909090909092,22
2014-11-22,1.4782608695652173,1.0869565217391304,23
2014-11-23,2.0714285714285716,1.0714285714285714,14
2014-11-24,2.3684210526315788,1.263157894736842,19
2014-11-25,2.076923076923077,1.1538461538461537,13
2014-11-26,1.1538461538461537,1.0,13
2014-11-27,1.1,1.0,10
2014-11-28,1.8888888888888888,1.1111111111111112,9
2014-11-29,2.076923076923077,1.0769230769230769,13
2014-11-30,1.5454545454545454,1.0909090909090908,11
2014-12-01,1.7391304347826086,1.173913043478261,23
2014-12-02,2.3157894736842106,1.4210526315789473,19
2014-12-03,2.357142857142857,1.4285714285714286,14
2014-12-04,1.2692307692307692,1.1153846153846154,26
2014-12-05,1.3181818181818181,1.1363636363636365,22
2014-12-06,2.888888888888889,1.0,9
2014-12-07,4.222222222222222,2.111111111111111,9
2014-12-08,1.4090909090909092,1.1818181818181819,22
2014-12-09,5.4,1.7333333333333334,15
2014-12-10,1.8076923076923077,1.5,26
2014-12-11,3.0454545454545454,2.1363636363636362,22
2014-12-12,1.7619047619047619,1.3333333333333333,21
2014-12-13,2.2,1.2666666666666666,15
2014-12-14,1.736842105263158,1.1578947368421053,19
2014-12-15,1.2857142857142858,1.0714285714285714,14
2014-12-16,1.588235294117647,1.0,17
2014-12-17,1.9285714285714286,1.4285714285714286,14
2014-12-18,1.9411764705882353,1.1764705882352942,17
2014-12-19,2.375,1.125,16
2014-12-20,1.0,1.0,2
2014-12-21,1.2727272727272727,1.1818181818181819,11
2014-12-22,1.8095238095238095,1.0952380952380953,21
2014-12-23,1.5555555555555556,1.1111111111111112,18
2014-12-24,1.4615384615384615,1.2307692307692308,13
2014-12-25,2.0,1.4545454545454546,11
2014-12-26,1.5,1.1428571428571428,28
2014-12-27,1.7,1.2,10
2014-12-28,2.3225806451612905,1.032258064516129,31
2014-12-29,2.14,1.1,50
2014-12-30,2.6,1.7,20
2014-12-31,5.384615384615385,2.076923076923077,13
2015-01-01,2.0,1.625,8
2015-01-02,1.9767441860465116,1.255813953488372,43
2015-01-03,1.4473684210526316,1.0789473684210527,38
2015-01-04,1.738255033557047,1.429530201342282,149
2015-01-05,2.0,1.5203252032520325,123
2015-01-06,1.3376623376623376,1.12987012987013,231
2015-01-07,1.4074074074074074,1.2469135802469136,81
2015-01-08,1.5630252100840336,1.218487394957983,119
2015-01-09,1.4018691588785046,1.0841121495327102,107
2015-01-10,1.6629213483146068,1.1797752808988764,89
2015-01-11,1.3544303797468353,1.1772151898734178,79
2015-01-12,1.6,1.12,25
2015-01-13,2.0,1.44,25
2015-01-14,4.076923076923077,2.769230769230769,13
2015-01-15,2.6363636363636362,1.9090909090909092,11
2015-01-16,1.2777777777777777,1.2222222222222223,18
2015-01-17,1.8461538461538463,1.0769230769230769,13
2015-01-18,1.2857142857142858,1.0714285714285714,14
2015-01-19,2.3333333333333335,1.25,12
2015-01-20,1.1176470588235294,1.0,17
2015-01-21,1.5,1.3571428571428572,14
2015-01-22,1.5333333333333334,1.2,15
2015-01-23,1.625,1.0625,16
2015-01-24,1.2222222222222223,1.0,9
2015-01-25,2.0,1.0526315789473684,19
2015-01-26,1.1538461538461537,1.1538461538461537,13
2015-01-27,1.0909090909090908,1.0909090909090908,11
2015-01-28,1.2142857142857142,1.0,14
2015-01-29,2.090909090909091,1.6363636363636365,11
2015-01-30,1.7857142857142858,1.5714285714285714,14
2015-01-31,1.6,1.2,25
2015-02-01,2.0,1.1875,16
2015-02-02,1.403225806451613,1.1774193548387097,62
2015-02-03,1.4,1.2,15
2015-02-04,2.8461538461538463,1.6923076923076923,13
2015-02-05,2.6666666666666665,1.1904761904761905,21
2015-02-06,1.4642857142857142,1.1071428571428572,28
2015-02-07,1.255813953488372,1.1395348837209303,43
2015-02-08,1.2666666666666666,1.1333333333333333,30
2015-02-09,1.6521739130434783,1.2173913043478262,23
2015-02-10,1.1666666666666667,1.0,12
2015-02-11,1.8,1.3333333333333333,15
2015-02-12,1.3333333333333333,1.0555555555555556,18
2015-02-13,1.25,1.1666666666666667,12
2015-02-14,1.7142857142857142,1.2857142857142858,21
2015-02-15,1.608695652173913,1.2173913043478262,23
2015-02-16,1.48,1.16,25
2015-02-17,2.0833333333333335,1.25,12
2015-02-18,1.6,1.2666666666666666,15
2015-02-19,2.3846153846153846,1.5769230769230769,26
2015-02-20,1.375,1.375,16
2015-02-21,1.3333333333333333,1.1333333333333333,15
2015-02-22,1.3846153846153846,1.0,13
2015-02-23,1.6470588235294117,1.2941176470588236,17
2015-02-24,1.7333333333333334,1.2666666666666666,15
2015-02-25,1.9285714285714286,1.3571428571428572,14
2015-02-26,1.95,1.4,20
2015-02-27,2.0,1.4666666666666666,15
2015-02-28,1.2608695652173914,1.0434782608695652,23
2015-03-01,1.4666666666666666,1.0666666666666667,15
2015-03-02,2.411764705882353,1.411764705882353,17
2015-03-03,2.272727272727273,1.2727272727272727,22
2015-03-04,1.5714285714285714,1.2142857142857142,14
2015-03-05,1.7619047619047619,1.3333333333333333,21
2015-03-06,1.9090909090909092,1.3636363636363635,22
2015-03-07,1.4615384615384615,1.1538461538461537,13
2015-03-08,2.7142857142857144,1.2142857142857142,14
2015-03-09,1.1818181818181819,1.0,11
2015-03-10,1.9230769230769231,1.1538461538461537,13
2015-03-11,1.8181818181818181,1.3636363636363635,11
2015-03-12,5.0,1.375,8
2015-03-13,1.1,1.0,10
2015-03-14,1.9333333333333333,1.4,15
2015-03-15,2.611111111111111,1.2222222222222223,18
2015-03-16,1.5625,1.5,16
2015-03-17,2.4705882352941178,1.411764705882353,17
2015-03-18,2.0,1.4,15
2015-03-19,1.4,1.2666666666666666,15
2015-03-20,2.7857142857142856,1.2857142857142858,14
2015-03-21,1.6666666666666667,1.2666666666666666,15
2015-03-22,1.5625,1.125,16
2015-03-23,1.8571428571428572,1.2380952380952381,21
2015-03-24,1.9166666666666667,1.25,24
2015-03-25,1.75,1.1,20
2015-03-26,1.2777777777777777,1.0,18
2015-03-27,1.6428571428571428,1.0714285714285714,14
2015-03-28,2.357142857142857,1.0,14
2015-03-29,2.923076923076923,1.1538461538461537,13
2015-03-30,2.1176470588235294,1.4705882352941178,17
2015-03-31,2.0,1.25,16
2015-04-01,3.1818181818181817,1.6363636363636365,11
2015-04-02,1.1111111111111112,1.0,9
2015-04-03,1.8,1.1333333333333333,15
2015-04-04,2.025,1.85,40
2015-04-05,1.8333333333333333,1.1666666666666667,6
2015-04-06,1.25,1.125,8
2015-04-07,1.5555555555555556,1.2222222222222223,18
2015-04-08,1.8333333333333333,1.5,12
2015-04-09,3.75,1.5,16
2015-04-10,2.0,1.4444444444444444,9
2015-04-11,1.3333333333333333,1.0,6
2015-04-12,1.9090909090909092,1.2727272727272727,11
2015-04-13,2.076923076923077,1.2307692307692308,13
2015-04-14,1.8,1.1,10
2015-04-15,1.3529411764705883,1.1176470588235294,17
2015-04-16,2.8333333333333335,1.5,12
2015-04-17,1.9333333333333333,1.4666666666666666,15
2015-04-18,2.5,1.375,8
2015-04-19,1.1818181818181819,1.0748663101604279,187
2015-04-20,1.9230769230769231,1.4615384615384615,13
2015-04-21,3.125,1.5,16
2015-04-22,1.6153846153846154,1.0769230769230769,13
2015-04-23,1.9285714285714286,1.1428571428571428,14
2015-04-24,1.5714285714285714,1.0714285714285714,14
2015-04-25,2.4444444444444446,1.4444444444444444,9
2015-04-26,1.6511627906976745,1.0465116279069768,43
2015-04-27,1.75,1.1111111111111112,36
2015-04-28,1.7083333333333333,1.375,24
2015-04-29,1.9090909090909092,1.2727272727272727,11
2015-04-30,1.8823529411764706,1.588235294117647,17
2015-05-01,1.2727272727272727,1.0909090909090908,22
2015-05-02,1.4,1.12,25
2015-05-03,1.6363636363636365,1.0303030303030303,33
2015-05-04,1.1764705882352942,1.0784313725490196,51
2015-05-05,1.4736842105263157,1.2105263157894737,19
2015-05-06,1.6666666666666667,1.2380952380952381,42
2015-05-07,1.3650793650793651,1.0634920634920635,63
2015-05-08,1.3255813953488371,1.1162790697674418,43
2015-05-09,1.6842105263157894,1.263157894736842,19
2015-05-10,1.1666666666666667,1.0833333333333333,12
2015-05-11,1.3888888888888888,1.2222222222222223,18
2015-05-12,1.7777777777777777,1.3888888888888888,18
2015-05-13,2.0,1.4285714285714286,14
2015-05-14,2.142857142857143,1.2857142857142858,14
2015-05-15,1.2857142857142858,1.0714285714285714,14
2015-05-16,2.8461538461538463,1.2307692307692308,13
2015-05-17,1.7,1.1,20
2015-05-18,9.11111111111111,6.518518518518518,54
2015-05-19,4.333333333333333,2.0,15
2015-05-20,2.0476190476190474,1.5238095238095237,21
2015-05-21,4.076923076923077,2.4615384615384617,13
2015-05-22,3.4,1.4,10
2015-05-23,2.0,1.5,10
2015-05-24,1.5,1.5,10
2015-05-25,1.6296296296296295,1.4814814814814814,27
2015-05-26,3.4,2.125,40
2015-05-27,3.2857142857142856,2.2142857142857144,14
2015-05-28,3.7777777777777777,2.2222222222222223,9
2015-05-29,2.5,1.6428571428571428,14
2015-05-30,1.25,1.25,8
2015-05-31,2.6666666666666665,2.0,6
2015-06-01,3.375,1.75,16
2015-06-02,1.169811320754717,1.0943396226415094,53
2015-06-03,2.4,1.7333333333333334,15
2015-06-04,3.75,1.8333333333333333,12
2015-06-05,2.0,1.3333333333333333,9
2015-06-06,2.7857142857142856,1.6428571428571428,14
2015-06-07,1.9,1.3,10
2015-06-08,1.7647058823529411,1.5294117647058822,17
2015-06-09,2.5384615384615383,1.3846153846153846,13
2015-06-10,2.3,1.2,10
2015-06-11,3.0,1.3636363636363635,11
2015-06-12,3.8,1.4,15
2015-06-13,1.3333333333333333,1.2,15
2015-06-14,1.2857142857142858,1.2857142857142858,7
2015-06-15,1.5833333333333333,1.0833333333333333,12
2015-06-16,1.3846153846153846,1.0769230769230769,13
2015-06-17,1.125,1.0,8
2015-06-18,1.1428571428571428,1.0,7
2015-06-19,1.6666666666666667,1.3333333333333333,6
2015-06-20,1.6666666666666667,1.1666666666666667,12
2015-06-21,1.0714285714285714,1.0714285714285714,14
2015-06-22,1.0714285714285714,1.0476190476190477,42
2015-06-23,2.142857142857143,1.3571428571428572,14
2015-06-24,1.6666666666666667,1.4444444444444444,9
2015-06-25,1.5238095238095237,1.4285714285714286,21
2015-06-26,1.3783783783783783,1.1891891891891893,37
2015-06-27,1.7058823529411764,1.3529411764705883,17
2015-06-28,1.5714285714285714,1.1428571428571428,14
2015-06-29,2.4,1.2,10
2015-06-30,1.1666666666666667,1.1666666666666667,6
2015-07-01,1.5454545454545454,1.4545454545454546,11
2015-07-02,1.0909090909090908,1.0909090909090908,11
2015-07-03,2.0,1.5,4
2015-07-04,2.5,1.25,4
2015-07-05,1.6,1.2,15
2015-07-06,2.6315789473684212,1.736842105263158,19
2015-07-07,2.6,1.6,15
2015-07-08,1.6818181818181819,1.5,22
2015-07-09,3.272727272727273,1.8181818181818181,11
2015-07-10,1.6428571428571428,1.3571428571428572,14
2015-07-11,2.7,1.2,10
2015-07-12,1.6923076923076923,1.4615384615384615,13
2015-07-13,1.0,1.0,7
2015-07-14,1.45,1.2,20
2015-07-15,2.25,1.5833333333333333,12
2015-07-16,1.5,1.1666666666666667,6
2015-07-17,2.8333333333333335,1.75,12
2015-07-18,2.230769230769231,1.5384615384615385,13
2015-07-19,1.5,1.3333333333333333,12
2015-07-20,1.3636363636363635,1.0909090909090908,11
2015-07-21,3.0833333333333335,1.5833333333333333,12
2015-07-22,1.3333333333333333,1.0,9
2015-07-23,1.0,1.0,9
2015-07-24,6.181818181818182,1.7272727272727273,11
2015-07-25,1.5,1.2,10
2015-07-26,2.3,1.3,10
2015-07-27,6.125,1.375,8
2015-07-28,2.076923076923077,1.4615384615384615,13
2015-07-29,3.1538461538461537,1.4615384615384615,13
2015-07-30,1.9333333333333333,1.1666666666666667,30
2015-07-31,2.5,1.5,10
2015-08-01,2.7,1.4,10
2015-08-02,1.8,1.8,5
2015-08-03,2.2857142857142856,1.0,7
2015-08-04,3.8,1.7,10
2015-08-05,3.2857142857142856,1.4285714285714286,7
2015-08-06,1.75,1.25,8
2015-08-07,2.8,1.4,5
2015-08-08,5.2,1.6,5
2015-08-09,3.1,1.7,10
2015-08-10,2.111111111111111,1.2222222222222223,9
2015-08-11,1.7307692307692308,1.2307692307692308,26
2015-08-12,1.7272727272727273,1.1818181818181819,11
2015-08-13,1.3333333333333333,1.2222222222222223,9
2015-08-14,2.1666666666666665,1.0833333333333333,12
2015-08-15,1.375,1.375,8
2015-08-16,1.6666666666666667,1.2666666666666666,15
2015-08-17,1.4285714285714286,1.2142857142857142,14
2015-08-18,2.909090909090909,1.5454545454545454,11
2015-08-19,2.0,1.5,6
2015-08-20,2.6666666666666665,1.6666666666666667,9
2015-08-21,2.0,1.3333333333333333,9
2015-08-22,1.1,1.0,10
2015-08-23,3.111111111111111,1.2222222222222223,9
2015-08-24,2.1666666666666665,1.3333333333333333,12
2015-08-25,4.5,1.2,10
2015-08-26,1.2857142857142858,1.2857142857142858,7
2015-08-27,4.0,1.2,10
2015-08-28,1.1875,1.125,16
2015-08-29,1.368421052631579,1.263157894736842,19
2015-08-30,1.4,1.1,10
2015-08-31,5.25,1.0833333333333333,12
2015-09-01,1.8571428571428572,1.1428571428571428,7
2015-09-02,1.6666666666666667,1.0833333333333333,12
2015-09-03,1.1818181818181819,1.1818181818181819,11
2015-09-04,2.357142857142857,1.2857142857142858,14
2015-09-05,2.125,1.1666666666666667,24
2015-09-06,1.6428571428571428,1.1428571428571428,14
2015-09-07,1.25,1.125,8
2015-09-08,2.3,1.1,10
2015-09-09,2.0,1.3333333333333333,6
2015-09-10,1.3333333333333333,1.1111111111111112,9
2015-09-11,2.5,1.5714285714285714,14
2015-09-12,2.5454545454545454,1.4545454545454546,11
2015-09-13,1.25,1.15,20
2015-09-14,2.25,1.75,4
2015-09-15,1.4666666666666666,1.2,15
2015-09-16,1.8461538461538463,1.3846153846153846,13
2015-09-17,1.8571428571428572,1.3571428571428572,14
2015-09-18,2.1818181818181817,1.8181818181818181,11
2015-09-19,1.5333333333333334,1.0666666666666667,15
2015-09-20,1.5,1.1,30
2015-09-21,1.25,1.25,8
2015-09-22,1.75,1.125,8
2015-09-23,1.3333333333333333,1.1666666666666667,6
2015-09-24,3.6923076923076925,1.5384615384615385,13
2015-09-25,2.7058823529411766,1.6470588235294117,17
2015-09-26,2.6666666666666665,1.75,12
2015-09-27,1.7058823529411764,1.2941176470588236,17
2015-09-28,3.4210526315789473,1.5789473684210527,19
2015-09-29,2.6315789473684212,1.5263157894736843,19
2015-09-30,3.3125,1.4375,16
2015-10-01,2.5789473684210527,1.4736842105263157,19
2015-10-02,2.888888888888889,1.7222222222222223,18
2015-10-03,2.0,1.2941176470588236,17
2015-10-04,2.1875,1.5,16
2015-10-05,2.2666666666666666,1.4666666666666666,15
2015-10-06,2.090909090909091,1.6363636363636365,11
2015-10-07,1.5,1.3571428571428572,14
2015-10-08,4.647058823529412,2.5294117647058822,17
2015-10-09,2.6,1.8,20
2015-10-10,3.111111111111111,1.6666666666666667,18
2015-10-11,1.25,1.1666666666666667,12
2015-10-12,2.1176470588235294,1.4705882352941178,17
2015-10-13,1.15,1.0,20
2015-10-14,1.7857142857142858,1.4285714285714286,14
2015-10-15,1.0,1.0,10
2015-10-16,1.25,1.1666666666666667,12
2015-10-17,1.3333333333333333,1.25,12
2015-10-18,1.5925925925925926,1.2222222222222223,27
2015-10-19,1.25,1.2,20
2015-10-20,3.7142857142857144,2.142857142857143,7
2015-10-21,2.357142857142857,1.7142857142857142,14
2015-10-22,2.769230769230769,2.423076923076923,26
2015-10-23,2.84,1.84,25
2015-10-24,2.230769230769231,1.4615384615384615,13
2015-10-25,1.6666666666666667,1.0833333333333333,12
2015-10-26,1.8,1.2666666666666666,15
2015-10-27,2.2142857142857144,1.4285714285714286,14
2015-10-28,3.25,2.125,8
2015-10-29,3.7058823529411766,2.1176470588235294,17
2015-10-30,2.085714285714286,1.6285714285714286,35
2015-10-31,1.6666666666666667,1.4444444444444444,9
2015-11-01,1.25,1.0,8
2015-11-02,1.375,1.25,24
2015-11-03,2.0,1.5,12
2015-11-04,1.7142857142857142,1.4285714285714286,7
2015-11-05,2.5,1.3888888888888888,18
2015-11-06,1.125,1.0,8
2015-11-07,1.6666666666666667,1.1666666666666667,6
2015-11-08,1.6666666666666667,1.1111111111111112,9
2015-11-09,1.7777777777777777,1.5555555555555556,9
2015-11-10,2.5454545454545454,1.4545454545454546,11
2015-11-11,1.5,1.3333333333333333,12
2015-11-12,1.6363636363636365,1.2727272727272727,11
2015-11-13,1.25,1.1666666666666667,12
2015-11-14,1.5,1.1666666666666667,12
2015-11-15,2.6363636363636362,1.2727272727272727,11
2015-11-16,1.8571428571428572,1.0,7
2015-11-17,1.8333333333333333,1.0833333333333333,12
2015-11-18,1.8,1.2,10
2015-11-19,2.75,1.5,8
2015-11-20,2.25,1.4375,16
2015-11-21,1.3333333333333333,1.1111111111111112,9
2015-11-22,1.6470588235294117,1.411764705882353,17
2015-11-23,2.1538461538461537,1.2307692307692308,13
2015-11-24,2.0,1.7272727272727273,11
2015-11-25,1.8333333333333333,1.5,6
2015-11-26,1.6,1.6,5
2015-11-27,3.0,1.1666666666666667,6
2015-11-28,1.3636363636363635,1.1818181818181819,11
2015-11-29,1.25,1.0625,16
2015-11-30,1.1111111111111112,1.1111111111111112,9
2015-12-01,2.2666666666666666,1.2666666666666666,15
2015-12-02,2.727272727272727,1.1818181818181819,11
2015-12-03,1.6153846153846154,1.0769230769230769,13
2015-12-04,1.4285714285714286,1.1428571428571428,7
2015-12-05,2.3333333333333335,1.25,12
2015-12-06,2.0,1.8333333333333333,6
2015-12-07,2.0,1.2222222222222223,9
2015-12-08,1.625,1.125,16
2015-12-09,1.5,1.375,8
2015-12-10,1.875,1.5,8
2015-12-11,1.6666666666666667,1.2,15
2015-12-12,1.0,1.0,1
2015-12-13,1.6666666666666667,1.1666666666666667,6
2015-12-14,1.5,1.3333333333333333,12
2015-12-15,1.434782608695652,1.2608695652173914,23
2015-12-16,1.5333333333333334,1.0666666666666667,15
2015-12-17,1.2666666666666666,1.0666666666666667,15
2015-12-18,2.0714285714285716,1.7142857142857142,14
2015-12-19,2.375,1.625,8
2015-12-20,1.7058823529411764,1.2352941176470589,17
2015-12-21,4.875,1.25,8
2015-12-22,1.2,1.1,10
2015-12-23,1.625,1.375,8
2015-12-24,2.0,1.1666666666666667,6
2015-12-25,2.857142857142857,1.2857142857142858,7
2015-12-26,2.5,1.5,8
2015-12-27,1.3,1.0,10
2015-12-28,2.5,1.625,8
2015-12-29,1.3333333333333333,1.0,6
2015-12-30,1.3333333333333333,1.0833333333333333,12
2015-12-31,1.3,1.1,10
2016-01-01,1.7272727272727273,1.3636363636363635,11
2016-01-02,1.6153846153846154,1.3076923076923077,13
2016-01-03,1.0,1.0,5
2016-01-04,1.6,1.3,10
2016-01-05,2.1333333333333333,1.2,15
2016-01-06,1.4615384615384615,1.3076923076923077,13
2016-01-07,1.7272727272727273,1.3636363636363635,11
2016-01-08,1.5263157894736843,1.263157894736842,19
2016-01-09,1.0,1.0,9
2016-01-10,1.0,1.0,7
2016-01-11,1.3,1.2,10
2016-01-12,2.5555555555555554,1.5555555555555556,9
2016-01-13,2.9473684210526314,1.263157894736842,19
2016-01-14,3.6666666666666665,1.9444444444444444,18
2016-01-15,4.0,1.3571428571428572,14
2016-01-16,1.1,1.0,10
2016-01-17,1.2857142857142858,1.2142857142857142,14
2016-01-18,1.8461538461538463,1.3846153846153846,13
2016-01-19,1.5,1.1666666666666667,12
2016-01-20,1.4166666666666667,1.1666666666666667,12
2016-01-21,3.3333333333333335,1.5,6
2016-01-22,1.375,1.25,16
2016-01-23,1.2857142857142858,1.2857142857142858,7
2016-01-24,1.4,1.1333333333333333,15
2016-01-25,1.2727272727272727,1.1818181818181819,11
2016-01-26,1.5,1.1,10
2016-01-27,2.1,1.4,10
2016-01-28,2.25,1.75,12
2016-01-29,2.3333333333333335,1.1904761904761905,21
2016-01-30,2.0,1.5,4
2016-01-31,1.6923076923076923,1.1538461538461537,13
2016-02-01,1.8461538461538463,1.3076923076923077,13
2016-02-02,1.912280701754386,1.2105263157894737,57
2016-02-03,2.282051282051282,1.358974358974359,39
2016-02-04,2.466666666666667,1.1333333333333333,15
2016-02-05,1.5416666666666667,1.0833333333333333,24
2016-02-06,1.3529411764705883,1.0588235294117647,34
2016-02-07,1.5,1.1666666666666667,12
2016-02-08,1.5185185185185186,1.1111111111111112,27
2016-02-09,1.0,1.0,4
2016-02-10,1.7142857142857142,1.1428571428571428,14
2016-02-11,3.04,1.36,25
2016-02-12,2.0526315789473686,1.736842105263158,19
2016-02-13,2.0,1.5,20
2016-02-14,1.5714285714285714,1.2857142857142858,7
2016-02-15,1.8235294117647058,1.3529411764705883,17
2016-02-16,1.25,1.1666666666666667,12
2016-02-17,3.6842105263157894,1.1578947368421053,19
2016-02-18,1.3571428571428572,1.2857142857142858,14
2016-02-19,1.391304347826087,1.2608695652173914,23
2016-02-20,1.5714285714285714,1.1428571428571428,7
2016-02-21,2.0588235294117645,1.3529411764705883,17
2016-02-22,2.6,1.08,25
2016-02-23,3.1,1.1,20
2016-02-24,4.095238095238095,1.619047619047619,21
2016-02-25,2.2,1.56,25
2016-02-26,3.5185185185185186,1.1851851851851851,27
2016-02-27,1.8461538461538463,1.2307692307692308,13
2016-02-28,2.1666666666666665,1.8333333333333333,18
2016-02-29,3.0,1.6153846153846154,13
2016-03-01,2.4347826086956523,1.434782608695652,23
2016-03-02,4.045454545454546,1.6363636363636365,22
2016-03-03,3.5238095238095237,1.5714285714285714,21
2016-03-04,2.8181818181818183,1.5909090909090908,22
2016-03-05,1.6666666666666667,1.2,15
2016-03-06,1.6428571428571428,1.4285714285714286,14
2016-03-07,2.0714285714285716,1.5714285714285714,14
2016-03-08,2.0526315789473686,1.4736842105263157,19
2016-03-09,4.0625,2.0625,16
2016-03-10,2.0454545454545454,1.7727272727272727,22
2016-03-11,1.84,1.32,25
2016-03-12,1.7058823529411764,1.411764705882353,17
2016-03-13,1.5,1.1666666666666667,6
2016-03-14,1.5714285714285714,1.2142857142857142,14
2016-03-15,2.0,1.2941176470588236,17
2016-03-16,1.7619047619047619,1.4761904761904763,21
2016-03-17,1.2727272727272727,1.2727272727272727,11
2016-03-18,1.2142857142857142,1.0714285714285714,14
2016-03-19,1.5555555555555556,1.3888888888888888,18
2016-03-20,1.5,1.3571428571428572,14
2016-03-21,3.4285714285714284,1.2857142857142858,21
2016-03-22,2.9,1.5,10
2016-03-23,2.3125,1.1875,16
2016-03-24,2.4,1.3333333333333333,15
2016-03-25,3.1578947368421053,1.4736842105263157,19
2016-03-26,1.75,1.5,8
2016-03-27,1.8461538461538463,1.6153846153846154,13
2016-03-28,1.9444444444444444,1.3888888888888888,18
2016-03-29,2.5,1.3571428571428572,14
2016-03-30,1.7083333333333333,1.2916666666666667,24
2016-03-31,1.4444444444444444,1.0833333333333333,36
2016-04-01,1.5238095238095237,1.1904761904761905,21
2016-04-02,2.9375,1.4375,16
2016-04-03,1.8,1.4,10
2016-04-04,2.3333333333333335,1.6666666666666667,12
2016-04-05,1.5625,1.25,16
2016-04-06,4.2105263157894735,1.6842105263157894,19
2016-04-07,3.55,2.0,20
2016-04-08,2.2,1.25,20
2016-04-09,1.8823529411764706,1.411764705882353,17
2016-04-10,1.6,1.0666666666666667,15
2016-04-11,1.6666666666666667,1.2,15
2016-04-12,3.0,1.45,20
2016-04-13,2.7142857142857144,1.380952380952381,21
2016-04-14,2.1363636363636362,1.2727272727272727,22
2016-04-15,1.5384615384615385,1.1538461538461537,13
2016-04-16,1.8333333333333333,1.0833333333333333,12
2016-04-17,1.7857142857142858,1.2142857142857142,14
2016-04-18,1.1616161616161615,1.0404040404040404,99
2016-04-19,2.3,1.3,20
2016-04-20,1.875,1.1875,16
2016-04-21,1.4285714285714286,1.2857142857142858,14
2016-04-22,1.5714285714285714,1.2857142857142858,14
2016-04-23,1.6875,1.125,16
2016-04-24,1.6875,1.25,16
2016-04-25,1.2777777777777777,1.1666666666666667,18
2016-04-26,4.5,1.2142857142857142,14
2016-04-27,2.9285714285714284,1.1428571428571428,14
2016-04-28,3.0434782608695654,1.3478260869565217,23
2016-04-29,2.696969696969697,1.121212121212121,33
2016-04-30,2.5294117647058822,1.2941176470588236,17
2016-05-01,1.2666666666666666,1.1333333333333333,15
2016-05-02,1.9130434782608696,1.0869565217391304,23
2016-05-03,3.5833333333333335,1.4166666666666667,24
2016-05-04,1.608695652173913,1.173913043478261,23
2016-05-05,3.217391304347826,1.434782608695652,23
2016-05-06,2.0714285714285716,1.2857142857142858,28
2016-05-07,1.1,1.0,20
2016-05-08,2.6,1.5,10
2016-05-09,2.0,1.4166666666666667,12
2016-05-10,3.0526315789473686,1.3157894736842106,19
2016-05-11,2.0,1.25,20
2016-05-12,1.2941176470588236,1.1176470588235294,17
2016-05-13,1.45,1.1,20
2016-05-14,1.6666666666666667,1.2222222222222223,9
2016-05-15,1.0714285714285714,1.0714285714285714,14
2016-05-16,1.6470588235294117,1.3529411764705883,17
2016-05-17,1.6,1.2,25
2016-05-18,1.3333333333333333,1.0833333333333333,12
2016-05-19,1.75,1.5,12
2016-05-20,1.7,1.6,10
2016-05-21,1.7058823529411764,1.2352941176470589,17
2016-05-22,2.5714285714285716,1.8571428571428572,14
2016-05-23,1.2,1.1,20
2016-05-24,2.7777777777777777,1.5185185185185186,27
2016-05-25,2.5454545454545454,1.4545454545454546,11
2016-05-26,1.2327586206896552,1.1120689655172413,116
2016-05-27,2.5,1.4545454545454546,22
2016-05-28,1.9230769230769231,1.3846153846153846,13
2016-05-29,1.4375,1.0625,16
2016-05-30,1.2857142857142858,1.0476190476190477,21
2016-05-31,1.1176470588235294,1.0588235294117647,17
2016-06-01,3.6666666666666665,1.4444444444444444,9
2016-06-02,1.3703703703703705,1.1111111111111112,27
2016-06-03,1.8823529411764706,1.1764705882352942,17
2016-06-04,1.2,1.0666666666666667,15
2016-06-05,1.3125,1.125,16
2016-06-06,1.826086956521739,1.5217391304347827,23
2016-06-07,1.6470588235294117,1.1764705882352942,17
2016-06-08,3.6944444444444446,1.1944444444444444,36
2016-06-09,1.5714285714285714,1.2857142857142858,21
2016-06-10,1.1875,1.125,16
2016-06-11,1.25,1.05,20
2016-06-12,1.6470588235294117,1.1176470588235294,17
2016-06-13,3.3333333333333335,1.2,15
2016-06-14,2.238095238095238,1.5238095238095237,21
2016-06-15,2.3684210526315788,1.3157894736842106,19
2016-06-16,2.95,1.5,20
2016-06-17,2.8181818181818183,1.6818181818181819,22
2016-06-18,2.2,1.35,20
2016-06-19,1.5,1.2142857142857142,14
2016-06-20,1.8125,1.25,16
2016-06-21,3.7142857142857144,1.2142857142857142,14
2016-06-22,1.6521739130434783,1.391304347826087,23
2016-06-23,1.746031746031746,1.380952380952381,63
2016-06-24,1.14,1.06,150
2016-06-25,1.1607142857142858,1.1071428571428572,56
2016-06-26,1.2987012987012987,1.12987012987013,77
2016-06-27,1.2,1.1,60
2016-06-28,1.631578947368421,1.1578947368421053,19
2016-06-29,2.388888888888889,1.5,18
2016-06-30,1.5555555555555556,1.1666666666666667,18
2016-07-01,1.7692307692307692,1.2307692307692308,13
2016-07-02,2.0,1.15,20
2016-07-03,1.7,1.2,10
2016-07-04,1.7777777777777777,1.5555555555555556,9
2016-07-05,1.6,1.2,15
2016-07-06,1.7692307692307692,1.1538461538461537,13
2016-07-07,1.4230769230769231,1.2692307692307692,26
2016-07-08,1.2857142857142858,1.0714285714285714,14
2016-07-09,2.2222222222222223,1.3333333333333333,9
2016-07-10,2.625,1.375,8
2016-07-11,2.0625,1.4375,16
2016-07-12,1.7222222222222223,1.1111111111111112,18
2016-07-13,1.7857142857142858,1.1428571428571428,14
2016-07-14,1.2608695652173914,1.1304347826086956,23
2016-07-15,1.8333333333333333,1.1111111111111112,18
2016-07-16,1.2916666666666667,1.0833333333333333,24
2016-07-17,2.0,1.2,10
2016-07-18,2.5294117647058822,1.4705882352941178,17
2016-07-19,4.85,2.6,20
2016-07-20,1.206896551724138,1.1379310344827587,29
2016-07-21,1.6666666666666667,1.2222222222222223,27
2016-07-22,1.3333333333333333,1.1666666666666667,6
2016-07-23,2.0,1.0909090909090908,11
2016-07-24,3.391304347826087,2.0434782608695654,23
2016-07-25,5.416666666666667,2.8333333333333335,24
2016-07-26,3.8260869565217392,2.4782608695652173,23
2016-07-27,1.8888888888888888,1.6666666666666667,18
2016-07-28,1.6285714285714286,1.1714285714285715,35
2016-07-29,1.7272727272727273,1.3333333333333333,33
2016-07-30,2.75,1.5833333333333333,12
2016-07-31,1.7272727272727273,1.0,11
2016-08-01,3.5357142857142856,1.4285714285714286,28
2016-08-02,3.15,1.85,20
2016-08-03,4.2727272727272725,1.8636363636363635,22
2016-08-04,2.6842105263157894,1.5789473684210527,19
2016-08-05,1.6896551724137931,1.2413793103448276,29
2016-08-06,1.4375,1.1875,16
2016-08-07,1.3636363636363635,1.1818181818181819,11
2016-08-08,2.076923076923077,1.3846153846153846,13
2016-08-09,1.4375,1.1875,16
2016-08-10,2.0,1.3636363636363635,11
2016-08-11,1.9285714285714286,1.1428571428571428,14
2016-08-12,2.5217391304347827,1.2173913043478262,23
2016-08-13,1.2307692307692308,1.0769230769230769,13
2016-08-14,1.3846153846153846,1.1538461538461537,13
2016-08-15,1.2352941176470589,1.0588235294117647,17
2016-08-16,1.8333333333333333,1.3333333333333333,24
2016-08-17,2.25,1.5,8
2016-08-18,2.230769230769231,1.3846153846153846,13
2016-08-19,2.4375,1.4375,16
2016-08-20,2.3076923076923075,1.5384615384615385,13
2016-08-21,1.25,1.125,8
2016-08-22,3.0,1.6666666666666667,15
2016-08-23,2.2222222222222223,1.2222222222222223,18
2016-08-24,1.8888888888888888,1.4444444444444444,9
2016-08-25,2.642857142857143,1.5,14
2016-08-26,1.2352941176470589,1.0588235294117647,17
2016-08-27,2.125,1.25,8
2016-08-28,2.272727272727273,1.6363636363636365,11
2016-08-29,2.0952380952380953,1.380952380952381,21
2016-08-30,1.3076923076923077,1.3076923076923077,13
2016-08-31,1.7666666666666666,1.3666666666666667,30
2016-09-01,1.305084745762712,1.1016949152542372,59
2016-09-02,1.2307692307692308,1.1538461538461537,13
2016-09-03,1.6666666666666667,1.1111111111111112,18
2016-09-04,1.4545454545454546,1.3181818181818181,22
2016-09-05,1.5,1.2222222222222223,18
2016-09-06,2.25,1.4166666666666667,12
2016-09-07,2.25,1.4583333333333333,24
2016-09-08,1.28,1.08,25
2016-09-09,1.2264150943396226,1.150943396226415,53
2016-09-10,1.4090909090909092,1.2727272727272727,22
2016-09-11,1.0344827586206897,1.0344827586206897,58
2016-09-12,1.2577319587628866,1.0515463917525774,97
2016-09-13,1.6379310344827587,1.2413793103448276,58
2016-09-14,1.518987341772152,1.1518987341772151,79
2016-09-15,1.2613636363636365,1.0681818181818181,88
2016-09-16,1.5454545454545454,1.2727272727272727,11
2016-09-17,1.4814814814814814,1.1481481481481481,27
2016-09-18,1.25,1.0833333333333333,12
2016-09-19,1.6111111111111112,1.2222222222222223,18
2016-09-20,1.5333333333333334,1.2,15
2016-09-21,2.24,1.2,25
2016-09-22,2.25,1.25,16
2016-09-23,3.727272727272727,2.090909090909091,22
2016-09-24,5.0,1.6875,16
2016-09-25,1.5,1.4,10
2016-09-26,2.347826086956522,1.3478260869565217,23
2016-09-27,2.5161290322580645,1.2580645161290323,31
2016-09-28,3.0,1.3846153846153846,26
2016-09-29,1.826086956521739,1.1304347826086956,23
2016-09-30,1.4615384615384615,1.1538461538461537,13
2016-10-01,1.7777777777777777,1.2222222222222223,9
2016-10-02,1.0,1.0,6
2016-10-03,1.55,1.25,20
2016-10-04,1.2,1.0666666666666667,15
2016-10-05,2.2666666666666666,1.2666666666666666,15
2016-10-06,2.8333333333333335,1.3333333333333333,18
2016-10-07,2.5789473684210527,1.4210526315789473,19
2016-10-08,1.9473684210526316,1.5789473684210527,19
2016-10-09,1.3272727272727274,1.1636363636363636,55
2016-10-10,1.6727272727272726,1.1454545454545455,55
2016-10-11,1.6428571428571428,1.2142857142857142,28
2016-10-12,2.5454545454545454,1.4545454545454546,22
2016-10-13,2.0,1.5263157894736843,19
2016-10-14,1.5263157894736843,1.3157894736842106,19
2016-10-15,1.6153846153846154,1.2307692307692308,13
2016-10-16,1.0909090909090908,1.0909090909090908,11
2016-10-17,1.9333333333333333,1.2666666666666666,15
2016-10-18,1.5909090909090908,1.3181818181818181,22
2016-10-19,2.096774193548387,1.5483870967741935,31
2016-10-20,3.35,1.8,20
2016-10-21,2.8,1.8666666666666667,15
2016-10-22,3.1538461538461537,1.3846153846153846,13
2016-10-23,1.736842105263158,1.368421052631579,19
2016-10-24,2.2,1.3,20
2016-10-25,1.5,1.1428571428571428,14
2016-10-26,4.260869565217392,1.8695652173913044,23
2016-10-27,1.411764705882353,1.2352941176470589,34
2016-10-28,1.5,1.2727272727272727,22
2016-10-29,2.263157894736842,1.368421052631579,19
2016-10-30,2.5,1.4166666666666667,12
2016-10-31,1.8,1.45,20
2016-11-01,2.5185185185185186,1.3703703703703705,27
2016-11-02,1.6896551724137931,1.103448275862069,29
2016-11-03,2.375,1.4583333333333333,24
2016-11-04,2.391304347826087,1.3478260869565217,23
2016-11-05,1.6875,1.3125,16
2016-11-06,1.75,1.1785714285714286,28
2016-11-07,1.875,1.2916666666666667,24
2016-11-08,1.56,1.2,25
2016-11-09,3.90625,2.03125,64
2016-11-10,3.0,1.6730769230769231,52
2016-11-11,1.9310344827586208,1.3620689655172413,58
2016-11-12,2.6666666666666665,1.4871794871794872,39
2016-11-13,2.2,1.4,35
2016-11-14,1.951219512195122,1.1951219512195121,41
2016-11-15,1.6458333333333333,1.2083333333333333,48
2016-11-16,1.5442176870748299,1.1700680272108843,147
2016-11-17,2.242424242424242,1.4242424242424243,33
2016-11-18,1.6610169491525424,1.2203389830508475,59
2016-11-19,1.5135135135135136,1.135135135135135,37
2016-11-20,2.12,1.32,25
2016-11-21,2.12,1.6,25
2016-11-22,2.8421052631578947,1.4736842105263157,19
2016-11-23,2.473684210526316,1.4736842105263157,19
2016-11-24,2.2222222222222223,1.4444444444444444,9
2016-11-25,2.235294117647059,1.3529411764705883,17
2016-11-26,1.9411764705882353,1.4705882352941178,17
2016-11-27,1.6666666666666667,1.1333333333333333,15
2016-11-28,1.6666666666666667,1.1111111111111112,27
2016-11-29,1.4,1.3333333333333333,15
2016-11-30,2.066666666666667,1.3111111111111111,45
2016-12-01,1.9705882352941178,1.2941176470588236,34
2016-12-02,1.8529411764705883,1.2647058823529411,34
2016-12-03,1.9545454545454546,1.1363636363636365,22
2016-12-04,1.5294117647058822,1.1176470588235294,17
2016-12-05,1.6153846153846154,1.3076923076923077,26
2016-12-06,1.180327868852459,1.0819672131147542,122
2016-12-07,2.0303030303030303,1.3333333333333333,33
2016-12-08,1.6363636363636365,1.1363636363636365,22
2016-12-09,4.117647058823529,2.1176470588235294,17
2016-12-10,6.0,1.736842105263158,19
2016-12-11,2.871794871794872,1.564102564102564,39
2016-12-12,1.1545454545454545,1.0545454545454545,220
2016-12-13,1.385321100917431,1.128440366972477,109
2016-12-14,2.375,1.3125,16
2016-12-15,2.176470588235294,1.411764705882353,17
2016-12-16,1.65,1.35,20
2016-12-17,1.8666666666666667,1.7333333333333334,15
2016-12-18,2.185185185185185,1.0740740740740742,27
2016-12-19,1.8125,1.3125,16
2016-12-20,1.25,1.0833333333333333,12
2016-12-21,1.28,1.16,25
2016-12-22,1.2826086956521738,1.1304347826086956,46
2016-12-23,1.2258064516129032,1.0483870967741935,62
2016-12-24,1.1119402985074627,1.0708955223880596,268
2016-12-25,1.5714285714285714,1.0,7
2016-12-26,1.1,1.0,40
2016-12-27,1.0714285714285714,1.0476190476190477,42
2016-12-28,1.0,1.0,5
2016-12-29,1.8888888888888888,1.1111111111111112,18
2016-12-30,1.5666666666666667,1.1833333333333333,60
2016-12-31,1.6,1.3333333333333333,15
2017-01-01,1.6363636363636365,1.2272727272727273,22
2017-01-02,1.4285714285714286,1.1428571428571428,28
2017-01-03,2.7111111111111112,1.9333333333333333,90
2017-01-04,3.097560975609756,1.6341463414634145,41
2017-01-05,1.164319248826291,1.0892018779342723,213
2017-01-06,1.9661016949152543,1.4067796610169492,59
2017-01-07,2.9523809523809526,1.619047619047619,21
2017-01-08,1.325,1.19375,160
2017-01-09,1.6292134831460674,1.2134831460674158,89
2017-01-10,2.4583333333333335,1.75,24
2017-01-11,1.5769230769230769,1.1153846153846154,26
2017-01-12,1.4615384615384615,1.1538461538461537,26
2017-01-13,1.4915254237288136,1.2542372881355932,59
2017-01-14,1.9074074074074074,1.4814814814814814,54
2017-01-15,2.1538461538461537,1.5,52
2017-01-16,2.6666666666666665,1.4074074074074074,27
2017-01-17,1.4285714285714286,1.2857142857142858,21
2017-01-18,1.5769230769230769,1.3076923076923077,26
2017-01-19,2.180327868852459,1.540983606557377,61
2017-01-20,2.2916666666666665,1.5,24
2017-01-21,1.3125,1.0625,16
2017-01-22,1.7586206896551724,1.3103448275862069,29
2017-01-23,1.6176470588235294,1.2352941176470589,34
2017-01-24,2.129032258064516,1.3870967741935485,31
2017-01-25,1.5961538461538463,1.1730769230769231,52
2017-01-26,2.5,1.4166666666666667,24
2017-01-27,1.9473684210526316,1.3157894736842106,19
2017-01-28,1.9259259259259258,1.2222222222222223,27
2017-01-29,1.7142857142857142,1.3214285714285714,28
2017-01-30,1.6785714285714286,1.2857142857142858,28
2017-01-31,1.7049180327868851,1.3442622950819672,61
2017-02-01,2.012987012987013,1.3116883116883118,77
2017-02-02,1.7619047619047619,1.2380952380952381,21
2017-02-03,1.9473684210526316,1.4210526315789473,19
2017-02-04,1.7222222222222223,1.3333333333333333,18
2017-02-05,1.7619047619047619,1.2380952380952381,21
2017-02-06,3.7333333333333334,1.8,15
2017-02-07,1.9545454545454546,1.5151515151515151,66
2017-02-08,2.5,1.625,16
2017-02-09,2.04,1.52,25
2017-02-10,2.892857142857143,1.5,28
2017-02-11,1.4814814814814814,1.308641975308642,81
2017-02-12,2.3043478260869565,1.173913043478261,23
2017-02-13,3.727272727272727,1.7727272727272727,22
2017-02-14,2.8,1.64,25
2017-02-15,3.088235294117647,1.7941176470588236,34
2017-02-16,2.6739130434782608,1.7173913043478262,46
2017-02-17,2.8333333333333335,1.4166666666666667,24
2017-02-18,2.0816326530612246,1.3673469387755102,49
2017-02-19,1.6756756756756757,1.2432432432432432,37
2017-02-20,1.5142857142857142,1.1714285714285715,35
2017-02-21,1.5,1.2083333333333333,24
2017-02-22,3.9,1.7333333333333334,30
2017-02-23,2.8378378378378377,1.864864864864865,37
2017-02-24,2.810810810810811,1.4864864864864864,37
2017-02-25,4.4324324324324325,1.7027027027027026,37
2017-02-26,2.0555555555555554,1.462962962962963,54
2017-02-27,1.7428571428571429,1.3142857142857143,35
2017-02-28,2.896551724137931,1.6206896551724137,29
2017-03-01,1.8113207547169812,1.320754716981132,53
2017-03-02,1.9263157894736842,1.631578947368421,95
2017-03-03,1.661764705882353,1.3823529411764706,68
2017-03-04,1.4821428571428572,1.25,56
2017-03-05,1.40625,1.1875,64
2017-03-06,1.2758620689655173,1.0344827586206897,58
2017-03-07,1.4444444444444444,1.2037037037037037,54
2017-03-08,1.271604938271605,1.1975308641975309,81
2017-03-09,1.4375,1.171875,64
2017-03-10,1.9482758620689655,1.3620689655172413,58
2017-03-11,2.3055555555555554,1.5,36
2017-03-12,1.7708333333333333,1.3125,48
2017-03-13,1.5454545454545454,1.2727272727272727,44
2017-03-14,1.5277777777777777,1.2222222222222223,36
2017-03-15,1.5909090909090908,1.3636363636363635,22
2017-03-16,1.7878787878787878,1.2121212121212122,33
2017-03-17,1.7391304347826086,1.2173913043478262,23
2017-03-18,2.230769230769231,1.2692307692307692,26
2017-03-19,1.8823529411764706,1.1764705882352942,17
2017-03-20,1.92,1.44,25
2017-03-21,2.0344827586206895,1.3793103448275863,29
2017-03-22,2.6538461538461537,1.8076923076923077,26
2017-03-23,3.1714285714285713,1.8,35
2017-03-24,1.8888888888888888,1.4166666666666667,36
2017-03-25,2.657142857142857,1.6571428571428573,35
2017-03-26,3.161290322580645,1.5806451612903225,31
2017-03-27,3.142857142857143,1.4761904761904763,21
2017-03-28,4.517241379310345,2.2413793103448274,29
2017-03-29,3.52,2.04,25
2017-03-30,2.225806451612903,1.6129032258064515,31
2017-03-31,1.9642857142857142,1.3571428571428572,28
2017-04-01,2.0,1.3478260869565217,23
2017-04-02,1.8666666666666667,1.6,15
2017-04-03,2.361111111111111,1.25,36
2017-04-04,2.5238095238095237,1.4285714285714286,21
2017-04-05,2.310344827586207,1.206896551724138,29
2017-04-06,4.25,1.875,24
2017-04-07,2.046511627906977,1.2790697674418605,43
2017-04-08,1.2941176470588236,1.1176470588235294,17
2017-04-09,2.066666666666667,1.1333333333333333,15
2017-04-10,2.0416666666666665,1.5,24
2017-04-11,2.2857142857142856,1.7619047619047619,21
2017-04-12,4.130434782608695,2.3043478260869565,23
2017-04-13,2.4,1.7,30
2017-04-14,1.685483870967742,1.2741935483870968,124
2017-04-15,1.925,1.4,40
2017-04-16,2.0,1.6428571428571428,14
2017-04-17,4.3125,1.375,16
2017-04-18,1.9310344827586208,1.3793103448275863,29
2017-04-19,3.2941176470588234,2.3529411764705883,17
2017-04-20,3.6666666666666665,1.7142857142857142,21
2017-04-21,2.3636363636363638,1.6363636363636365,22
2017-04-22,1.6111111111111112,1.1666666666666667,18
2017-04-23,1.2272727272727273,1.1363636363636365,22
2017-04-24,1.6896551724137931,1.2758620689655173,29
2017-04-25,1.7777777777777777,1.2962962962962963,27
2017-04-26,2.2,1.4666666666666666,30
2017-04-27,1.7878787878787878,1.393939393939394,33
2017-04-28,2.6666666666666665,1.5238095238095237,21
2017-04-29,1.894736842105263,1.368421052631579,19
2017-04-30,2.3181818181818183,1.3636363636363635,22
2017-05-01,1.588235294117647,1.1764705882352942,17
2017-05-02,2.2083333333333335,1.5833333333333333,24
2017-05-03,2.466666666666667,1.4666666666666666,30
2017-05-04,2.63768115942029,1.8115942028985508,69
2017-05-05,4.533333333333333,3.066666666666667,75
2017-05-06,1.95,1.225,80
2017-05-07,1.7962962962962963,1.3703703703703705,54
2017-05-08,1.4466019417475728,1.1941747572815533,103
2017-05-09,1.9259259259259258,1.5555555555555556,54
2017-05-10,2.25,1.35,40
2017-05-11,2.3958333333333335,1.6666666666666667,48
2017-05-12,2.3870967741935485,1.4838709677419355,31
2017-05-13,2.25,1.8,20
2017-05-14,1.8571428571428572,1.380952380952381,21
2017-05-15,2.92,1.4,25
2017-05-16,1.8064516129032258,1.4516129032258065,31
2017-05-17,3.3448275862068964,2.2413793103448274,29
2017-05-18,3.0,1.8214285714285714,28
2017-05-19,3.0476190476190474,1.6666666666666667,21
2017-05-20,1.55,1.25,20
2017-05-21,3.4444444444444446,1.8888888888888888,18
2017-05-22,3.3333333333333335,1.5,18
2017-05-23,2.0625,1.34375,32
2017-05-24,3.185185185185185,1.7777777777777777,27
2017-05-25,13.903225806451612,4.483870967741935,31
2017-05-26,2.348314606741573,1.6853932584269662,89
2017-05-27,2.0555555555555554,1.5555555555555556,36
2017-05-28,4.133333333333334,2.1333333333333333,15
2017-05-29,2.823529411764706,1.8235294117647058,17
2017-05-30,7.444444444444445,1.8888888888888888,9
2017-05-31,4.466666666666667,1.8666666666666667,15
2017-06-01,1.6666666666666667,1.4444444444444444,18
2017-06-02,1.7083333333333333,1.4583333333333333,24
2017-06-03,1.8518518518518519,1.2222222222222223,27
2017-06-04,2.0,1.5555555555555556,18
2017-06-05,2.1052631578947367,1.6842105263157894,19
2017-06-06,1.88,1.36,25
2017-06-07,2.9166666666666665,1.8055555555555556,36
2017-06-08,3.238095238095238,2.0952380952380953,21
2017-06-09,1.967741935483871,1.4516129032258065,31
2017-06-10,2.2142857142857144,1.2857142857142858,14
2017-06-11,1.8214285714285714,1.5,28
2017-06-12,1.9722222222222223,1.5555555555555556,36
2017-06-13,1.5555555555555556,1.2777777777777777,36
2017-06-14,8.222222222222221,4.481481481481482,27
2017-06-15,4.24,2.32,25
2017-06-16,1.3237704918032787,1.1434426229508197,244
2017-06-17,1.85,1.3,40
2017-06-18,2.0,1.5263157894736843,19
2017-06-19,2.161290322580645,1.4516129032258065,31
2017-06-20,2.189189189189189,1.6486486486486487,37
2017-06-21,2.403669724770642,1.5688073394495412,109
2017-06-22,2.0,1.4324324324324325,74
2017-06-23,1.7333333333333334,1.25,60
2017-06-24,2.0833333333333335,1.3333333333333333,24
2017-06-25,2.3870967741935485,1.4193548387096775,31
2017-06-26,1.875,1.3333333333333333,24
2017-06-27,2.027027027027027,1.4594594594594594,37
2017-06-28,2.076923076923077,1.3846153846153846,26
2017-06-29,2.5,1.6111111111111112,18
2017-06-30,1.6428571428571428,1.3571428571428572,28
2017-07-01,1.25,1.1458333333333333,48
2017-07-02,1.1818181818181819,1.1090909090909091,55
2017-07-03,1.3518518518518519,1.0925925925925926,54
2017-07-04,1.263157894736842,1.087719298245614,57
2017-07-05,1.9482758620689655,1.396551724137931,58
2017-07-06,2.039473684210526,1.3421052631578947,76
2017-07-07,1.903225806451613,1.2741935483870968,62
2017-07-08,1.263157894736842,1.0526315789473684,19
2017-07-09,2.4285714285714284,1.3571428571428572,14
2017-07-10,1.875,1.3125,16
2017-07-11,1.875,1.375,16
2017-07-12,1.8823529411764706,1.3529411764705883,17
2017-07-13,2.526315789473684,1.6842105263157894,19
2017-07-14,1.9545454545454546,1.4545454545454546,22
2017-07-15,2.3529411764705883,1.7647058823529411,17
2017-07-16,2.066666666666667,1.3333333333333333,15
2017-07-17,1.7272727272727273,1.3636363636363635,11
2017-07-18,1.8,1.4,15
2017-07-19,2.25,1.75,20
2017-07-20,2.75,1.75,16
2017-07-21,1.5384615384615385,1.1538461538461537,13
2017-07-22,1.7142857142857142,1.4285714285714286,7
2017-07-23,2.0,1.25,12
2017-07-24,3.0,1.5833333333333333,12
2017-07-25,1.3235294117647058,1.1176470588235294,34
2017-07-26,1.88,1.56,25
2017-07-27,1.8333333333333333,1.4666666666666666,30
2017-07-28,2.466666666666667,1.8666666666666667,15
2017-07-29,1.375,1.125,16
2017-07-30,1.6153846153846154,1.0769230769230769,13
2017-07-31,1.65,1.4,20
2017-08-01,2.8,1.6,20
2017-08-02,3.4210526315789473,1.894736842105263,19
2017-08-03,1.4594594594594594,1.3243243243243243,37
2017-08-04,2.782608695652174,1.4782608695652173,23
2017-08-05,3.8947368421052633,1.5263157894736843,19
2017-08-06,1.6842105263157894,1.263157894736842,19
2017-08-07,1.5454545454545454,1.1363636363636365,22
2017-08-08,1.986842105263158,1.4210526315789473,76
2017-08-09,1.5,1.106060606060606,66
2017-08-10,2.4615384615384617,1.2307692307692308,13
2017-08-11,1.4375,1.375,16
2017-08-12,2.391304347826087,1.3043478260869565,23
2017-08-13,1.4090909090909092,1.0909090909090908,22
2017-08-14,1.3255813953488371,1.0930232558139534,43
2017-08-15,1.3043478260869565,1.1304347826086956,23
2017-08-16,1.3103448275862069,1.1379310344827587,29
2017-08-17,1.631578947368421,1.2105263157894737,19
2017-08-18,1.8,1.24,25
2017-08-19,1.5588235294117647,1.2352941176470589,34
2017-08-20,1.3636363636363635,1.3181818181818181,22
2017-08-21,1.4444444444444444,1.2222222222222223,9
2017-08-22,1.4736842105263157,1.2105263157894737,19
2017-08-23,2.8947368421052633,1.4210526315789473,19
2017-08-24,1.28,1.08,25
2017-08-25,1.5666666666666667,1.2333333333333334,30
2017-08-26,1.2,1.0857142857142856,35
2017-08-27,3.0714285714285716,1.5,14
2017-08-28,1.163265306122449,1.0408163265306123,49
2017-08-29,1.391304347826087,1.0869565217391304,23
2017-08-30,1.8,1.2,20
2017-08-31,3.090909090909091,1.2272727272727273,22
2017-09-01,1.2692307692307692,1.1153846153846154,26
2017-09-02,1.3793103448275863,1.3103448275862069,29
2017-09-03,1.48,1.08,25
2017-09-04,1.558139534883721,1.186046511627907,43
2017-09-05,1.5,1.125,24
2017-09-06,1.4761904761904763,1.1904761904761905,21
2017-09-07,1.6363636363636365,1.3181818181818181,22
2017-09-08,1.4285714285714286,1.25,28
2017-09-09,2.1,1.2,20
2017-09-10,1.4444444444444444,1.1666666666666667,18
2017-09-11,1.736842105263158,1.1578947368421053,19
2017-09-12,2.125,1.125,16
2017-09-13,1.7619047619047619,1.380952380952381,21
2017-09-14,1.2222222222222223,1.2222222222222223,18
2017-09-15,1.3055555555555556,1.0833333333333333,36
2017-09-16,1.2666666666666666,1.1333333333333333,15
2017-09-17,1.2580645161290323,1.032258064516129,31
2017-09-18,1.3846153846153846,1.2307692307692308,13
2017-09-19,1.631578947368421,1.263157894736842,19
2017-09-20,2.5555555555555554,1.3333333333333333,18
2017-09-21,1.3333333333333333,1.0833333333333333,12
2017-09-22,1.9166666666666667,1.4166666666666667,24
2017-09-23,2.357142857142857,1.5714285714285714,14
2017-09-24,2.5714285714285716,1.5714285714285714,7
2017-09-25,2.2,1.2666666666666666,15
2017-09-26,2.111111111111111,1.5555555555555556,9
2017-09-27,1.75,1.375,16
2017-09-28,2.3,1.6,20
2017-09-29,1.8823529411764706,1.2941176470588236,17
2017-09-30,1.619047619047619,1.1904761904761905,21
2017-10-01,1.8888888888888888,1.3333333333333333,18
2017-10-02,1.2941176470588236,1.2058823529411764,34
2017-10-03,1.7777777777777777,1.2222222222222223,18
2017-10-04,1.6346153846153846,1.3076923076923077,52
2017-10-05,1.7222222222222223,1.2777777777777777,18
2017-10-06,1.75,1.1785714285714286,28
2017-10-07,1.8125,1.3125,16
2017-10-08,1.6,1.25,20
2017-10-09,2.111111111111111,1.4444444444444444,18
2017-10-10,1.65,1.4,20
2017-10-11,1.9545454545454546,1.5,22
2017-10-12,1.5416666666666667,1.1666666666666667,24
2017-10-13,1.3888888888888888,1.1666666666666667,18
2017-10-14,1.4444444444444444,1.0,9
2017-10-15,1.8888888888888888,1.2222222222222223,9
2017-10-16,2.5416666666666665,1.6666666666666667,24
2017-10-17,2.210526315789474,1.5263157894736843,19
2017-10-18,2.3333333333333335,1.7142857142857142,21
2017-10-19,3.933333333333333,2.3333333333333335,15
2017-10-20,4.142857142857143,1.6666666666666667,21
2017-10-21,4.384615384615385,1.8461538461538463,13
2017-10-22,2.4081632653061225,1.2653061224489797,49
2017-10-23,1.0714285714285714,1.0535714285714286,56
2017-10-24,1.4385964912280702,1.263157894736842,57
2017-10-25,1.4029850746268657,1.1791044776119404,67
2017-10-26,1.4305555555555556,1.2638888888888888,72
2017-10-27,1.5555555555555556,1.1666666666666667,90
2017-10-28,3.7142857142857144,1.5,14
2017-10-29,1.7333333333333334,1.4,15
2017-10-30,2.5789473684210527,1.1578947368421053,19
2017-10-31,1.8,1.4,10
2017-11-01,1.1304347826086956,1.0,23
2017-11-02,1.9285714285714286,1.3571428571428572,14
2017-11-03,1.588235294117647,1.2941176470588236,34
2017-11-04,2.3684210526315788,1.4210526315789473,19
2017-11-05,1.65,1.25,20
2017-11-06,1.2181818181818183,1.1454545454545455,55
2017-11-07,1.9285714285714286,1.5,14
2017-11-08,2.107142857142857,1.5357142857142858,28
2017-11-09,1.9583333333333333,1.375,24
2017-11-10,2.6842105263157894,1.631578947368421,19
2017-11-11,2.0,1.4166666666666667,12
2017-11-12,2.0434782608695654,1.3043478260869565,23
2017-11-13,1.5263157894736843,1.2105263157894737,19
2017-11-14,1.95,1.4,20
2017-11-15,1.75,1.3,20
2017-11-16,1.7894736842105263,1.2105263157894737,19
2017-11-17,1.6551724137931034,1.1379310344827587,29
2017-11-18,1.5384615384615385,1.3076923076923077,13
2017-11-19,1.5769230769230769,1.1923076923076923,26
2017-11-20,2.5,1.5,14
2017-11-21,1.4,1.16,25
2017-11-22,1.6470588235294117,1.2352941176470589,17
2017-11-23,1.6666666666666667,1.3333333333333333,18
2017-11-24,1.0588235294117647,1.0,17
2017-11-25,2.0,1.1875,16
2017-11-26,1.6666666666666667,1.4166666666666667,12
2017-11-27,2.1481481481481484,1.3703703703703705,27
2017-11-28,2.473684210526316,1.105263157894737,19
2017-11-29,1.5,1.3,10
2017-11-30,1.4666666666666666,1.3333333333333333,15
2017-12-01,1.368421052631579,1.1578947368421053,19
2017-12-02,1.8518518518518519,1.4444444444444444,27
2017-12-03,2.6363636363636362,1.2727272727272727,11
2017-12-04,2.210526315789474,1.263157894736842,19
2017-12-05,1.84,1.4,50
2017-12-06,1.3114754098360655,1.098360655737705,61
2017-12-07,1.1896551724137931,1.1551724137931034,58
2017-12-08,1.2678571428571428,1.0892857142857142,56
2017-12-09,1.263157894736842,1.1754385964912282,57
2017-12-10,1.1296296296296295,1.0925925925925926,54
2017-12-11,1.2058823529411764,1.1470588235294117,68
2017-12-12,1.392156862745098,1.1568627450980393,51
2017-12-13,1.4411764705882353,1.2205882352941178,68
2017-12-14,1.4,1.2285714285714286,70
2017-12-15,1.7758620689655173,1.3448275862068966,58
2017-12-16,1.2857142857142858,1.1904761904761905,21
2017-12-17,1.6470588235294117,1.1176470588235294,17
2017-12-18,2.2,1.4,15
2017-12-19,1.4285714285714286,1.3333333333333333,21
2017-12-20,1.84375,1.09375,32
2017-12-21,2.6805555555555554,1.3888888888888888,72
2017-12-22,3.857142857142857,1.2285714285714286,35
2017-12-23,1.5,1.1111111111111112,18
2017-12-24,3.3181818181818183,1.3636363636363635,22
2017-12-25,3.933333333333333,1.0666666666666667,30
2017-12-26,2.0,1.1851851851851851,27
2017-12-27,5.303030303030303,1.7272727272727273,33
2017-12-28,3.823529411764706,1.2058823529411764,34
2017-12-29,2.25,1.1666666666666667,24
2017-12-30,3.0,1.2608695652173914,23
2017-12-31,2.9782608695652173,1.3043478260869565,46
2018-01-01,2.0,1.4375,32
2018-01-02,1.7924528301886793,1.3584905660377358,53
2018-01-03,1.7954545454545454,1.3863636363636365,44
2018-01-04,2.1363636363636362,1.2727272727272727,22
2018-01-05,2.28,1.44,25
2018-01-06,1.55,1.3,20
2018-01-07,1.8461538461538463,1.3076923076923077,26
2018-01-08,1.8333333333333333,1.1333333333333333,30
2018-01-09,2.5675675675675675,1.2972972972972974,37
2018-01-10,3.7666666666666666,1.3,30
2018-01-11,3.4615384615384617,1.5769230769230769,26
2018-01-12,2.2666666666666666,1.2666666666666666,30
2018-01-13,1.9565217391304348,1.2608695652173914,23
2018-01-14,1.5833333333333333,1.25,24
2018-01-15,1.72,1.24,25
2018-01-16,2.8181818181818183,1.5,22
2018-01-17,2.3333333333333335,1.4166666666666667,24
2018-01-18,1.492537313432836,1.1492537313432836,67
2018-01-19,1.639344262295082,1.2131147540983607,61
2018-01-20,1.5576923076923077,1.2692307692307692,52
2018-01-21,1.3548387096774193,1.2258064516129032,62
2018-01-22,1.4102564102564104,1.1538461538461537,78
2018-01-23,1.7,1.2166666666666666,60
2018-01-24,1.4130434782608696,1.2391304347826086,46
2018-01-25,2.433333333333333,1.7666666666666666,30
2018-01-26,2.619047619047619,1.9047619047619047,21
2018-01-27,1.1875,1.1875,16
2018-01-28,1.8666666666666667,1.1333333333333333,15
2018-01-29,1.9615384615384615,1.4230769230769231,26
2018-01-30,2.2111111111111112,1.8222222222222222,90
2018-01-31,3.7777777777777777,2.814814814814815,27
2018-02-01,2.7241379310344827,1.793103448275862,29
2018-02-02,2.4193548387096775,1.8387096774193548,31
2018-02-03,2.4,1.9,20
2018-02-04,3.129032258064516,1.7741935483870968,31
2018-02-05,1.3333333333333333,1.0476190476190477,42
2018-02-06,3.1964285714285716,1.7857142857142858,56
2018-02-07,2.020408163265306,1.3061224489795917,49
2018-02-08,2.5454545454545454,1.4545454545454546,33
2018-02-09,3.3333333333333335,2.466666666666667,15
2018-02-10,2.75,2.0,12
2018-02-11,2.5714285714285716,1.6428571428571428,14
2018-02-12,2.764705882352941,1.4705882352941178,17
2018-02-13,1.9,1.3,20
2018-02-14,2.3181818181818183,1.2727272727272727,22
2018-02-15,1.894736842105263,1.368421052631579,19
2018-02-16,3.0,1.588235294117647,17
2018-02-17,1.5862068965517242,1.206896551724138,29
2018-02-18,1.3333333333333333,1.1111111111111112,9
2018-02-19,2.7857142857142856,1.5,14
2018-02-20,2.357142857142857,1.4642857142857142,28
2018-02-21,1.472972972972973,1.0675675675675675,74
2018-02-22,2.347826086956522,1.7391304347826086,23
2018-02-23,2.28,1.4,25
2018-02-24,4.866666666666666,1.8,15
2018-02-25,2.1578947368421053,1.368421052631579,19
2018-02-26,2.5217391304347827,1.1304347826086956,23
2018-02-27,2.5483870967741935,1.4838709677419355,31
2018-02-28,2.473684210526316,1.263157894736842,19
2018-03-01,1.3571428571428572,1.2142857142857142,14
2018-03-02,2.0,1.2173913043478262,23
2018-03-03,1.2857142857142858,1.0952380952380953,21
2018-03-04,2.8461538461538463,1.6153846153846154,13
2018-03-05,1.8076923076923077,1.4615384615384615,26
2018-03-06,1.606060606060606,1.2121212121212122,33
2018-03-07,1.8059701492537314,1.1791044776119404,67
2018-03-08,1.9473684210526316,1.3157894736842106,19
2018-03-09,1.2222222222222223,1.0,18
2018-03-10,1.8571428571428572,1.0,7
2018-03-11,1.4761904761904763,1.1428571428571428,21
2018-03-12,2.5,1.5555555555555556,18
2018-03-13,1.2828282828282829,1.2121212121212122,99
2018-03-14,2.347826086956522,1.6956521739130435,23
2018-03-15,2.4285714285714284,1.4285714285714286,21
2018-03-16,1.3620689655172413,1.0862068965517242,58
2018-03-17,1.5,1.1714285714285715,70
2018-03-18,1.309090909090909,1.1090909090909091,55
2018-03-19,1.0612244897959184,1.0408163265306123,49
2018-03-20,1.1785714285714286,1.1428571428571428,56
2018-03-21,1.6222222222222222,1.2333333333333334,90
2018-03-22,1.49645390070922,1.24822695035461,141
2018-03-23,1.4787234042553192,1.148936170212766,94
2018-03-24,1.183673469387755,1.1224489795918366,49
2018-03-25,2.0,1.5,18
2018-03-26,1.4941176470588236,1.2705882352941176,255
2018-03-27,2.064516129032258,1.4838709677419355,31
2018-03-28,1.2592592592592593,1.1481481481481481,27
2018-03-29,2.08,1.32,25
2018-03-30,1.4444444444444444,1.1851851851851851,27
2018-03-31,1.8181818181818181,1.1818181818181819,11
2018-04-01,2.727272727272727,1.3181818181818181,22
2018-04-02,1.5909090909090908,1.2727272727272727,22
2018-04-03,2.16,1.36,25
2018-04-04,1.5,1.0833333333333333,24
2018-04-05,1.3793103448275863,1.206896551724138,29
2018-04-06,1.0535714285714286,1.0357142857142858,56
2018-04-07,1.290909090909091,1.1454545454545455,55
2018-04-08,1.0847457627118644,1.0677966101694916,59
2018-04-09,1.4352941176470588,1.1176470588235294,85
2018-04-10,1.6818181818181819,1.2727272727272727,22
2018-04-11,2.1904761904761907,1.5714285714285714,21
2018-04-12,1.7450980392156863,1.3333333333333333,51
2018-04-13,2.4857142857142858,1.0285714285714285,35
2018-04-14,1.2222222222222223,1.0,27
2018-04-15,1.5308641975308641,1.1604938271604939,81
2018-04-16,1.069767441860465,1.027906976744186,215
2018-04-17,1.5,1.2272727272727273,44
2018-04-18,1.8,1.2333333333333334,30
2018-04-19,2.3684210526315788,1.631578947368421,19
2018-04-20,2.3333333333333335,1.4285714285714286,21
2018-04-21,2.0714285714285716,1.7857142857142858,14
2018-04-22,1.5,1.2083333333333333,24
2018-04-23,1.7142857142857142,1.1428571428571428,56
2018-04-24,1.4,1.123076923076923,65
2018-04-25,1.271604938271605,1.0987654320987654,81
2018-04-26,1.92,1.16,25
2018-04-27,1.9024390243902438,1.1951219512195121,41
2018-04-28,1.1224489795918366,1.0816326530612246,49
2018-04-29,1.1403508771929824,1.087719298245614,57
2018-04-30,1.6666666666666667,1.1222222222222222,90
2018-05-01,1.4285714285714286,1.1904761904761905,21
2018-05-02,2.727272727272727,1.4545454545454546,11
2018-05-03,2.28,1.32,25
2018-05-04,3.0,1.25,12
2018-05-05,2.1,1.5,20
2018-05-06,1.1428571428571428,1.0,14
2018-05-07,3.590909090909091,1.7272727272727273,22
2018-05-08,1.5818181818181818,1.1636363636363636,55
2018-05-09,3.6666666666666665,2.0,33
2018-05-10,2.357142857142857,1.3928571428571428,28
2018-05-11,1.9583333333333333,1.4583333333333333,24
2018-05-12,1.380952380952381,1.2857142857142858,21
2018-05-13,1.16,1.12,25
2018-05-14,1.7741935483870968,1.5161290322580645,31
2018-05-15,1.439252336448598,1.205607476635514,107
2018-05-16,1.7671232876712328,1.4109589041095891,73
2018-05-17,1.5054945054945055,1.2197802197802199,91
2018-05-18,1.4,1.2,65
2018-05-19,1.3205128205128205,1.1153846153846154,78
2018-05-20,1.8125,1.0,16
2018-05-21,1.75,1.4,20
2018-05-22,2.074074074074074,1.3333333333333333,27
2018-05-23,2.6451612903225805,1.7096774193548387,31
2018-05-24,2.235294117647059,1.5,34
2018-05-25,2.8275862068965516,1.4137931034482758,29
2018-05-26,4.714285714285714,1.7857142857142858,14
2018-05-27,1.8571428571428572,1.1904761904761905,21
2018-05-28,2.210526315789474,1.3157894736842106,19
2018-05-29,2.3157894736842106,1.263157894736842,19
2018-05-30,1.6428571428571428,1.1428571428571428,28
2018-05-31,1.2692307692307692,1.1153846153846154,52
2018-06-01,1.2584269662921348,1.146067415730337,89
2018-06-02,1.7272727272727273,1.0454545454545454,22
2018-06-03,1.6666666666666667,1.2222222222222223,9
2018-06-04,1.6785714285714286,1.4285714285714286,28
2018-06-05,2.9523809523809526,1.2857142857142858,21
2018-06-06,2.888888888888889,1.5185185185185186,54
2018-06-07,2.5714285714285716,1.5714285714285714,35
2018-06-08,1.3870967741935485,1.0806451612903225,62
2018-06-09,2.3333333333333335,1.3333333333333333,18
2018-06-10,1.2666666666666666,1.2,15
2018-06-11,1.5,1.263157894736842,38
2018-06-12,1.4318181818181819,1.1818181818181819,44
2018-06-13,3.6530612244897958,1.510204081632653,49
2018-06-14,1.4390243902439024,1.2439024390243902,41
2018-06-15,1.5454545454545454,1.1590909090909092,44
2018-06-16,2.4782608695652173,1.3478260869565217,23
2018-06-17,3.227272727272727,1.6818181818181819,22
2018-06-18,1.4074074074074074,1.2222222222222223,27
2018-06-19,1.3243243243243243,1.2297297297297298,74
2018-06-20,1.6285714285714286,1.2857142857142858,35
2018-06-21,1.2753623188405796,1.1159420289855073,69
2018-06-22,2.5714285714285716,1.1904761904761905,21
2018-06-23,2.1785714285714284,1.4821428571428572,56
2018-06-24,2.45,1.65,20
2018-06-25,2.0,1.48,75
2018-06-26,1.4651162790697674,1.186046511627907,43
2018-06-27,6.177777777777778,3.188888888888889,90
2018-06-28,5.591836734693878,3.061224489795918,49
2018-06-29,4.018867924528302,2.4339622641509435,53
2018-06-30,5.586206896551724,2.5517241379310347,29
2018-07-01,3.5142857142857142,1.8857142857142857,35
2018-07-02,3.033333333333333,1.6666666666666667,30
2018-07-03,3.3142857142857145,1.7428571428571429,35
2018-07-04,2.0285714285714285,1.457142857142857,35
2018-07-05,1.702127659574468,1.3829787234042554,47
2018-07-06,3.1142857142857143,1.3142857142857143,35
2018-07-07,2.4285714285714284,1.542857142857143,35
2018-07-08,10.074074074074074,2.037037037037037,27
2018-07-09,4.320754716981132,1.7169811320754718,53
2018-07-10,2.739130434782609,2.0434782608695654,23
2018-07-11,2.1714285714285713,1.4285714285714286,35
2018-07-12,2.586206896551724,1.8448275862068966,58
2018-07-13,2.58,1.88,50
2018-07-14,2.292682926829268,1.7317073170731707,41
2018-07-15,1.7586206896551724,1.4827586206896552,29
2018-07-16,3.212121212121212,1.7272727272727273,33
2018-07-17,1.868421052631579,1.3421052631578947,38
2018-07-18,1.8923076923076922,1.3846153846153846,65
2018-07-19,2.5365853658536586,1.7073170731707317,41
2018-07-20,2.0597014925373136,1.4179104477611941,67
2018-07-21,1.84375,1.34375,32
2018-07-22,1.75,1.3571428571428572,28
2018-07-23,2.0,1.3571428571428572,42
2018-07-24,1.8,1.46,50
2018-07-25,2.34375,1.34375,32
2018-07-26,2.90625,1.90625,32
2018-07-27,2.142857142857143,1.457142857142857,35
2018-07-28,2.35,1.55,20
2018-07-29,1.9666666666666666,1.6666666666666667,30
2018-07-30,2.3043478260869565,1.4782608695652173,23
2018-07-31,2.84,1.4,25
2018-08-01,1.4776119402985075,1.164179104477612,67
2018-08-02,1.4615384615384615,1.1282051282051282,39
2018-08-03,1.925,1.35,40
2018-08-04,3.4878048780487805,1.5121951219512195,41
2018-08-05,1.3962264150943395,1.1886792452830188,53
2018-08-06,2.1363636363636362,1.25,44
2018-08-07,2.026315789473684,1.236842105263158,38
2018-08-08,3.488372093023256,2.441860465116279,43
2018-08-09,2.972972972972973,1.6756756756756757,37
2018-08-10,3.1555555555555554,1.4444444444444444,45
2018-08-11,2.5,1.6,30
2018-08-12,2.064516129032258,1.3548387096774193,31
2018-08-13,1.8113207547169812,1.3773584905660377,53
2018-08-14,1.5,1.2222222222222223,18
2018-08-15,2.608695652173913,1.5217391304347827,23
2018-08-16,2.857142857142857,2.142857142857143,14
2018-08-17,2.95,1.3,20
2018-08-18,2.9473684210526314,1.736842105263158,19
2018-08-19,2.727272727272727,1.8181818181818181,11
2018-08-20,3.72,1.64,25
2018-08-21,2.24,1.6,25
2018-08-22,4.64,2.4,25
2018-08-23,3.04,1.52,25
2018-08-24,2.210526315789474,1.5789473684210527,19
2018-08-25,2.1578947368421053,1.368421052631579,19
2018-08-26,1.8181818181818181,1.2727272727272727,22
2018-08-27,1.4761904761904763,1.2380952380952381,21
2018-08-28,1.3181818181818181,1.0454545454545454,22
2018-08-29,2.088235294117647,1.4705882352941178,34
2018-08-30,1.5789473684210527,1.368421052631579,19
2018-08-31,1.5,1.1538461538461537,26
2018-09-01,1.6,1.1333333333333333,30
2018-09-02,1.36,1.16,25
2018-09-03,1.5,1.2272727272727273,22
2018-09-04,2.15625,1.4375,32
2018-09-05,3.980769230769231,1.8269230769230769,52
2018-09-06,3.230769230769231,1.6153846153846154,26
2018-09-07,1.7586206896551724,1.3448275862068966,29
2018-09-08,2.3684210526315788,1.5263157894736843,19
2018-09-09,1.3488372093023255,1.1162790697674418,43
2018-09-10,1.5344827586206897,1.293103448275862,58
2018-09-11,1.7605633802816902,1.2394366197183098,71
2018-09-12,1.4606741573033708,1.146067415730337,89
2018-09-13,2.2777777777777777,1.3888888888888888,18
2018-09-14,1.9333333333333333,1.2666666666666666,15
2018-09-15,3.4761904761904763,1.1904761904761905,21
2018-09-16,2.0588235294117645,1.2352941176470589,17
2018-09-17,1.4473684210526316,1.105263157894737,38
2018-09-18,2.230769230769231,1.3076923076923077,13
2018-09-19,1.625,1.375,32
2018-09-20,2.0,1.3636363636363635,33
2018-09-21,2.064516129032258,1.5161290322580645,31
2018-09-22,1.9615384615384615,1.5384615384615385,26
2018-09-23,3.0,1.7272727272727273,22
2018-09-24,1.3140495867768596,1.115702479338843,121
2018-09-25,1.76,1.36,25
2018-09-26,1.8611111111111112,1.2777777777777777,36
2018-09-27,2.3666666666666667,1.5,30
2018-09-28,1.7575757575757576,1.4848484848484849,33
2018-09-29,2.269230769230769,1.2307692307692308,26
2018-09-30,2.125,1.5625,16
2018-10-01,1.7941176470588236,1.4411764705882353,34
2018-10-02,1.5666666666666667,1.1666666666666667,30
2018-10-03,3.185185185185185,1.4074074074074074,27
2018-10-04,3.4193548387096775,1.903225806451613,31
2018-10-05,2.864864864864865,1.3783783783783783,37
2018-10-06,1.8695652173913044,1.173913043478261,23
2018-10-07,1.1428571428571428,1.0,14
2018-10-08,1.72,1.36,25
2018-10-09,2.6296296296296298,1.3333333333333333,27
2018-10-10,2.138888888888889,1.5555555555555556,36
2018-10-11,1.8977272727272727,1.2045454545454546,88
2018-10-12,1.543859649122807,1.263157894736842,57
2018-10-13,2.5238095238095237,1.4285714285714286,21
2018-10-14,2.642857142857143,1.6428571428571428,14
2018-10-15,1.8,1.16,25
2018-10-16,1.3673469387755102,1.1734693877551021,98
2018-10-17,1.6037735849056605,1.3018867924528301,53
2018-10-18,2.0277777777777777,1.4166666666666667,36
2018-10-19,1.9795918367346939,1.5918367346938775,49
2018-10-20,1.7464788732394365,1.1549295774647887,71
2018-10-21,2.1785714285714284,1.5714285714285714,28
2018-10-22,2.8636363636363638,1.6363636363636365,44
2018-10-23,2.0,1.360655737704918,61
2018-10-24,2.2058823529411766,1.3823529411764706,34
2018-10-25,2.9285714285714284,1.5,42
2018-10-26,1.911764705882353,1.2058823529411764,34
2018-10-27,2.59375,1.3125,32
2018-10-28,1.8,1.5142857142857142,35
2018-10-29,2.7037037037037037,1.7037037037037037,27
2018-10-30,5.121212121212121,2.090909090909091,33
2018-10-31,3.25,1.65625,32
2018-11-01,2.84375,1.5625,32
2018-11-02,2.519230769230769,1.6923076923076923,52
2018-11-03,2.010752688172043,1.2688172043010753,93
2018-11-04,1.5869565217391304,1.2028985507246377,138
2018-11-05,2.3653846153846154,1.4711538461538463,104
2018-11-06,1.96,1.416,125
2018-11-07,7.736486486486487,3.972972972972973,148
2018-11-08,4.544715447154472,2.861788617886179,123
2018-11-09,3.127906976744186,2.0,86
2018-11-10,2.6666666666666665,1.803921568627451,102
2018-11-11,3.1403508771929824,1.894736842105263,57
2018-11-12,2.8452380952380953,1.6785714285714286,84
2018-11-13,2.740740740740741,1.7777777777777777,54
2018-11-14,3.95,2.4166666666666665,60
2018-11-15,2.223684210526316,1.6973684210526316,76
2018-11-16,2.421875,1.578125,64
2018-11-17,2.323529411764706,1.5588235294117647,68
2018-11-18,2.8823529411764706,1.838235294117647,68
2018-11-19,2.6545454545454548,1.6727272727272726,55
2018-11-20,2.6538461538461537,1.6730769230769231,52
2018-11-21,2.581818181818182,1.8727272727272728,55
2018-11-22,2.509433962264151,1.7547169811320755,53
2018-11-23,2.1176470588235294,1.3333333333333333,51
2018-11-24,1.5833333333333333,1.3166666666666667,60
2018-11-25,1.9795918367346939,1.5510204081632653,49
2018-11-26,1.9375,1.4625,80
2018-11-27,2.25,1.4464285714285714,56
2018-11-28,2.5454545454545454,1.9454545454545455,55
2018-11-29,3.0,2.0384615384615383,52
2018-11-30,2.358974358974359,1.6666666666666667,39
2018-12-01,2.1923076923076925,1.5961538461538463,52
2018-12-02,1.7058823529411764,1.2941176470588236,51
2018-12-03,2.466666666666667,1.6333333333333333,30
2018-12-04,2.3793103448275863,1.5517241379310345,29
2018-12-05,1.8636363636363635,1.2727272727272727,22
2018-12-06,1.558139534883721,1.2093023255813953,43
2018-12-07,2.0416666666666665,1.2916666666666667,24
2018-12-08,1.3584905660377358,1.1320754716981132,53
2018-12-09,1.7142857142857142,1.2619047619047619,42
2018-12-10,2.15625,1.375,32
2018-12-11,1.7636363636363637,1.4727272727272727,55
2018-12-12,3.6,1.9777777777777779,45
2018-12-13,2.948717948717949,1.6153846153846154,39
2018-12-14,1.9024390243902438,1.4390243902439024,41
2018-12-15,1.5357142857142858,1.3571428571428572,28
2018-12-16,1.4833333333333334,1.2333333333333334,60
2018-12-17,2.2241379310344827,1.4827586206896552,58
2018-12-18,3.033333333333333,1.5333333333333334,30
2018-12-19,2.36,1.36,25
2018-12-20,2.235294117647059,1.7058823529411764,34
2018-12-21,1.44,1.2533333333333334,75
2018-12-22,2.15625,1.5,32
2018-12-23,1.75,1.325,40
2018-12-24,1.8918918918918919,1.2162162162162162,37
2018-12-25,1.5217391304347827,1.2608695652173914,23
2018-12-26,1.4375,1.125,16
2018-12-27,1.76,1.28,25
2018-12-28,1.8214285714285714,1.4642857142857142,28
2018-12-29,2.0,1.3214285714285714,56
2018-12-30,2.6333333333333333,1.3666666666666667,30
2018-12-31,2.0625,1.25,32
2019-01-01,2.357142857142857,1.6428571428571428,28
2019-01-02,1.8541666666666667,1.3125,48
2019-01-03,3.8650306748466257,2.8220858895705523,163
2019-01-04,3.9135802469135803,2.691358024691358,162
2019-01-05,3.2093023255813953,2.2170542635658914,129
2019-01-06,1.75,1.3388157894736843,304
2019-01-07,1.9281045751633987,1.4901960784313726,153
2019-01-08,2.150943396226415,1.4339622641509433,53
2019-01-09,1.9696969696969697,1.3636363636363635,66
2019-01-10,2.2051282051282053,1.7179487179487178,39
2019-01-11,1.9387755102040816,1.4285714285714286,49
2019-01-12,2.142857142857143,1.346938775510204,49
2019-01-13,2.230769230769231,1.4871794871794872,39
2019-01-14,1.7560975609756098,1.4390243902439024,41
2019-01-15,1.7735849056603774,1.2075471698113207,53
2019-01-16,1.8208955223880596,1.4477611940298507,67
2019-01-17,2.9,1.825,40
2019-01-18,4.219512195121951,2.3658536585365852,41
2019-01-19,3.1363636363636362,1.9318181818181819,44
2019-01-20,2.1714285714285713,1.6571428571428573,35
2019-01-21,8.033333333333333,1.9,30
2019-01-22,1.9047619047619047,1.5714285714285714,21
2019-01-23,2.212121212121212,1.5757575757575757,33
2019-01-24,1.3214285714285714,1.1547619047619047,84
2019-01-25,1.7183098591549295,1.2535211267605635,71
2019-01-26,2.242424242424242,1.4848484848484849,66
2019-01-27,1.7553191489361701,1.3191489361702127,94
2019-01-28,1.5384615384615385,1.2692307692307692,52
2019-01-29,1.6206896551724137,1.4482758620689655,29
2019-01-30,1.875,1.35,40
2019-01-31,2.22,1.44,50
2019-02-01,1.8636363636363635,1.4318181818181819,44
2019-02-02,1.6176470588235294,1.3235294117647058,34
2019-02-03,2.2058823529411766,1.5588235294117647,34
2019-02-04,1.7428571428571429,1.2285714285714286,35
2019-02-05,2.269230769230769,1.5769230769230769,26
2019-02-06,3.0555555555555554,1.6666666666666667,36
2019-02-07,2.7037037037037037,1.7592592592592593,54
2019-02-08,2.0693069306930694,1.6336633663366336,101
2019-02-09,1.9714285714285715,1.4857142857142858,35
2019-02-10,1.8867924528301887,1.5660377358490567,53
2019-02-11,2.8507462686567164,1.8059701492537314,67
2019-02-12,2.231707317073171,1.6219512195121952,82
2019-02-13,2.4642857142857144,1.8214285714285714,56
2019-02-14,2.106060606060606,1.4848484848484849,66
2019-02-15,1.7727272727272727,1.4242424242424243,66
2019-02-16,1.5233644859813085,1.2523364485981308,107
2019-02-17,1.7518248175182483,1.2335766423357664,137
2019-02-18,2.4193548387096775,1.5483870967741935,31
2019-02-19,2.1818181818181817,1.606060606060606,33
2019-02-20,1.6944444444444444,1.3888888888888888,36
2019-02-21,3.857142857142857,2.0476190476190474,21
2019-02-22,1.96,1.44,25
2019-02-23,2.2857142857142856,1.5714285714285714,21
2019-02-24,1.8148148148148149,1.4814814814814814,27
2019-02-25,2.1176470588235294,1.3529411764705883,17
2019-02-26,2.1666666666666665,1.9333333333333333,30
2019-02-27,3.4489795918367347,2.306122448979592,49
2019-02-28,3.0,1.8888888888888888,45
2019-03-01,2.375,1.7916666666666667,24
2019-03-02,3.1363636363636362,1.8636363636363635,22
2019-03-03,3.966666666666667,2.066666666666667,30
2019-03-04,3.2413793103448274,2.4827586206896552,29
2019-03-05,3.75,2.35,20
2019-03-06,3.611111111111111,2.9444444444444446,18
2019-03-07,2.96,2.16,25
2019-03-08,2.64,1.88,25
2019-03-09,2.8461538461538463,1.7307692307692308,26
2019-03-10,1.8461538461538463,1.2884615384615385,52
2019-03-11,3.2857142857142856,2.1904761904761907,21
2019-03-12,2.103448275862069,1.6551724137931034,29
2019-03-13,2.2666666666666666,1.6666666666666667,15
2019-03-14,2.0606060606060606,1.696969696969697,33
2019-03-15,1.6153846153846154,1.3076923076923077,26
2019-03-16,2.09375,1.5,32
2019-03-17,2.4285714285714284,1.6428571428571428,14
2019-03-18,1.5,1.3125,16
2019-03-19,2.761904761904762,2.0952380952380953,21
2019-03-20,2.4285714285714284,1.5714285714285714,14
2019-03-21,3.4285714285714284,1.6666666666666667,21
2019-03-22,3.3333333333333335,2.1666666666666665,12
2019-03-23,1.75,1.3333333333333333,12
2019-03-24,4.142857142857143,1.6428571428571428,14
2019-03-25,4.24,2.16,25
2019-03-26,1.5666666666666667,1.3,30
2019-03-27,1.588235294117647,1.411764705882353,17
2019-03-28,2.607142857142857,1.7142857142857142,28
2019-03-29,2.6923076923076925,1.6923076923076923,13
2019-03-30,1.8125,1.25,16
2019-03-31,1.92,1.52,25
2019-04-01,1.7857142857142858,1.4285714285714286,14
2019-04-02,2.0454545454545454,1.5909090909090908,22
2019-04-03,2.7142857142857144,1.8095238095238095,21
2019-04-04,3.3181818181818183,1.7727272727272727,22
2019-04-05,1.7575757575757576,1.2727272727272727,33
2019-04-06,2.090909090909091,1.5,22
2019-04-07,2.1,1.7,20
2019-04-08,1.5925925925925926,1.4444444444444444,27
2019-04-09,2.8846153846153846,2.1153846153846154,26
2019-04-10,4.206896551724138,2.6551724137931036,29
2019-04-11,4.333333333333333,2.625,24
2019-04-12,2.6222222222222222,1.9111111111111112,45
2019-04-13,1.4166666666666667,1.35,60
2019-04-14,2.21875,1.46875,32
2019-04-15,1.967741935483871,1.5806451612903225,31
2019-04-16,2.125,1.625,16
2019-04-17,2.04,1.32,25
2019-04-18,1.7857142857142858,1.2857142857142858,28
2019-04-19,2.5714285714285716,1.3571428571428572,28
2019-04-20,2.1666666666666665,1.3333333333333333,18
2019-04-21,1.5384615384615385,1.1538461538461537,26
2019-04-22,1.2105263157894737,1.105263157894737,19
2019-04-23,1.7352941176470589,1.411764705882353,34
2019-04-24,1.619047619047619,1.2857142857142858,21
2019-04-25,2.272727272727273,1.4090909090909092,22
2019-04-26,2.2142857142857144,1.5714285714285714,14
2019-04-27,2.24,1.48,25
2019-04-28,1.5,1.3,20
2019-04-29,1.6111111111111112,1.2777777777777777,18
2019-04-30,1.7777777777777777,1.4814814814814814,27
2019-05-01,1.95,1.45,20
2019-05-02,1.72,1.36,25
2019-05-03,3.2857142857142856,2.142857142857143,21
2019-05-04,2.142857142857143,1.3571428571428572,14
2019-05-05,3.4782608695652173,1.5217391304347827,23
2019-05-06,1.8571428571428572,1.3333333333333333,21
2019-05-07,2.2222222222222223,1.3703703703703705,27
2019-05-08,1.9444444444444444,1.2777777777777777,18
2019-05-09,1.8148148148148149,1.4444444444444444,27
2019-05-10,2.357142857142857,1.5,14
2019-05-11,1.8484848484848484,1.5454545454545454,33
2019-05-12,1.4375,1.25,16
2019-05-13,1.8846153846153846,1.5,26
2019-05-14,2.5238095238095237,1.6666666666666667,21
2019-05-15,1.875,1.3125,16
2019-05-16,1.7142857142857142,1.3571428571428572,14
2019-05-17,1.860759493670886,1.240506329113924,79
2019-05-18,1.8076923076923077,1.3076923076923077,26
2019-05-19,1.5925925925925926,1.1481481481481481,54
2019-05-20,1.6,1.25,20
2019-05-21,1.075268817204301,1.053763440860215,93
2019-05-22,1.972972972972973,1.3513513513513513,37
2019-05-23,2.6,1.4,25
2019-05-24,3.0,1.8636363636363635,22
2019-05-25,1.896551724137931,1.4827586206896552,29
2019-05-26,1.8666666666666667,1.2666666666666666,15
2019-05-27,2.473684210526316,1.4736842105263157,19
2019-05-28,2.1923076923076925,1.6538461538461537,26
2019-05-29,2.066666666666667,1.2,15
2019-05-30,1.6153846153846154,1.1538461538461537,13
2019-05-31,1.4545454545454546,1.1363636363636365,22
2019-06-01,1.3548387096774193,1.2580645161290323,31
2019-06-02,2.411764705882353,1.7058823529411764,17
2019-06-03,2.1,1.6,20
2019-06-04,2.761904761904762,1.7142857142857142,21
2019-06-05,1.7142857142857142,1.2857142857142858,14
2019-06-06,2.142857142857143,1.2857142857142858,21
2019-06-07,1.65,1.1,20
2019-06-08,1.4375,1.125,16
2019-06-09,1.6896551724137931,1.2413793103448276,29
2019-06-10,1.5384615384615385,1.3076923076923077,13
2019-06-11,1.7777777777777777,1.3888888888888888,18
2019-06-12,2.225806451612903,1.5161290322580645,31
2019-06-13,1.606060606060606,1.4242424242424243,33
2019-06-14,1.3529411764705883,1.1470588235294117,34
2019-06-15,1.92,1.44,25
2019-06-16,1.0666666666666667,1.0666666666666667,15
2019-06-17,1.25,1.1428571428571428,28
2019-06-18,1.4,1.1666666666666667,30
2019-06-19,1.6363636363636365,1.2727272727272727,22
2019-06-20,1.3333333333333333,1.0666666666666667,15
2019-06-21,1.4,1.2,25
2019-06-22,1.1176470588235294,1.088235294117647,34
2019-06-23,2.0625,1.3125,16
2019-06-24,1.875,1.4166666666666667,24
2019-06-25,1.7027027027027026,1.2432432432432432,37
2019-06-26,2.3846153846153846,1.1923076923076923,26
2019-06-27,2.2777777777777777,1.9444444444444444,18
2019-06-28,1.5128205128205128,1.1538461538461537,39
2019-06-29,1.6428571428571428,1.1428571428571428,28
2019-06-30,1.4583333333333333,1.2916666666666667,24
2019-07-01,1.9130434782608696,1.434782608695652,23
2019-07-02,2.235294117647059,1.5294117647058822,17
2019-07-03,2.962962962962963,1.8888888888888888,27
2019-07-04,1.5789473684210527,1.3157894736842106,19
2019-07-05,1.2380952380952381,1.0476190476190477,21
2019-07-06,1.4615384615384615,1.2307692307692308,13
2019-07-07,1.8666666666666667,1.4666666666666666,15
2019-07-08,2.7058823529411766,1.588235294117647,17
2019-07-09,1.9024390243902438,1.7317073170731707,41
2019-07-10,3.526315789473684,1.894736842105263,19
2019-07-11,1.9375,1.5,16
2019-07-12,2.52,1.48,25
2019-07-13,1.3595505617977528,1.3370786516853932,89
2019-07-14,1.4268292682926829,1.3414634146341464,82
2019-07-15,2.5925925925925926,2.0,27
2019-07-16,1.8518518518518519,1.462962962962963,54
2019-07-17,3.7222222222222223,2.361111111111111,36
2019-07-18,3.2058823529411766,2.0294117647058822,34
2019-07-19,2.6,1.7333333333333334,30
2019-07-20,3.3333333333333335,2.3333333333333335,18
2019-07-21,2.0,1.391304347826087,23
2019-07-22,2.763157894736842,1.736842105263158,38
2019-07-23,2.125,1.53125,32
2019-07-24,2.6555555555555554,1.7444444444444445,90
2019-07-25,1.7209302325581395,1.302325581395349,43
2019-07-26,2.1951219512195124,1.3902439024390243,41
2019-07-27,1.76,1.32,25
2019-07-28,1.4285714285714286,1.1428571428571428,35
2019-07-29,1.8823529411764706,1.2549019607843137,51
2019-07-30,1.791044776119403,1.208955223880597,67
2019-07-31,2.425,1.35,40
2019-08-01,1.84375,1.25,32
2019-08-02,1.9743589743589745,1.2820512820512822,78
2019-08-03,1.7058823529411764,1.2745098039215685,51
2019-08-04,1.5294117647058822,1.2941176470588236,34
2019-08-05,1.5666666666666667,1.1333333333333333,30
2019-08-06,2.65,1.15,20
2019-08-07,3.05,1.7,20
2019-08-08,1.4782608695652173,1.3043478260869565,23
2019-08-09,1.6875,1.4375,16
2019-08-10,1.4,1.4,10
2019-08-11,1.3888888888888888,1.1111111111111112,18
2019-08-12,1.7727272727272727,1.1363636363636365,22
2019-08-13,1.7692307692307692,1.3846153846153846,13
2019-08-14,2.6666666666666665,1.5333333333333334,15
2019-08-15,2.375,1.625,16
2019-08-16,4.5,2.2222222222222223,18
2019-08-17,3.0714285714285716,2.2142857142857144,14
2019-08-18,1.8461538461538463,1.3846153846153846,13
2019-08-19,2.5384615384615383,1.8461538461538463,13
2019-08-20,1.6666666666666667,1.5333333333333334,15
2019-08-21,2.5,1.95,20
2019-08-22,2.0,1.5238095238095237,21
2019-08-23,1.90625,1.5625,32
2019-08-24,1.7142857142857142,1.3571428571428572,28
2019-08-25,1.5789473684210527,1.1578947368421053,19
2019-08-26,1.631578947368421,1.2105263157894737,19
2019-08-27,1.9230769230769231,1.4615384615384615,26
2019-08-28,3.3636363636363638,1.3636363636363635,22
2019-08-29,1.5217391304347827,1.2173913043478262,23
2019-08-30,2.0,1.4545454545454546,11
2019-08-31,1.2941176470588236,1.2352941176470589,17
2019-09-01,1.4705882352941178,1.1764705882352942,17
2019-09-02,2.764705882352941,1.1176470588235294,17
2019-09-03,2.238095238095238,1.6666666666666667,21
2019-09-04,1.2857142857142858,1.1428571428571428,14
2019-09-05,1.2857142857142858,1.1785714285714286,28
2019-09-06,3.1578947368421053,1.4736842105263157,19
2019-09-07,1.3846153846153846,1.3076923076923077,13
2019-09-08,2.8823529411764706,1.411764705882353,17
2019-09-09,1.903225806451613,1.4838709677419355,31
2019-09-10,2.4285714285714284,1.619047619047619,21
2019-09-11,2.84375,1.875,32
2019-09-12,2.45,1.7,20
2019-09-13,1.3,1.1,20
2019-09-14,1.7076923076923076,1.6153846153846154,65
2019-09-15,1.2173913043478262,1.1304347826086956,23
2019-09-16,1.4615384615384615,1.2692307692307692,26
2019-09-17,2.0833333333333335,1.4166666666666667,24
2019-09-18,2.1956521739130435,1.608695652173913,46
2019-09-19,1.3333333333333333,1.1538461538461537,39
2019-09-20,1.6774193548387097,1.4516129032258065,31
2019-09-21,1.3058823529411765,1.2705882352941176,85
2019-09-22,1.8571428571428572,1.5571428571428572,70
2019-09-23,1.2916666666666667,1.1041666666666667,48
2019-09-24,1.2574257425742574,1.1584158415841583,101
2019-09-25,1.2857142857142858,1.1547619047619047,84
2019-09-26,1.7866666666666666,1.44,75
2019-09-27,1.4090909090909092,1.2613636363636365,88
2019-09-28,2.260869565217391,1.7826086956521738,23
2019-09-29,2.1818181818181817,1.6363636363636365,22
2019-09-30,1.6666666666666667,1.4333333333333333,30
2019-10-01,1.4477611940298507,1.2537313432835822,67
2019-10-02,1.2686567164179106,1.1492537313432836,67
2019-10-03,1.5416666666666667,1.3333333333333333,72
2019-10-04,1.3157894736842106,1.2526315789473683,95
2019-10-05,1.8108108108108107,1.5405405405405406,37
2019-10-06,2.0952380952380953,1.880952380952381,42
2019-10-07,2.64,1.64,25
2019-10-08,1.9444444444444444,1.5,18
2019-10-09,1.96,1.36,25
2019-10-10,2.380952380952381,1.3333333333333333,21
2019-10-11,2.391304347826087,1.7826086956521738,23
2019-10-12,1.736842105263158,1.5263157894736843,19
2019-10-13,1.3333333333333333,1.0952380952380953,21
2019-10-14,2.111111111111111,1.2222222222222223,27
2019-10-15,2.75,1.4583333333333333,24
2019-10-16,1.8709677419354838,1.3225806451612903,31
2019-10-17,1.5789473684210527,1.3421052631578947,76
2019-10-18,1.3768115942028984,1.1884057971014492,69
2019-10-19,1.3846153846153846,1.25,52
2019-10-20,1.5294117647058822,1.196078431372549,51
2019-10-21,1.481012658227848,1.1265822784810127,79
2019-10-22,1.5789473684210527,1.1473684210526316,95
2019-10-23,1.2736842105263158,1.1894736842105262,95
2019-10-24,2.1785714285714284,1.6071428571428572,28
2019-10-25,1.9411764705882353,1.588235294117647,34
2019-10-26,2.0714285714285716,1.4285714285714286,28
2019-10-27,1.8620689655172413,1.6379310344827587,58
2019-10-28,2.08,1.36,25
2019-10-29,1.5555555555555556,1.2962962962962963,27
2019-10-30,2.3548387096774195,2.0161290322580645,62
2019-10-31,2.7083333333333335,2.0833333333333335,48
2019-11-01,1.4864864864864864,1.2972972972972974,74
2019-11-02,1.64,1.36,25
2019-11-03,3.0,1.3846153846153846,13
2019-11-04,3.0555555555555554,1.4444444444444444,18
2019-11-05,1.7692307692307692,1.4615384615384615,26
2019-11-06,1.5357142857142858,1.2857142857142858,28
2019-11-07,1.619047619047619,1.2857142857142858,21
2019-11-08,3.217391304347826,1.7826086956521738,23
2019-11-09,1.608695652173913,1.391304347826087,23
2019-11-10,1.35,1.2,20
2019-11-11,1.6666666666666667,1.380952380952381,21
2019-11-12,2.1,1.4,20
2019-11-13,3.0,1.7586206896551724,29
2019-11-14,2.923076923076923,1.7307692307692308,26
2019-11-15,2.9,2.033333333333333,30
2019-11-16,1.5,1.2857142857142858,14
2019-11-17,3.3,1.85,20
2019-11-18,1.9565217391304348,1.4782608695652173,23
2019-11-19,2.391304347826087,1.6956521739130435,23
2019-11-20,3.2058823529411766,2.264705882352941,34
2019-11-21,2.9696969696969697,2.212121212121212,33
2019-11-22,2.526315789473684,1.6842105263157894,19
2019-11-23,3.0,1.8846153846153846,26
2019-11-24,2.85,1.95,20
2019-11-25,2.125,1.5625,16
2019-11-26,1.95,1.65,20
2019-11-27,1.9090909090909092,1.5454545454545454,22
2019-11-28,1.5789473684210527,1.3157894736842106,19
2019-11-29,1.7857142857142858,1.3571428571428572,14
2019-11-30,1.4375,1.1875,16
2019-12-01,1.4285714285714286,1.0714285714285714,14
2019-12-02,2.4347826086956523,1.3478260869565217,23
2019-12-03,2.772727272727273,1.7272727272727273,22
2019-12-04,2.8461538461538463,1.6153846153846154,26
2019-12-05,2.392857142857143,1.75,28
2019-12-06,2.2666666666666666,1.6666666666666667,15
2019-12-07,1.9411764705882353,1.6470588235294117,17
2019-12-08,1.2142857142857142,1.1428571428571428,42
2019-12-09,2.1875,1.9375,16
2019-12-10,2.2333333333333334,1.8,30
2019-12-11,2.176470588235294,1.4705882352941178,17
2019-12-12,2.730769230769231,2.1153846153846154,26
2019-12-13,2.3333333333333335,1.5277777777777777,36
2019-12-14,4.526315789473684,2.8421052631578947,19
2019-12-15,4.5,3.125,8
2019-12-16,2.9375,1.4375,16
2019-12-17,2.606060606060606,1.8484848484848484,33
2019-12-18,2.267605633802817,1.619718309859155,71
2019-12-19,3.4358974358974357,2.358974358974359,39
2019-12-20,2.0,1.5,24
2019-12-21,2.05,1.4,20
2019-12-22,1.7777777777777777,1.2222222222222223,9
2019-12-23,2.04,1.64,25
2019-12-24,2.15,1.4,20
2019-12-25,2.1052631578947367,1.4736842105263157,19
2019-12-26,2.6666666666666665,2.2,15
2019-12-27,1.2,1.08,25
2019-12-28,2.888888888888889,1.1111111111111112,9
2019-12-29,1.125,1.0833333333333333,24
2019-12-30,1.28125,1.09375,32
2019-12-31,1.1666666666666667,1.0277777777777777,36
2020-01-01,1.7272727272727273,1.1818181818181819,11
2020-01-02,1.1818181818181819,1.0909090909090908,11
2020-01-03,1.3333333333333333,1.2777777777777777,18
2020-01-04,1.7619047619047619,1.5238095238095237,21
2020-01-05,1.5714285714285714,1.3571428571428572,14
2020-01-06,1.3076923076923077,1.2692307692307692,26
2020-01-07,2.4482758620689653,1.9655172413793103,29
2020-01-08,1.8333333333333333,1.6111111111111112,18
2020-01-09,1.5862068965517242,1.206896551724138,29
2020-01-10,2.076923076923077,1.6923076923076923,26
2020-01-11,1.8,1.2666666666666666,15
2020-01-12,1.28,1.08,25
2020-01-13,1.7391304347826086,1.391304347826087,23
2020-01-14,1.5897435897435896,1.0769230769230769,39
2020-01-15,1.9838709677419355,1.4516129032258065,62
2020-01-16,1.5774647887323943,1.3098591549295775,71
2020-01-17,1.3918918918918919,1.1756756756756757,74
2020-01-18,1.7,1.3166666666666667,60
2020-01-19,1.1341463414634145,1.048780487804878,82
2020-01-20,1.6521739130434783,1.434782608695652,23
2020-01-21,2.4146341463414633,1.3658536585365855,41
2020-01-22,1.9795918367346939,1.4081632653061225,49
2020-01-23,2.0377358490566038,1.320754716981132,53
2020-01-24,2.1153846153846154,1.3846153846153846,26
2020-01-25,3.433333333333333,1.4666666666666666,30
2020-01-26,2.3846153846153846,1.1538461538461537,26
2020-01-27,2.5714285714285716,1.3333333333333333,21
2020-01-28,1.5757575757575757,1.1515151515151516,33
2020-01-29,2.892857142857143,1.3214285714285714,28
2020-01-30,1.673913043478261,1.1304347826086956,46
2020-01-31,2.0869565217391304,1.3478260869565217,23
2020-02-01,2.3,1.1333333333333333,30
2020-02-02,1.8333333333333333,1.625,24
2020-02-03,1.434782608695652,1.2608695652173914,23
2020-02-04,1.2222222222222223,1.1111111111111112,18
2020-02-05,2.590909090909091,1.9545454545454546,22
2020-02-06,1.92,1.48,25
2020-02-07,2.4347826086956523,1.826086956521739,23
2020-02-08,2.92,1.4,25
2020-02-09,2.1923076923076925,1.4615384615384615,26
2020-02-10,1.4242424242424243,1.1818181818181819,33
2020-02-11,2.235294117647059,1.5294117647058822,17
2020-02-12,1.490909090909091,1.2363636363636363,55
2020-02-13,2.347826086956522,1.2608695652173914,23
2020-02-14,1.4857142857142858,1.2285714285714286,35
2020-02-15,2.0,1.375,16
2020-02-16,1.7,1.15,20
2020-02-17,1.8571428571428572,1.2142857142857142,14
2020-02-18,1.177304964539007,1.127659574468085,141
2020-02-19,1.8,1.05,20
2020-02-20,2.05,1.15,20
2020-02-21,2.235294117647059,1.411764705882353,17
2020-02-22,1.5555555555555556,1.2777777777777777,18
2020-02-23,1.6666666666666667,1.2,15
2020-02-24,1.619047619047619,1.4761904761904763,21
2020-02-25,1.9473684210526316,1.4210526315789473,19
2020-02-26,1.875,1.4166666666666667,24
2020-02-27,2.1875,1.75,16
2020-02-28,1.8888888888888888,1.3888888888888888,18
2020-02-29,1.6666666666666667,1.3703703703703705,27
2020-03-01,1.8076923076923077,1.2307692307692308,26
2020-03-02,1.7777777777777777,1.2777777777777777,18
2020-03-03,1.5714285714285714,1.2380952380952381,21
2020-03-04,1.9285714285714286,1.3571428571428572,28
2020-03-05,1.6,1.28,25
2020-03-06,1.911764705882353,1.4705882352941178,34
2020-03-07,3.210526315789474,1.7894736842105263,19
2020-03-08,1.875,1.7142857142857142,56
2020-03-09,2.026315789473684,1.4473684210526316,38
2020-03-10,2.361111111111111,1.6111111111111112,36
2020-03-11,1.9655172413793103,1.3103448275862069,29
2020-03-12,1.9545454545454546,1.3181818181818181,22
2020-03-13,1.6153846153846154,1.1538461538461537,26
2020-03-14,1.9310344827586208,1.706896551724138,58
2020-03-15,2.1176470588235294,1.6176470588235294,34
2020-03-16,1.5,1.4615384615384615,26
2020-03-17,1.46875,1.15625,32
2020-03-18,4.351351351351352,1.972972972972973,37
2020-03-19,1.75,1.3,20
2020-03-20,2.3157894736842106,1.5789473684210527,19
2020-03-21,1.8461538461538463,1.1153846153846154,26
2020-03-22,2.8,1.4,25
2020-03-23,1.6538461538461537,1.5,26
2020-03-24,1.75,1.3125,16
2020-03-25,1.9565217391304348,1.4782608695652173,23
2020-03-26,1.4285714285714286,1.1904761904761905,21
2020-03-27,4.52,3.12,25
2020-03-28,1.7307692307692308,1.4230769230769231,26
2020-03-29,1.68,1.32,25
2020-03-30,1.25,1.1666666666666667,24
2020-03-31,1.121212121212121,1.0707070707070707,99
2020-04-01,1.338235294117647,1.1764705882352942,68
2020-04-02,1.139344262295082,1.098360655737705,122
2020-04-03,1.7619047619047619,1.4761904761904763,21
2020-04-04,3.0,1.3333333333333333,30
2020-04-05,3.210526315789474,1.894736842105263,19
2020-04-06,1.380952380952381,1.2857142857142858,21
2020-04-07,1.8333333333333333,1.5833333333333333,12
2020-04-08,1.8888888888888888,1.3333333333333333,18
2020-04-09,2.2222222222222223,1.2222222222222223,9
2020-04-10,2.3846153846153846,1.5,26
2020-04-11,1.7142857142857142,1.4285714285714286,14
2020-04-12,1.5,1.2222222222222223,18
2020-04-13,2.88,1.16,25
2020-04-14,2.588235294117647,1.4705882352941178,17
2020-04-15,2.7083333333333335,2.0416666666666665,24
2020-04-16,1.8928571428571428,1.2857142857142858,28
2020-04-17,2.0952380952380953,1.380952380952381,21
2020-04-18,2.413793103448276,1.6896551724137931,29
2020-04-19,3.0476190476190474,1.8095238095238095,21
2020-04-20,1.9565217391304348,1.3043478260869565,23
2020-04-21,2.9,1.85,20
2020-04-22,2.52,1.52,25
2020-04-23,2.5,1.6,20
2020-04-24,4.416666666666667,1.5,12
2020-04-25,1.1764705882352942,1.1176470588235294,17
2020-04-26,2.230769230769231,1.3076923076923077,13
2020-04-27,2.15,1.45,20
2020-04-28,2.6875,1.8125,16
2020-04-29,3.0,1.3181818181818181,22
2020-04-30,1.7391304347826086,1.3478260869565217,23
2020-05-01,1.75,1.375,16
2020-05-02,2.1578947368421053,1.2105263157894737,19
2020-05-03,1.6923076923076923,1.0769230769230769,13
2020-05-04,1.8235294117647058,1.0588235294117647,34
2020-05-05,1.2121212121212122,1.0909090909090908,33
2020-05-06,1.7391304347826086,1.173913043478261,23
2020-05-07,1.2878787878787878,1.0454545454545454,66
2020-05-08,1.4878048780487805,1.1219512195121952,82
2020-05-09,1.3571428571428572,1.1071428571428572,56
2020-05-10,1.5737704918032787,1.1147540983606556,61
2020-05-11,1.6826923076923077,1.2115384615384615,104
2020-05-12,1.6,1.2,30
2020-05-13,1.4222222222222223,1.0666666666666667,45
2020-05-14,1.9444444444444444,1.2222222222222223,36
2020-05-15,2.3043478260869565,1.4565217391304348,46
2020-05-16,2.7777777777777777,1.3333333333333333,27
2020-05-17,1.875,1.34375,32
2020-05-18,2.1463414634146343,1.4146341463414633,41
2020-05-19,2.3461538461538463,1.3461538461538463,52
2020-05-20,2.836734693877551,1.3877551020408163,49
2020-05-21,1.8,1.125,40
2020-05-22,1.543859649122807,1.1754385964912282,57
2020-05-23,1.5909090909090908,1.2727272727272727,22
2020-05-24,1.6428571428571428,1.2857142857142858,14
2020-05-25,1.6666666666666667,1.3888888888888888,18
2020-05-26,1.3142857142857143,1.0857142857142856,35
2020-05-27,1.411214953271028,1.1401869158878504,107
2020-05-28,1.134020618556701,1.0721649484536082,97
2020-05-29,2.36,1.22,50
2020-05-30,4.176470588235294,1.3529411764705883,17
2020-05-31,1.5454545454545454,1.2272727272727273,22
2020-06-01,1.5806451612903225,1.2580645161290323,31
2020-06-02,2.074074074074074,1.2592592592592593,27
2020-06-03,3.9705882352941178,1.9411764705882353,34
2020-06-04,2.28125,1.34375,32
2020-06-05,1.9130434782608696,1.391304347826087,23
2020-06-06,2.4827586206896552,1.5862068965517242,29
2020-06-07,1.5777777777777777,1.3555555555555556,45
2020-06-08,1.9696969696969697,1.2727272727272727,33
2020-06-09,1.7058823529411764,1.1764705882352942,51
2020-06-10,4.25,1.6111111111111112,36
2020-06-11,2.5,1.45,20
2020-06-12,1.435897435897436,1.1538461538461537,39
2020-06-13,1.5303030303030303,1.2424242424242424,66
2020-06-14,1.6363636363636365,1.0,22
2020-06-15,2.090909090909091,1.3636363636363635,33
2020-06-16,1.8571428571428572,1.4285714285714286,35
2020-06-17,1.744186046511628,1.186046511627907,43
2020-06-18,1.7407407407407407,1.2592592592592593,27
2020-06-19,4.52,1.68,25
2020-06-20,2.75,1.625,16
2020-06-21,1.9444444444444444,1.2777777777777777,18
2020-06-22,1.7333333333333334,1.2666666666666666,30
2020-06-23,2.8,1.4333333333333333,30
2020-06-24,7.4186046511627906,3.0930232558139537,43
2020-06-25,4.4411764705882355,2.3529411764705883,34
2020-06-26,2.782608695652174,1.6956521739130435,46
2020-06-27,1.96,1.56,25
2020-06-28,1.3076923076923077,1.2307692307692308,39
2020-06-29,2.769230769230769,1.8076923076923077,26
2020-06-30,2.566666666666667,1.3666666666666667,30
2020-07-01,4.410256410256411,1.7692307692307692,39
2020-07-02,4.647058823529412,2.9705882352941178,34
2020-07-03,2.5135135135135136,1.5675675675675675,37
2020-07-04,3.375,1.75,16
2020-07-05,2.409090909090909,1.4545454545454546,22
2020-07-06,2.5833333333333335,1.4166666666666667,36
2020-07-07,2.3055555555555554,1.4166666666666667,36
2020-07-08,3.935483870967742,1.7096774193548387,31
2020-07-09,2.1,1.4,20
2020-07-10,2.9285714285714284,1.4642857142857142,28
2020-07-11,2.6,1.64,25
2020-07-12,3.0714285714285716,1.7142857142857142,14
2020-07-13,2.9166666666666665,1.4583333333333333,24
2020-07-14,2.0588235294117645,1.411764705882353,34
2020-07-15,2.8,1.5333333333333334,30
2020-07-16,2.6153846153846154,1.6153846153846154,13
2020-07-17,2.9166666666666665,1.5833333333333333,24
2020-07-18,1.625,1.2857142857142858,56
2020-07-19,1.7627118644067796,1.3220338983050848,59
2020-07-20,2.1971830985915495,1.3380281690140845,71
2020-07-21,1.5797101449275361,1.2753623188405796,69
2020-07-22,1.7402597402597402,1.3116883116883118,77
2020-07-23,1.783132530120482,1.2409638554216869,83
2020-07-24,1.9864864864864864,1.4324324324324325,74
2020-07-25,1.711340206185567,1.443298969072165,97
2020-07-26,1.52,1.12,25
2020-07-27,2.6129032258064515,1.5483870967741935,31
2020-07-28,3.769230769230769,1.9230769230769231,52
2020-07-29,2.925,1.725,40
2020-07-30,3.7777777777777777,2.037037037037037,27
2020-07-31,4.333333333333333,2.4285714285714284,21
2020-08-01,1.6428571428571428,1.3214285714285714,28
2020-08-02,3.1666666666666665,1.7333333333333334,30
2020-08-03,2.2162162162162162,1.3243243243243243,37
2020-08-04,2.0,1.48,25
2020-08-05,4.680851063829787,2.127659574468085,47
2020-08-06,3.393939393939394,1.7878787878787878,33
2020-08-07,3.4285714285714284,1.7142857142857142,35
2020-08-08,1.6333333333333333,1.2666666666666666,30
2020-08-09,3.130434782608696,1.608695652173913,23
2020-08-10,2.4,1.542857142857143,35
2020-08-11,2.6944444444444446,1.9166666666666667,36
2020-08-12,3.3448275862068964,1.6551724137931034,29
2020-08-13,2.727272727272727,1.9090909090909092,33
2020-08-14,3.6,2.15,20
2020-08-15,1.5294117647058822,1.1176470588235294,34
2020-08-16,1.6875,1.28125,32
2020-08-17,1.6851851851851851,1.3888888888888888,54
2020-08-18,2.588235294117647,1.3529411764705883,34
2020-08-19,4.117647058823529,1.6862745098039216,51
2020-08-20,3.2,1.675,40
2020-08-21,1.6176470588235294,1.3235294117647058,34
2020-08-22,1.8297872340425532,1.2765957446808511,47
2020-08-23,1.5135135135135136,1.162162162162162,37
2020-08-24,1.7333333333333334,1.2444444444444445,45
2020-08-25,4.354838709677419,1.8387096774193548,31
2020-08-26,2.4473684210526314,1.5526315789473684,38
2020-08-27,2.473684210526316,1.5526315789473684,38
2020-08-28,2.1818181818181817,1.7272727272727273,22
2020-08-29,2.0,1.4166666666666667,24
2020-08-30,1.8333333333333333,1.3333333333333333,24
2020-08-31,2.3333333333333335,1.6111111111111112,18
2020-09-01,2.6,1.36,25
2020-09-02,3.4583333333333335,2.125,24
2020-09-03,1.6875,1.375,32
2020-09-04,3.40625,1.71875,32
2020-09-05,2.769230769230769,1.6923076923076923,26
2020-09-06,2.263157894736842,1.5789473684210527,19
2020-09-07,1.7777777777777777,1.3888888888888888,18
2020-09-08,3.0,1.0,14
2020-09-09,1.5714285714285714,1.1428571428571428,21
2020-09-10,1.8666666666666667,1.3333333333333333,15
2020-09-11,2.1,1.65,20
2020-09-12,2.3684210526315788,1.5789473684210527,19
2020-09-13,2.0,1.4,25
2020-09-14,1.6666666666666667,1.2380952380952381,63
2020-09-15,1.609375,1.234375,64
2020-09-16,1.59375,1.3125,32
2020-09-17,1.611764705882353,1.1764705882352942,85
2020-09-18,2.269230769230769,1.5384615384615385,26
2020-09-19,2.52,1.64,25
2020-09-20,1.9047619047619047,1.4285714285714286,21
2020-09-21,1.8,1.4,20
2020-09-22,1.6764705882352942,1.2941176470588236,34
2020-09-23,1.6486486486486487,1.3513513513513513,37
2020-09-24,1.7666666666666666,1.2,30
2020-09-25,1.5,1.3181818181818181,22
2020-09-26,1.8333333333333333,1.3888888888888888,18
2020-09-27,3.125,1.6875,16
2020-09-28,2.0240963855421685,1.1927710843373494,83
2020-09-29,1.9242424242424243,1.196969696969697,66
2020-09-30,2.338235294117647,1.2941176470588236,68
2020-10-01,1.7241379310344827,1.2586206896551724,58
2020-10-02,2.057142857142857,1.3428571428571427,35
2020-10-03,2.4074074074074074,1.4074074074074074,27
2020-10-04,2.6,1.6,25
2020-10-05,1.3703703703703705,1.1296296296296295,54
2020-10-06,1.2580645161290323,1.1290322580645162,62
2020-10-07,1.288888888888889,1.1333333333333333,90
2020-10-08,1.7053571428571428,1.3035714285714286,112
2020-10-09,1.267605633802817,1.1549295774647887,71
2020-10-10,1.1829268292682926,1.1219512195121952,82
2020-10-11,1.52,1.28,25
2020-10-12,1.3584905660377358,1.2264150943396226,53
2020-10-13,2.4411764705882355,1.5,34
2020-10-14,2.1627906976744184,1.3953488372093024,43
2020-10-15,1.6808510638297873,1.3404255319148937,47
2020-10-16,2.096774193548387,1.7741935483870968,31
2020-10-17,2.875,1.5416666666666667,24
2020-10-18,1.9767441860465116,1.5116279069767442,43
2020-10-19,2.0,1.4166666666666667,24
2020-10-20,2.411764705882353,1.4705882352941178,34
2020-10-21,2.88,2.0,25
2020-10-22,2.52,1.88,25
2020-10-23,1.7777777777777777,1.3333333333333333,27
2020-10-24,1.967741935483871,1.3225806451612903,31
2020-10-25,2.1176470588235294,1.5,34
2020-10-26,1.6938775510204083,1.3877551020408163,49
2020-10-27,1.9142857142857144,1.5714285714285714,35
2020-10-28,1.6944444444444444,1.4166666666666667,36
2020-10-29,1.9210526315789473,1.236842105263158,38
2020-10-30,1.9743589743589745,1.5128205128205128,39
2020-10-31,1.3333333333333333,1.1666666666666667,24
2020-11-01,1.9565217391304348,1.565217391304348,23
2020-11-02,1.9024390243902438,1.4390243902439024,41
2020-11-03,1.8823529411764706,1.411764705882353,34
2020-11-04,3.7341772151898733,2.5063291139240507,79
2020-11-05,2.710144927536232,1.8695652173913044,69
2020-11-06,3.551282051282051,2.4871794871794872,78
2020-11-07,3.088888888888889,1.7333333333333334,45
2020-11-08,2.2790697674418605,1.6046511627906976,43
2020-11-09,2.816326530612245,1.7959183673469388,49
2020-11-10,2.7049180327868854,1.5737704918032787,61
2020-11-11,2.4347826086956523,1.7608695652173914,46
2020-11-12,2.4047619047619047,1.7380952380952381,84
2020-11-13,2.8529411764705883,2.088235294117647,34
2020-11-14,4.384615384615385,2.4358974358974357,39
2020-11-15,2.9166666666666665,1.6875,48
2020-11-16,2.78125,1.84375,64
2020-11-17,2.108695652173913,1.6521739130434783,46
2020-11-18,2.4038461538461537,1.4423076923076923,52
2020-11-19,2.375,1.3928571428571428,56
2020-11-20,2.128205128205128,1.4102564102564104,78
2020-11-21,2.9571428571428573,1.3857142857142857,70
2020-11-22,3.239130434782609,1.565217391304348,46
2020-11-23,2.4,1.4,40
2020-11-24,2.902439024390244,1.4634146341463414,41
2020-11-25,2.0,1.4193548387096775,31
2020-11-26,2.6346153846153846,1.5961538461538463,52
2020-11-27,2.019607843137255,1.392156862745098,51
2020-11-28,2.259259259259259,1.3888888888888888,54
2020-11-29,1.2727272727272727,1.1363636363636365,44
2020-11-30,2.2222222222222223,1.511111111111111,45
2020-12-01,1.7894736842105263,1.3333333333333333,57
2020-12-02,1.640625,1.390625,64
2020-12-03,2.7083333333333335,1.8125,48
2020-12-04,2.0943396226415096,1.471698113207547,53
2020-12-05,1.6153846153846154,1.2692307692307692,52
2020-12-06,1.6923076923076923,1.3846153846153846,39
2020-12-07,1.8588235294117648,1.6352941176470588,85
2020-12-08,2.464788732394366,1.732394366197183,71
2020-12-09,2.0,1.35,60
2020-12-10,1.9466666666666668,1.4266666666666667,75
2020-12-11,1.849056603773585,1.490566037735849,106
2020-12-12,1.898876404494382,1.5617977528089888,89
2020-12-13,1.627659574468085,1.3404255319148937,94
2020-12-14,1.676056338028169,1.295774647887324,71
2020-12-15,2.0392156862745097,1.4705882352941178,51
2020-12-16,1.9047619047619047,1.25,84
2020-12-17,1.4197530864197532,1.1975308641975309,81
2020-12-18,2.2708333333333335,1.4791666666666667,48
2020-12-19,2.087719298245614,1.5614035087719298,57
2020-12-20,2.057142857142857,1.2,35
2020-12-21,1.5,1.2380952380952381,42
2020-12-22,1.8775510204081634,1.3061224489795917,49
2020-12-23,1.9523809523809523,1.7142857142857142,63
2020-12-24,1.6428571428571428,1.2619047619047619,42
2020-12-25,1.4285714285714286,1.1428571428571428,28
2020-12-26,1.471698113207547,1.150943396226415,53
2020-12-27,1.2045454545454546,1.0681818181818181,44
2020-12-28,1.5423728813559323,1.2033898305084745,59
2020-12-29,2.1384615384615384,1.2461538461538462,65
2020-12-30,1.3714285714285714,1.2285714285714286,70
2020-12-31,1.441860465116279,1.186046511627907,43
2021-01-01,1.9743589743589745,1.4102564102564104,39
2021-01-02,2.0,1.35,40
2021-01-03,3.20863309352518,2.2014388489208634,139
2021-01-04,2.5138121546961325,1.9447513812154695,181
2021-01-05,1.9887640449438202,1.6123595505617978,178
2021-01-06,2.1292134831460676,1.651685393258427,178
2021-01-07,2.5433526011560694,1.9826589595375723,173
2021-01-08,2.2573529411764706,1.6102941176470589,136
2021-01-09,2.2465753424657535,1.6643835616438356,146
2021-01-10,2.073394495412844,1.5688073394495412,109
2021-01-11,2.2,1.776470588235294,170
2021-01-12,2.858974358974359,1.9166666666666667,156
2021-01-13,3.012121212121212,2.175757575757576,165
2021-01-14,2.776595744680851,1.946808510638298,94
2021-01-15,1.9270833333333333,1.3958333333333333,96
2021-01-16,1.79,1.44,100
2021-01-17,1.8,1.4142857142857144,70
2021-01-18,1.69,1.32,100
2021-01-19,1.5632183908045978,1.3448275862068966,87
2021-01-20,2.1219512195121952,1.3414634146341464,41
2021-01-21,1.9761904761904763,1.4285714285714286,42
2021-01-22,2.58,1.64,50
2021-01-23,1.9411764705882353,1.4313725490196079,51
2021-01-24,1.962962962962963,1.4074074074074074,54
2021-01-25,1.8148148148148149,1.3333333333333333,54
2021-01-26,2.8780487804878048,1.6097560975609757,41
2021-01-27,3.1538461538461537,1.6153846153846154,39
2021-01-28,3.0,1.8727272727272728,55
2021-01-29,2.824561403508772,1.6491228070175439,57
2021-01-30,3.073170731707317,1.8780487804878048,41
2021-01-31,2.3617021276595747,1.4893617021276595,47
2021-02-01,1.776978417266187,1.4172661870503598,139
2021-02-02,2.875,1.9625,80
2021-02-03,2.63265306122449,1.5714285714285714,49
2021-02-04,3.5652173913043477,1.9782608695652173,46
2021-02-05,3.5256410256410255,2.0128205128205128,78
2021-02-06,2.8205128205128207,2.1025641025641026,39
2021-02-07,2.4615384615384617,1.6153846153846154,26
2021-02-08,1.6236559139784945,1.2795698924731183,93
2021-02-09,2.2459016393442623,1.5573770491803278,61
2021-02-10,2.7636363636363637,1.7272727272727273,55
2021-02-11,2.087912087912088,1.5164835164835164,91
2021-02-12,2.188679245283019,1.5660377358490567,53
2021-02-13,1.7142857142857142,1.5238095238095237,42
2021-02-14,3.24,1.64,25
2021-02-15,1.9130434782608696,1.3478260869565217,23
2021-02-16,1.65625,1.28125,32
2021-02-17,1.8533333333333333,1.2266666666666666,75
2021-02-18,2.3055555555555554,1.4444444444444444,36
2021-02-19,2.25531914893617,1.7872340425531914,47
2021-02-20,2.1363636363636362,1.6363636363636365,22
2021-02-21,1.4588235294117646,1.0823529411764705,85
2021-02-22,2.36,1.36,25
2021-02-23,1.4375,1.28125,32
2021-02-24,1.6666666666666667,1.2424242424242424,33
2021-02-25,2.2564102564102564,1.5128205128205128,39
2021-02-26,1.736842105263158,1.4035087719298245,57
2021-02-27,1.75,1.2,40
2021-02-28,1.24,1.14,50
2021-03-01,1.671875,1.265625,64
2021-03-02,1.82,1.42,50
2021-03-03,2.1333333333333333,1.511111111111111,45
2021-03-04,2.4358974358974357,1.4615384615384615,39
2021-03-05,2.2857142857142856,1.4285714285714286,28
2021-03-06,1.88,1.28,25
2021-03-07,1.7826086956521738,1.2173913043478262,46
2021-03-08,2.425,1.3,40
2021-03-09,2.6315789473684212,1.263157894736842,38
2021-03-10,1.6,1.2833333333333334,60
2021-03-11,1.6849315068493151,1.2465753424657535,73
2021-03-12,1.5116279069767442,1.255813953488372,86
2021-03-13,1.3529411764705883,1.1411764705882352,85
2021-03-14,1.4883720930232558,1.2093023255813953,86
2021-03-15,1.3333333333333333,1.202020202020202,99
2021-03-16,1.3098591549295775,1.1830985915492958,71
2021-03-17,1.7402597402597402,1.2987012987012987,77
2021-03-18,1.5,1.3035714285714286,56
2021-03-19,2.6444444444444444,1.6222222222222222,45
2021-03-20,1.9777777777777779,1.3777777777777778,45
2021-03-21,3.1607142857142856,1.8928571428571428,56
2021-03-22,2.4782608695652173,1.6521739130434783,46
2021-03-23,1.3216783216783217,1.2657342657342658,143
2021-03-24,1.446927374301676,1.2011173184357542,179
2021-03-25,1.5154639175257731,1.1649484536082475,97
2021-03-26,1.9534883720930232,1.302325581395349,43
2021-03-27,1.5538461538461539,1.4461538461538461,65
2021-03-28,1.2894736842105263,1.0964912280701755,114
2021-03-29,1.7395833333333333,1.3958333333333333,96
2021-03-30,1.9230769230769231,1.435897435897436,39
2021-03-31,3.6875,2.25,32
2021-04-01,4.304347826086956,2.3043478260869565,23
2021-04-02,2.7954545454545454,2.1136363636363638,44
2021-04-03,2.1666666666666665,1.4444444444444444,36
2021-04-04,1.553191489361702,1.2553191489361701,47
2021-04-05,1.7222222222222223,1.25,36
2021-04-06,1.6101694915254237,1.2033898305084745,59
2021-04-07,1.646153846153846,1.353846153846154,65
2021-04-08,1.7962962962962963,1.3148148148148149,54
2021-04-09,1.7567567567567568,1.2972972972972974,74
2021-04-10,1.6923076923076923,1.3205128205128205,78
2021-04-11,1.5873015873015872,1.3015873015873016,63
2021-04-12,1.5,1.2903225806451613,62
2021-04-13,1.676056338028169,1.2816901408450705,71
2021-04-14,1.709090909090909,1.4363636363636363,55
2021-04-15,2.0625,1.53125,32
2021-04-16,2.8378378378378377,1.7027027027027026,37
2021-04-17,1.6538461538461537,1.4230769230769231,26
2021-04-18,2.5,2.0,24
2021-04-19,1.7083333333333333,1.375,24
2021-04-20,2.1666666666666665,1.5555555555555556,36
2021-04-21,1.7272727272727273,1.3636363636363635,33
2021-04-22,1.849056603773585,1.3018867924528301,53
2021-04-23,2.1515151515151514,1.303030303030303,33
2021-04-24,1.411764705882353,1.1764705882352942,17
2021-04-25,2.142857142857143,1.6428571428571428,42
2021-04-26,1.7666666666666666,1.2333333333333334,30
2021-04-27,2.0,1.25,44
2021-04-28,1.3076923076923077,1.1153846153846154,52
2021-04-29,1.2530120481927711,1.180722891566265,83
2021-04-30,1.9411764705882353,1.5,34
2021-05-01,2.515151515151515,1.696969696969697,33
2021-05-02,2.4545454545454546,1.3636363636363635,22
2021-05-03,1.4807692307692308,1.2115384615384615,52
2021-05-04,1.7105263157894737,1.394736842105263,38
2021-05-05,2.676470588235294,1.7352941176470589,34
2021-05-06,3.5,1.6818181818181819,22
2021-05-07,1.8918918918918919,1.5945945945945945,37
2021-05-08,1.36,1.08,25
2021-05-09,2.4615384615384617,1.6153846153846154,13
2021-05-10,2.08,1.36,25
2021-05-11,2.1052631578947367,1.763157894736842,38
2021-05-12,2.6,1.7,20
2021-05-13,1.6956521739130435,1.463768115942029,69
2021-05-14,2.973684210526316,2.1052631578947367,38
2021-05-15,2.3333333333333335,1.6666666666666667,21
2021-05-16,1.6875,1.1875,16
2021-05-17,1.403225806451613,1.1612903225806452,62
2021-05-18,1.8088235294117647,1.2205882352941178,68
2021-05-19,1.25,1.0961538461538463,52
2021-05-20,1.9565217391304348,1.4891304347826086,92
2021-05-21,1.5151515151515151,1.3636363636363635,66
2021-05-22,1.3833333333333333,1.1833333333333333,60
2021-05-23,3.3157894736842106,1.6842105263157894,19
2021-05-24,2.3333333333333335,1.3703703703703705,27
2021-05-25,2.323529411764706,1.2941176470588236,34
2021-05-26,2.025,1.45,40
2021-05-27,5.380952380952381,1.380952380952381,21
2021-05-28,2.3947368421052633,1.4210526315789473,38
2021-05-29,2.6666666666666665,1.5454545454545454,33
2021-05-30,2.2,1.457142857142857,35
2021-05-31,2.4358974358974357,1.3846153846153846,39
2021-06-01,1.896551724137931,1.3103448275862069,29
2021-06-02,4.714285714285714,2.142857142857143,28
2021-06-03,2.4193548387096775,1.4838709677419355,31
2021-06-04,2.1363636363636362,1.4545454545454546,22
2021-06-05,2.3076923076923075,1.6153846153846154,26
2021-06-06,2.2941176470588234,1.607843137254902,51
2021-06-07,1.864864864864865,1.5405405405405406,37
2021-06-08,1.9444444444444444,1.6111111111111112,72
2021-06-09,1.6842105263157894,1.263157894736842,38
2021-06-10,2.0,1.4137931034482758,29
2021-06-11,2.1333333333333333,1.4,30
2021-06-12,2.88,1.68,25
2021-06-13,2.909090909090909,1.5454545454545454,22
2021-06-14,1.896551724137931,1.3448275862068966,29
2021-06-15,2.176470588235294,1.588235294117647,34
2021-06-16,2.4918032786885247,1.6557377049180328,61
2021-06-17,2.4235294117647057,1.6470588235294117,85
2021-06-18,1.84375,1.5,64
2021-06-19,1.9285714285714286,1.4285714285714286,28
2021-06-20,1.1428571428571428,1.0714285714285714,56
2021-06-21,1.5833333333333333,1.4444444444444444,36
2021-06-22,1.8,1.2,15
2021-06-23,2.2222222222222223,1.4444444444444444,18
2021-06-24,1.5833333333333333,1.1666666666666667,24
2021-06-25,1.2666666666666666,1.1333333333333333,45
2021-06-26,2.4,1.2666666666666666,30
2021-06-27,2.7777777777777777,1.8148148148148149,27
2021-06-28,2.45,1.55,20
2021-06-29,2.1052631578947367,1.3421052631578947,38
2021-06-30,2.6315789473684212,1.4473684210526316,38
2021-07-01,2.52,1.68,25
2021-07-02,1.3870967741935485,1.1612903225806452,62
2021-07-03,1.5625,1.125,32
2021-07-04,2.5714285714285716,1.5714285714285714,14
2021-07-05,1.1818181818181819,1.1136363636363635,44
2021-07-06,2.272727272727273,1.1818181818181819,22
2021-07-07,2.0,1.3333333333333333,15
2021-07-08,1.9444444444444444,1.5555555555555556,18
2021-07-09,2.0625,1.25,16
2021-07-10,1.8928571428571428,1.2857142857142858,28
2021-07-11,2.235294117647059,1.5294117647058822,17
2021-07-12,3.5294117647058822,1.2941176470588236,17
2021-07-13,2.642857142857143,1.2142857142857142,14
2021-07-14,3.2857142857142856,1.5714285714285714,21
2021-07-15,1.65,1.4,20
2021-07-16,2.0,1.4193548387096775,31
2021-07-17,2.210526315789474,1.631578947368421,19
2021-07-18,1.3,1.05,20
2021-07-19,1.411764705882353,1.2352941176470589,17
2021-07-20,1.8,1.15,20
2021-07-21,1.9069767441860466,1.3488372093023255,43
2021-07-22,1.9090909090909092,1.393939393939394,33
2021-07-23,1.3043478260869565,1.173913043478261,23
2021-07-24,2.5555555555555554,1.6296296296296295,27
2021-07-25,3.3529411764705883,1.4705882352941178,17
2021-07-26,2.375,1.6875,16
2021-07-27,1.6363636363636365,1.2727272727272727,22
2021-07-28,2.4583333333333335,1.625,24
2021-07-29,1.72,1.36,25
2021-07-30,1.7096774193548387,1.3225806451612903,31
2021-07-31,6.3125,1.3125,16
2021-08-01,2.9545454545454546,1.7727272727272727,22
2021-08-02,1.7076923076923076,1.2769230769230768,65
2021-08-03,1.9375,1.5,16
2021-08-04,5.9523809523809526,3.238095238095238,21
2021-08-05,4.157894736842105,2.4210526315789473,19
2021-08-06,2.8461538461538463,1.6923076923076923,26
2021-08-07,2.0,1.6428571428571428,14
2021-08-08,1.4,1.1333333333333333,15
2021-08-09,1.6153846153846154,1.2307692307692308,26
2021-08-10,1.5862068965517242,1.2758620689655173,29
2021-08-11,1.75,1.34375,32
2021-08-12,2.0833333333333335,1.6666666666666667,36
2021-08-13,1.8461538461538463,1.3461538461538463,26
2021-08-14,1.2083333333333333,1.125,24
2021-08-15,1.3333333333333333,1.2222222222222223,9
2021-08-16,1.45,1.25,20
2021-08-17,1.8095238095238095,1.3333333333333333,21
2021-08-18,2.176470588235294,1.3823529411764706,34
2021-08-19,1.2727272727272727,1.1818181818181819,11
2021-08-20,1.2666666666666666,1.1555555555555554,45
2021-08-21,1.368421052631579,1.1842105263157894,38
2021-08-22,1.1818181818181819,1.0909090909090908,22
2021-08-23,1.894736842105263,1.4210526315789473,19
2021-08-24,1.5,1.34375,32
2021-08-25,2.0952380952380953,1.6666666666666667,21
2021-08-26,2.7941176470588234,1.5588235294117647,34
2021-08-27,1.9393939393939394,1.4242424242424243,33
2021-08-28,2.3181818181818183,1.5454545454545454,22
2021-08-29,1.5,1.3333333333333333,18
2021-08-30,1.7352941176470589,1.2647058823529411,34
2021-08-31,2.3793103448275863,1.2758620689655173,29
2021-09-01,1.8666666666666667,1.5666666666666667,30
2021-09-02,2.032258064516129,1.3548387096774193,31
2021-09-03,1.4210526315789473,1.3157894736842106,19
2021-09-04,2.875,1.625,8
2021-09-05,1.736842105263158,1.2105263157894737,19
2021-09-06,1.2857142857142858,1.1428571428571428,21
2021-09-07,1.434782608695652,1.173913043478261,23
2021-09-08,2.411764705882353,1.3529411764705883,34
2021-09-09,1.6896551724137931,1.3103448275862069,29
2021-09-10,2.0,1.4285714285714286,14
2021-09-11,1.3043478260869565,1.1304347826086956,23
2021-09-12,2.0,1.375,16
2021-09-13,2.0294117647058822,1.1764705882352942,34
2021-09-14,2.175,1.275,40
2021-09-15,2.0833333333333335,1.5833333333333333,24
2021-09-16,1.3703703703703705,1.2592592592592593,27
2021-09-17,1.9210526315789473,1.5263157894736843,38
2021-09-18,1.8571428571428572,1.25,28
2021-09-19,2.2580645161290325,1.7096774193548387,31
2021-09-20,1.4242424242424243,1.121212121212121,33
2021-09-21,1.7272727272727273,1.2727272727272727,22
2021-09-22,2.0,1.4375,16
2021-09-23,1.5277777777777777,1.1944444444444444,36
2021-09-24,1.84375,1.375,32
2021-09-25,1.8571428571428572,1.3571428571428572,14
2021-09-26,1.7777777777777777,1.4444444444444444,9
2021-09-27,1.4705882352941178,1.1764705882352942,17
2021-09-28,1.8181818181818181,1.2121212121212122,33
2021-09-29,1.627906976744186,1.1627906976744187,43
2021-09-30,1.4545454545454546,1.1818181818181819,22
2021-10-01,1.5151515151515151,1.2424242424242424,33
2021-10-02,1.4444444444444444,1.1666666666666667,18
2021-10-03,1.2142857142857142,1.1428571428571428,14
2021-10-04,2.0,1.15,20
2021-10-05,1.7777777777777777,1.3333333333333333,27
2021-10-06,2.5789473684210527,1.4736842105263157,19
2021-10-07,2.2857142857142856,1.4761904761904763,21
2021-10-08,1.625,1.1875,16
2021-10-09,1.6363636363636365,1.2727272727272727,11
2021-10-10,2.0,1.1333333333333333,15
2021-10-11,1.7777777777777777,1.3333333333333333,9
2021-10-12,1.25,1.0416666666666667,24
2021-10-13,2.5294117647058822,1.6470588235294117,17
2021-10-14,2.0833333333333335,1.0833333333333333,24
2021-10-15,1.3103448275862069,1.2413793103448276,29
2021-10-16,1.5454545454545454,1.3636363636363635,11
2021-10-17,1.3571428571428572,1.0714285714285714,14
2021-10-18,2.35,1.5,20
2021-10-19,1.5,1.0625,16
2021-10-20,1.2916666666666667,1.1666666666666667,24
2021-10-21,1.425531914893617,1.1063829787234043,47
2021-10-22,1.7142857142857142,1.3928571428571428,28
2021-10-23,1.25,1.0,24
2021-10-24,1.7272727272727273,1.2727272727272727,22
2021-10-25,2.0869565217391304,1.5217391304347827,23
2021-10-26,1.8636363636363635,1.4090909090909092,22
2021-10-27,2.027027027027027,1.2972972972972974,37
2021-10-28,3.357142857142857,1.3214285714285714,28
2021-10-29,1.9183673469387754,1.1224489795918366,49
2021-10-30,1.5333333333333334,1.2,15
2021-10-31,1.56,1.12,25
2021-11-01,1.7058823529411764,1.2352941176470589,17
2021-11-02,1.5,1.3571428571428572,14
2021-11-03,3.6153846153846154,2.0384615384615383,26
2021-11-04,1.96875,1.453125,64
2021-11-05,1.4651162790697674,1.2093023255813953,43
2021-11-06,1.9615384615384615,1.4230769230769231,26
2021-11-07,1.72,1.48,25
2021-11-08,1.65,1.25,20
2021-11-09,1.4705882352941178,1.3529411764705883,17
2021-11-10,2.2857142857142856,1.5,28
2021-11-11,1.5833333333333333,1.4166666666666667,24
2021-11-12,1.7142857142857142,1.4285714285714286,14
2021-11-13,1.8888888888888888,1.5,18
2021-11-14,1.0714285714285714,1.0714285714285714,14
2021-11-15,2.269230769230769,1.2307692307692308,26
2021-11-16,1.853658536585366,1.4146341463414633,41
2021-11-17,1.605263157894737,1.394736842105263,38
2021-11-18,1.4736842105263157,1.0,19
2021-11-19,2.44,1.72,25
2021-11-20,1.4615384615384615,1.3846153846153846,26
2021-11-21,1.962962962962963,1.1851851851851851,27
2021-11-22,1.6875,1.5625,32
2021-11-23,2.2083333333333335,1.2083333333333333,24
2021-11-24,2.3142857142857145,1.2857142857142858,35
2021-11-25,1.0454545454545454,1.0,44
2021-11-26,2.5714285714285716,1.4285714285714286,7
2021-11-27,2.642857142857143,1.8571428571428572,14
2021-11-28,1.7777777777777777,1.2222222222222223,9
2021-11-29,1.7142857142857142,1.3142857142857143,35
2021-11-30,1.4827586206896552,1.3103448275862069,29
2021-12-01,4.363636363636363,2.0,11
2021-12-02,2.2777777777777777,1.6111111111111112,18
2021-12-03,1.9047619047619047,1.1666666666666667,42
2021-12-04,1.52,1.32,25
2021-12-05,1.8888888888888888,1.6111111111111112,18
2021-12-06,2.0526315789473686,1.4210526315789473,19
2021-12-07,2.619047619047619,1.4285714285714286,21
2021-12-08,1.2727272727272727,1.1818181818181819,33
2021-12-09,1.2307692307692308,1.0923076923076922,65
2021-12-10,1.1390728476821192,1.0596026490066226,151
2021-12-11,1.4782608695652173,1.173913043478261,23
2021-12-12,1.1764705882352942,1.1176470588235294,17
2021-12-13,1.2142857142857142,1.1285714285714286,70
2021-12-14,1.2105263157894737,1.105263157894737,57
2021-12-15,2.046511627906977,1.255813953488372,43
2021-12-16,1.7704918032786885,1.2950819672131149,61
2021-12-17,1.510204081632653,1.2448979591836735,49
2021-12-18,1.6666666666666667,1.1666666666666667,18
2021-12-19,1.4482758620689655,1.2413793103448276,29
2021-12-20,1.375,1.1875,32
2021-12-21,1.7,1.25,20
2021-12-22,1.4761904761904763,1.1904761904761905,42
2021-12-23,1.7234042553191489,1.4680851063829787,47
2021-12-24,1.75,1.0833333333333333,12
2021-12-25,1.4130434782608696,1.1304347826086956,46
2021-12-26,1.3125,1.25,32
2021-12-27,2.1818181818181817,1.5454545454545454,22
2021-12-28,1.5625,1.3125,16
2021-12-29,1.606060606060606,1.1818181818181819,33
2021-12-30,1.273972602739726,1.1095890410958904,73
2021-12-31,1.3333333333333333,1.1851851851851851,27
2022-01-01,1.2982456140350878,1.087719298245614,57
2022-01-02,1.375,1.2321428571428572,56
2022-01-03,1.4528301886792452,1.1886792452830188,53
2022-01-04,1.3134328358208955,1.1791044776119404,67
2022-01-05,1.1636363636363636,1.0545454545454545,55
2022-01-06,1.1923076923076923,1.0961538461538463,52
2022-01-07,1.293103448275862,1.1379310344827587,58
2022-01-08,1.1428571428571428,1.1020408163265305,49
2022-01-09,1.4705882352941178,1.2352941176470589,17
2022-01-10,1.3783783783783783,1.2162162162162162,37
2022-01-11,1.9259259259259258,1.4444444444444444,27
2022-01-12,1.3636363636363635,1.2727272727272727,22
2022-01-13,1.4878048780487805,1.1951219512195121,41
2022-01-14,1.625,1.2916666666666667,24
2022-01-15,1.3043478260869565,1.1304347826086956,23
2022-01-16,1.3076923076923077,1.1923076923076923,26
2022-01-17,1.631578947368421,1.4736842105263157,19
2022-01-18,2.1372549019607843,1.392156862745098,51
2022-01-19,1.6842105263157894,1.394736842105263,38
2022-01-20,1.7567567567567568,1.4594594594594594,37
2022-01-21,2.1739130434782608,1.565217391304348,23
2022-01-22,1.8214285714285714,1.2857142857142858,28
2022-01-23,2.2962962962962963,1.5555555555555556,27
2022-01-24,2.0,1.3448275862068966,29
2022-01-25,1.5,1.3333333333333333,18
2022-01-26,1.7916666666666667,1.4166666666666667,24
2022-01-27,1.375,1.25,24
2022-01-28,2.0,1.3076923076923077,13
2022-01-29,2.0952380952380953,1.1904761904761905,21
2022-01-30,1.5384615384615385,1.0,13
2022-01-31,1.2272727272727273,1.1363636363636365,22
2022-02-01,1.565217391304348,1.391304347826087,23
2022-02-02,1.7826086956521738,1.3043478260869565,23
2022-02-03,1.5263157894736843,1.263157894736842,19
2022-02-04,1.5263157894736843,1.263157894736842,19
2022-02-05,1.68,1.16,25
2022-02-06,1.4166666666666667,1.1666666666666667,24
2022-02-07,1.2941176470588236,1.1764705882352942,17
2022-02-08,1.7333333333333334,1.2666666666666666,15
2022-02-09,2.04,1.4,25
2022-02-10,1.4615384615384615,1.2692307692307692,26
2022-02-11,1.5757575757575757,1.3333333333333333,33
2022-02-12,1.6,1.2,15
2022-02-13,1.5,1.2857142857142858,28
2022-02-14,1.8888888888888888,1.3888888888888888,18
2022-02-15,1.6666666666666667,1.5,30
2022-02-16,2.0,1.4516129032258065,31
2022-02-17,1.6363636363636365,1.5454545454545454,22
2022-02-18,1.1367521367521367,1.0854700854700854,117
2022-02-19,1.0543478260869565,1.0543478260869565,92
2022-02-20,1.4166666666666667,1.25,24
2022-02-21,2.0,1.1470588235294117,34
2022-02-22,1.7419354838709677,1.5161290322580645,31
2022-02-23,2.52,1.44,25
2022-02-24,1.375,1.125,16
2022-02-25,1.6666666666666667,1.4444444444444444,9
2022-02-26,1.8333333333333333,1.25,12
2022-02-27,1.4761904761904763,1.4285714285714286,21
2022-02-28,1.6666666666666667,1.2666666666666666,30
2022-03-01,2.260869565217391,1.434782608695652,23
2022-03-02,2.966666666666667,1.9,30
2022-03-03,2.75,1.7142857142857142,28
2022-03-04,1.7826086956521738,1.391304347826087,46
2022-03-05,1.2142857142857142,1.1428571428571428,14
2022-03-06,1.7692307692307692,1.2307692307692308,13
2022-03-07,1.8846153846153846,1.2307692307692308,26
2022-03-08,1.7333333333333334,1.5333333333333334,15
2022-03-09,2.5217391304347827,1.2173913043478262,23
2022-03-10,2.1153846153846154,1.1923076923076923,26
2022-03-11,1.3888888888888888,1.0555555555555556,18
2022-03-12,1.9565217391304348,1.173913043478261,23
2022-03-13,1.7241379310344827,1.103448275862069,29
2022-03-14,2.0714285714285716,1.1428571428571428,14
2022-03-15,2.9523809523809526,1.4285714285714286,21
2022-03-16,2.0,1.2972972972972974,37
2022-03-17,2.0,1.588235294117647,17
2022-03-18,1.8,1.1333333333333333,30
2022-03-19,1.5229357798165137,1.275229357798165,109
2022-03-20,1.1851851851851851,1.1296296296296295,108
2022-03-21,1.1764705882352942,1.0735294117647058,68
2022-03-22,1.4387755102040816,1.2448979591836735,98
2022-03-23,1.829268292682927,1.2682926829268293,41
2022-03-24,1.7857142857142858,1.4285714285714286,14
2022-03-25,2.235294117647059,1.2352941176470589,17
2022-03-26,1.7333333333333334,1.0666666666666667,15
2022-03-27,1.1369863013698631,1.095890410958904,73
2022-03-28,1.106060606060606,1.0656565656565657,198
2022-03-29,1.3,1.0,10
2022-03-30,2.0454545454545454,1.5,22
2022-03-31,1.28,1.18,50
2022-04-01,1.1058823529411765,1.0862745098039215,255
2022-04-02,1.9130434782608696,1.5217391304347827,23
2022-04-03,1.2325581395348837,1.1162790697674418,43
2022-04-04,2.3181818181818183,1.6363636363636365,22
2022-04-05,2.142857142857143,1.7857142857142858,14
2022-04-06,2.65,1.65,20
2022-04-07,2.75,2.0,32
2022-04-08,3.7058823529411766,1.8823529411764706,17
2022-04-09,1.4375,1.375,16
2022-04-10,1.1111111111111112,1.1111111111111112,18
2022-04-11,1.3076923076923077,1.0769230769230769,26
2022-04-12,1.631578947368421,1.394736842105263,38
2022-04-13,1.5454545454545454,1.3636363636363635,11
2022-04-14,1.5,1.2,10
2022-04-15,1.55,1.25,20
2022-04-16,1.9285714285714286,1.3571428571428572,14
2022-04-17,3.25,1.25,8
2022-04-18,2.0,1.2,15
2022-04-19,1.5,1.0833333333333333,12
2022-04-20,1.5625,1.0625,16
2022-04-21,1.6842105263157894,1.2105263157894737,19
2022-04-22,1.434782608695652,1.173913043478261,23
2022-04-23,3.3636363636363638,1.6363636363636365,11
2022-04-24,1.6,1.5,10
2022-04-25,1.6875,1.125,16
2022-04-26,1.6451612903225807,1.2903225806451613,31
2022-04-27,1.7857142857142858,1.5,28
2022-04-28,1.9230769230769231,1.3461538461538463,26
2022-04-29,2.32,1.44,25
2022-04-30,1.3333333333333333,1.0833333333333333,12
2022-05-01,1.391304347826087,1.173913043478261,46
2022-05-02,2.230769230769231,1.2307692307692308,26
2022-05-03,2.4705882352941178,1.3529411764705883,17
2022-05-04,4.388888888888889,1.9444444444444444,18
2022-05-05,1.7727272727272727,1.5,22
2022-05-06,2.2777777777777777,1.6111111111111112,18
2022-05-07,1.826086956521739,1.5217391304347827,23
2022-05-08,1.1111111111111112,1.0555555555555556,18
2022-05-09,2.025,1.725,40
2022-05-10,1.6,1.2857142857142858,35
2022-05-11,1.112,1.08,250
2022-05-12,1.588235294117647,1.2941176470588236,17
2022-05-13,1.6,1.35,20
2022-05-14,1.75,1.4375,16
2022-05-15,2.526315789473684,1.9473684210526316,19
2022-05-16,3.764705882352941,2.4705882352941178,17
2022-05-17,3.227272727272727,2.0454545454545454,22
2022-05-18,2.484848484848485,1.7878787878787878,33
2022-05-19,2.25,1.6428571428571428,28
2022-05-20,2.4,1.2857142857142858,35
2022-05-21,1.5714285714285714,1.25,28
2022-05-22,2.1333333333333333,1.0666666666666667,15
2022-05-23,1.76,1.44,25
2022-05-24,1.4615384615384615,1.1538461538461537,26
2022-05-25,1.2794117647058822,1.161764705882353,68
2022-05-26,1.2783505154639174,1.134020618556701,97
2022-05-27,1.7619047619047619,1.2380952380952381,21
2022-05-28,1.2222222222222223,1.1111111111111112,9
2022-05-29,2.8636363636363638,1.5,22
2022-05-30,1.90625,1.3125,32
2022-05-31,1.7666666666666666,1.3,30
2022-06-01,1.8333333333333333,1.2962962962962963,54
2022-06-02,1.95,1.5,20
2022-06-03,2.0384615384615383,1.5,26
2022-06-04,1.3076923076923077,1.3076923076923077,26
2022-06-05,1.4864864864864864,1.135135135135135,37
2022-06-06,1.65,1.3,20
2022-06-07,1.2580645161290323,1.1612903225806452,31
2022-06-08,2.088235294117647,1.4411764705882353,34
2022-06-09,1.3396226415094339,1.2264150943396226,53
2022-06-10,1.6721311475409837,1.3770491803278688,61
2022-06-11,1.5,1.1666666666666667,24
2022-06-12,1.3488372093023255,1.1162790697674418,43
2022-06-13,1.2962962962962963,1.1666666666666667,54
2022-06-14,1.8275862068965518,1.4137931034482758,29
2022-06-15,2.625,2.125,24
2022-06-16,2.2857142857142856,1.6071428571428572,28
2022-06-17,1.96,1.64,25
2022-06-18,2.0555555555555554,1.3333333333333333,18
2022-06-19,1.4333333333333333,1.1333333333333333,30
2022-06-20,1.7575757575757576,1.1818181818181819,33
2022-06-21,1.8125,1.5,32
2022-06-22,2.272727272727273,1.4090909090909092,22
2022-06-23,2.8125,1.59375,32
2022-06-24,1.8974358974358974,1.4615384615384615,39
2022-06-25,1.6296296296296295,1.2962962962962963,27
2022-06-26,2.3333333333333335,1.7647058823529411,51
2022-06-27,1.8,1.4333333333333333,30
2022-06-28,1.9024390243902438,1.4878048780487805,41
2022-06-29,1.6081081081081081,1.4594594594594594,74
2022-06-30,1.75,1.4545454545454546,44
2022-07-01,2.6956521739130435,1.8695652173913044,23
2022-07-02,1.36,1.12,25
2022-07-03,2.7832167832167833,1.1538461538461537,143
2022-07-04,2.9545454545454546,1.3181818181818181,44
2022-07-05,2.9107142857142856,1.1964285714285714,56
2022-07-06,2.8484848484848486,1.1515151515151516,66
2022-07-07,3.0588235294117645,1.2941176470588236,68
2022-07-08,2.1372549019607843,1.0980392156862746,51
2022-07-09,1.75,1.3125,16
2022-07-10,1.4736842105263157,1.2105263157894737,19
2022-07-11,1.4146341463414633,1.146341463414634,41
2022-07-12,1.4,1.15,40
2022-07-13,2.1538461538461537,1.4615384615384615,26
2022-07-14,1.75,1.3928571428571428,28
2022-07-15,2.1,1.25,20
2022-07-16,1.4838709677419355,1.4516129032258065,31
2022-07-17,1.3846153846153846,1.2307692307692308,26
2022-07-18,1.894736842105263,1.3157894736842106,19
2022-07-19,1.9705882352941178,1.6176470588235294,34
2022-07-20,2.44,1.78,50
2022-07-21,2.0,1.6097560975609757,41
2022-07-22,2.789473684210526,1.394736842105263,38
2022-07-23,1.911764705882353,1.2647058823529411,34
2022-07-24,1.903225806451613,1.2903225806451613,31
2022-07-25,1.8611111111111112,1.5833333333333333,36
2022-07-26,1.6428571428571428,1.4,70
2022-07-27,1.826086956521739,1.3043478260869565,23
2022-07-28,2.1363636363636362,1.4318181818181819,44
2022-07-29,2.175,1.475,40
2022-07-30,2.8518518518518516,1.3703703703703705,27
2022-07-31,2.107142857142857,1.3928571428571428,28
2022-08-01,2.5,1.375,24
2022-08-02,2.6296296296296298,1.8518518518518519,27
2022-08-03,2.1714285714285713,1.5809523809523809,105
2022-08-04,1.2465753424657535,1.143835616438356,146
2022-08-05,3.3666666666666667,1.6666666666666667,30
2022-08-06,1.9285714285714286,1.5714285714285714,28
2022-08-07,1.95,1.4,20
2022-08-08,1.6875,1.1875,16
2022-08-09,2.130434782608696,1.608695652173913,23
2022-08-10,2.28,1.32,25
2022-08-11,1.7894736842105263,1.368421052631579,19
2022-08-12,1.302325581395349,1.127906976744186,86
2022-08-13,1.5909090909090908,1.2878787878787878,66
2022-08-14,2.1153846153846154,1.3076923076923077,26
2022-08-15,1.9310344827586208,1.2413793103448276,29
2022-08-16,2.0,1.4,20
2022-08-17,3.526315789473684,2.3947368421052633,38
2022-08-18,2.3333333333333335,1.962962962962963,27
2022-08-19,2.264705882352941,1.3235294117647058,34
2022-08-20,1.3703703703703705,1.1851851851851851,27
2022-08-21,1.5806451612903225,1.1612903225806452,31
2022-08-22,1.6666666666666667,1.1515151515151516,33
2022-08-23,1.9607843137254901,1.1764705882352942,51
2022-08-24,3.9302325581395348,1.9534883720930232,43
2022-08-25,3.109375,1.640625,64
2022-08-26,2.358490566037736,1.509433962264151,53
2022-08-27,1.4102564102564104,1.3076923076923077,39
2022-08-28,1.55,1.25,20
2022-08-29,1.76,1.4,25
2022-08-30,2.5384615384615383,1.8461538461538463,13
2022-08-31,2.1153846153846154,1.4615384615384615,26
2022-09-01,2.2470588235294118,1.4529411764705882,170
2022-09-02,2.2903225806451615,1.4838709677419355,31
2022-09-03,3.25,1.6875,16
2022-09-04,2.45,1.35,20
2022-09-05,2.5,1.25,20
2022-09-06,2.242424242424242,1.303030303030303,33
2022-09-07,2.0,1.36,25
2022-09-08,2.0952380952380953,1.4285714285714286,21
2022-09-09,2.0454545454545454,1.5,22
2022-09-10,1.5806451612903225,1.1290322580645162,31
2022-09-11,2.769230769230769,1.1538461538461537,13
2022-09-12,1.5555555555555556,1.4074074074074074,27
2022-09-13,2.9444444444444446,2.111111111111111,18
2022-09-14,1.9666666666666666,1.5,60
2022-09-15,1.9,1.6,30
2022-09-16,2.533333333333333,1.8,15
2022-09-17,2.4375,1.375,16
2022-09-18,2.5789473684210527,1.3157894736842106,19
2022-09-19,1.4166666666666667,1.2083333333333333,24
2022-09-20,3.3076923076923075,1.3076923076923077,26
2022-09-21,1.4166666666666667,1.125,24
2022-09-22,1.45,1.3,20
2022-09-23,1.6666666666666667,1.25,24
2022-09-24,2.2777777777777777,1.3333333333333333,18
2022-09-25,1.7142857142857142,1.2857142857142858,14
2022-09-26,2.3333333333333335,1.6666666666666667,15
2022-09-27,1.7346938775510203,1.2040816326530612,49
2022-09-28,1.9375,1.4375,32
2022-09-29,4.09375,2.09375,32
2022-09-30,2.2,2.109090909090909,55
2022-10-01,1.74,1.3,50
2022-10-02,1.0680851063829788,1.0510638297872341,235
2022-10-03,1.675,1.325,40
2022-10-04,1.7272727272727273,1.1818181818181819,22
2022-10-05,1.3333333333333333,1.2222222222222223,18
2022-10-06,1.4666666666666666,1.2666666666666666,30
2022-10-07,1.7142857142857142,1.1785714285714286,28
2022-10-08,1.8,1.48,25
2022-10-09,2.1739130434782608,1.5217391304347827,23
2022-10-10,2.1052631578947367,1.5789473684210527,19
2022-10-11,1.6666666666666667,1.2962962962962963,27
2022-10-12,1.5555555555555556,1.2962962962962963,27
2022-10-13,1.68,1.28,25
2022-10-14,1.4333333333333333,1.2666666666666666,30
2022-10-15,1.2916666666666667,1.25,24
2022-10-16,2.909090909090909,1.1818181818181819,22
2022-10-17,1.125,1.125,32
2022-10-18,1.3461538461538463,1.1538461538461537,26
2022-10-19,1.391304347826087,1.2173913043478262,23
2022-10-20,1.8888888888888888,1.4444444444444444,18
2022-10-21,1.6818181818181819,1.1818181818181819,22
2022-10-22,2.125,1.375,16
2022-10-23,1.9,1.45,20
2022-10-24,1.8636363636363635,1.4545454545454546,22
2022-10-25,1.5217391304347827,1.2173913043478262,23
2022-10-26,1.9615384615384615,1.3846153846153846,26
2022-10-27,1.3461538461538463,1.1538461538461537,26
2022-10-28,2.606060606060606,1.5454545454545454,33
2022-10-29,1.8571428571428572,1.5,14
2022-10-30,1.7391304347826086,1.4782608695652173,23
2022-10-31,2.6666666666666665,1.380952380952381,21
2022-11-01,2.111111111111111,1.4814814814814814,27
2022-11-02,2.0,1.5555555555555556,18
2022-11-03,1.5833333333333333,1.3055555555555556,36
2022-11-04,1.8148148148148149,1.4074074074074074,27
2022-11-05,1.7307692307692308,1.3846153846153846,26
2022-11-06,1.8717948717948718,1.4102564102564104,39
2022-11-07,1.9666666666666666,1.4333333333333333,30
2022-11-08,1.90625,1.375,32
2022-11-09,5.351648351648351,3.1538461538461537,91
2022-11-10,3.8658536585365852,2.317073170731707,82
2022-11-11,2.484848484848485,1.6666666666666667,66
2022-11-12,2.361111111111111,1.5,72
2022-11-13,3.58,2.06,50
2022-11-14,1.9298245614035088,1.543859649122807,57
2022-11-15,2.625,1.8333333333333333,72
2022-11-16,2.2857142857142856,1.492063492063492,63
2022-11-17,2.6,2.1538461538461537,65
2022-11-18,2.6346153846153846,1.8461538461538463,52
2022-11-19,1.8541666666666667,1.4375,48
2022-11-20,1.7419354838709677,1.4193548387096775,31
2022-11-21,1.7173913043478262,1.4130434782608696,46
2022-11-22,1.9444444444444444,1.4722222222222223,36
2022-11-23,1.6774193548387097,1.4516129032258065,31
2022-11-24,2.4473684210526314,1.6578947368421053,38
2022-11-25,1.68,1.24,25
2022-11-26,1.9074074074074074,1.3888888888888888,54
2022-11-27,1.375,1.15625,32
2022-11-28,1.3970588235294117,1.1764705882352942,68
2022-11-29,1.3108108108108107,1.1756756756756757,148
2022-11-30,2.2857142857142856,1.4821428571428572,56
2022-12-01,2.0652173913043477,1.7391304347826086,46
2022-12-02,1.6538461538461537,1.2307692307692308,52
2022-12-03,1.8070175438596492,1.3333333333333333,57
2022-12-04,2.1666666666666665,1.4333333333333333,30
2022-12-05,1.679245283018868,1.3773584905660377,53
2022-12-06,1.7962962962962963,1.2407407407407407,54
2022-12-07,1.6904761904761905,1.2380952380952381,42
2022-12-08,1.46875,1.1875,64
2022-12-09,2.310344827586207,1.3793103448275863,58
2022-12-10,1.864864864864865,1.3243243243243243,37
2022-12-11,1.3333333333333333,1.205128205128205,39
2022-12-12,1.75,1.2222222222222223,36
2022-12-13,1.72,1.5,50
2022-12-14,1.2146596858638743,1.1361256544502618,191
2022-12-15,1.4545454545454546,1.2337662337662338,77
2022-12-16,1.653061224489796,1.2653061224489797,49
2022-12-17,1.4,1.08,25
2022-12-18,1.4102564102564104,1.1538461538461537,39
2022-12-19,1.853658536585366,1.2682926829268293,41
2022-12-20,1.6037735849056605,1.2264150943396226,53
2022-12-21,1.1692307692307693,1.0615384615384615,65
2022-12-22,1.6833333333333333,1.2333333333333334,60
2022-12-23,1.4698795180722892,1.2409638554216869,83
2022-12-24,1.9166666666666667,1.5416666666666667,24
2022-12-25,1.2,1.1,10
2022-12-26,1.6666666666666667,1.3055555555555556,36
2022-12-27,1.2105263157894737,1.1842105263157894,38
2022-12-28,1.8,1.4,25
2022-12-29,2.0689655172413794,1.4482758620689655,29
2022-12-30,1.325,1.1,40
2022-12-31,1.3611111111111112,1.1111111111111112,108
2023-01-01,1.1534090909090908,1.0738636363636365,176
2023-01-02,1.72,1.16,25
2023-01-03,4.7443609022556394,3.2481203007518795,133
2023-01-04,2.966292134831461,2.196629213483146,178
2023-01-05,2.5054545454545454,1.8836363636363636,275
2023-01-06,2.671641791044776,1.9328358208955223,134
2023-01-07,3.875912408759124,3.0072992700729926,137
2023-01-08,2.8260869565217392,1.8,115
2023-01-09,2.2,1.709090909090909,110
2023-01-10,1.6829268292682926,1.4939024390243902,164
2023-01-11,1.6012269938650308,1.3190184049079754,163
2023-01-12,1.8970588235294117,1.3676470588235294,68
2023-01-13,2.12,1.44,75
2023-01-14,1.7837837837837838,1.3108108108108107,74
2023-01-15,1.3859649122807018,1.1578947368421053,57
2023-01-16,1.45,1.2,80
2023-01-17,1.8666666666666667,1.4,45
2023-01-18,1.8461538461538463,1.5128205128205128,39
2023-01-19,2.5319148936170213,1.3829787234042554,47
2023-01-20,1.7105263157894737,1.3157894736842106,38
2023-01-21,1.8125,1.25,16
2023-01-22,1.7058823529411764,1.411764705882353,17
2023-01-23,1.3823529411764706,1.2058823529411764,34
2023-01-24,1.6470588235294117,1.3529411764705883,34
2023-01-25,1.5357142857142858,1.3928571428571428,28
2023-01-26,1.36,1.28,25
2023-01-27,1.6764705882352942,1.411764705882353,34
2023-01-28,1.411764705882353,1.1568627450980393,51
2023-01-29,1.3548387096774193,1.2258064516129032,31
2023-01-30,1.3333333333333333,1.1428571428571428,42
2023-01-31,1.4193548387096775,1.1612903225806452,31
2023-02-01,1.75,1.25,28
2023-02-02,2.588235294117647,1.7254901960784315,51
2023-02-03,2.423076923076923,1.7692307692307692,26
2023-02-04,2.2432432432432434,1.4054054054054055,37
2023-02-05,2.135135135135135,1.4594594594594594,37
2023-02-06,1.6111111111111112,1.2777777777777777,36
2023-02-07,2.1875,1.53125,32
2023-02-08,2.0294117647058822,1.411764705882353,34
2023-02-09,1.880952380952381,1.380952380952381,42
2023-02-10,2.9302325581395348,1.558139534883721,43
2023-02-11,4.448979591836735,1.9183673469387754,49
2023-02-12,2.2333333333333334,1.3666666666666667,60
2023-02-13,1.5476190476190477,1.1904761904761905,42
2023-02-14,1.74,1.44,50
2023-02-15,1.6129032258064515,1.1290322580645162,31
2023-02-16,2.65625,1.59375,32
2023-02-17,2.6333333333333333,1.5,30
2023-02-18,2.9714285714285715,1.2857142857142858,35
2023-02-19,1.9104477611940298,1.1492537313432836,67
2023-02-20,1.7096774193548387,1.3870967741935485,31
2023-02-21,1.6744186046511629,1.372093023255814,43
2023-02-22,2.4516129032258065,1.5806451612903225,31
2023-02-23,1.4722222222222223,1.1944444444444444,36
2023-02-24,2.1363636363636362,1.4090909090909092,44
2023-02-25,1.7941176470588236,1.1470588235294117,34
2023-02-26,1.9047619047619047,1.2857142857142858,21
2023-02-27,1.6071428571428572,1.1785714285714286,28
2023-02-28,2.0357142857142856,1.4107142857142858,56
2023-03-01,1.381679389312977,1.1526717557251909,131
2023-03-02,2.92,1.44,25
2023-03-03,4.24,2.2,25
2023-03-04,2.9,2.0,20
2023-03-05,2.235294117647059,1.803921568627451,51
2023-03-06,1.8048780487804879,1.4146341463414633,41
2023-03-07,1.611764705882353,1.3294117647058823,85
2023-03-08,1.625,1.275,40
2023-03-09,1.5625,1.265625,64
2023-03-10,1.4579439252336448,1.1775700934579438,107
2023-03-11,1.2972972972972974,1.1081081081081081,37
2023-03-12,1.4090909090909092,1.2727272727272727,22
2023-03-13,1.3793103448275863,1.2413793103448276,29
2023-03-14,1.411764705882353,1.1764705882352942,34
2023-03-15,2.5357142857142856,1.9642857142857142,28
2023-03-16,1.8918918918918919,1.5945945945945945,37
2023-03-17,1.2911392405063291,1.0632911392405062,79
2023-03-18,1.4051724137931034,1.1379310344827587,116
2023-03-19,1.3,1.1,30
2023-03-20,1.7142857142857142,1.2380952380952381,21
2023-03-21,1.5128205128205128,1.3333333333333333,39
2023-03-22,2.130434782608696,1.565217391304348,23
2023-03-23,1.8043478260869565,1.7608695652173914,46
2023-03-24,3.0434782608695654,1.7826086956521738,23
2023-03-25,1.4272727272727272,1.2363636363636363,110
2023-03-26,2.1724137931034484,1.793103448275862,29
2023-03-27,2.53125,1.59375,32
2023-03-28,2.3095238095238093,1.4523809523809523,42
2023-03-29,2.1578947368421053,1.5526315789473684,38
2023-03-30,1.9545454545454546,1.2727272727272727,22
2023-03-31,1.6470588235294117,1.1176470588235294,34
2023-04-01,1.2236842105263157,1.118421052631579,76
2023-04-02,1.2580645161290323,1.1612903225806452,31
2023-04-03,1.6363636363636365,1.2954545454545454,44
2023-04-04,1.6875,1.375,64
2023-04-05,1.1818181818181819,1.1363636363636365,22
2023-04-06,1.3142857142857143,1.1571428571428573,70
2023-04-07,1.2857142857142858,1.1666666666666667,42
2023-04-08,1.826086956521739,1.2463768115942029,69
2023-04-09,1.588235294117647,1.2941176470588236,34
2023-04-10,1.2647058823529411,1.088235294117647,34
2023-04-11,1.3235294117647058,1.2058823529411764,34
2023-04-12,1.4,1.1142857142857143,35
2023-04-13,1.6818181818181819,1.3636363636363635,44
2023-04-14,1.5,1.25,20
2023-04-15,2.5,2.090909090909091,22
2023-04-16,1.65,1.1,20
2023-04-17,2.7954545454545454,1.5681818181818181,44
2023-04-18,2.3448275862068964,1.2413793103448276,29
2023-04-19,1.4722222222222223,1.1388888888888888,36
2023-04-20,1.7674418604651163,1.372093023255814,43
2023-04-21,1.6756756756756757,1.4864864864864864,37
2023-04-22,1.4411764705882353,1.2352941176470589,34
2023-04-23,1.1666666666666667,1.0,18
2023-04-24,1.5294117647058822,1.1176470588235294,17
2023-04-25,1.3157894736842106,1.105263157894737,19
2023-04-26,1.1666666666666667,1.1666666666666667,18
2023-04-27,1.6875,1.0625,16
2023-04-28,1.7619047619047619,1.4285714285714286,21
2023-04-29,1.4615384615384615,1.1538461538461537,13
2023-04-30,1.4736842105263157,1.4210526315789473,19
2023-05-01,1.625,1.125,24
2023-05-02,1.4285714285714286,1.2380952380952381,21
2023-05-03,1.84,1.32,25
2023-05-04,1.5,1.119047619047619,42
2023-05-05,1.5,1.3,20
2023-05-06,1.4,1.2,20
2023-05-07,2.6785714285714284,1.4285714285714286,28
2023-05-08,1.5454545454545454,1.303030303030303,33
2023-05-09,1.8333333333333333,1.4583333333333333,24
2023-05-10,1.255813953488372,1.1162790697674418,43
2023-05-11,1.7222222222222223,1.1666666666666667,18
2023-05-12,1.5,1.0666666666666667,30
2023-05-13,1.175,1.125,40
2023-05-14,1.6923076923076923,1.3846153846153846,13
2023-05-15,1.826086956521739,1.3478260869565217,23
2023-05-16,1.68,1.2,25
2023-05-17,2.4761904761904763,1.9523809523809523,21
2023-05-18,1.7,1.6,20
2023-05-19,1.6666666666666667,1.2666666666666666,15
2023-05-20,4.5,1.6666666666666667,12
2023-05-21,2.4444444444444446,1.2222222222222223,9
2023-05-22,1.6666666666666667,1.1515151515151516,33
2023-05-23,1.5625,1.375,16
2023-05-24,2.2083333333333335,1.4166666666666667,24
2023-05-25,2.7857142857142856,1.7857142857142858,28
2023-05-26,1.6666666666666667,1.2,30
2023-05-27,1.4444444444444444,1.0,18
2023-05-28,1.95,1.2,20
2023-05-29,2.923076923076923,1.3076923076923077,13
2023-05-30,1.4705882352941178,1.1176470588235294,17
2023-05-31,1.3043478260869565,1.2173913043478262,23
2023-06-01,1.2518518518518518,1.2,270
2023-06-02,1.7777777777777777,1.3888888888888888,18
2023-06-03,1.2857142857142858,1.2857142857142858,21
2023-06-04,1.5384615384615385,1.3076923076923077,13
2023-06-05,2.2142857142857144,1.2857142857142858,14
2023-06-06,1.7547169811320755,1.4528301886792452,53
2023-06-07,1.075,1.05,40
2023-06-08,1.5263157894736843,1.1578947368421053,19
2023-06-09,1.9411764705882353,1.588235294117647,17
2023-06-10,1.7142857142857142,1.2380952380952381,21
2023-06-11,1.2941176470588236,1.0588235294117647,17
2023-06-12,1.5,1.2272727272727273,22
2023-06-13,1.380952380952381,1.2380952380952381,21
2023-06-14,1.2727272727272727,1.1363636363636365,22
2023-06-15,1.3478260869565217,1.0869565217391304,46
2023-06-16,1.894736842105263,1.368421052631579,19
2023-06-17,1.3,1.175,40
2023-06-18,1.8,1.2,20
2023-06-19,2.259259259259259,1.2962962962962963,27
2023-06-20,2.0833333333333335,1.2916666666666667,24
2023-06-21,1.6666666666666667,1.1428571428571428,21
2023-06-22,2.3076923076923075,1.3846153846153846,26
2023-06-23,1.5698324022346368,1.0391061452513966,179
2023-06-24,1.4594594594594594,1.0608108108108107,148
2023-06-25,2.210526315789474,1.4210526315789473,19
2023-06-26,2.0689655172413794,1.6206896551724137,29
2023-06-27,2.7666666666666666,1.2333333333333334,30
2023-06-28,1.631578947368421,1.263157894736842,19
2023-06-29,1.6666666666666667,1.4444444444444444,18
2023-06-30,2.1538461538461537,1.5384615384615385,26
2023-07-01,1.5789473684210527,1.0526315789473684,19
2023-07-02,1.3333333333333333,1.1428571428571428,21
2023-07-03,2.230769230769231,1.5,26
2023-07-04,1.6666666666666667,1.3333333333333333,12
2023-07-05,1.8571428571428572,1.0714285714285714,28
2023-07-06,1.8,1.5333333333333334,15
2023-07-07,2.15,1.4,20
2023-07-08,1.2173913043478262,1.1304347826086956,23
2023-07-09,1.2857142857142858,1.0952380952380953,21
2023-07-10,3.7142857142857144,1.4285714285714286,7
2023-07-11,2.65,1.35,20
2023-07-12,2.95,1.95,20
2023-07-13,1.375,1.0625,16
2023-07-14,2.3076923076923075,1.6538461538461537,26
2023-07-15,1.65,1.2,20
2023-07-16,2.5454545454545454,1.5909090909090908,22
2023-07-17,2.3181818181818183,1.4090909090909092,22
2023-07-18,1.5238095238095237,1.2857142857142858,21
2023-07-19,2.142857142857143,1.5357142857142858,28
2023-07-20,2.5238095238095237,1.380952380952381,21
2023-07-21,1.2,1.15,20
2023-07-22,2.0,1.2857142857142858,21
2023-07-23,1.1666666666666667,1.0555555555555556,18
2023-07-24,1.5,1.1666666666666667,24
2023-07-25,1.4375,1.25,16
2023-07-26,1.4705882352941178,1.2352941176470589,17
2023-07-27,1.65,1.1,20
2023-07-28,3.4285714285714284,2.25,28
2023-07-29,1.3529411764705883,1.1764705882352942,17
2023-07-30,1.2727272727272727,1.2727272727272727,11
2023-07-31,2.5,1.75,16
2023-08-01,1.3,1.2,10
2023-08-02,1.6,1.0666666666666667,15
2023-08-03,1.9259259259259258,1.0740740740740742,27
2023-08-04,1.7391304347826086,1.1304347826086956,23
2023-08-05,1.3125,1.0625,16
2023-08-06,1.8125,1.125,32
2023-08-07,1.5625,1.1875,16
2023-08-08,1.2666666666666666,1.1,30
2023-08-09,1.375,1.09375,32
2023-08-10,2.227272727272727,1.2727272727272727,22
2023-08-11,1.434782608695652,1.2608695652173914,23
2023-08-12,1.75,1.1875,16
2023-08-13,2.0,1.4705882352941178,17
2023-08-14,1.6851851851851851,1.1296296296296295,54
2023-08-15,2.025,1.225,40
2023-08-16,1.7142857142857142,1.2857142857142858,21
2023-08-17,1.5806451612903225,1.1290322580645162,31
2023-08-18,1.8461538461538463,1.2307692307692308,13
2023-08-19,1.3888888888888888,1.1111111111111112,18
2023-08-20,1.375,1.2916666666666667,24
2023-08-21,2.2222222222222223,1.3333333333333333,18
2023-08-22,1.3428571428571427,1.1428571428571428,35
2023-08-23,2.129032258064516,1.3870967741935485,31
2023-08-24,14.2,1.2,15
2023-08-25,1.8823529411764706,1.1470588235294117,34
2023-08-26,1.3157894736842106,1.1578947368421053,19
2023-08-27,1.6,1.2,5
2023-08-28,1.75,1.375,16
2023-08-29,2.142857142857143,1.8571428571428572,7
2023-08-30,1.1428571428571428,1.1428571428571428,14
2023-08-31,1.4090909090909092,1.2272727272727273,22
2023-09-01,1.631578947368421,1.4210526315789473,19
2023-09-02,2.0,1.263157894736842,19
2023-09-03,1.8461538461538463,1.4615384615384615,13
2023-09-04,1.5,1.0714285714285714,14
2023-09-05,2.5,1.2,20
2023-09-06,3.1666666666666665,1.625,24
2023-09-07,2.0,1.3333333333333333,24
2023-09-08,1.1363636363636365,1.0454545454545454,22
2023-09-09,1.4375,1.1875,16
2023-09-10,1.9285714285714286,1.1428571428571428,14
2023-09-11,1.6153846153846154,1.3076923076923077,13
2023-09-12,1.25,1.25,12
2023-09-13,2.0,1.375,16
2023-09-14,2.1666666666666665,1.5,18
2023-09-15,1.1875,1.0,16
2023-09-16,1.8571428571428572,1.3333333333333333,21
2023-09-17,2.2,1.35,20
2023-09-18,3.625,1.875,8
2023-09-19,1.588235294117647,1.5294117647058822,17
2023-09-20,2.411764705882353,1.411764705882353,17
2023-09-21,1.224,1.088,125
2023-09-22,1.7941176470588236,1.2205882352941178,68
2023-09-23,1.1973684210526316,1.1710526315789473,76
2023-09-24,1.8125,1.1875,16
2023-09-25,1.8333333333333333,1.3888888888888888,18
2023-09-26,1.411764705882353,1.2352941176470589,17
2023-09-27,1.3275862068965518,1.0862068965517242,58
2023-09-28,2.473684210526316,1.263157894736842,19
2023-09-29,2.2,1.5,20
2023-09-30,3.4705882352941178,1.4705882352941178,17
2023-10-01,1.75,1.5,24
2023-10-02,1.894736842105263,1.5263157894736843,19
2023-10-03,2.3518518518518516,1.6851851851851851,54
2023-10-04,2.871794871794872,2.051282051282051,39
2023-10-05,1.6206896551724137,1.2413793103448276,29
2023-10-06,1.7083333333333333,1.3333333333333333,24
2023-10-07,1.1851851851851851,1.1111111111111112,27
2023-10-08,1.3571428571428572,1.0357142857142858,28
2023-10-09,1.7058823529411764,1.0588235294117647,17
2023-10-10,2.3181818181818183,1.2727272727272727,22
2023-10-11,3.0416666666666665,2.1666666666666665,24
2023-10-12,2.2972972972972974,1.8108108108108107,37
2023-10-13,3.4347826086956523,2.3043478260869565,23
2023-10-14,1.6551724137931034,1.4137931034482758,29
2023-10-15,2.95,1.65,20
2023-10-16,2.1,1.55,20
2023-10-17,2.433333333333333,1.7,30
2023-10-18,2.2857142857142856,1.6666666666666667,42
2023-10-19,2.0,1.4285714285714286,28
2023-10-20,3.09375,1.875,32
2023-10-21,2.590909090909091,1.7272727272727273,22
2023-10-22,2.1923076923076925,1.5384615384615385,26
2023-10-23,2.227272727272727,1.4090909090909092,22
2023-10-24,3.7804878048780486,2.5121951219512195,41
2023-10-25,14.979591836734693,5.163265306122449,49
2023-10-26,9.783783783783784,3.5675675675675675,37
2023-10-27,5.8108108108108105,2.27027027027027,37
2023-10-28,8.238095238095237,3.380952380952381,21
2023-10-29,3.8125,2.0,16
2023-10-30,2.5028901734104045,2.092485549132948,173
2023-10-31,2.186046511627907,1.5813953488372092,43
2023-11-01,2.909090909090909,1.3636363636363635,22
2023-11-02,2.9411764705882355,2.411764705882353,17
2023-11-03,1.8571428571428572,1.4642857142857142,28
2023-11-04,1.5789473684210527,1.4210526315789473,19
2023-11-05,3.5,2.125,16
2023-11-06,2.730769230769231,1.8461538461538463,26
2023-11-07,2.3,1.6,20
2023-11-08,3.1904761904761907,1.8333333333333333,42
2023-11-09,2.341463414634146,1.4390243902439024,41
2023-11-10,1.9393939393939394,1.5757575757575757,33
2023-11-11,1.9259259259259258,1.6666666666666667,27
2023-11-12,2.55,1.3,20
2023-11-13,1.4137931034482758,1.2758620689655173,29
2023-11-14,2.36,1.68,25
2023-11-15,1.7956989247311828,1.2795698924731183,93
2023-11-16,1.6111111111111112,1.2222222222222223,36
2023-11-17,2.0714285714285716,1.4285714285714286,28
2023-11-18,1.8857142857142857,1.2857142857142858,35
2023-11-19,1.9375,1.3125,16
2023-11-20,2.0384615384615383,1.1923076923076923,26
2023-11-21,1.9411764705882353,1.411764705882353,17
2023-11-22,3.2222222222222223,1.9444444444444444,18
2023-11-23,1.7142857142857142,1.4285714285714286,21
2023-11-24,1.3611111111111112,1.25,36
2023-11-25,2.2083333333333335,1.5,24
2023-11-26,1.5,1.5,12
2023-11-27,1.6521739130434783,1.2173913043478262,23
2023-11-28,1.3076923076923077,1.0,13
2023-11-29,1.5,1.3461538461538463,26
2023-11-30,1.5238095238095237,1.3333333333333333,21
2023-12-01,1.775,1.35,40
2023-12-02,1.2222222222222223,1.0740740740740742,27
2023-12-03,1.625,1.1875,16
2023-12-04,2.8181818181818183,1.4545454545454546,11
2023-12-05,2.1,1.4,30
2023-12-06,1.9714285714285715,1.542857142857143,35
2023-12-07,2.2333333333333334,1.5,30
2023-12-08,3.4761904761904763,1.8095238095238095,21
2023-12-09,1.5833333333333333,1.2777777777777777,36
2023-12-10,2.1232876712328768,1.9726027397260273,73
2023-12-11,1.894736842105263,1.631578947368421,19
2023-12-12,2.6956521739130435,1.6956521739130435,23
2023-12-13,1.3571428571428572,1.2142857142857142,14
2023-12-14,1.962962962962963,1.2222222222222223,27
2023-12-15,2.130434782608696,1.4782608695652173,23
2023-12-16,1.75,1.4,20
2023-12-17,1.8461538461538463,1.3846153846153846,13
2023-12-18,2.28,1.64,25
2023-12-19,2.0714285714285716,1.3928571428571428,28
2023-12-20,1.5555555555555556,1.1111111111111112,27
2023-12-21,2.066666666666667,1.4,15
2023-12-22,1.2083333333333333,1.125,24
2023-12-23,2.0,1.4444444444444444,9
2023-12-24,1.5625,1.125,16
2023-12-25,1.1666666666666667,1.1666666666666667,12
2023-12-26,1.2307692307692308,1.0769230769230769,13
2023-12-27,2.1875,1.6875,16
2023-12-28,2.3684210526315788,1.9473684210526316,19
2023-12-29,1.8,1.2,25
2023-12-30,1.25,1.0,8
2023-12-31,1.8,1.3333333333333333,15
2024-01-01,1.8636363636363635,1.0909090909090908,22
2024-01-02,2.1363636363636362,1.4545454545454546,22
2024-01-03,1.0898876404494382,1.0561797752808988,178
2024-01-04,1.286764705882353,1.0735294117647058,136
2024-01-05,1.625,1.25,16
2024-01-06,2.4705882352941178,1.4705882352941178,17
2024-01-07,2.7916666666666665,1.75,24
2024-01-08,1.9210526315789473,1.4210526315789473,38
2024-01-09,2.3333333333333335,1.5714285714285714,21
2024-01-10,2.0,1.2608695652173914,23
2024-01-11,2.652173913043478,1.391304347826087,23
2024-01-12,1.8,1.36,25
2024-01-13,1.608695652173913,1.2173913043478262,23
2024-01-14,1.4166666666666667,1.1666666666666667,36
2024-01-15,1.1538461538461537,1.0769230769230769,13
2024-01-16,1.2307692307692308,1.1538461538461537,13
2024-01-17,1.5,1.2,10
2024-01-18,1.411764705882353,1.2352941176470589,17
2024-01-19,1.0,1.0,15
2024-01-20,1.5,1.1111111111111112,18
2024-01-21,1.4242424242424243,1.1818181818181819,33
2024-01-22,1.391304347826087,1.173913043478261,46
2024-01-23,1.6666666666666667,1.3333333333333333,15
2024-01-24,2.0,1.3529411764705883,17
2024-01-25,1.5714285714285714,1.2142857142857142,14
2024-01-26,2.3333333333333335,1.3888888888888888,18
2024-01-27,1.7272727272727273,1.4545454545454546,22
2024-01-28,1.9375,1.25,16
2024-01-29,1.3480662983425415,1.298342541436464,181
2024-01-30,1.281767955801105,1.1767955801104972,181
2024-01-31,1.6785714285714286,1.1785714285714286,28
2024-02-01,2.9545454545454546,2.0,22
2024-02-02,3.4615384615384617,2.4615384615384617,13
2024-02-03,1.7857142857142858,1.2857142857142858,14
2024-02-04,1.2,1.05,20
2024-02-05,2.5,1.8571428571428572,14
2024-02-06,1.4,1.4,10
2024-02-07,1.967741935483871,1.3225806451612903,31
2024-02-08,1.5862068965517242,1.206896551724138,29
2024-02-09,1.0425531914893618,1.0212765957446808,47
2024-02-10,1.170731707317073,1.1219512195121952,82
2024-02-11,1.1428571428571428,1.0317460317460319,63
2024-02-12,1.3529411764705883,1.1764705882352942,34
2024-02-13,1.8541666666666667,1.4375,48
2024-02-14,2.0625,1.65625,32
2024-02-15,1.368421052631579,1.263157894736842,38
2024-02-16,2.0425531914893615,1.6808510638297873,47
2024-02-17,1.5714285714285714,1.2142857142857142,14
2024-02-18,2.3333333333333335,1.2222222222222223,18
2024-02-19,2.0,1.5909090909090908,22
2024-02-20,1.3181818181818181,1.2272727272727273,22
2024-02-21,3.2083333333333335,2.0,24
2024-02-22,2.7083333333333335,1.625,24
2024-02-23,1.2916666666666667,1.2083333333333333,24
2024-02-24,1.1333333333333333,1.0,15
2024-02-25,1.967741935483871,1.1290322580645162,31
2024-02-26,2.0,1.1764705882352942,17
2024-02-27,1.565217391304348,1.3043478260869565,23
2024-02-28,1.8846153846153846,1.5,26
2024-02-29,1.9565217391304348,1.3478260869565217,23
2024-03-01,1.1818181818181819,1.121212121212121,66
2024-03-02,1.1870503597122302,1.1079136690647482,139
2024-03-03,3.1875,2.0625,16
2024-03-04,2.7058823529411766,1.7647058823529411,17
2024-03-05,1.6111111111111112,1.3888888888888888,18
2024-03-06,2.3333333333333335,1.2666666666666666,30
2024-03-07,2.1842105263157894,1.631578947368421,38
2024-03-08,3.0,1.4390243902439024,41
2024-03-09,3.0,1.6428571428571428,28
2024-03-10,1.4285714285714286,1.1428571428571428,14
2024-03-11,1.3636363636363635,1.1363636363636365,22
2024-03-12,1.9523809523809523,1.4285714285714286,21
2024-03-13,1.975609756097561,1.1219512195121952,41
2024-03-14,1.696969696969697,1.2121212121212122,33
2024-03-15,2.5714285714285716,1.3571428571428572,14
2024-03-16,1.9333333333333333,1.3333333333333333,15
2024-03-17,1.8181818181818181,1.2727272727272727,11
2024-03-18,1.4545454545454546,1.0909090909090908,22
2024-03-19,2.0526315789473686,1.263157894736842,19
2024-03-20,1.5,1.1428571428571428,126
2024-03-21,1.380952380952381,1.0714285714285714,42
2024-03-22,1.9166666666666667,1.2916666666666667,24
2024-03-23,2.3333333333333335,1.3333333333333333,18
2024-03-24,1.1666666666666667,1.0555555555555556,18
2024-03-25,1.375,1.125,48
2024-03-26,1.2530120481927711,1.1024096385542168,166
2024-03-27,1.1146496815286624,1.070063694267516,157
2024-03-28,1.875,1.375,16
2024-03-29,1.7272727272727273,1.2727272727272727,11
2024-03-30,1.1428571428571428,1.1428571428571428,21
2024-03-31,2.5555555555555554,1.5555555555555556,9
2024-04-01,2.375,1.5625,16
2024-04-02,1.7352941176470589,1.2352941176470589,34
2024-04-03,1.7857142857142858,1.0714285714285714,28
2024-04-04,1.5,1.1363636363636365,22
2024-04-05,2.1176470588235294,1.411764705882353,17
2024-04-06,1.3333333333333333,1.0555555555555556,18
2024-04-07,1.4666666666666666,1.1333333333333333,15
2024-04-08,1.2352941176470589,1.0,17
2024-04-09,1.9230769230769231,1.1538461538461537,13
2024-04-10,2.142857142857143,1.4285714285714286,21
2024-04-11,1.7096774193548387,1.2903225806451613,31
2024-04-12,1.5555555555555556,1.1666666666666667,18
2024-04-13,1.3636363636363635,1.1818181818181819,22
2024-04-14,2.7142857142857144,1.5714285714285714,7
2024-04-15,1.85,1.35,20
2024-04-16,1.3009708737864079,1.203883495145631,103
2024-04-17,1.7857142857142858,1.1428571428571428,14
2024-04-18,3.6666666666666665,1.5714285714285714,21
2024-04-19,1.173913043478261,1.0869565217391304,23
2024-04-20,1.5909090909090908,1.1363636363636365,22
2024-04-21,2.6818181818181817,1.4545454545454546,22
2024-04-22,2.3225806451612905,1.6451612903225807,31
2024-04-23,1.7058823529411764,1.1764705882352942,17
2024-04-24,1.9444444444444444,1.3888888888888888,36
2024-04-25,1.2606635071090047,1.1563981042654028,211
2024-04-26,1.3252032520325203,1.1382113821138211,123
2024-04-27,1.375,1.1875,16
2024-04-28,1.7894736842105263,1.236842105263158,38
2024-04-29,1.4090909090909092,1.1363636363636365,22
2024-04-30,2.375,1.5625,16
2024-05-01,2.074074074074074,1.4074074074074074,27
2024-05-02,1.6071428571428572,1.1785714285714286,28
2024-05-03,3.35,1.8,20
2024-05-04,3.0555555555555554,1.9444444444444444,18
2024-05-05,1.2142857142857142,1.0714285714285714,28
2024-05-06,2.5217391304347827,1.2608695652173914,23
2024-05-07,1.6785714285714286,1.1428571428571428,28
2024-05-08,2.5,1.3333333333333333,24
2024-05-09,3.45,1.6,20
2024-05-10,1.8666666666666667,1.3333333333333333,15
2024-05-11,1.3571428571428572,1.0714285714285714,14
2024-05-12,1.65,1.25,20
2024-05-13,3.227272727272727,1.4090909090909092,22
2024-05-14,2.1666666666666665,1.3888888888888888,18
2024-05-15,2.6956521739130435,1.6521739130434783,23
2024-05-16,1.6818181818181819,1.2727272727272727,22
2024-05-17,3.138888888888889,2.0555555555555554,36
2024-05-18,3.090909090909091,1.7727272727272727,22
2024-05-19,2.0,1.2727272727272727,22
2024-05-20,1.3333333333333333,1.2,15
2024-05-21,1.6111111111111112,1.3888888888888888,18
2024-05-22,2.1176470588235294,1.5294117647058822,17
2024-05-23,1.8333333333333333,1.1666666666666667,18
2024-05-24,1.8461538461538463,1.3461538461538463,26
2024-05-25,1.5555555555555556,1.1666666666666667,18
2024-05-26,2.25,1.0833333333333333,12
2024-05-27,2.769230769230769,1.6923076923076923,13
2024-05-28,2.625,1.6875,16
2024-05-29,2.875,1.375,16
2024-05-30,2.05,1.25,20
2024-05-31,1.5384615384615385,1.0769230769230769,13
2024-06-01,1.45,1.2,20
2024-06-02,1.2307692307692308,1.1538461538461537,26
2024-06-03,1.5769230769230769,1.3076923076923077,26
2024-06-04,3.96,2.2,25
2024-06-05,2.238095238095238,1.6666666666666667,21
2024-06-06,2.8421052631578947,1.736842105263158,19
2024-06-07,2.0689655172413794,1.4137931034482758,29
2024-06-08,2.8181818181818183,1.1818181818181819,11
2024-06-09,1.4666666666666666,1.1333333333333333,15
2024-06-10,1.736842105263158,1.263157894736842,19
2024-06-11,2.8333333333333335,1.4444444444444444,18
2024-06-12,1.5714285714285714,1.2857142857142858,28
2024-06-13,1.6923076923076923,1.4230769230769231,26
2024-06-14,1.631578947368421,1.263157894736842,38
2024-06-15,1.7727272727272727,1.1818181818181819,22
2024-06-16,2.2666666666666666,1.4,15
2024-06-17,2.7666666666666666,1.1666666666666667,30
2024-06-18,3.0,1.5789473684210527,19
2024-06-19,3.5454545454545454,1.8636363636363635,22
2024-06-20,2.6315789473684212,1.236842105263158,38
2024-06-21,3.090909090909091,1.2727272727272727,22
2024-06-22,1.9230769230769231,1.4615384615384615,26
2024-06-23,1.2857142857142858,1.0714285714285714,14
2024-06-24,1.9666666666666666,1.4333333333333333,30
2024-06-25,2.1578947368421053,1.5263157894736843,19
2024-06-26,3.52,2.16,25
2024-06-27,3.5416666666666665,1.4583333333333333,24
2024-06-28,2.0434782608695654,1.3043478260869565,23
2024-06-29,1.7692307692307692,1.3076923076923077,13
2024-06-30,1.5833333333333333,1.1666666666666667,12
2024-07-01,1.1305732484076434,1.0636942675159236,314
2024-07-02,2.0588235294117645,1.2647058823529411,34
2024-07-03,1.3255813953488371,1.1627906976744187,43
2024-07-04,1.391304347826087,1.1304347826086956,23
2024-07-05,2.909090909090909,1.0,11
2024-07-06,1.55,1.4,20
2024-07-07,1.4166666666666667,1.1388888888888888,36
2024-07-08,1.7272727272727273,1.4545454545454546,33
2024-07-09,1.619047619047619,1.1904761904761905,21
2024-07-10,1.588235294117647,1.2352941176470589,17
2024-07-11,2.15,1.45,20
2024-07-12,1.75,1.2916666666666667,24
2024-07-13,1.5294117647058822,1.3529411764705883,17
2024-07-14,2.7142857142857144,1.7142857142857142,14
2024-07-15,2.5789473684210527,1.736842105263158,19
2024-07-16,1.3478260869565217,1.2173913043478262,23
2024-07-17,2.1923076923076925,1.5,26
2024-07-18,2.0714285714285716,1.4285714285714286,28
2024-07-19,1.5675675675675675,1.2432432432432432,37
2024-07-20,1.1938461538461538,1.123076923076923,325
2024-07-21,1.875,1.5625,16
2024-07-22,1.696969696969697,1.3636363636363635,33
2024-07-23,2.36,1.48,25
2024-07-24,2.2857142857142856,1.7619047619047619,21
2024-07-25,2.0588235294117645,1.1764705882352942,17
2024-07-26,2.380952380952381,1.2857142857142858,21
2024-07-27,2.3333333333333335,1.5,12
2024-07-28,1.4,1.12,25
2024-07-29,2.103448275862069,1.2241379310344827,58
2024-07-30,1.4893617021276595,1.1063829787234043,47
2024-07-31,1.5714285714285714,1.2571428571428571,35
2024-08-01,1.4848484848484849,1.0303030303030303,33
2024-08-02,2.5416666666666665,1.375,24
2024-08-03,2.111111111111111,1.1777777777777778,45
2024-08-04,1.6,1.15,20
2024-08-05,3.3684210526315788,1.5263157894736843,19
2024-08-06,2.3636363636363638,1.3636363636363635,33
2024-08-07,2.282608695652174,1.8043478260869565,46
2024-08-08,2.111111111111111,1.4444444444444444,27
2024-08-09,2.0714285714285716,1.4047619047619047,42
2024-08-10,1.2065217391304348,1.0869565217391304,92
2024-08-11,1.962962962962963,1.0740740740740742,27
2024-08-12,2.0869565217391304,1.3043478260869565,23
2024-08-13,1.65625,1.25,32
2024-08-14,1.896551724137931,1.3793103448275863,29
2024-08-15,1.391304347826087,1.173913043478261,46
2024-08-16,2.0869565217391304,1.4782608695652173,23
2024-08-17,1.7419354838709677,1.3225806451612903,31
2024-08-18,1.7333333333333334,1.1333333333333333,30
2024-08-19,2.0714285714285716,1.2857142857142858,28
2024-08-20,1.7833333333333334,1.1166666666666667,60
2024-08-21,1.276470588235294,1.188235294117647,170
2024-08-22,1.2194244604316546,1.0827338129496402,278
2024-08-23,1.8125,1.28125,32
2024-08-24,1.7727272727272727,1.5,22
2024-08-25,1.7142857142857142,1.1904761904761905,21
2024-08-26,1.3333333333333333,1.1666666666666667,60
2024-08-27,1.4090909090909092,1.0909090909090908,22
2024-08-28,1.6774193548387097,1.3225806451612903,31
2024-08-29,1.5833333333333333,1.2083333333333333,72
2024-08-30,2.423076923076923,1.3461538461538463,26
2024-08-31,2.3461538461538463,1.2307692307692308,26
2024-09-01,1.48,1.12,25
2024-09-02,1.3571428571428572,1.2857142857142858,14
2024-09-03,1.8214285714285714,1.5357142857142858,28
2024-09-04,1.85,1.6,20
2024-09-05,1.525,1.2,40
2024-09-06,2.0476190476190474,1.5714285714285714,21
2024-09-07,2.5384615384615383,1.2307692307692308,26
2024-09-08,1.7272727272727273,1.3636363636363635,11
2024-09-09,2.619047619047619,1.5238095238095237,21
2024-09-10,2.3636363636363638,1.2272727272727273,22
2024-09-11,1.793103448275862,1.3448275862068966,29
2024-09-12,1.4761904761904763,1.119047619047619,42
2024-09-13,1.875,1.3125,16
2024-09-14,2.8181818181818183,1.5454545454545454,22
2024-09-15,1.8461538461538463,1.3461538461538463,26
2024-09-16,1.76,1.12,25
2024-09-17,1.7297297297297298,1.3243243243243243,37
2024-09-18,1.646153846153846,1.1384615384615384,65
2024-09-19,4.3,1.7666666666666666,30
2024-09-20,1.5263157894736843,1.4210526315789473,19
2024-09-21,1.6538461538461537,1.3461538461538463,26
2024-09-22,2.2,1.55,20
2024-09-23,2.0,1.1363636363636365,44
2024-09-24,2.2666666666666666,1.1333333333333333,45
2024-09-25,2.4642857142857144,1.5357142857142858,28
2024-09-26,2.918918918918919,1.864864864864865,37
2024-09-27,1.1764705882352942,1.1764705882352942,17
2024-09-28,2.375,1.4375,16
2024-09-29,1.3181818181818181,1.0909090909090908,22
2024-09-30,1.3214285714285714,1.1428571428571428,28
2024-10-01,1.6206896551724137,1.206896551724138,58
2024-10-02,1.2857142857142858,1.0857142857142856,35
2024-10-03,2.1538461538461537,1.3076923076923077,26
2024-10-04,1.8888888888888888,1.5,18
2024-10-05,1.7142857142857142,1.4285714285714286,28
2024-10-06,1.5769230769230769,1.2692307692307692,26
2024-10-07,1.4242424242424243,1.2424242424242424,33
2024-10-08,1.6590909090909092,1.1590909090909092,44
2024-10-09,1.64,1.16,25
2024-10-10,1.4545454545454546,1.0909090909090908,22
2024-10-11,1.8,1.3,20
2024-10-12,1.7142857142857142,1.1428571428571428,14
2024-10-13,2.0714285714285716,1.5,14
2024-10-14,1.4761904761904763,1.1904761904761905,21
2024-10-15,2.4615384615384617,1.6923076923076923,13
2024-10-16,1.4333333333333333,1.0666666666666667,30
2024-10-17,1.5,1.1129032258064515,62
2024-10-18,2.0,1.2727272727272727,22
2024-10-19,1.1333333333333333,1.0424242424242425,165
2024-10-20,3.037037037037037,1.1481481481481481,27
2024-10-21,4.5,1.5555555555555556,18
2024-10-22,2.272727272727273,1.2727272727272727,33
2024-10-23,2.88,1.0,25
2024-10-24,3.272727272727273,1.303030303030303,33
2024-10-25,3.35,1.55,20
2024-10-26,2.2857142857142856,1.3571428571428572,28
2024-10-27,2.1,1.15,20
2024-10-28,1.6857142857142857,1.2285714285714286,35
2024-10-29,2.2142857142857144,1.4642857142857142,28
2024-10-30,2.409090909090909,1.3181818181818181,22
2024-10-31,1.4761904761904763,1.3333333333333333,21
2024-11-01,1.7027027027027026,1.2972972972972974,37
2024-11-02,1.8846153846153846,1.3461538461538463,26
2024-11-03,1.9259259259259258,1.3333333333333333,27
2024-11-04,1.5675675675675675,1.2162162162162162,37
2024-11-05,1.7142857142857142,1.2571428571428571,35
